期号,开奖日期,销售额,奖池,一等奖注数,一等奖单注奖金,二等奖注数,二等奖单注奖金,三等奖注数,三等奖单注奖金,四等奖注数,四等奖单注奖金,五等奖注数,五等奖单注奖金,六等奖注数,六等奖单注奖金,一等奖派奖注数,一等奖派奖单注奖金,二等奖派奖注数,二等奖派奖单注奖金,三等奖派奖注数,三等奖派奖单注奖金,四等奖派奖注数,四等奖派奖单注奖金,五等奖派奖注数,五等奖派奖单注奖金,六等奖派奖注数,六等奖派奖单注奖金
04101,2004-05-21,,0.0,1,5000000,4,134430,194,1847,2852,300,35893,20,411397,5,,,,,,,,,,,,
04102,2004-05-23,,0.0,0,,7,50159,138,1696,1629,300,18805,20,214858,5,,,,,,,,,,,,
04103,2004-05-25,,0.0,1,5000000,5,103723,138,2505,2073,300,25002,20,320194,5,,,,,,,,,,,,
04104,2004-05-28,,0.0,2,5000000,28,28554,167,3191,2409,300,32410,20,407678,5,,,,,,,,,,,,
04105,2004-05-30,,0.0,0,,8,84828,141,3208,1907,300,25506,20,317427,5,,,,,,,,,,,,
04106,2004-06-01,,0.0,1,5000000,14,53344,240,2074,3224,300,38197,20,424244,5,,,,,,,,,,,,
04107,2004-06-04,,0.0,2,5000000,17,51118,241,2403,3308,300,40999,20,494361,5,,,,,,,,,,,,
04108,2004-06-06,,0.0,0,,13,53893,251,1860,2981,300,33228,20,384110,5,,,,,,,,,,,,
04109,2004-06-08,,0.0,1,5000000,11,80688,188,3147,3120,300,37415,20,477056,5,,,,,,,,,,,,
04110,2004-06-11,,0.0,0,,22,49287,309,2339,3749,300,48975,20,623870,5,,,,,,,,,,,,
04111,2004-06-13,,0.0,2,5000000,37,99691,370,1329,4224,300,48583,20,519751,5,,,,,,,,,,,,
04112,2004-06-15,,0.0,0,,27,33691,309,1962,4122,300,50869,20,587097,5,,,,,,,,,,,,
04113,2004-06-18,,0.0,1,5000000,47,20938,423,1550,5500,300,61445,20,682375,5,,,,,,,,,,,,
04114,2004-06-20,,0.0,2,5000000,21,34639,457,1061,4911,300,49169,20,492693,5,,,,,,,,,,,,
04115,2004-06-22,,0.0,0,,9,114300,228,3007,2955,300,41215,20,542202,5,,,,,,,,,,,,
04116,2004-06-25,,0.0,1,5000000,17,64333,376,1939,4210,300,51039,20,619079,5,,,,,,,,,,,,
04117,2004-06-27,,0.0,0,,13,60595,251,2092,3374,300,41420,20,479436,5,,,,,,,,,,,,
04118,2004-06-29,,0.0,0,,7,148471,131,5289,2521,300,35480,20,476597,5,,,,,,,,,,,,
04119,2004-07-02,,0.0,2,5000000,28,170803,481,1325,4988,300,57993,20,657802,5,,,,,,,,,,,,
04120,2004-07-04,,0.0,1,5000000,13,66015,168,3405,2458,300,34603,20,438390,5,,,,,,,,,,,,
04121,2004-07-06,,0.0,0,,20,47549,219,2894,3007,300,39509,20,480779,5,,,,,,,,,,,,
04122,2004-07-09,,0.0,3,5000000,22,45386,320,2080,4101,300,50746,20,611900,5,,,,,,,,,,,,
04123,2004-07-11,,0.0,0,,17,48793,211,2620,2601,300,34743,20,426424,5,,,,,,,,,,,,
04124,2004-07-13,,0.0,2,5000000,16,56092,257,2328,3338,300,42983,20,567978,5,,,,,,,,,,,,
04125,2004-07-16,,0.0,1,5000000,31,25089,571,908,6300,300,70232,20,740637,5,,,,,,,,,,,,
04126,2004-07-18,,0.0,0,,20,34332,257,1781,3971,300,50321,20,538763,5,,,,,,,,,,,,
04127,2004-07-20,,0.0,0,,5,197436,182,3616,2796,300,40802,20,478459,5,,,,,,,,,,,,
04128,2004-07-23,,0.0,0,,26,34359,380,1567,5231,300,59674,20,632211,5,,,,,,,,,,,,
04129,2004-07-25,,0.0,0,,8,111010,172,3442,2403,300,31825,20,408707,5,,,,,,,,,,,,
04130,2004-07-27,,0.0,3,5000000,2,2517783,204,3291,3353,300,39462,20,490231,5,,,,,,,,,,,,
04131,2004-07-30,,0.0,1,5000000,16,62106,224,2957,3736,300,58313,20,695473,5,,,,,,,,,,,,
04132,2004-08-01,,0.0,1,5000000,14,64992,163,3721,2367,300,33652,20,427545,5,,,,,,,,,,,,
04133,2004-08-03,,0.0,0,,14,63621,264,2249,3440,300,48000,20,559046,5,,,,,,,,,,,,
04134,2004-08-06,,0.0,1,5000000,29,35660,494,1395,3774,300,56192,20,634490,5,,,,,,,,,,,,
04135,2004-08-08,,0.0,2,5000000,12,66549,218,2442,3016,300,39334,20,510262,5,,,,,,,,,,,,
04136,2004-08-10,,0.0,0,,20,49083,144,4544,2437,300,40438,20,506546,5,,,,,,,,,,,,
04137,2004-08-13,,0.0,0,,14,77059,268,2683,3727,300,46602,20,580862,5,,,,,,,,,,,,
04138,2004-08-15,,0.0,0,,8,104003,208,2666,3036,300,36459,20,445843,5,,,,,,,,,,,,
04139,2004-08-17,,0.0,0,,12,408982,219,2987,3253,300,48491,20,548378,5,,,,,,,,,,,,
04140,2004-08-20,,0.0,0,,16,325748,299,2324,4426,300,57058,20,664139,5,,,,,,,,,,,,
04141,2004-08-22,,0.0,1,5000000,26,150995,290,1805,3809,300,48999,20,531400,5,,,,,,,,,,,,
04142,2004-08-24,,0.0,1,5000000,18,244528,315,1863,3738,300,45960,20,552222,5,,,,,,,,,,,,
04143,2004-08-27,,0.0,0,,15,67119,224,2996,4005,300,48480,20,585738,5,,,,,,,,,,,,
04144,2004-08-29,,0.0,3,5000000,12,335219,249,2154,3101,300,38775,20,449869,5,,,,,,,,,,,,
04145,2004-09-01,,0.0,3,5000000,31,23474,444,1092,4357,300,49010,20,578376,5,,,,,,,,,,,,
04146,2004-09-03,,0.0,2,5000000,41,25114,346,1983,3749,300,48048,20,590384,5,,,,,,,,,,,,
04147,2004-09-05,,0.0,0,,9,95240,189,3023,2573,300,33439,20,443115,5,,,,,,,,,,,,
04148,2004-09-07,,0.0,2,5000000,14,64877,190,3186,2815,300,35413,20,467701,5,,,,,,,,,,,,
04149,2004-09-10,,0.0,0,,90,8274,635,781,6607,300,65102,20,689979,5,,,,,,,,,,,,
04150,2004-09-12,,0.0,4,5000000,26,25023,267,1624,3619,300,46829,20,573310,5,,,,,,,,,,,,
04151,2004-09-14,,0.0,0,,16,55440,278,2127,3273,300,39831,20,475829,5,,,,,,,,,,,,
04152,2004-09-17,,0.0,1,5000000,11,93640,208,3301,3777,300,48991,20,604722,5,,,,,,,,,,,,
04153,2004-09-19,,0.0,1,5000000,16,47193,270,1864,3245,300,43291,20,494355,5,,,,,,,,,,,,
04154,2004-09-21,,0.0,0,,17,50852,236,2442,3126,300,42040,20,524766,5,,,,,,,,,,,,
04155,2004-09-24,,0.0,4,5000000,12,74431,393,1515,4643,300,60790,20,648165,5,,,,,,,,,,,,
04156,2004-09-26,,0.0,1,5000000,10,87656,112,5217,2012,300,31605,20,416773,5,,,,,,,,,,,,
04157,2004-09-28,,0.0,0,,19,48293,264,2317,2973,300,38550,20,461725,5,,,,,,,,,,,,
04158,2004-10-01,,0.0,0,,10,89051,231,2570,3185,300,44090,20,553157,5,,,,,,,,,,,,
04159,2004-10-03,,0.0,0,,10,76780,128,3998,2307,300,30915,20,383919,5,,,,,,,,,,,,
04160,2004-10-05,,0.0,1,5000000,12,55357,291,1521,3635,300,40660,20,446231,5,,,,,,,,,,,,
04161,2004-10-08,,0.0,0,,19,48121,333,1830,4380,300,50136,20,586304,5,,,,,,,,,,,,
04162,2004-10-10,,0.0,2,5000000,28,27550,319,1612,4121,300,40205,20,506664,5,,,,,,,,,,,,
04163,2004-10-12,,0.0,0,,8,115400,150,4103,2571,300,34883,20,420965,5,,,,,,,,,,,,
04164,2004-10-15,,0.0,2,5000000,25,36931,341,1805,3892,300,49526,20,599303,5,,,,,,,,,,,,
04165,2004-10-17,,0.0,1,5000000,20,35597,282,1683,3285,300,42555,20,466970,5,,,,,,,,,,,,
04166,2004-10-19,,0.0,1,5000000,16,49318,254,2071,3895,300,43749,20,477732,5,,,,,,,,,,,,
04167,2004-10-22,,0.0,0,,12,86368,234,2952,3212,300,41579,20,508721,5,,,,,,,,,,,,
04168,2004-10-24,,0.0,0,,13,51086,246,1799,3688,300,43445,20,475427,5,,,,,,,,,,,,
04169,2004-10-26,,0.0,0,,18,40387,235,2062,3730,300,43973,20,498864,5,,,,,,,,,,,,
04170,2004-10-29,,0.0,1,5000000,10,93366,239,2604,3698,300,50364,20,594507,5,,,,,,,,,,,,
04171,2004-10-31,,0.0,2,5000000,51,13419,255,1789,3589,300,40722,20,462621,5,,,,,,,,,,,,
04172,2004-11-02,,0.0,2,5000000,17,49114,197,2825,2973,300,37210,20,461213,5,,,,,,,,,,,,
04173,2004-11-05,,0.0,1,5000000,8,124585,241,2757,3416,300,45476,20,523021,5,,,,,,,,,,,,
04174,2004-11-07,,0.0,0,,18,40215,245,1969,3162,300,39934,20,455810,5,,,,,,,,,,,,
04175,2004-11-09,,0.0,0,,12,67056,211,2542,3287,300,38392,20,453970,5,,,,,,,,,,,,
04176,2004-11-12,,0.0,1,5000000,13,77808,235,2869,3184,300,41150,20,507475,5,,,,,,,,,,,,
04177,2004-11-14,,0.0,1,5000000,16,45939,171,2865,2565,300,31170,20,456752,5,,,,,,,,,,,,
04178,2004-11-16,,0.0,0,,14,57174,201,2654,2932,300,37986,20,464237,5,,,,,,,,,,,,
04179,2004-11-19,,0.0,1,5000000,17,53105,341,1765,4066,300,50209,20,575636,5,,,,,,,,,,,,
04180,2004-11-21,,0.0,0,,9,86799,231,2254,2741,300,35927,20,422038,5,,,,,,,,,,,,
04181,2004-11-23,,0.0,0,,9,81633,170,2881,2885,300,42828,20,534162,5,,,,,,,,,,,,
04182,2004-11-26,,0.0,1,5000000,10,95098,270,2348,3276,300,39101,20,475535,5,,,,,,,,,,,,
04183,2004-11-28,,0.0,0,,16,42555,182,2494,3073,300,40544,20,446858,5,,,,,,,,,,,,
04184,2004-11-30,,0.0,1,5000000,10,80478,187,2869,2463,300,35810,20,461028,5,,,,,,,,,,,,
04185,2004-12-03,,0.0,1,5000000,9,103057,234,2642,3579,300,42686,20,527054,5,,,,,,,,,,,,
04186,2004-12-05,,0.0,0,,17,46265,180,2912,2468,300,33256,20,416924,5,,,,,,,,,,,,
04187,2004-12-07,,0.0,3,5000000,21,34210,236,2029,3475,300,42929,20,528683,5,,,,,,,,,,,,
04188,2004-12-10,,0.0,1,5000000,9,114173,213,3216,2848,300,37703,20,511148,5,,,,,,,,,,,,
04189,2004-12-12,,0.0,1,5000000,12,56453,226,1998,3359,300,42624,20,464176,5,,,,,,,,,,,,
04190,2004-12-14,,0.0,0,,16,48622,220,2357,2965,300,39230,20,480431,5,,,,,,,,,,,,
04191,2004-12-17,,0.0,0,,12,75559,242,2497,3868,300,42901,20,542672,5,,,,,,,,,,,,
04192,2004-12-19,,0.0,1,5000000,22,32792,240,2004,2939,300,33942,20,426023,5,,,,,,,,,,,,
04193,2004-12-21,,0.0,0,,22,32429,317,1500,3115,300,39719,20,447652,5,,,,,,,,,,,,
04194,2004-12-24,,0.0,2,5000000,17,46156,243,2152,5093,300,48211,20,502686,5,,,,,,,,,,,,
04195,2004-12-26,,0.0,1,5000000,10,69311,240,1925,2995,300,36793,20,402621,5,,,,,,,,,,,,
04196,2004-12-28,,0.0,0,,7,107227,215,2327,2698,300,36714,20,435298,5,,,,,,,,,,,,
04197,2004-12-31,,0.0,0,,7,127246,194,3060,3066,300,42792,20,554552,5,,,,,,,,,,,,
05001,2005-01-02,,0.0,1,5000000,20,83707,215,2090,2839,300,36085,20,414311,5,,,,,,,,,,,,
05002,2005-01-04,,0.0,1,5000000,12,141964,243,1930,3214,300,38065,20,453429,5,,,,,,,,,,,,
05003,2005-01-07,,0.0,0,,20,94166,249,2365,3549,300,46449,20,560477,5,,,,,,,,,,,,
05004,2005-01-09,,0.0,1,5000000,11,163867,121,4421,2060,300,30182,20,384442,5,,,,,,,,,,,,
05005,2005-01-11,,0.0,0,,28,63030,344,1482,3231,300,37374,20,440051,5,,,,,,,,,,,,
05006,2005-01-14,,0.0,4,5000000,57,30521,635,776,4951,300,58652,20,597212,5,,,,,,,,,,,,
05007,2005-01-16,,0.0,0,,14,118098,385,1131,3243,300,40847,20,472407,5,,,,,,,,,,,,
05008,2005-01-18,,0.0,0,,14,126098,218,2340,3032,300,38137,20,451856,5,,,,,,,,,,,,
05009,2005-01-21,,0.0,1,5000000,17,113211,251,2455,3159,300,41934,20,498434,5,,,,,,,,,,,,
05010,2005-01-23,,0.0,0,,16,107248,228,2093,2768,300,35974,20,443221,5,,,,,,,,,,,,
05011,2005-01-25,,0.0,1,5000000,15,118324,203,2544,2819,300,35151,20,446098,5,,,,,,,,,,,,
05012,2005-01-28,,0.0,0,,17,108294,259,2164,4096,300,47127,20,536642,5,,,,,,,,,,,,
05013,2005-01-30,,0.0,0,,5,349938,221,2261,2758,300,31371,20,407333,5,,,,,,,,,,,,
05014,2005-02-01,,0.0,0,,17,101401,224,2154,2985,300,39037,20,477827,5,,,,,,,,,,,,
05015,2005-02-04,,0.0,3,5000000,20,94737,281,2122,3410,300,41352,20,532097,5,,,,,,,,,,,,
05016,2005-02-06,,0.0,0,,6,303814,159,3450,2105,300,28119,20,406541,5,,,,,,,,,,,,
05017,2005-02-08,,0.0,0,,12,123256,169,1889,2300,300,38219,20,294308,5,,,,,,,,,,,,
05018,2005-02-18,,0.0,7,5000000,24,73871,290,1776,3640,300,49195,20,586273,5,,,,,,,,,,,,
05019,2005-02-20,,0.0,0,,9,188158,235,1967,2662,300,32079,20,396962,5,,,,,,,,,,,,
05020,2005-02-22,,0.0,0,,11,165866,226,2432,2564,300,34995,20,430702,5,,,,,,,,,,,,
05021,2005-02-25,,0.0,1,5000000,14,74073,198,3491,3096,300,41762,20,540984,5,,,,,,,,,,,,
05022,2005-02-27,,0.0,2,5000000,46,13148,365,1104,4880,300,54613,20,547039,5,,,,,,,,,,,,
05023,2005-03-01,,0.0,2,5000000,12,73636,196,3005,2847,300,36914,20,482672,5,,,,,,,,,,,,
05024,2005-03-04,,0.0,2,5000000,37,19460,631,760,6843,300,66304,20,679026,5,,,,,,,,,,,,
05025,2005-03-06,,0.0,0,,30,23325,385,1211,3932,300,49085,20,540138,5,,,,,,,,,,,,
05026,2005-03-08,,0.0,6,4955396,36,20802,423,1180,4466,300,49427,20,562729,5,,,,,,,,,,,,
05027,2005-03-11,,0.0,1,5000000,23,40392,239,2591,3449,300,45683,20,525469,5,,,,,,,,,,,,
05028,2005-03-13,,0.0,0,,13,62659,153,3549,2633,300,33162,20,422735,5,,,,,,,,,,,,
05029,2005-03-15,,0.0,0,,9,92272,196,2824,3167,300,41602,20,493048,5,,,,,,,,,,,,
05030,2005-03-18,,0.0,2,5000000,29,33781,348,1876,3876,300,47867,20,568005,5,,,,,,,,,,,,
05031,2005-03-20,,0.0,0,,20,39016,273,1905,3429,300,38518,20,435353,5,,,,,,,,,,,,
05032,2005-03-22,,0.0,0,,6,142027,189,3005,3074,300,36366,20,450960,5,,,,,,,,,,,,
05033,2005-03-25,,0.0,0,,28,27711,456,1134,6261,300,60010,20,658594,5,,,,,,,,,,,,
05034,2005-03-27,,0.0,0,,11,79442,149,3909,2408,300,32093,20,436200,5,,,,,,,,,,,,
05035,2005-03-29,,0.0,0,,28,28387,312,1698,3435,300,43397,20,546396,5,,,,,,,,,,,,
05036,2005-04-01,,0.0,3,5000000,20,49482,300,2199,3852,300,51024,20,611532,5,,,,,,,,,,,,
05037,2005-04-03,,0.0,4,5000000,16,46294,255,1936,3049,300,40978,20,489725,5,,,,,,,,,,,,
05038,2005-04-05,,0.0,0,,15,48550,281,1727,3663,300,44517,20,501571,5,,,,,,,,,,,,
05039,2005-04-08,,0.0,0,,15,61850,269,2299,3642,300,47557,20,569954,5,,,,,,,,,,,,
05040,2005-04-10,,0.0,1,5000000,18,44535,234,2283,2975,300,37260,20,432375,5,,,,,,,,,,,,
05041,2005-04-12,,0.0,1,5000000,14,55423,231,2239,3303,300,42240,20,499468,5,,,,,,,,,,,,
05042,2005-04-15,,0.0,0,,18,52214,315,1989,3987,300,49957,20,565571,5,,,,,,,,,,,,
05043,2005-04-17,,0.0,0,,24,21381,405,844,5333,300,57543,20,584395,5,,,,,,,,,,,,
05044,2005-04-19,,0.0,1,5000000,18,47212,238,2380,2920,300,37569,20,469461,5,,,,,,,,,,,,
05045,2005-04-22,,0.0,0,,25,37934,236,2678,3820,300,46475,20,581656,5,,,,,,,,,,,,
05046,2005-04-24,,0.0,0,,20,34883,278,1673,3803,300,45781,20,492879,5,,,,,,,,,,,,
05047,2005-04-26,,0.0,1,5000000,34,18928,470,912,4731,300,48001,20,547719,5,,,,,,,,,,,,
05048,2005-04-29,,0.0,0,,2,511286,176,3873,2831,300,38538,20,492873,5,,,,,,,,,,,,
05049,2005-05-01,,0.0,0,,14,45569,219,1942,2944,300,43290,20,473818,5,,,,,,,,,,,,
05050,2005-05-03,,0.0,2,5000000,17,33350,266,1420,3335,300,42394,20,476153,5,,,,,,,,,,,,
05051,2005-05-06,,0.0,1,5000000,15,45584,334,1364,4619,300,50757,20,573201,5,,,,,,,,,,,,
05052,2005-05-08,,0.0,0,,12,61174,173,2828,2944,300,42133,20,488270,5,,,,,,,,,,,,
05053,2005-05-10,,0.0,0,,20,37459,249,2005,3320,300,40642,20,489163,5,,,,,,,,,,,,
05054,2005-05-13,,0.0,0,,10,86484,256,2252,4497,300,52345,20,596843,5,,,,,,,,,,,,
05055,2005-05-15,,0.0,1,5000000,8,104853,180,3106,2329,300,33913,20,421828,5,,,,,,,,,,,,
05056,2005-05-17,,0.0,0,,7,124691,139,4186,2111,300,31424,20,422597,5,,,,,,,,,,,,
05057,2005-05-20,,0.0,0,,25,40471,174,3876,3066,300,43435,20,514323,5,,,,,,,,,,,,
05058,2005-05-22,,0.0,1,5000000,18,38665,299,1551,3773,300,43033,20,482554,5,,,,,,,,,,,,
05059,2005-05-24,,0.0,0,,15,51216,288,1778,3316,300,39536,20,483033,5,,,,,,,,,,,,
05060,2005-05-27,,0.0,0,,19,56107,175,4061,2827,300,40361,20,490998,5,,,,,,,,,,,,
05061,2005-05-29,,0.0,5,5000000,11,70842,208,2497,2660,300,36486,20,447953,5,,,,,,,,,,,,
05062,2005-05-31,,0.0,1,5000000,33,20683,330,1378,3553,300,51494,20,531132,5,,,,,,,,,,,,
05063,2005-06-03,,0.0,1,5000000,20,46550,305,2034,3864,300,49114,20,542337,5,,,,,,,,,,,,
05064,2005-06-05,,0.0,1,5000000,18,41134,294,1678,3329,300,40026,20,481424,5,,,,,,,,,,,,
05065,2005-06-07,,0.0,1,5000000,15,54849,285,1924,3166,300,39017,20,475720,5,,,,,,,,,,,,
05066,2005-06-10,,0.0,2,5000000,17,53707,272,2237,3884,300,44971,20,577660,5,,,,,,,,,,,,
05067,2005-06-12,,0.0,3,5000000,32,16898,636,566,5794,300,51938,20,469176,5,,,,,,,,,,,,
05068,2005-06-14,,0.0,0,,13,59122,196,2614,3009,300,39487,20,452536,5,,,,,,,,,,,,
05069,2005-06-17,,0.0,1,5000000,21,41220,355,1625,4092,300,44888,20,553085,5,,,,,,,,,,,,
05070,2005-06-19,,0.0,5,5000000,18,36335,275,1585,3997,300,41267,20,469333,5,,,,,,,,,,,,
05071,2005-06-21,,0.0,2,2867169,18,41580,206,2422,2528,300,31415,20,389033,5,,,,,,,,,,,,
05072,2005-06-24,,0.0,0,,19,39101,292,1696,3611,300,44390,20,479714,5,,,,,,,,,,,,
05073,2005-06-26,,0.0,0,,19,34594,278,1576,3181,300,36826,20,430766,5,,,,,,,,,,,,
05074,2005-06-28,,0.0,2,5000000,21,31624,334,1325,4100,300,40841,20,447272,5,,,,,,,,,,,,
05075,2005-07-01,,0.0,1,5000000,25,32431,258,2095,3489,300,43145,20,538225,5,,,,,,,,,,,,
05076,2005-07-03,,0.0,1,5000000,7,101743,204,2327,2669,300,35056,20,393014,5,,,,,,,,,,,,
05077,2005-07-05,,0.0,0,,10,74180,153,3232,2347,300,34947,20,426378,5,,,,,,,,,,,,
05078,2005-07-08,,0.0,1,5000000,29,25372,470,1043,4933,300,49568,20,540052,5,,,,,,,,,,,,
05079,2005-07-10,,0.0,1,5000000,21,30689,278,1545,3574,300,38928,20,432247,5,,,,,,,,,,,,
05080,2005-07-12,,0.0,1,5000000,20,39128,162,3220,2660,300,32848,20,394325,5,,,,,,,,,,,,
05081,2005-07-15,,0.0,2,5000000,12,69435,203,2736,2941,300,41922,20,526520,5,,,,,,,,,,,,
05082,2005-07-17,,0.0,0,,5,143195,182,2622,2720,300,30611,20,386801,5,,,,,,,,,,,,
05083,2005-07-19,,0.0,1,5000000,8,93602,174,2869,2350,300,31467,20,419480,5,,,,,,,,,,,,
05084,2005-07-22,,0.0,1,5000000,17,46046,327,1595,3889,300,46516,20,521836,5,,,,,,,,,,,,
05085,2005-07-24,,0.0,1,5000000,10,65785,254,1726,3083,300,36856,20,438997,5,,,,,,,,,,,,
05086,2005-07-26,,0.0,0,,19,37604,268,1777,3105,300,36370,20,421324,5,,,,,,,,,,,,
05087,2005-07-29,,0.0,0,,10,86615,266,2170,3304,300,38873,20,472278,5,,,,,,,,,,,,
05088,2005-07-31,,0.0,0,,13,54291,211,2229,2548,300,30932,20,403155,5,,,,,,,,,,,,
05089,2005-08-02,,0.0,0,,22,31114,249,1832,2988,300,38734,20,444990,5,,,,,,,,,,,,
05090,2005-08-05,,0.0,0,,16,54774,225,2596,3155,300,41745,20,504222,5,,,,,,,,,,,,
05091,2005-08-07,,0.0,0,,8,86147,203,2263,2859,300,34688,20,423503,5,,,,,,,,,,,,
05092,2005-08-09,,0.0,4,5000000,13,60137,174,2995,2824,300,34072,20,394869,5,,,,,,,,,,,,
05093,2005-08-12,,0.0,0,,17,55775,180,3511,2570,300,33745,20,416651,5,,,,,,,,,,,,
05094,2005-08-14,,0.0,1,5000000,9,77886,181,2581,2637,300,32984,20,386461,5,,,,,,,,,,,,
05095,2005-08-16,,0.0,2,5000000,10,66968,231,1932,2975,300,36127,20,446746,5,,,,,,,,,,,,
05096,2005-08-19,,0.0,0,,15,63680,262,2430,3028,300,37396,20,446741,5,,,,,,,,,,,,
05097,2005-08-21,,0.0,0,,6,123676,146,3388,2727,300,33762,20,381348,5,,,,,,,,,,,,
05098,2005-08-23,,0.0,1,5000000,26,26676,253,1827,3230,300,41507,20,452714,5,,,,,,,,,,,,
05099,2005-08-26,,0.0,0,,8,104848,244,2291,3508,300,42978,20,564516,5,,,,,,,,,,,,
05100,2005-08-28,,0.0,1,5000000,10,74010,182,2711,2688,300,34469,20,433282,5,,,,,,,,,,,,
05101,2005-08-30,,0.0,3,5000000,12,64710,200,2588,2554,300,34249,20,421378,5,,,,,,,,,,,,
05102,2005-09-02,,0.0,1,5000000,19,43329,253,2169,3562,300,45597,20,518317,5,,,,,,,,,,,,
05103,2005-09-04,,0.0,4,3774139,20,29098,287,1351,3537,300,47045,20,497096,5,,,,,,,,,,,,
05104,2005-09-06,,0.0,0,,21,30778,158,2727,2276,300,31912,20,405817,5,,,,,,,,,,,,
05105,2005-09-09,,0.0,0,,14,61788,300,1922,2811,300,41850,20,490036,5,,,,,,,,,,,,
05106,2005-09-11,,0.0,1,5000000,24,23840,365,1045,4217,300,43103,20,475204,5,,,,,,,,,,,,
05107,2005-09-13,,0.0,0,,19,37394,225,2105,3062,300,37964,20,453642,5,,,,,,,,,,,,
05108,2005-09-16,,0.0,0,,19,44817,219,2592,3114,300,43550,20,552378,5,,,,,,,,,,,,
05109,2005-09-18,,0.0,1,5000000,8,99046,170,3107,2197,300,31384,20,406948,5,,,,,,,,,,,,
05110,2005-09-20,,0.0,2,5000000,9,85955,312,1652,2703,300,33484,20,414190,5,,,,,,,,,,,,
05111,2005-09-23,,0.0,0,,22,39876,249,2348,3342,300,41348,20,524643,5,,,,,,,,,,,,
05112,2005-09-25,,0.0,1,5000000,12,61065,235,2078,2972,300,36912,20,424467,5,,,,,,,,,,,,
05113,2005-09-27,,0.0,0,,23,30438,220,2121,3189,300,40045,20,471823,5,,,,,,,,,,,,
05114,2005-09-30,,0.0,4,5000000,31,26961,353,1578,3925,300,48316,20,566227,5,,,,,,,,,,,,
05115,2005-10-02,,0.0,0,,6,118548,126,3763,2187,300,28123,20,349165,5,,,,,,,,,,,,
05116,2005-10-04,,0.0,1,5000000,20,29313,259,1509,3471,300,34693,20,384886,5,,,,,,,,,,,,
05117,2005-10-07,,0.0,0,,4,217339,171,3389,2446,300,35833,20,462294,5,,,,,,,,,,,,
05118,2005-10-09,,0.0,1,5000000,15,45183,240,1882,3496,300,41593,20,497186,5,,,,,,,,,,,,
05119,2005-10-11,,0.0,1,5000000,16,51076,167,3262,2438,300,34162,20,412368,5,,,,,,,,,,,,
05120,2005-10-14,,0.0,1,5000000,5,204081,156,4360,2412,300,33307,20,438907,5,,,,,,,,,,,,
05121,2005-10-16,,0.0,1,5000000,15,48302,247,1955,3034,300,35481,20,420309,5,,,,,,,,,,,,
05122,2005-10-18,,0.0,2,5000000,15,51815,240,2158,3103,300,35231,20,433129,5,,,,,,,,,,,,
05123,2005-10-21,,0.0,0,,21,42718,295,2027,3287,300,44313,20,501736,5,,,,,,,,,,,,
05124,2005-10-23,,0.0,3,5000000,13,56554,212,2311,2841,300,34424,20,405340,5,,,,,,,,,,,,
05125,2005-10-25,,0.0,0,,8,88104,210,2237,3082,300,36630,20,427745,5,,,,,,,,,,,,
05126,2005-10-28,,0.0,1,5000000,14,61628,254,2264,3221,300,41731,20,525018,5,,,,,,,,,,,,
05127,2005-10-30,,0.0,6,1997518,17,38560,235,1859,2968,300,38561,20,449771,5,,,,,,,,,,,,
05128,2005-11-01,,0.0,0,,11,65084,142,3361,2278,300,27941,20,337211,5,,,,,,,,,,,,
05129,2005-11-04,,0.0,0,,7,120252,206,2724,2840,300,36188,20,516601,5,,,,,,,,,,,,
05130,2005-11-06,,0.0,1,5000000,17,38542,188,2323,3064,300,39528,20,464607,5,,,,,,,,,,,,
05131,2005-11-08,,0.0,1,5000000,16,43998,286,1640,3250,300,41005,20,474899,5,,,,,,,,,,,,
05132,2005-11-11,,0.0,1,5000000,14,63734,295,2016,3603,300,46256,20,548245,5,,,,,,,,,,,,
05133,2005-11-13,,0.0,1,5000000,15,50552,205,2465,2660,300,34556,20,430434,5,,,,,,,,,,,,
05134,2005-11-15,,0.0,1,5000000,17,45796,175,2965,2611,300,34512,20,436833,5,,,,,,,,,,,,
05135,2005-11-18,,0.0,1,5000000,31,19952,352,1171,5712,300,60958,20,668273,5,,,,,,,,,,,,
05136,2005-11-20,,0.0,2,5000000,18,35415,306,1388,3838,300,43012,20,474288,5,,,,,,,,,,,,
05137,2005-11-22,,0.0,0,,11,76125,167,3342,2403,300,31953,20,389464,5,,,,,,,,,,,,
05138,2005-11-25,,0.0,1,5000000,15,56348,300,1878,3838,300,46105,20,569758,5,,,,,,,,,,,,
05139,2005-11-27,,0.0,3,5000000,12,60228,243,1982,3012,300,38563,20,451109,5,,,,,,,,,,,,
05140,2005-11-29,,0.0,0,,11,70911,149,3490,2438,300,29946,20,404238,5,,,,,,,,,,,,
05141,2005-12-02,,0.0,2,5000000,15,62739,197,3184,2606,300,34907,20,490562,5,,,,,,,,,,,,
05142,2005-12-04,,0.0,0,,8,81869,175,2495,2584,300,32034,20,391761,5,,,,,,,,,,,,
05143,2005-12-06,,0.0,0,,7,105563,110,4478,2142,300,32572,20,409272,5,,,,,,,,,,,,
05144,2005-12-09,,0.0,0,,17,53965,244,2506,3574,300,42559,20,520589,5,,,,,,,,,,,,
05145,2005-12-11,,0.0,0,,13,51518,291,1534,3648,300,41324,20,471157,5,,,,,,,,,,,,
05146,2005-12-13,,0.0,1,5000000,8,110288,120,4901,2134,300,30611,20,426052,5,,,,,,,,,,,,
05147,2005-12-16,,0.0,0,,11,85687,238,2640,2999,300,44121,20,562725,5,,,,,,,,,,,,
05148,2005-12-18,,0.0,0,,17,44790,237,2141,3195,300,38814,20,458757,5,,,,,,,,,,,,
05149,2005-12-20,,0.0,1,5000000,17,40024,329,1378,3998,300,48476,20,539458,5,,,,,,,,,,,,
05150,2005-12-23,,0.0,3,5000000,27,34490,289,2148,4135,300,47183,20,550191,5,,,,,,,,,,,,
05151,2005-12-25,,0.0,2,5000000,25,29615,292,1690,3283,300,41993,20,479326,5,,,,,,,,,,,,
05152,2005-12-27,,0.0,2,5000000,15,53724,255,2106,2910,300,37288,20,459324,5,,,,,,,,,,,,
05153,2005-12-30,,0.0,0,,16,54576,294,1980,3690,300,45162,20,644587,5,,,,,,,,,,,,
06001,2006-01-01,,0.0,0,,9,85769,230,2237,2774,300,40625,20,479503,5,,,,,,,,,,,,
06002,2006-01-03,,0.0,1,5000000,16,40673,327,1326,3932,300,42025,20,476253,5,,,,,,,,,,,,
06003,2006-01-06,,0.0,1,5000000,20,47501,255,2483,3227,300,43925,20,524993,5,,,,,,,,,,,,
06004,2006-01-08,,0.0,1,5000000,24,23170,375,988,4653,300,54025,20,586101,5,,,,,,,,,,,,
06005,2006-01-10,,0.0,0,,20,38599,259,1987,3209,300,41217,20,503749,5,,,,,,,,,,,,
06006,2006-01-13,,0.0,2,5000000,17,48776,368,1502,4971,300,56121,20,639986,5,,,,,,,,,,,,
06007,2006-01-15,,0.0,2,5000000,30,23284,316,1473,3876,300,49106,20,538331,5,,,,,,,,,,,,
06008,2006-01-17,,0.0,0,,34,20947,370,1283,4088,300,44237,20,498367,5,,,,,,,,,,,,
06009,2006-01-20,,0.0,1,5000000,31,25949,487,1101,5694,300,54706,20,531138,5,,,,,,,,,,,,
06010,2006-01-22,,0.0,0,,21,35482,250,1987,3144,300,38751,20,467289,5,,,,,,,,,,,,
06011,2006-01-24,,0.0,1,5000000,13,64496,170,3288,2559,300,34655,20,429280,5,,,,,,,,,,,,
06012,2006-01-27,,0.0,0,,18,61980,249,2987,3481,300,44421,20,533077,5,,,,,,,,,,,,
06013,2006-02-05,,0.0,3,5000000,5,130096,156,2779,2070,300,27957,20,346139,5,,,,,,,,,,,,
06014,2006-02-07,,0.0,1,5000000,12,59875,246,1947,3098,300,37440,20,442692,5,,,,,,,,,,,,
06015,2006-02-10,,0.0,0,,29,27110,366,1432,4823,300,58965,20,596899,5,,,,,,,,,,,,
06016,2006-02-12,,0.0,1,5000000,10,81792,195,2796,2823,300,35047,20,444437,5,,,,,,,,,,,,
06017,2006-02-14,,0.0,0,,14,51841,245,1974,3422,300,45320,20,534816,5,,,,,,,,,,,,
06018,2006-02-17,,0.0,1,5000000,20,50260,255,2627,3463,300,42021,20,536283,5,,,,,,,,,,,,
06019,2006-02-19,,0.0,1,5000000,16,56923,139,4368,2312,300,30692,20,404430,5,,,,,,,,,,,,
06020,2006-02-21,,0.0,0,,20,37530,270,1853,3780,300,47007,20,506713,5,,,,,,,,,,,,
06021,2006-02-24,,0.0,2,5000000,19,53131,237,2839,3412,300,46152,20,566343,5,,,,,,,,,,,,
06022,2006-02-26,,0.0,3,5000000,16,50158,222,2410,3248,300,39481,20,461986,5,,,,,,,,,,,,
06023,2006-02-28,,0.0,0,,9,84376,220,2301,3324,300,42194,20,471578,5,,,,,,,,,,,,
06024,2006-03-03,,0.0,1,5000000,11,98771,183,3958,3143,300,41490,20,534630,5,,,,,,,,,,,,
06025,2006-03-05,,0.0,1,5000000,17,49679,217,2594,3117,300,36704,20,444940,5,,,,,,,,,,,,
06026,2006-03-07,,0.0,2,5000000,20,38484,288,1781,3866,300,45066,20,510029,5,,,,,,,,,,,,
06027,2006-03-10,,0.0,0,,20,47328,290,2176,4060,300,50124,20,581072,5,,,,,,,,,,,,
06028,2006-03-12,,0.0,1,5000000,29,26429,302,1691,3387,300,40152,20,463498,5,,,,,,,,,,,,
06029,2006-03-14,,0.0,1,5000000,18,47495,239,2384,3219,300,38504,20,459920,5,,,,,,,,,,,,
06030,2006-03-17,,0.0,0,,21,41699,319,1830,5134,300,56513,20,616402,5,,,,,,,,,,,,
06031,2006-03-19,,0.0,2,5000000,15,55770,226,2467,2934,300,38193,20,479893,5,,,,,,,,,,,,
06032,2006-03-21,,0.0,0,,13,60395,298,1756,3768,300,43073,20,497973,5,,,,,,,,,,,,
06033,2006-03-24,,0.0,2,5000000,15,61229,269,2276,3935,300,50963,20,637228,5,,,,,,,,,,,,
06034,2006-03-26,,0.0,0,,8,97912,235,2222,3172,300,39325,20,460209,5,,,,,,,,,,,,
06035,2006-03-28,,0.0,0,,9,94653,162,3505,2650,300,38850,20,477968,5,,,,,,,,,,,,
06036,2006-03-31,,0.0,1,5000000,18,56161,310,2174,3705,300,45827,20,551372,5,,,,,,,,,,,,
06037,2006-04-02,,0.0,0,,15,53093,235,2259,2990,300,38347,20,464824,5,,,,,,,,,,,,
06038,2006-04-04,,0.0,5,4665061,25,33189,292,1894,3041,300,39391,20,455183,5,,,,,,,,,,,,
06039,2006-04-07,,0.0,0,,30,30957,281,2203,4178,300,46886,20,570422,5,,,,,,,,,,,,
06040,2006-04-09,,0.0,2,5000000,15,56071,216,2595,3210,300,39337,20,455964,5,,,,,,,,,,,,
06041,2006-04-11,,0.0,4,5000000,13,61983,212,2533,3386,300,40675,20,511803,5,,,,,,,,,,,,
06042,2006-04-14,,0.0,2,5000000,22,42249,283,2189,3904,300,55290,20,621395,5,,,,,,,,,,,,
06043,2006-04-16,,0.0,2,5000000,16,49355,248,2122,3289,300,41618,20,519030,5,,,,,,,,,,,,
06044,2006-04-18,,0.0,0,,18,44832,262,2053,3410,300,43056,20,485086,5,,,,,,,,,,,,
06045,2006-04-21,,0.0,4,2258704,57,12372,778,604,7259,300,68248,20,635772,5,,,,,,,,,,,,
06046,2006-04-23,,0.0,2,1739589,14,49702,282,1645,3552,300,39004,20,451623,5,,,,,,,,,,,,
06047,2006-04-25,,0.0,2,1863914,10,74556,188,2643,2537,300,33722,20,417638,5,,,,,,,,,,,,
06048,2006-04-28,,0.0,1,5000000,18,47162,260,2176,3608,300,43631,20,509318,5,,,,,,,,,,,,
06049,2006-04-30,,0.0,0,,12,67728,248,2184,2906,300,34148,20,411959,5,,,,,,,,,,,,
06050,2006-05-02,,0.0,2,5000000,10,66109,180,2448,2770,300,34030,20,389555,5,,,,,,,,,,,,
06051,2006-05-05,,0.0,3,5000000,12,59443,333,1428,4007,300,45994,20,524396,5,,,,,,,,,,,,
06052,2006-05-07,,0.0,3,2837898,19,35087,209,2126,2669,300,39070,20,482623,5,,,,,,,,,,,,
06053,2006-05-09,,0.0,2,1821075,9,80936,150,3237,2373,300,31891,20,391583,5,,,,,,,,,,,,
06054,2006-05-12,,0.0,2,5000000,37,25005,869,709,3292,300,38685,20,490590,5,,,,,,,,,,,,
06055,2006-05-14,,0.0,1,5000000,23,30688,314,1498,3605,300,41237,20,476153,5,,,,,,,,,,,,
06056,2006-05-16,,0.0,1,5000000,7,116973,140,3899,2626,300,33848,20,442285,5,,,,,,,,,,,,
06057,2006-05-19,,0.0,1,5000000,22,44061,271,2384,3541,300,44144,20,521628,5,,,,,,,,,,,,
06058,2006-05-21,,0.0,0,,23,31011,263,1808,3375,300,41233,20,467129,5,,,,,,,,,,,,
06059,2006-05-23,,0.0,0,,15,55523,225,2467,2613,300,37239,20,454539,5,,,,,,,,,,,,
06060,2006-05-26,,0.0,0,,15,63857,272,2347,3609,300,44888,20,525112,5,,,,,,,,,,,,
06061,2006-05-28,,0.0,4,5000000,20,40705,279,1945,3309,300,33391,20,420447,5,,,,,,,,,,,,
06062,2006-05-30,,0.0,4,3158902,12,65817,220,2393,2595,300,34419,20,418890,5,,,,,,,,,,,,
06063,2006-06-02,,0.0,1,5000000,13,59831,313,1656,4173,300,49097,20,539876,5,,,,,,,,,,,,
06064,2006-06-04,,0.0,0,,6,132391,103,5141,2232,300,32700,20,444097,5,,,,,,,,,,,,
06065,2006-06-06,,0.0,0,,14,52396,241,2029,3797,300,40372,20,471401,5,,,,,,,,,,,,
06066,2006-06-09,,0.0,1,5000000,17,54240,256,2401,3230,300,43442,20,541618,5,,,,,,,,,,,,
06067,2006-06-11,,0.0,0,,12,61756,292,1691,3241,300,36835,20,427972,5,,,,,,,,,,,,
06068,2006-06-13,,0.0,2,5000000,9,79070,250,1897,3179,300,43797,20,479636,5,,,,,,,,,,,,
06069,2006-06-16,,0.0,2,5000000,28,30998,371,1559,3847,300,42675,20,529839,5,,,,,,,,,,,,
06070,2006-06-18,,0.0,0,,8,95580,146,3491,2341,300,30370,20,383128,5,,,,,,,,,,,,
06071,2006-06-20,,0.0,0,,10,73430,159,3078,2377,300,34551,20,433045,5,,,,,,,,,,,,
06072,2006-06-23,,0.0,0,,5,196035,129,5065,2387,300,33767,20,451376,5,,,,,,,,,,,,
06073,2006-06-25,,0.0,1,5000000,6,119471,247,1934,3046,300,35967,20,435075,5,,,,,,,,,,,,
06074,2006-06-27,,0.0,0,,9,91703,110,5001,2016,300,28030,20,378988,5,,,,,,,,,,,,
06075,2006-06-30,,0.0,0,,13,74013,170,3773,2427,300,35592,20,467162,5,,,,,,,,,,,,
06076,2006-07-02,,0.0,1,5000000,11,67248,215,2293,2521,300,34903,20,422449,5,,,,,,,,,,,,
06077,2006-07-04,,0.0,0,,16,43548,227,2046,3014,300,41332,20,450637,5,,,,,,,,,,,,
06078,2006-07-07,,0.0,0,,20,44723,295,2021,3408,300,42786,20,502290,5,,,,,,,,,,,,
06079,2006-07-09,,0.0,1,5000000,16,43054,243,1889,3428,300,39433,20,477240,5,,,,,,,,,,,,
06080,2006-07-11,,0.0,1,5000000,15,49935,239,2089,2956,300,34931,20,443565,5,,,,,,,,,,,,
06081,2006-07-14,,0.0,1,5000000,21,34420,316,1524,4714,300,50274,20,576266,5,,,,,,,,,,,,
06082,2006-07-16,,0.0,1,5000000,12,61648,162,3044,2463,300,34990,20,433625,5,,,,,,,,,,,,
06083,2006-07-18,,0.0,2,5000000,16,49034,174,3005,2561,300,33466,20,433601,5,,,,,,,,,,,,
06084,2006-07-21,,0.0,3,5000000,31,28460,286,2056,3623,300,44435,20,530370,5,,,,,,,,,,,,
06085,2006-07-23,,0.0,0,,8,89732,189,2532,2553,300,34466,20,502307,5,,,,,,,,,,,,
06086,2006-07-25,,0.0,0,,14,59311,190,2913,2537,300,32461,20,414612,5,,,,,,,,,,,,
06087,2006-07-28,,0.0,0,,25,35626,256,2319,3710,300,45849,20,532255,5,,,,,,,,,,,,
06088,2006-07-30,,0.0,0,,23,27461,336,1253,3895,300,45932,20,498038,5,,,,,,,,,,,,
06089,2006-08-01,,0.0,0,,18,39427,249,1900,3107,300,45205,20,491032,5,,,,,,,,,,,,
06090,2006-08-04,,0.0,1,5000000,13,76110,285,2314,3262,300,39147,20,507742,5,,,,,,,,,,,,
06091,2006-08-06,,0.0,6,5000000,52,11560,538,744,5058,300,51863,20,503721,5,,,,,,,,,,,,
06092,2006-08-08,,0.0,3,2435058,28,23571,265,1660,3163,300,41225,20,438947,5,,,,,,,,,,,,
06093,2006-08-11,,0.0,0,,10,84642,151,3736,2360,300,32509,20,418751,5,,,,,,,,,,,,
06094,2006-08-13,,0.0,2,3778904,15,44342,247,1795,2868,300,34896,20,363325,5,,,,,,,,,,,,
06095,2006-08-15,,0.0,0,,10,65088,157,2763,2374,300,31849,20,384855,5,,,,,,,,,,,,
06096,2006-08-18,,0.0,0,,7,129878,170,3565,2567,300,36572,20,469406,5,,,,,,,,,,,,
06097,2006-08-20,,0.0,0,,9,87426,187,2805,2495,300,31154,20,401500,5,,,,,,,,,,,,
06098,2006-08-22,,0.0,1,5000000,10,78148,199,2618,2631,300,35735,20,459704,5,,,,,,,,,,,,
06099,2006-08-25,,0.0,1,5000000,17,50049,386,1469,4004,300,50737,20,556423,5,,,,,,,,,,,,
06100,2006-08-27,,0.0,2,5000000,26,31343,175,3104,2555,300,32315,20,422520,5,,,,,,,,,,,,
06101,2006-08-29,,0.0,1,5000000,18,42265,236,2149,2612,300,37783,20,460091,5,,,,,,,,,,,,
06102,2006-09-01,,0.0,2,5000000,18,53374,204,3139,2874,300,38370,20,488861,5,,,,,,,,,,,,
06103,2006-09-03,,0.0,0,,11,73522,212,2543,2637,300,33479,20,411097,5,,,,,,,,,,,,
06104,2006-09-05,,0.0,0,,16,48564,193,2684,2905,300,36352,20,441800,5,,,,,,,,,,,,
06105,2006-09-08,,0.0,4,5000000,17,50823,305,1888,3972,300,47556,20,560904,5,,,,,,,,,,,,
06106,2006-09-10,,0.0,2,5000000,18,40077,281,1711,3275,300,40311,20,435816,5,,,,,,,,,,,,
06107,2006-09-12,,0.0,0,,16,45387,191,2534,2877,300,36201,20,428982,5,,,,,,,,,,,,
06108,2006-09-15,,0.0,2,5000000,23,33308,374,1365,4133,300,53071,20,600421,5,,,,,,,,,,,,
06109,2006-09-17,,0.0,3,1258472,30,19198,296,1297,4027,300,42707,20,479610,5,,,,,,,,,,,,
06110,2006-09-19,,0.0,0,,10,65857,251,1749,2964,300,34606,20,415060,5,,,,,,,,,,,,
06111,2006-09-22,,0.0,4,1751567,16,46417,369,1341,4378,300,49943,20,524605,5,,,,,,,,,,,,
06112,2006-09-24,,0.0,2,1589168,23,27637,193,2195,2491,300,33546,20,407197,5,,,,,,,,,,,,
06113,2006-09-26,,0.0,1,3233655,13,49748,163,2645,2157,300,31466,20,408481,5,,,,,,,,,,,,
06114,2006-09-29,,0.0,1,3401760,30,22678,379,1196,3817,300,43809,20,489762,5,,,,,,,,,,,,
06115,2006-10-01,,0.0,1,2866105,8,71652,245,1559,2710,300,32939,20,371881,5,,,,,,,,,,,,
06116,2006-10-03,,0.0,3,945804,45,12610,137,2761,1950,300,27997,20,331744,5,,,,,,,,,,,,
06117,2006-10-06,,0.0,0,,25,22644,240,1572,3284,300,39984,20,477600,5,,,,,,,,,,,,
06118,2006-10-08,,0.0,1,5000000,10,65838,161,2726,2272,300,30695,20,383473,5,,,,,,,,,,,,
06119,2006-10-10,,0.0,0,,15,40216,220,1828,2773,300,35583,20,426478,5,,,,,,,,,,,,
06120,2006-10-13,,0.0,0,,17,47458,284,1893,3316,300,43209,20,465350,5,,,,,,,,,,,,
06121,2006-10-15,,0.0,1,5000000,15,42139,335,1257,3812,300,39755,20,413171,5,,,,,,,,,,,,
06122,2006-10-17,,0.0,0,,16,45386,152,3185,2735,300,30297,20,385697,5,,,,,,,,,,,,
06123,2006-10-20,,0.0,0,,13,68363,225,2633,2840,300,37097,20,489103,5,,,,,,,,,,,,
06124,2006-10-22,,0.0,1,5000000,22,27258,339,1179,3769,300,47559,20,480493,5,,,,,,,,,,,,
06125,2006-10-24,,0.0,2,5000000,12,60788,202,2407,2777,300,34152,20,443515,5,,,,,,,,,,,,
06126,2006-10-27,,0.0,4,2420904,22,33001,334,1449,4283,300,49421,20,581887,5,,,,,,,,,,,,
06127,2006-10-29,,0.0,0,,6,113300,138,3284,2088,300,29924,20,401322,5,,,,,,,,,,,,
06128,2006-10-31,,0.0,18,374065,21,31754,233,1907,2906,300,35491,20,426172,5,,,,,,,,,,,,
06129,2006-11-03,,0.0,0,,31,24213,199,2514,2617,300,37594,20,481512,5,,,,,,,,,,,,
06130,2006-11-05,,0.0,1,5000000,6,115316,130,3548,2110,300,30167,20,379687,5,,,,,,,,,,,,
06131,2006-11-07,,0.0,0,,17,34181,312,1241,3569,300,40600,20,411744,5,,,,,,,,,,,,
06132,2006-11-10,,0.0,0,,10,83939,206,2716,2850,300,38699,20,474085,5,,,,,,,,,,,,
06133,2006-11-12,,0.0,1,5000000,8,88329,177,2661,2504,300,33192,20,412268,5,,,,,,,,,,,,
06134,2006-11-14,,0.0,0,,15,48644,191,2546,2310,300,31383,20,398802,5,,,,,,,,,,,,
06135,2006-11-17,,0.0,2,5000000,8,103921,180,3079,3144,300,40627,20,507885,5,,,,,,,,,,,,
06136,2006-11-19,,0.0,0,,9,77040,174,2656,2472,300,35550,20,408823,5,,,,,,,,,,,,
06137,2006-11-21,,0.0,1,5000000,21,32109,244,1842,2924,300,36407,20,432365,5,,,,,,,,,,,,
06138,2006-11-24,,0.0,1,5000000,19,38358,299,1625,3567,300,45962,20,535586,5,,,,,,,,,,,,
06139,2006-11-26,,0.0,1,5000000,12,53057,221,1920,2840,300,37597,20,423033,5,,,,,,,,,,,,
06140,2006-11-28,,0.0,1,5000000,10,79125,148,3564,1654,300,26188,20,354596,5,,,,,,,,,,,,
06141,2006-12-01,,0.0,0,,7,116093,259,2091,2912,300,37920,20,488234,5,,,,,,,,,,,,
06142,2006-12-03,,0.0,0,,25,27552,240,1913,2656,300,34615,20,392065,5,,,,,,,,,,,,
06143,2006-12-05,,0.0,0,,9,75893,184,2474,2809,300,37202,20,430354,5,,,,,,,,,,,,
06144,2006-12-08,,0.0,0,,16,52277,218,2557,3324,300,42987,20,491784,5,,,,,,,,,,,,
06145,2006-12-10,,0.0,0,,9,85702,151,3405,2525,300,34813,20,412213,5,,,,,,,,,,,,
06146,2006-12-12,,0.0,1,5000000,11,64284,154,3061,2761,300,34594,20,548194,5,,,,,,,,,,,,
06147,2006-12-15,,0.0,1,5000000,9,101230,199,3052,3090,300,41339,20,516200,5,,,,,,,,,,,,
06148,2006-12-17,,0.0,3,5000000,11,71605,206,2549,2644,300,32685,20,395481,5,,,,,,,,,,,,
06149,2006-12-19,,0.0,0,,15,47574,213,2233,3293,300,35606,20,407478,5,,,,,,,,,,,,
06150,2006-12-22,,0.0,1,5000000,18,51752,226,2747,3035,300,39398,20,479560,5,,,,,,,,,,,,
06151,2006-12-24,,0.0,0,,14,51881,194,2496,2913,300,39977,20,433909,5,,,,,,,,,,,,
06152,2006-12-26,,0.0,1,5000000,19,37285,290,1628,3087,300,39642,20,457692,5,,,,,,,,,,,,
06153,2006-12-29,,0.0,2,5000000,12,73881,210,2814,3005,300,40641,20,512317,5,,,,,,,,,,,,
06154,2006-12-31,,0.0,0,,20,38157,246,2068,3062,300,36545,20,420551,5,,,,,,,,,,,,
07001,2007-01-02,,0.0,0,,5,127715,114,3734,3274,300,30224,20,410267,5,,,,,,,,,,,,
07002,2007-01-05,,0.0,0,,13,65302,298,1899,3559,300,39953,20,502245,5,,,,,,,,,,,,
07003,2007-01-07,,0.0,1,5000000,16,43371,287,1611,3432,300,38722,20,459587,5,,,,,,,,,,,,
07004,2007-01-09,,0.0,1,5000000,10,72840,222,2187,3239,300,36872,20,443050,5,,,,,,,,,,,,
07005,2007-01-12,,0.0,0,,14,66393,220,2816,2693,300,38197,20,490820,5,,,,,,,,,,,,
07006,2007-01-14,,0.0,2,5000000,14,54383,187,2714,2788,300,35746,20,439009,5,,,,,,,,,,,,
07007,2007-01-16,,0.0,2,5000000,9,77781,225,2074,3457,300,41900,20,440169,5,,,,,,,,,,,,
07008,2007-01-19,,0.0,2,5000000,14,59959,302,1853,3743,300,46248,20,539441,5,,,,,,,,,,,,
07009,2007-01-21,,0.0,1,5000000,15,45589,237,1923,3263,300,37479,20,428757,5,,,,,,,,,,,,
07010,2007-01-23,,0.0,1,5000000,11,68765,143,3526,2225,300,30187,20,399714,5,,,,,,,,,,,,
07011,2007-01-26,,0.0,12,372437,40,18262,300,1623,3683,300,48263,20,502338,5,,,,,,,,,,,,
07012,2007-01-28,,0.0,2,1503895,16,37597,183,2191,2557,300,34509,20,388758,5,,,,,,,,,,,,
07013,2007-01-30,,0.0,0,,2,358636,107,4468,1790,300,23885,20,326900,5,,,,,,,,,,,,
07014,2007-02-02,,0.0,1,5000000,17,40046,271,1674,3826,300,47993,20,498525,5,,,,,,,,,,,,
07015,2007-02-04,,0.0,0,,21,29461,273,1510,2944,300,35725,20,431779,5,,,,,,,,,,,,
07016,2007-02-06,,0.0,0,,8,87645,147,3179,2340,300,31296,20,408014,5,,,,,,,,,,,,
07017,2007-02-09,,0.0,2,5000000,26,29248,287,1766,3536,300,41677,20,484587,5,,,,,,,,,,,,
07018,2007-02-11,,0.0,2,2766227,5,125620,227,1844,3223,300,34634,20,390280,5,,,,,,,,,,,,
07019,2007-02-13,,0.0,0,,11,52835,189,2050,2662,300,33179,20,390051,5,,,,,,,,,,,,
07020,2007-02-16,,0.0,4,1645518,36,20422,332,1476,3799,300,46835,20,522767,5,,,,,,,,,,,,
07021,2007-02-25,,0.0,0,,9,59401,176,2025,1951,300,24476,20,307823,5,,,,,,,,,,,,
07022,2007-02-27,,0.0,1,5000000,12,49271,211,1868,2589,300,31693,20,381471,5,,,,,,,,,,,,
07023,2007-03-02,,0.0,2,1945910,27,24166,320,1359,3674,300,41685,20,446525,5,,,,,,,,,,,,
07024,2007-03-04,,0.0,0,,14,41628,128,3035,2117,300,27062,20,319406,5,,,,,,,,,,,,
07025,2007-03-06,,0.0,0,,5,137507,86,5329,1808,300,23326,20,319737,5,,,,,,,,,,,,
07026,2007-03-09,,0.0,2,5000000,13,63079,299,1828,2902,300,33655,20,412136,5,,,,,,,,,,,,
07027,2007-03-11,,0.0,0,,11,46628,329,1039,4318,300,44675,20,347556,5,,,,,,,,,,,,
07028,2007-03-13,,0.0,0,,7,99732,168,2770,2198,300,28853,20,370560,5,,,,,,,,,,,,
07029,2007-03-16,,0.0,0,,4,218294,140,4157,2458,300,32442,20,423876,5,,,,,,,,,,,,
07030,2007-03-18,,0.0,3,4555903,29,19274,354,1052,4196,300,45408,20,480753,5,,,,,,,,,,,,
07031,2007-03-20,,0.0,0,,9,76750,146,3154,2387,300,30521,20,363258,5,,,,,,,,,,,,
07032,2007-03-23,,0.0,2,3518941,19,37727,269,1776,3732,300,44445,20,532723,5,,,,,,,,,,,,
07033,2007-03-25,,0.0,0,,12,48329,202,1914,3216,300,36319,20,406052,5,,,,,,,,,,,,
07034,2007-03-27,,0.0,1,5000000,10,66863,174,2561,2477,300,33362,20,394296,5,,,,,,,,,,,,
07035,2007-03-30,,0.0,0,,10,68686,266,1721,3483,300,40945,20,511175,5,,,,,,,,,,,,
07036,2007-04-01,,0.0,0,,15,38827,247,1571,2852,300,37833,20,456150,5,,,,,,,,,,,,
07037,2007-04-03,,0.0,1,5000000,12,53869,226,1906,2827,300,38672,20,418701,5,,,,,,,,,,,,
07038,2007-04-06,,0.0,0,,8,94943,225,2250,3004,300,43756,20,546394,5,,,,,,,,,,,,
07039,2007-04-08,,0.0,0,,13,51519,246,1815,3121,300,38214,20,422734,5,,,,,,,,,,,,
07040,2007-04-10,,0.0,5,3325889,19,38541,242,2017,2917,300,35723,20,422632,5,,,,,,,,,,,,
07041,2007-04-13,,0.0,0,,11,66608,251,1946,3280,300,38809,20,478266,5,,,,,,,,,,,,
07042,2007-04-15,,0.0,0,,8,96625,132,3904,1852,300,25610,20,338378,5,,,,,,,,,,,,
07043,2007-04-17,,0.0,0,,14,51349,156,3072,2326,300,30377,20,393985,5,,,,,,,,,,,,
07044,2007-04-20,,0.0,1,5000000,29,26071,334,1509,3887,300,46710,20,498209,5,,,,,,,,,,,,
07045,2007-04-22,,0.0,0,,18,36309,246,1771,2620,300,34367,20,422975,5,,,,,,,,,,,,
07046,2007-04-24,,0.0,0,,8,101434,104,5201,1655,300,25005,20,371532,5,,,,,,,,,,,,
07047,2007-04-27,,0.0,0,,29,24991,442,1093,4901,300,49894,20,489516,5,,,,,,,,,,,,
07048,2007-04-29,,0.0,0,,10,72992,196,2482,2930,300,33475,20,419313,5,,,,,,,,,,,,
07049,2007-05-01,,0.0,1,5000000,1,730896,138,3530,1969,300,26115,20,341237,5,,,,,,,,,,,,
07050,2007-05-04,,0.0,1,5000000,6,129941,164,3169,2841,300,30830,20,371305,5,,,,,,,,,,,,
07051,2007-05-06,,0.0,0,,12,53303,191,2232,2651,300,33554,20,397306,5,,,,,,,,,,,,
07052,2007-05-08,,0.0,1,5000000,10,74574,165,3013,2266,300,29310,20,384326,5,,,,,,,,,,,,
07053,2007-05-11,,0.0,1,5000000,26,32071,386,1440,3196,300,44348,20,471079,5,,,,,,,,,,,,
07054,2007-05-13,,0.0,0,,43,16220,320,1453,2916,300,34928,20,420121,5,,,,,,,,,,,,
07055,2007-05-15,,0.0,1,5000000,16,43047,229,2005,2788,300,36839,20,440376,5,,,,,,,,,,,,
07056,2007-05-18,,0.0,0,,9,81487,300,1629,3962,300,45476,20,536693,5,,,,,,,,,,,,
07057,2007-05-20,,0.0,0,,22,31066,317,1437,3969,300,45368,20,530542,5,,,,,,,,,,,,
07058,2007-05-22,,0.0,1,5000000,12,63206,251,2014,3075,300,39601,20,467435,5,,,,,,,,,,,,
07059,2007-05-25,,0.0,2,5000000,28,29694,386,1436,3972,300,46708,20,576945,5,,,,,,,,,,,,
07060,2007-05-27,,0.0,0,,7,103094,201,2393,2515,300,33913,20,413692,5,,,,,,,,,,,,
07061,2007-05-29,,0.0,0,,13,52722,171,2672,2643,300,34150,20,389813,5,,,,,,,,,,,,
07062,2007-06-01,,0.0,0,,20,36271,870,555,3676,300,43032,20,492242,5,,,,,,,,,,,,
07063,2007-06-03,,0.0,0,,8,89707,132,3624,2364,300,31331,20,383036,5,,,,,,,,,,,,
07064,2007-06-05,,0.0,0,,20,35997,266,1804,2677,300,31855,20,379833,5,,,,,,,,,,,,
07065,2007-06-08,,0.0,0,,13,63027,188,2905,2937,300,38493,20,497556,5,,,,,,,,,,,,
07066,2007-06-10,,0.0,1,5000000,20,33073,211,2089,2929,300,38282,20,443945,5,,,,,,,,,,,,
07067,2007-06-12,,0.0,0,,23,29770,208,2194,2812,300,35037,20,432852,5,,,,,,,,,,,,
07068,2007-06-15,,0.0,0,,23,37983,201,2897,2801,300,38468,20,477519,5,,,,,,,,,,,,
07069,2007-06-17,,0.0,1,5000000,26,25393,274,1606,3515,300,38278,20,414546,5,,,,,,,,,,,,
07070,2007-06-19,,0.0,0,,12,57063,225,2028,3142,300,36997,20,412952,5,,,,,,,,,,,,
07071,2007-06-22,,0.0,1,5000000,18,47127,282,2005,3380,300,40457,20,503819,5,,,,,,,,,,,,
07072,2007-06-24,,0.0,0,,28,24053,233,1927,2660,300,37918,20,425211,5,,,,,,,,,,,,
07073,2007-06-26,,0.0,0,,11,66907,196,2503,2463,300,31974,20,383602,5,,,,,,,,,,,,
07074,2007-06-29,,0.0,0,,16,51557,175,3142,3087,300,38163,20,473738,5,,,,,,,,,,,,
07075,2007-07-01,,0.0,0,,12,61692,164,3009,2304,300,31699,20,385454,5,,,,,,,,,,,,
07076,2007-07-03,,0.0,0,,17,43147,189,2587,2469,300,31138,20,413445,5,,,,,,,,,,,,
07077,2007-07-06,,0.0,1,5000000,35,19803,394,1172,4428,300,51480,20,576324,5,,,,,,,,,,,,
07078,2007-07-08,,0.0,0,,16,38686,237,1741,3144,300,42523,20,459622,5,,,,,,,,,,,,
07079,2007-07-10,,0.0,0,,9,79359,206,2311,2833,300,34366,20,406108,5,,,,,,,,,,,,
07080,2007-07-13,,0.0,2,5000000,14,59561,253,2197,3266,300,42602,20,512369,5,,,,,,,,,,,,
07081,2007-07-15,,0.0,1,5000000,10,68828,161,2850,2609,300,32984,20,400732,5,,,,,,,,,,,,
07082,2007-07-17,,0.0,1,5000000,5,154768,119,4335,1912,300,27348,20,371775,5,,,,,,,,,,,,
07083,2007-07-20,,0.0,0,,11,81710,173,3463,2526,300,33128,20,432918,5,,,,,,,,,,,,
07084,2007-07-22,,0.0,0,,14,53343,151,3297,2423,300,31608,20,392979,5,,,,,,,,,,,,
07085,2007-07-24,,0.0,0,,18,37019,237,1874,3090,300,38517,20,436369,5,,,,,,,,,,,,
07086,2007-07-27,,0.0,1,5000000,43,97966,268,2095,3627,300,43630,20,506778,5,,,,,,,,,,,,
07087,2007-07-29,,0.0,1,5000000,17,38418,315,1382,3486,300,37567,20,426090,5,,,,,,,,,,,,
07088,2007-07-31,,0.0,0,,4,195834,137,3811,2250,300,28637,20,354101,5,,,,,,,,,,,,
07089,2007-08-03,,0.0,0,,9,95555,184,3115,2872,300,36980,20,488860,5,,,,,,,,,,,,
07090,2007-08-05,,0.0,0,,24,136669,272,1607,3336,300,41293,20,446850,5,,,,,,,,,,,,
07091,2007-08-07,,0.0,1,5000000,12,282162,213,2119,2940,300,37579,20,447612,5,,,,,,,,,,,,
07092,2007-08-10,,0.0,0,,22,31732,262,1776,4147,300,48886,20,564580,5,,,,,,,,,,,,
07093,2007-08-12,,0.0,1,5000000,9,384062,178,2589,2790,300,34879,20,406305,5,,,,,,,,,,,,
07094,2007-08-14,,0.0,0,,26,22390,373,1040,3885,300,44075,20,456460,5,,,,,,,,,,,,
07095,2007-08-17,,0.0,2,5000000,19,226106,242,2366,3096,300,40800,20,476473,5,,,,,,,,,,,,
07096,2007-08-19,,0.0,0,,9,88866,140,3808,1820,300,25908,20,351516,5,,,,,,,,,,,,
07097,2007-08-21,,0.0,2,5000000,16,45027,152,3159,2251,300,32576,20,385441,5,,,,,,,,,,,,
07098,2007-08-24,,0.0,0,,16,53344,273,2084,2909,300,38146,20,447465,5,,,,,,,,,,,,
07099,2007-08-26,,0.0,0,,12,56697,194,2338,2726,300,34112,20,411661,5,,,,,,,,,,,,
07100,2007-08-28,,0.0,2,5000000,32,14900,585,543,6016,300,58719,20,460921,5,,,,,,,,,,,,
07101,2007-08-31,,0.0,1,5000000,14,60102,215,2609,3107,300,40666,20,545227,5,,,,,,,,,,,,
07102,2007-09-02,,0.0,0,,5,166553,154,3605,1947,300,28774,20,365841,5,,,,,,,,,,,,
07103,2007-09-04,,0.0,2,5000000,8,88082,243,1933,3222,300,37176,20,436388,5,,,,,,,,,,,,
07104,2007-09-07,,0.0,0,,17,55693,183,3449,2641,300,35159,20,499390,5,,,,,,,,,,,,
07105,2007-09-09,,0.0,3,5000000,13,49186,280,1522,3408,300,42319,20,486561,5,,,,,,,,,,,,
07106,2007-09-11,,0.0,1,5000000,15,42954,251,1711,3338,300,40726,20,491026,5,,,,,,,,,,,,
07107,2007-09-14,,0.0,2,5000000,13,60852,269,1960,4074,300,49257,20,570848,5,,,,,,,,,,,,
07108,2007-09-16,,0.0,1,5000000,50,14124,367,1282,3842,300,36420,20,416173,5,,,,,,,,,,,,
07109,2007-09-18,,0.0,1,5000000,5,161680,146,3691,2325,300,30373,20,387302,5,,,,,,,,,,,,
07110,2007-09-21,,0.0,0,,23,37881,266,2183,3167,300,44872,20,520931,5,,,,,,,,,,,,
07111,2007-09-23,,0.0,0,,16,42219,307,1466,3051,300,39580,20,445963,5,,,,,,,,,,,,
07112,2007-09-25,,0.0,0,,23,30547,240,1951,3354,300,40643,20,422645,5,,,,,,,,,,,,
07113,2007-09-28,,0.0,4,5000000,29,28031,293,1849,4055,300,48081,20,543349,5,,,,,,,,,,,,
07114,2007-09-30,,0.0,0,,9,75971,226,2016,3082,300,38863,20,456897,5,,,,,,,,,,,,
07115,2007-10-02,,0.0,1,5000000,6,104494,154,2714,2319,300,30241,20,380548,5,,,,,,,,,,,,
07116,2007-10-05,,0.0,1,5000000,7,113704,156,3401,2324,300,34964,20,467715,5,,,,,,,,,,,,
07117,2007-10-07,,0.0,0,,7,102335,146,3271,1992,300,31099,20,403754,5,,,,,,,,,,,,
07118,2007-10-09,,0.0,2,5000000,7,102548,171,2798,2386,300,34231,20,436485,5,,,,,,,,,,,,
07119,2007-10-12,,0.0,2,5000000,40,20399,372,1462,4059,300,47010,20,548489,5,,,,,,,,,,,,
07120,2007-10-14,,0.0,0,,10,72374,208,2319,3071,300,39117,20,457441,5,,,,,,,,,,,,
07121,2007-10-16,,0.0,4,5000000,19,35716,382,1184,4089,300,43124,20,455890,5,,,,,,,,,,,,
07122,2007-10-19,,0.0,1,5000000,49,14565,361,1318,5396,300,60141,20,604360,5,,,,,,,,,,,,
07123,2007-10-21,,0.0,2,5000000,10,73877,167,2949,2727,300,35259,20,468047,5,,,,,,,,,,,,
07124,2007-10-23,,0.0,1,5000000,21,30795,394,1094,3960,300,42683,20,465326,5,,,,,,,,,,,,
07125,2007-10-26,,0.0,0,,15,57019,241,2365,3714,300,45638,20,530878,5,,,,,,,,,,,,
07126,2007-10-28,,0.0,0,,12,59312,186,2551,2590,300,35526,20,428028,5,,,,,,,,,,,,
07127,2007-10-30,,0.0,0,,6,128076,137,3739,2465,300,31633,20,420283,5,,,,,,,,,,,,
07128,2007-11-02,,0.0,0,,18,51494,261,2367,3117,300,40640,20,497146,5,,,,,,,,,,,,
07129,2007-11-04,,0.0,0,,9,90175,155,3490,2331,300,30187,20,409120,5,,,,,,,,,,,,
07130,2007-11-06,,0.0,3,5000000,16,51115,165,3304,2205,300,33088,20,420002,5,,,,,,,,,,,,
07131,2007-11-09,,0.0,0,,21,42889,244,2460,3562,300,47174,20,512559,5,,,,,,,,,,,,
07132,2007-11-11,,0.0,1,5000000,27,30133,200,2712,2525,300,31270,20,388354,5,,,,,,,,,,,,
07133,2007-11-13,,0.0,1,5000000,17,42435,259,1856,2850,300,37426,20,457679,5,,,,,,,,,,,,
07134,2007-11-16,,0.0,0,,14,60691,234,2420,3503,300,43421,20,543769,5,,,,,,,,,,,,
07135,2007-11-18,,0.0,0,,23,34237,242,2169,2924,300,33473,20,381628,5,,,,,,,,,,,,
07136,2007-11-20,,0.0,1,5000000,15,49170,179,2746,2738,300,37124,20,467380,5,,,,,,,,,,,,
07137,2007-11-23,,0.0,1,5000000,24,37418,271,2209,3719,300,44449,20,537931,5,,,,,,,,,,,,
07138,2007-11-25,,0.0,1,5000000,12,60636,228,2127,2876,300,37769,20,453910,5,,,,,,,,,,,,
07139,2007-11-27,,0.0,0,,13,53830,241,1935,3441,300,39946,20,453275,5,,,,,,,,,,,,
07140,2007-11-30,,0.0,0,,32,30480,315,2064,3662,300,44639,20,523841,5,,,,,,,,,,,,
07141,2007-12-02,,0.0,0,,15,50099,238,2105,3443,300,40906,20,457906,5,,,,,,,,,,,,
07142,2007-12-04,,0.0,0,,6,149042,146,4083,2239,300,30084,20,400859,5,,,,,,,,,,,,
07143,2007-12-07,,0.0,1,5000000,18,47700,292,1960,4919,300,54631,20,600404,5,,,,,,,,,,,,
07144,2007-12-09,,0.0,1,5000000,18,36488,315,1390,4262,300,47447,20,509029,5,,,,,,,,,,,,
07145,2007-12-11,,0.0,1,5000000,30,25419,271,1875,3369,300,38672,20,469060,5,,,,,,,,,,,,
07146,2007-12-14,,0.0,2,5000000,12,84104,283,2377,3472,300,44101,20,540212,5,,,,,,,,,,,,
07147,2007-12-16,,0.0,1,5000000,10,82536,171,3217,2309,300,34162,20,459345,5,,,,,,,,,,,,
07148,2007-12-18,,0.0,0,,11,72332,180,2946,2640,300,38964,20,453846,5,,,,,,,,,,,,
07149,2007-12-21,,0.0,0,,23,43698,205,3268,3311,300,44224,20,550781,5,,,,,,,,,,,,
07150,2007-12-23,,0.0,0,,11,72390,199,2667,3089,300,38579,20,468208,5,,,,,,,,,,,,
07151,2007-12-25,,0.0,1,5000000,20,35191,329,1426,4003,300,44956,20,518645,5,,,,,,,,,,,,
07152,2007-12-28,,0.0,2,5000000,18,48346,312,1859,4437,300,53344,20,643773,5,,,,,,,,,,,,
07153,2007-12-30,,0.0,2,5000000,29,25302,436,1121,3870,300,41617,20,472562,5,,,,,,,,,,,,
08001,2008-01-01,,0.0,0,,16,36167,445,866,4994,300,46171,20,537628,5,,,,,,,,,,,,
08002,2008-01-04,,0.0,8,5000000,56,15581,630,923,4902,300,56519,20,603455,5,,,,,,,,,,,,
08003,2008-01-06,,0.0,1,5000000,10,77649,210,2465,2753,300,35577,20,433712,5,,,,,,,,,,,,
08004,2008-01-08,,0.0,0,,19,37573,229,2078,3246,300,41450,20,477392,5,,,,,,,,,,,,
08005,2008-01-11,,0.0,1,5000000,19,43881,278,1999,4234,300,46417,20,573984,5,,,,,,,,,,,,
08006,2008-01-13,,0.0,3,3160290,16,37348,273,1459,3758,300,44937,20,475077,5,,,,,,,,,,,,
08007,2008-01-15,,0.0,3,4407539,15,42968,254,1691,3011,300,37590,20,429694,5,,,,,,,,,,,,
08008,2008-01-18,,0.0,1,5000000,14,61099,190,3001,2465,300,35708,20,473045,5,,,,,,,,,,,,
08009,2008-01-20,,0.0,0,,9,81138,203,2398,2177,300,30799,20,373728,5,,,,,,,,,,,,
08010,2008-01-22,,0.0,1,5000000,6,124660,175,2849,2592,300,31320,20,368707,5,,,,,,,,,,,,
08011,2008-01-25,,0.0,0,,24,34391,235,2341,3134,300,40166,20,486251,5,,,,,,,,,,,,
08012,2008-01-27,,0.0,0,,5,139587,177,2628,2440,300,30907,20,400691,5,,,,,,,,,,,,
08013,2008-01-29,,0.0,1,5000000,10,72007,188,2553,2438,300,33030,20,392585,5,,,,,,,,,,,,
08014,2008-02-01,,0.0,2,5000000,12,69634,265,2102,3080,300,42103,20,501808,5,,,,,,,,,,,,
08015,2008-02-03,,0.0,3,5000000,17,42110,215,2219,2794,300,32793,20,398437,5,,,,,,,,,,,,
08016,2008-02-05,,0.0,1,5000000,12,58921,225,2094,2881,300,38280,20,446376,5,,,,,,,,,,,,
08017,2008-02-15,,0.0,0,,11,77069,209,2704,3024,300,40499,20,519399,5,,,,,,,,,,,,
08018,2008-02-17,,0.0,0,,10,66157,243,1815,3299,300,34434,20,406157,5,,,,,,,,,,,,
08019,2008-02-19,,0.0,1,5000000,22,30469,312,1432,3422,300,41040,20,426301,5,,,,,,,,,,,,
08020,2008-02-22,,0.0,0,,20,32471,420,1030,5103,300,57267,20,639502,5,,,,,,,,,,,,
08021,2008-02-24,,0.0,0,,22,30674,204,2205,3132,300,36857,20,431112,5,,,,,,,,,,,,
08022,2008-02-26,,0.0,1,5000000,33,21587,194,2448,3032,300,36132,20,469096,5,,,,,,,,,,,,
08023,2008-02-29,,0.0,1,5000000,20,45229,280,2153,3763,300,44226,20,523114,5,,,,,,,,,,,,
08024,2008-03-02,,0.0,1,5000000,10,74839,181,2756,2702,300,37477,20,429512,5,,,,,,,,,,,,
08025,2008-03-04,,0.0,2,5000000,14,51284,229,2090,3148,300,38904,20,458923,5,,,,,,,,,,,,
08026,2008-03-07,,0.0,0,,10,88877,263,2252,3156,300,42005,20,552594,5,,,,,,,,,,,,
08027,2008-03-09,,0.0,0,,18,34018,241,1693,3564,300,47054,20,522598,5,,,,,,,,,,,,
08028,2008-03-11,,0.0,0,,19,38883,230,2141,2921,300,37586,20,454776,5,,,,,,,,,,,,
08029,2008-03-14,,0.0,0,,17,56988,239,2702,3058,300,40437,20,519092,5,,,,,,,,,,,,
08030,2008-03-16,,0.0,0,,14,58458,165,3306,2353,300,32303,20,397512,5,,,,,,,,,,,,
08031,2008-03-18,,0.0,1,5000000,11,71649,167,3146,2725,300,33442,20,424554,5,,,,,,,,,,,,
08032,2008-03-21,,0.0,0,,28,28431,323,1643,4443,300,54371,20,582316,5,,,,,,,,,,,,
08033,2008-03-23,,0.0,3,5000000,10,76758,206,2484,2503,300,35788,20,444786,5,,,,,,,,,,,,
08034,2008-03-25,,0.0,0,,22,33115,276,1759,3036,300,36412,20,436496,5,,,,,,,,,,,,
08035,2008-03-28,,0.0,0,,18,49044,236,2493,3551,300,44491,20,547384,5,,,,,,,,,,,,
08036,2008-03-30,,0.0,0,,9,83622,191,2626,2675,300,34372,20,440888,5,,,,,,,,,,,,
08037,2008-04-01,,0.0,2,5000000,17,47363,197,2724,2348,300,34020,20,415178,5,,,,,,,,,,,,
08038,2008-04-04,,0.0,0,,11,78545,216,2666,3242,300,40270,20,515182,5,,,,,,,,,,,,
08039,2008-04-06,,0.0,0,,10,74887,223,2238,2728,300,33423,20,421700,5,,,,,,,,,,,,
08040,2008-04-08,,0.0,0,,13,52606,256,1780,3240,300,38936,20,458118,5,,,,,,,,,,,,
08041,2008-04-11,,0.0,0,,27,32590,328,1788,3906,300,47724,20,529003,5,,,,,,,,,,,,
08042,2008-04-13,,0.0,0,,10,54786,272,1342,4736,300,50704,20,544121,5,,,,,,,,,,,,
08043,2008-04-15,,0.0,1,5000000,15,49139,270,1819,3201,300,41681,20,446778,5,,,,,,,,,,,,
08044,2008-04-18,,0.0,1,5000000,10,78703,367,1429,4653,300,55226,20,592111,5,,,,,,,,,,,,
08045,2008-04-20,,0.0,1,5000000,15,50079,199,2516,2611,300,34472,20,437927,5,,,,,,,,,,,,
08046,2008-04-22,,0.0,3,5000000,12,61491,255,1929,3182,300,38420,20,445784,5,,,,,,,,,,,,
08047,2008-04-25,,0.0,2,5000000,11,84539,241,2572,3080,300,45771,20,556181,5,,,,,,,,,,,,
08048,2008-04-27,,0.0,0,,16,43553,263,1766,3514,300,37303,20,462800,5,,,,,,,,,,,,
08049,2008-04-29,,0.0,0,,17,38747,333,1318,3624,300,42358,20,491749,5,,,,,,,,,,,,
08050,2008-05-02,,0.0,1,5000000,15,56274,183,3075,2628,300,39837,20,482954,5,,,,,,,,,,,,
08051,2008-05-04,,0.0,0,,14,56676,153,3457,2304,300,30478,20,385048,5,,,,,,,,,,,,
08052,2008-05-06,,0.0,0,,14,57305,156,3428,2321,300,32163,20,401355,5,,,,,,,,,,,,
08053,2008-05-09,,0.0,1,5000000,20,42395,314,1800,4254,300,51960,20,558553,5,,,,,,,,,,,,
08054,2008-05-11,,0.0,0,,10,79831,137,3884,2542,300,32776,20,407003,5,,,,,,,,,,,,
08055,2008-05-13,,0.0,2,5000000,12,55690,226,1971,3303,300,38141,20,419642,5,,,,,,,,,,,,
08056,2008-05-16,,0.0,1,5000000,22,32772,329,1460,4292,300,50637,20,579231,5,,,,,,,,,,,,
08057,2008-05-18,,0.0,0,,8,91264,164,2967,2472,300,31011,20,397938,5,,,,,,,,,,,,
08058,2008-05-20,,0.0,0,,19,31954,293,1381,3209,300,41916,20,448524,5,,,,,,,,,,,,
08059,2008-05-23,,0.0,0,,12,71383,247,2312,2980,300,40362,20,520858,5,,,,,,,,,,,,
08060,2008-05-25,,0.0,0,,37,19566,196,2462,2691,300,31685,20,384491,5,,,,,,,,,,,,
08061,2008-05-27,,0.0,0,,17,38301,291,1491,2902,300,35931,20,455886,5,,,,,,,,,,,,
08062,2008-05-30,,0.0,0,,22,36123,207,2559,3376,300,42447,20,550508,5,,,,,,,,,,,,
08063,2008-06-01,,0.0,0,,8,94909,131,3864,2331,300,30001,20,382543,5,,,,,,,,,,,,
08064,2008-06-03,,0.0,2,5000000,9,86307,149,3475,2106,300,30025,20,372396,5,,,,,,,,,,,,
08065,2008-06-06,,0.0,2,5000000,17,49890,235,2406,3285,300,41784,20,501375,5,,,,,,,,,,,,
08066,2008-06-08,,0.0,0,,28,21124,238,1656,3173,300,40348,20,433274,5,,,,,,,,,,,,
08067,2008-06-10,,0.0,0,,8,92046,150,3272,2467,300,30732,20,389543,5,,,,,,,,,,,,
08068,2008-06-13,,0.0,0,,22,43371,181,3514,2634,300,33884,20,437040,5,,,,,,,,,,,,
08069,2008-06-15,,0.0,4,5000000,43,16387,238,1973,3089,300,35181,20,399872,5,,,,,,,,,,,,
08070,2008-06-17,,0.0,0,,9,81970,127,3872,2247,300,30333,20,425463,5,,,,,,,,,,,,
08071,2008-06-20,,0.0,0,,12,76692,234,2621,2951,300,37314,20,480187,5,,,,,,,,,,,,
08072,2008-06-22,,0.0,13,4080288,19,30642,284,1366,4069,300,43168,20,463616,5,,,,,,,,,,,,
08073,2008-06-24,,0.0,0,,8,83499,174,2559,2142,300,29192,20,336239,5,,,,,,,,,,,,
08074,2008-06-27,,0.0,0,,11,67457,229,2160,3225,300,39256,20,474041,5,,,,,,,,,,,,
08075,2008-06-29,,0.0,2,5000000,10,68016,156,2906,2483,300,28947,20,349792,5,,,,,,,,,,,,
08076,2008-07-01,,0.0,1,5000000,20,32252,178,2415,2398,300,30706,20,354275,5,,,,,,,,,,,,
08077,2008-07-04,,0.0,3,2692584,27,22798,374,1097,4482,300,47265,20,494255,5,,,,,,,,,,,,
08078,2008-07-06,,0.0,0,,10,63635,154,2754,2111,300,26601,20,349483,5,,,,,,,,,,,,
08079,2008-07-08,,0.0,0,,8,76281,223,1824,2598,300,32172,20,360125,5,,,,,,,,,,,,
08080,2008-07-11,,0.0,0,,13,59053,229,2234,2745,300,39021,20,449891,5,,,,,,,,,,,,
08081,2008-07-13,,0.0,0,,14,41068,212,1808,3001,300,36064,20,414385,5,,,,,,,,,,,,
08082,2008-07-15,,0.0,1,5000000,7,84527,248,1590,2985,300,34451,20,418406,5,,,,,,,,,,,,
08083,2008-07-18,,0.0,2,5000000,5,143636,252,1899,3639,300,45531,20,506189,5,,,,,,,,,,,,
08084,2008-07-20,,0.0,0,,16,40518,192,2251,2461,300,34896,20,366623,5,,,,,,,,,,,,
08085,2008-07-22,,0.0,1,5000000,7,93063,175,2481,2411,300,30424,20,380463,5,,,,,,,,,,,,
08086,2008-07-25,,0.0,1,5000000,6,131804,227,2322,3178,300,38575,20,464455,5,,,,,,,,,,,,
08087,2008-07-27,,0.0,3,4262653,12,47324,267,1417,3072,300,37537,20,410766,5,,,,,,,,,,,,
08088,2008-07-29,,0.0,1,5000000,40,12876,336,1021,3467,300,38468,20,419277,5,,,,,,,,,,,,
08089,2008-08-01,,0.0,0,,13,59084,343,1492,3178,300,38077,20,462195,5,,,,,,,,,,,,
08090,2008-08-03,,0.0,0,,19,31533,270,1479,2892,300,38431,20,384435,5,,,,,,,,,,,,
08091,2008-08-05,,0.0,1,5000000,15,43166,190,2271,2634,300,32404,20,378925,5,,,,,,,,,,,,
08092,2008-08-08,,0.0,0,,20,48833,219,2973,3090,300,38493,20,463018,5,,,,,,,,,,,,
08093,2008-08-10,,0.0,0,,4,164713,122,3600,2064,300,28881,20,352470,5,,,,,,,,,,,,
08094,2008-08-12,,0.0,0,,10,69749,141,3297,1948,300,28023,20,352422,5,,,,,,,,,,,,
08095,2008-08-15,,0.0,0,,16,46507,298,1664,3667,300,42515,20,495819,5,,,,,,,,,,,,
08096,2008-08-17,,0.0,0,,6,125547,198,2536,1774,300,24763,20,336018,5,,,,,,,,,,,,
08097,2008-08-19,,0.0,0,,11,60927,179,2496,2313,300,33186,20,380930,5,,,,,,,,,,,,
08098,2008-08-22,,0.0,1,5000000,4,202059,231,2332,3322,300,42507,20,481967,5,,,,,,,,,,,,
08099,2008-08-24,,0.0,0,,24,25116,210,1913,3174,300,37926,20,436875,5,,,,,,,,,,,,
08100,2008-08-26,,0.0,0,,19,37006,257,1823,2704,300,32909,20,384570,5,,,,,,,,,,,,
08101,2008-08-29,,0.0,0,,10,84893,243,2329,2837,300,39597,20,511383,5,,,,,,,,,,,,
08102,2008-08-31,,0.0,0,,9,83056,126,3955,1868,300,29740,20,404590,5,,,,,,,,,,,,
08103,2008-09-02,,0.0,1,5000000,18,35036,381,1103,3442,300,41319,20,455900,5,,,,,,,,,,,,
08104,2008-09-05,,0.0,1,5000000,37,14586,661,544,7138,300,75858,20,587007,5,,,,,,,,,,,,
08105,2008-09-07,,0.0,2,5000000,34,14954,454,746,5702,300,46243,20,461656,5,,,,,,,,,,,,
08106,2008-09-09,,0.0,1,5000000,7,110453,143,3604,2220,300,31082,20,389960,5,,,,,,,,,,,,
08107,2008-09-12,,0.0,0,,22,41178,212,2848,3019,300,39773,20,483209,5,,,,,,,,,,,,
08108,2008-09-14,,0.0,2,5000000,10,69540,202,2295,2624,300,32023,20,397461,5,,,,,,,,,,,,
08109,2008-09-16,,0.0,0,,12,58314,194,2404,2758,300,38492,20,426827,5,,,,,,,,,,,,
08110,2008-09-19,,0.0,1,5000000,33,26543,284,2056,3784,300,48663,20,551742,5,,,,,,,,,,,,
08111,2008-09-21,,0.0,1,5000000,12,63822,186,2745,2590,300,33461,20,406719,5,,,,,,,,,,,,
08112,2008-09-23,,0.0,1,5000000,8,94360,189,2662,2595,300,33511,20,410907,5,,,,,,,,,,,,
08113,2008-09-26,,0.0,2,5000000,16,53191,192,2955,3079,300,45733,20,528753,5,,,,,,,,,,,,
08114,2008-09-28,,0.0,0,,9,79396,266,1790,2899,300,35431,20,401349,5,,,,,,,,,,,,
08115,2008-09-30,,0.0,3,5000000,19,32686,218,1899,3050,300,36049,20,406830,5,,,,,,,,,,,,
08116,2008-10-03,,0.0,0,,16,50335,203,2644,2773,300,33962,20,438608,5,,,,,,,,,,,,
08117,2008-10-05,,0.0,0,,10,66161,179,2464,2780,300,34837,20,407151,5,,,,,,,,,,,,
08118,2008-10-07,,0.0,1,5000000,16,45620,182,2673,2530,300,35347,20,431462,5,,,,,,,,,,,,
08119,2008-10-10,,0.0,0,,21,37464,293,1790,4596,300,50549,20,554602,5,,,,,,,,,,,,
08120,2008-10-12,,0.0,1,5000000,14,51350,176,2723,2654,300,34914,20,432343,5,,,,,,,,,,,,
08121,2008-10-14,,0.0,0,,10,67645,223,2022,3199,300,40366,20,444136,5,,,,,,,,,,,,
08122,2008-10-17,,0.0,1,5000000,8,118981,239,2655,3262,300,39813,20,492281,5,,,,,,,,,,,,
08123,2008-10-19,,0.0,0,,14,54677,172,2967,2523,300,32632,20,404105,5,,,,,,,,,,,,
08124,2008-10-21,,0.0,0,,7,103723,218,2220,2712,300,36670,20,440511,5,,,,,,,,,,,,
08125,2008-10-24,,0.0,1,5000000,18,45137,270,2006,4238,300,47702,20,574734,5,,,,,,,,,,,,
08126,2008-10-26,,0.0,0,,7,110828,173,2989,2338,300,31264,20,405365,5,,,,,,,,,,,,
08127,2008-10-28,,0.0,0,,11,74443,132,4135,2276,300,30765,20,379556,5,,,,,,,,,,,,
08128,2008-10-31,,0.0,2,5000000,9,100344,281,2142,3249,300,46428,20,552502,5,,,,,,,,,,,,
08129,2008-11-02,,0.0,0,,9,60788,489,745,5028,300,63437,20,426736,5,,,,,,,,,,,,
08130,2008-11-04,,0.0,0,,14,56981,196,2713,2425,300,32099,20,401812,5,,,,,,,,,,,,
08131,2008-11-07,,0.0,1,5000000,26,32879,335,1701,3874,300,53182,20,580956,5,,,,,,,,,,,,
08132,2008-11-09,,0.0,1,5000000,17,45367,225,2285,2758,300,34992,20,415331,5,,,,,,,,,,,,
08133,2008-11-11,,0.0,1,5000000,17,40970,275,1688,3276,300,41945,20,468880,5,,,,,,,,,,,,
08134,2008-11-14,,0.0,1,5000000,17,57538,242,2694,3106,300,40719,20,528262,5,,,,,,,,,,,,
08135,2008-11-16,,0.0,1,5000000,21,33320,400,1166,3701,300,44441,20,435840,5,,,,,,,,,,,,
08136,2008-11-18,,0.0,1,5000000,17,43515,146,3377,2888,300,34587,20,437460,5,,,,,,,,,,,,
08137,2008-11-21,,0.0,1,5000000,19,50383,240,2659,3302,300,42550,20,508713,5,,,,,,,,,,,,
08138,2008-11-23,,0.0,3,5000000,60,9281,518,716,4830,300,49345,20,508071,5,,,,,,,,,,,,
08139,2008-11-25,,0.0,2,5000000,31,23061,237,2011,3206,300,39472,20,450516,5,,,,,,,,,,,,
08140,2008-11-28,,0.0,1,5000000,25,29082,472,1026,5352,300,55259,20,635694,5,,,,,,,,,,,,
08141,2008-11-30,,0.0,0,,17,44515,181,2787,2751,300,34979,20,428804,5,,,,,,,,,,,,
08142,2008-12-02,,0.0,0,,8,101113,142,3797,2365,300,33402,20,412247,5,,,,,,,,,,,,
08143,2008-12-05,,0.0,0,,16,52209,294,1894,3834,300,49329,20,548867,5,,,,,,,,,,,,
08144,2008-12-07,,0.0,0,,11,60150,210,2100,3158,300,39724,20,495895,5,,,,,,,,,,,,
08145,2008-12-09,,0.0,0,,6,124043,232,2138,3247,300,38221,20,426002,5,,,,,,,,,,,,
08146,2008-12-12,,0.0,0,,20,45968,378,1621,4301,300,48717,20,536680,5,,,,,,,,,,,,
08147,2008-12-14,,0.0,0,,15,52995,167,3173,2648,300,34290,20,419608,5,,,,,,,,,,,,
08148,2008-12-16,,0.0,1,5000000,24,30306,208,2331,3093,300,43207,20,489154,5,,,,,,,,,,,,
08149,2008-12-19,,0.0,0,,19,47388,290,2069,4002,300,48437,20,582097,5,,,,,,,,,,,,
08150,2008-12-21,,0.0,0,,14,55295,191,2702,2473,300,30829,20,404727,5,,,,,,,,,,,,
08151,2008-12-23,,0.0,0,,10,83733,124,4501,1872,300,29885,20,393992,5,,,,,,,,,,,,
08152,2008-12-26,,0.0,11,5000000,35,26632,369,1684,3586,300,46937,20,545369,5,,,,,,,,,,,,
08153,2008-12-28,,0.0,0,,16,41141,201,2183,3370,300,38299,20,442277,5,,,,,,,,,,,,
08154,2008-12-30,,0.0,0,,16,43589,189,2460,2997,300,38050,20,454634,5,,,,,,,,,,,,
09001,2009-01-02,,0.0,5,3627031,13,64796,233,2410,3472,300,47753,20,514544,5,,,,,,,,,,,,
09002,2009-01-04,,0.0,1,5000000,15,44733,293,1526,3035,300,37711,20,419226,5,,,,,,,,,,,,
09003,2009-01-06,,0.0,1,5000000,19,35731,174,2601,2769,300,35741,20,417004,5,,,,,,,,,,,,
09004,2009-01-09,,0.0,4,2150118,28,25717,364,1318,4285,300,52378,20,561178,5,,,,,,,,,,,,
09005,2009-01-11,,0.0,3,2819227,18,38418,203,2271,2602,300,31458,20,382161,5,,,,,,,,,,,,
09006,2009-01-13,,0.0,0,,18,31760,314,1213,3244,300,40986,20,437352,5,,,,,,,,,,,,
09007,2009-01-16,,0.0,0,,13,71283,242,2552,2868,300,34291,20,430926,5,,,,,,,,,,,,
09008,2009-01-18,,0.0,0,,10,73020,221,2202,2423,300,31182,20,383573,5,,,,,,,,,,,,
09009,2009-01-20,,0.0,0,,8,86316,181,2543,2454,300,31741,20,414013,5,,,,,,,,,,,,
09010,2009-01-23,,0.0,1,5000000,16,52562,271,2068,3656,300,46067,20,524973,5,,,,,,,,,,,,
09011,2009-02-01,,0.0,0,,11,60402,217,2041,2716,300,31020,20,386296,5,,,,,,,,,,,,
09012,2009-02-03,,0.0,0,,5,140356,174,2688,2269,300,31163,20,386609,5,,,,,,,,,,,,
09013,2009-02-06,,0.0,5,5000000,21,39629,285,1946,3737,300,44642,20,551484,5,,,,,,,,,,,,
09014,2009-02-08,,0.0,0,,14,47923,149,3001,2405,300,31197,20,387338,5,,,,,,,,,,,,
09015,2009-02-10,,0.0,0,,8,85208,229,1984,2604,300,34075,20,402396,5,,,,,,,,,,,,
09016,2009-02-13,,0.0,0,,10,84307,273,2058,3555,300,44405,20,529028,5,,,,,,,,,,,,
09017,2009-02-15,,0.0,0,,15,50092,183,2737,2289,300,30232,20,371994,5,,,,,,,,,,,,
09018,2009-02-17,,0.0,0,,12,51943,254,1636,3512,300,42427,20,472014,5,,,,,,,,,,,,
09019,2009-02-20,,0.0,1,5000000,14,63959,304,1963,3514,300,45424,20,543664,5,,,,,,,,,,,,
09020,2009-02-22,,0.0,1,5000000,10,77085,208,2470,2361,300,33617,20,415024,5,,,,,,,,,,,,
09021,2009-02-24,,0.0,1,5000000,12,54856,290,1513,3698,300,42538,20,469629,5,,,,,,,,,,,,
09022,2009-02-27,,0.0,2,5000000,23,37963,257,2265,3808,300,50815,20,587895,5,,,,,,,,,,,,
09023,2009-03-01,,0.0,1,5000000,12,60259,231,2086,3094,300,38134,20,445007,5,,,,,,,,,,,,
09024,2009-03-03,,0.0,0,,11,72289,188,2819,2423,300,33728,20,424153,5,,,,,,,,,,,,
09025,2009-03-06,,0.0,3,5000000,23,38274,312,1880,3753,300,50245,20,588415,5,,,,,,,,,,,,
09026,2009-03-08,,0.0,2,4689992,12,59108,223,2120,2923,300,38326,20,452517,5,,,,,,,,,,,,
09027,2009-03-10,,0.0,1,5000000,7,113383,178,2972,2304,300,31819,20,391956,5,,,,,,,,,,,,
09028,2009-03-13,,0.0,0,,11,81747,318,1885,3556,300,45705,20,521952,5,,,,,,,,,,,,
09029,2009-03-15,,0.0,1,5000000,21,33291,299,1558,3592,300,40468,20,457377,5,,,,,,,,,,,,
09030,2009-03-17,,0.0,0,,15,51273,221,2320,2938,300,35617,20,427748,5,,,,,,,,,,,,
09031,2009-03-20,,0.0,6,2816858,11,92071,228,2961,3010,300,40908,20,517225,5,,,,,,,,,,,,
09032,2009-03-22,,0.0,2,4425733,8,96286,155,3313,2105,300,32412,20,394778,5,,,,,,,,,,,,
09033,2009-03-24,,0.0,2,4149898,11,59996,218,2018,3099,300,39024,20,454679,5,,,,,,,,,,,,
09034,2009-03-27,,0.0,4,2031182,34,18380,518,804,7589,300,55182,20,597225,5,,,,,,,,,,,,
09035,2009-03-29,,0.0,0,,20,35983,239,2007,3035,300,35105,20,409693,5,,,,,,,,,,,,
09036,2009-03-31,,0.0,2,5000000,22,32584,341,1401,3163,300,39585,20,427927,5,,,,,,,,,,,,
09037,2009-04-03,,0.0,1,5000000,27,32904,268,2209,3506,300,45532,20,536004,5,,,,,,,,,,,,
09038,2009-04-05,,0.0,0,,8,76147,309,1314,3874,300,37485,20,429287,5,,,,,,,,,,,,
09039,2009-04-07,,0.0,8,1474826,18,41696,189,2647,2363,300,33322,20,427742,5,,,,,,,,,,,,
09040,2009-04-10,,0.0,2,4519467,24,33657,307,1754,4392,300,49206,20,545520,5,,,,,,,,,,,,
09041,2009-04-12,,0.0,0,,8,85686,247,1850,2992,300,36829,20,417881,5,,,,,,,,,,,,
09042,2009-04-14,,0.0,0,,21,34587,238,2034,2811,300,34364,20,405103,5,,,,,,,,,,,,
09043,2009-04-17,,0.0,0,,25,35845,252,2370,3859,300,44523,20,525471,5,,,,,,,,,,,,
09044,2009-04-19,,0.0,0,,9,83898,145,3471,2386,300,31570,20,386225,5,,,,,,,,,,,,
09045,2009-04-21,,0.0,0,,10,71841,199,2406,2759,300,37727,20,465138,5,,,,,,,,,,,,
09046,2009-04-24,,0.0,1,5000000,13,74095,249,2578,3348,300,38120,20,521496,5,,,,,,,,,,,,
09047,2009-04-26,,0.0,5,5000000,13,48469,305,1377,3700,300,43735,20,482096,5,,,,,,,,,,,,
09048,2009-04-28,,0.0,1,5000000,10,60296,252,1595,3302,300,39985,20,489297,5,,,,,,,,,,,,
09049,2009-05-01,,0.0,0,,6,144276,196,2944,2555,300,36675,20,453563,5,,,,,,,,,,,,
09050,2009-05-03,,0.0,0,,12,45961,198,1857,3047,300,42010,20,483966,5,,,,,,,,,,,,
09051,2009-05-05,,0.0,0,,10,66953,277,1611,3267,300,39228,20,426344,5,,,,,,,,,,,,
09052,2009-05-08,,0.0,1,5000000,14,63053,306,1923,3714,300,42117,20,500020,5,,,,,,,,,,,,
09053,2009-05-10,,0.0,0,,28,25609,213,2244,2794,300,32556,20,388905,5,,,,,,,,,,,,
09054,2009-05-12,,0.0,1,5000000,26,15902,384,717,6403,300,51234,20,557565,5,,,,,,,,,,,,
09055,2009-05-15,,0.0,1,5000000,25,30574,428,1190,4629,300,50402,20,565745,5,,,,,,,,,,,,
09056,2009-05-17,,0.0,0,,3,243918,178,2740,2575,300,33548,20,414906,5,,,,,,,,,,,,
09057,2009-05-19,,0.0,0,,9,80716,167,2900,2600,300,33509,20,434284,5,,,,,,,,,,,,
09058,2009-05-22,,0.0,1,5000000,25,33716,279,2014,4031,300,48880,20,561604,5,,,,,,,,,,,,
09059,2009-05-24,,0.0,1,5000000,16,41746,221,2014,3299,300,39761,20,451117,5,,,,,,,,,,,,
09060,2009-05-26,,0.0,0,,23,28769,241,1830,3591,300,42650,20,472465,5,,,,,,,,,,,,
09061,2009-05-29,,0.0,0,,24,23315,234,1800,3467,300,45266,20,534545,5,,,,,,,,,,,,
09062,2009-05-31,,0.0,1,5000000,30,11610,398,1800,4224,300,47137,20,542611,5,,,,,,,,,,,,
09063,2009-06-02,,0.0,1,5000000,14,32258,274,1800,3193,300,40785,20,470133,5,,,,,,,,,,,,
09064,2009-06-05,,0.0,1,5000000,39,14073,348,1800,4142,300,47843,20,550440,5,,,,,,,,,,,,
09065,2009-06-07,,0.0,3,5000000,15,30003,298,1800,3159,300,38691,20,471459,5,,,,,,,,,,,,
09066,2009-06-09,,0.0,1,5000000,10,46964,204,1800,3106,300,37637,20,438107,5,,,,,,,,,,,,
09067,2009-06-12,,0.0,2,6000000,20,29995,355,1800,3638,300,44363,20,544749,5,,,,,,,,,,,,
09068,2009-06-14,,0.0,0,,25,17017,218,1800,3365,300,41439,20,481435,5,,,,,,,,,,,,
09069,2009-06-16,,0.0,0,,13,33518,269,1800,3443,300,39207,20,455318,5,,,,,,,,,,,,
09070,2009-06-19,,0.0,2,6000000,27,16829,449,1800,5553,300,58139,20,617536,5,,,,,,,,,,,,
09071,2009-06-21,,0.0,0,,14,35259,209,1800,2939,300,33266,20,400323,5,,,,,,,,,,,,
09072,2009-06-23,,0.0,1,7000000,18,29193,156,1800,2760,300,31436,20,403404,5,,,,,,,,,,,,
09073,2009-06-26,,0.0,1,7000000,11,56797,236,1800,3285,300,38932,20,493625,5,,,,,,,,,,,,
09074,2009-06-28,,0.0,3,5666666,16,27960,196,1800,3032,300,39267,20,440948,5,,,,,,,,,,,,
09075,2009-06-30,,0.0,0,,9,52496,164,1800,2652,300,33667,20,425211,5,,,,,,,,,,,,
09076,2009-07-03,,0.0,3,5469962,7,81867,222,1800,3483,300,47536,20,564721,5,,,,,,,,,,,,
09077,2009-07-05,,0.0,0,,9,47622,256,1800,3054,300,39458,20,458352,5,,,,,,,,,,,,
09078,2009-07-07,,0.0,1,7000000,13,33475,222,1800,3296,300,43509,20,442054,5,,,,,,,,,,,,
09079,2009-07-10,,0.0,0,,21,28999,233,1800,3061,300,41670,20,537276,5,,,,,,,,,,,,
09080,2009-07-12,,0.0,0,,20,19592,320,1800,3957,300,42984,20,461728,5,,,,,,,,,,,,
09081,2009-07-14,,0.0,0,,19,24410,225,1800,2889,300,35385,20,451249,5,,,,,,,,,,,,
09082,2009-07-17,,0.0,0,,23,24459,216,1800,4002,300,47981,20,548588,5,,,,,,,,,,,,
09083,2009-07-19,,0.0,0,,15,30659,244,1800,2705,300,37210,20,441672,5,,,,,,,,,,,,
09084,2009-07-21,,0.0,2,6000000,24,16456,290,1800,4094,300,46468,20,477922,5,,,,,,,,,,,,
09085,2009-07-24,,0.0,0,,4,146849,263,1800,3599,300,46425,20,547021,5,,,,,,,,,,,,
09086,2009-07-26,,0.0,2,6000000,29,11293,565,1800,4873,300,48723,20,451520,5,,,,,,,,,,,,
09087,2009-07-28,,0.0,3,5666666,41,6610,459,1800,5724,300,53493,20,546093,5,,,,,,,,,,,,
09088,2009-07-31,,0.0,0,,32,18081,293,1800,3601,300,43946,20,518395,5,,,,,,,,,,,,
09089,2009-08-02,,0.0,2,6000000,19,23539,198,1800,2902,300,38295,20,444395,5,,,,,,,,,,,,
09090,2009-08-04,,0.0,1,7000000,12,35629,204,1800,3022,300,39327,20,451320,5,,,,,,,,,,,,
09091,2009-08-07,,0.0,0,,27,20106,326,1800,3717,300,44869,20,507221,5,,,,,,,,,,,,
09092,2009-08-09,,0.0,2,6000000,8,54455,196,1800,3095,300,37427,20,432510,5,,,,,,,,,,,,
09093,2009-08-11,,0.0,0,,14,34046,186,1800,2432,300,32195,20,398563,5,,,,,,,,,,,,
09094,2009-08-14,,0.0,3,5666666,21,25784,251,1800,3489,300,44640,20,535723,5,,,,,,,,,,,,
09095,2009-08-16,,0.0,0,,11,39631,161,1800,2466,300,35690,20,427862,5,,,,,,,,,,,,
09096,2009-08-18,,0.0,4,3299849,47,5380,673,1800,4767,300,47178,20,479180,5,,,,,,,,,,,,
09097,2009-08-21,,0.0,0,,13,46004,197,1800,2929,300,37882,20,453614,5,,,,,,,,,,,,
09098,2009-08-23,,0.0,0,,15,26799,277,1800,3420,300,37834,20,405085,5,,,,,,,,,,,,
09099,2009-08-25,,0.0,0,,7,73334,143,1800,1945,300,31210,20,385839,5,,,,,,,,,,,,
09100,2009-08-28,,0.0,1,7000000,30,19872,217,1800,2811,300,38638,20,499419,5,,,,,,,,,,,,
09101,2009-08-30,,0.0,2,6000000,12,32576,228,1800,3487,300,39925,20,472774,5,,,,,,,,,,,,
09102,2009-09-01,,0.0,2,6000000,21,17103,336,1800,3870,300,44674,20,476729,5,,,,,,,,,,,,
09103,2009-09-04,,0.0,0,,12,51900,186,1800,2472,300,36618,20,480100,5,,,,,,,,,,,,
09104,2009-09-06,,0.0,0,,5,81603,231,1800,3598,300,37958,20,422884,5,,,,,,,,,,,,
09105,2009-09-08,,0.0,0,,6,88485,160,1800,2215,300,27348,20,368142,5,,,,,,,,,,,,
09106,2009-09-11,,0.0,0,,27,19225,281,1800,3694,300,50736,20,581256,5,,,,,,,,,,,,
09107,2009-09-13,,0.0,0,,5,94969,206,1800,2816,300,33779,20,420626,5,,,,,,,,,,,,
09108,2009-09-15,,0.0,0,,9,52144,203,1800,2629,300,35780,20,445995,5,,,,,,,,,,,,
09109,2009-09-18,,0.0,17,2387792,8,78204,199,1800,2953,300,47193,20,525227,5,,,,,,,,,,,,
09110,2009-09-20,,0.0,0,,7,62700,190,1800,2465,300,31463,20,390754,5,,,,,,,,,,,,
09111,2009-09-22,,0.0,1,7000000,9,54970,139,1800,2026,300,31190,20,379281,5,,,,,,,,,,,,
09112,2009-09-25,,0.0,5,3001487,12,42636,318,1800,3381,300,47288,20,516979,5,,,,,,,,,,,,
09113,2009-09-27,,0.0,0,,9,49501,182,1800,2565,300,32999,20,386085,5,,,,,,,,,,,,
09114,2009-09-29,,0.0,1,7000000,20,19213,234,1800,2914,300,37828,20,450029,5,,,,,,,,,,,,
09115,2009-10-02,,0.0,3,4632158,13,37850,184,1800,2708,300,36218,20,449484,5,,,,,,,,,,,,
09116,2009-10-04,,0.0,0,,12,29455,202,1800,2692,300,31580,20,351744,5,,,,,,,,,,,,
09117,2009-10-06,,0.0,1,7000000,13,32978,137,1800,2170,300,28288,20,341600,5,,,,,,,,,,,,
09118,2009-10-09,,0.0,1,7000000,13,42315,180,1800,3184,300,43897,20,526479,5,,,,,,,,,,,,
09119,2009-10-11,,0.0,0,,6,80493,199,1800,2467,300,33467,20,434108,5,,,,,,,,,,,,
09120,2009-10-13,,0.0,1,5000000,22,17543,274,1800,3554,300,45652,20,498634,5,,,,,,,,,,,,
09121,2009-10-16,,0.0,0,,6,94539,218,1800,3624,300,52022,20,545032,5,,,,,,,,,,,,
09122,2009-10-18,,0.0,0,,13,39473,182,1800,2376,300,31991,20,392897,5,,,,,,,,,,,,
09123,2009-10-20,,0.0,0,,15,30181,259,1800,2974,300,38180,20,434044,5,,,,,,,,,,,,
09124,2009-10-23,,0.0,0,,23,22903,365,1800,4590,300,52479,20,564706,5,,,,,,,,,,,,
09125,2009-10-25,,0.0,0,,39,11716,217,1800,3304,300,42810,20,442395,5,,,,,,,,,,,,
09126,2009-10-27,,0.0,1,5000000,23,20602,204,1800,2873,300,37385,20,471297,5,,,,,,,,,,,,
09127,2009-10-30,,0.0,1,5000000,37,11691,467,1800,5688,300,59858,20,665783,5,,,,,,,,,,,,
09128,2009-11-01,,0.0,1,5000000,3,138276,255,1800,3753,300,42990,20,457790,5,,,,,,,,,,,,
09129,2009-11-03,,0.0,0,,23,22452,190,1800,2285,300,30554,20,398005,5,,,,,,,,,,,,
09130,2009-11-06,,0.0,4,5000000,35,15625,347,1800,4595,300,53666,20,580415,5,,,,,,,,,,,,
09131,2009-11-08,,0.0,0,,14,29712,258,1800,3247,300,41113,20,477788,5,,,,,,,,,,,,
09132,2009-11-10,,0.0,0,,10,46654,144,1800,2402,300,37331,20,437304,5,,,,,,,,,,,,
09133,2009-11-13,,0.0,1,5000000,14,42328,199,1800,3035,300,40642,20,512188,5,,,,,,,,,,,,
09134,2009-11-15,,0.0,0,,7,68956,148,1800,2283,300,28461,20,401495,5,,,,,,,,,,,,
09135,2009-11-17,,0.0,0,,8,51222,172,1800,3462,300,43889,20,421199,5,,,,,,,,,,,,
09136,2009-11-20,,0.0,2,5000000,21,28595,243,1800,2992,300,42766,20,530603,5,,,,,,,,,,,,
09137,2009-11-22,,0.0,0,,8,52550,223,1800,3094,300,38626,20,481505,5,,,,,,,,,,,,
09138,2009-11-24,,0.0,4,5000000,22,20305,272,1800,3304,300,38066,20,440260,5,,,,,,,,,,,,
09139,2009-11-27,,0.0,3,5000000,28,19289,284,1800,3662,300,46497,20,571079,5,,,,,,,,,,,,
09140,2009-11-29,,0.0,1,5000000,26,14763,287,1800,3502,300,38765,20,462608,5,,,,,,,,,,,,
09141,2009-12-01,,0.0,1,5000000,7,66343,163,1800,2861,300,33332,20,406905,5,,,,,,,,,,,,
09142,2009-12-04,,0.0,0,,34,18488,214,1800,2868,300,38790,20,470819,5,,,,,,,,,,,,
09143,2009-12-06,,0.0,0,,11,44976,184,1800,2546,300,31134,20,390375,5,,,,,,,,,,,,
09144,2009-12-08,,0.0,0,,10,45046,204,1800,2632,300,37021,20,433926,5,,,,,,,,,,,,
09145,2009-12-11,,0.0,4,5000000,32,13101,440,1800,5114,300,60580,20,644002,5,,,,,,,,,,,,
09146,2009-12-13,,0.0,0,,15,33258,149,1800,2332,300,30693,20,369863,5,,,,,,,,,,,,
09147,2009-12-15,,0.0,1,5000000,17,26917,194,1800,2625,300,33025,20,392876,5,,,,,,,,,,,,
09148,2009-12-18,,0.0,0,,17,25081,394,1800,4678,300,51811,20,600408,5,,,,,,,,,,,,
09149,2009-12-20,,0.0,0,,13,33551,252,1800,2729,300,35384,20,429152,5,,,,,,,,,,,,
09150,2009-12-22,,0.0,1,5000000,11,44246,207,1800,2676,300,32546,20,413513,5,,,,,,,,,,,,
09151,2009-12-25,,0.0,2,5000000,31,15134,337,1800,4824,300,55711,20,579947,5,,,,,,,,,,,,
09152,2009-12-27,,0.0,0,,14,39282,97,1800,1790,300,26083,20,348849,5,,,,,,,,,,,,
09153,2009-12-29,,0.0,2,5000000,31,12123,301,1800,4006,300,40825,20,451848,5,,,,,,,,,,,,
10001,2010-01-01,,0.0,3,4515174,21,27720,210,1800,3268,300,40996,20,493401,5,,,,,,,,,,,,
10002,2010-01-03,,0.0,9,971713,9,46239,182,1800,2580,300,34963,20,399181,5,,,,,,,,,,,,
10003,2010-01-05,,0.0,1,5000000,32,11887,409,1800,2867,300,31826,20,376582,5,,,,,,,,,,,,
10004,2010-01-08,,0.0,8,1218385,15,35163,267,1800,3483,300,42530,20,486667,5,,,,,,,,,,,,
10005,2010-01-10,,0.0,3,2528987,29,9911,398,1800,3910,300,45931,20,458275,5,,,,,,,,,,,,
10006,2010-01-12,,0.0,1,5000000,8,59894,148,1800,2100,300,27879,20,345196,5,,,,,,,,,,,,
10007,2010-01-15,,0.0,0,,13,38567,329,1800,3687,300,42450,20,502621,5,,,,,,,,,,,,
10008,2010-01-17,,0.0,1,5000000,18,21861,229,1800,3005,300,36814,20,446957,5,,,,,,,,,,,,
10009,2010-01-19,,0.0,1,5000000,6,75225,193,1800,2535,300,30384,20,400268,5,,,,,,,,,,,,
10010,2010-01-22,,0.0,0,,16,30798,246,1800,3878,300,42376,20,521624,5,,,,,,,,,,,,
10011,2010-01-24,,0.0,1,5000000,18,19909,237,1800,3660,300,40241,20,438809,5,,,,,,,,,,,,
10012,2010-01-26,,0.0,1,5000000,22,17780,234,1800,2856,300,36206,20,440253,5,,,,,,,,,,,,
10013,2010-01-29,,0.0,0,,12,45201,244,1800,3071,300,42006,20,526518,5,,,,,,,,,,,,
10014,2010-01-31,,0.0,2,5000000,14,26672,283,1800,3744,300,40052,20,408080,5,,,,,,,,,,,,
10015,2010-02-02,,0.0,0,,13,31136,192,1800,2856,300,33204,20,394992,5,,,,,,,,,,,,
10016,2010-02-05,,0.0,0,,22,21981,264,1800,3492,300,42793,20,524891,5,,,,,,,,,,,,
10017,2010-02-07,,0.0,2,5000000,18,20035,221,1800,3206,300,37399,20,432635,5,,,,,,,,,,,,
10018,2010-02-09,,0.0,0,,9,46665,155,1800,2166,300,30009,20,385999,5,,,,,,,,,,,,
10019,2010-02-12,,0.0,2,5000000,11,50182,281,1800,3484,300,45739,20,540029,5,,,,,,,,,,,,
10020,2010-02-21,,0.0,1,5000000,20,18229,338,1800,2879,300,34152,20,408166,5,,,,,,,,,,,,
10021,2010-02-23,,0.0,0,,3,149277,148,1800,1960,300,26114,20,350529,5,,,,,,,,,,,,
10022,2010-02-26,,0.0,0,,13,43305,199,1800,2931,300,39838,20,470255,5,,,,,,,,,,,,
10023,2010-02-28,,0.0,1,5000000,6,67264,219,1800,2729,300,33394,20,385377,5,,,,,,,,,,,,
10024,2010-03-02,,0.0,0,,20,20627,224,1800,2730,300,34025,20,389447,5,,,,,,,,,,,,
10025,2010-03-05,,0.0,0,,8,69941,225,1800,3127,300,41081,20,484366,5,,,,,,,,,,,,
10026,2010-03-07,,0.0,0,,23,15795,279,1800,3600,300,41299,20,447519,5,,,,,,,,,,,,
10027,2010-03-09,,0.0,1,5000000,13,33527,215,1800,2743,300,34070,20,409791,5,,,,,,,,,,,,
10028,2010-03-12,,0.0,1,5000000,27,19619,308,1800,3727,300,46828,20,556129,5,,,,,,,,,,,,
10029,2010-03-14,,0.0,3,5000000,19,21324,219,1800,2745,300,35129,20,439525,5,,,,,,,,,,,,
10030,2010-03-16,,0.0,1,5000000,25,18489,202,1800,2564,300,35119,20,396649,5,,,,,,,,,,,,
10031,2010-03-19,,0.0,0,,27,18276,305,1800,4016,300,49996,20,574602,5,,,,,,,,,,,,
10032,2010-03-21,,0.0,0,,8,51987,253,1800,2769,300,37269,20,441219,5,,,,,,,,,,,,
10033,2010-03-23,,0.0,1,5000000,9,52843,177,1800,2320,300,30561,20,404168,5,,,,,,,,,,,,
10034,2010-03-26,,0.0,1,5000000,23,21591,311,1800,4093,300,46605,20,599366,5,,,,,,,,,,,,
10035,2010-03-28,,0.0,0,,15,31471,184,1800,2530,300,33232,20,411143,5,,,,,,,,,,,,
10036,2010-03-30,,0.0,0,,7,74004,151,1800,2158,300,32185,20,379875,5,,,,,,,,,,,,
10037,2010-04-02,,0.0,1,5000000,20,28172,274,1800,3672,300,44847,20,541567,5,,,,,,,,,,,,
10038,2010-04-04,,0.0,1,5000000,17,21007,242,1800,3619,300,46015,20,486230,5,,,,,,,,,,,,
10039,2010-04-06,,0.0,1,5000000,14,32862,179,1800,2339,300,32568,20,434643,5,,,,,,,,,,,,
10040,2010-04-09,,0.0,1,5000000,16,37980,242,1800,3061,300,40576,20,513170,5,,,,,,,,,,,,
10041,2010-04-11,,0.0,0,,10,44763,231,1800,2883,300,35245,20,417879,5,,,,,,,,,,,,
10042,2010-04-13,,0.0,0,,11,37891,240,1800,3120,300,37867,20,449401,5,,,,,,,,,,,,
10043,2010-04-16,,0.0,0,,28,19073,309,1800,3875,300,48331,20,588709,5,,,,,,,,,,,,
10044,2010-04-18,,0.0,0,,11,45780,203,1800,2837,300,33844,20,405230,5,,,,,,,,,,,,
10045,2010-04-20,,0.0,0,,13,37990,160,1800,2630,300,35586,20,439762,5,,,,,,,,,,,,
10046,2010-04-23,,0.0,1,5000000,17,29894,362,1800,4484,300,52763,20,622058,5,,,,,,,,,,,,
10047,2010-04-25,,0.0,0,,13,38502,183,1800,2663,300,34668,20,430466,5,,,,,,,,,,,,
10048,2010-04-27,,0.0,1,5000000,10,53558,162,1800,2373,300,32662,20,400818,5,,,,,,,,,,,,
10049,2010-04-30,,0.0,2,5000000,20,28641,280,1800,3659,300,48790,20,566337,5,,,,,,,,,,,,
10050,2010-05-02,,0.0,1,5000000,15,25589,183,1800,3226,300,38495,20,458606,5,,,,,,,,,,,,
10051,2010-05-04,,0.0,0,,13,34561,229,1800,2753,300,35788,20,413284,5,,,,,,,,,,,,
10052,2010-05-07,,0.0,2,5000000,14,43226,251,1800,3436,300,45981,20,533464,5,,,,,,,,,,,,
10053,2010-05-09,,0.0,2,5000000,22,18934,330,1800,3378,300,38312,20,411864,5,,,,,,,,,,,,
10054,2010-05-11,,0.0,0,,22,18856,268,1800,3380,300,40159,20,451124,5,,,,,,,,,,,,
10055,2010-05-14,,0.0,1,5000000,30,16200,363,1800,5009,300,54647,20,581504,5,,,,,,,,,,,,
10056,2010-05-16,,0.0,0,,13,33608,199,1800,3113,300,40199,20,445535,5,,,,,,,,,,,,
10057,2010-05-18,,0.0,0,,18,24587,261,1800,3013,300,38791,20,463651,5,,,,,,,,,,,,
10058,2010-05-21,,0.0,1,5000000,17,33687,272,1800,3727,300,48967,20,573514,5,,,,,,,,,,,,
10059,2010-05-23,,0.0,0,,14,34057,173,1800,2739,300,35235,20,421452,5,,,,,,,,,,,,
10060,2010-05-25,,0.0,0,,22,18291,235,1800,3470,300,43905,20,463811,5,,,,,,,,,,,,
10061,2010-05-28,,0.0,1,5000000,16,36389,300,1800,3339,300,46249,20,554560,5,,,,,,,,,,,,
10062,2010-05-30,,0.0,0,,31,13738,274,1800,3333,300,38181,20,444799,5,,,,,,,,,,,,
10063,2010-06-01,,0.0,2,5000000,22,21187,162,1800,2839,300,36143,20,455000,5,,,,,,,,,,,,
10064,2010-06-04,,0.0,12,5000000,22,27861,238,1800,3224,300,41140,20,511005,5,,,,,,,,,,,,
10065,2010-06-06,,0.0,1,5000000,11,38129,140,1800,2363,300,33085,20,395786,5,,,,,,,,,,,,
10066,2010-06-08,,0.0,0,,15,29442,143,1800,2159,300,30293,20,376992,5,,,,,,,,,,,,
10067,2010-06-11,,0.0,1,5000000,11,48794,218,1800,3112,300,40279,20,501574,5,,,,,,,,,,,,
10068,2010-06-13,,0.0,0,,20,22678,162,1800,2389,300,30723,20,360542,5,,,,,,,,,,,,
10069,2010-06-15,,0.0,1,5000000,16,24408,149,1800,2225,300,30964,20,367954,5,,,,,,,,,,,,
10070,2010-06-18,,0.0,0,,22,21782,275,1800,3460,300,41732,20,506052,5,,,,,,,,,,,,
10071,2010-06-20,,0.0,1,5000000,15,28131,204,1800,2585,300,32340,20,378605,5,,,,,,,,,,,,
10072,2010-06-22,,0.0,0,,23,14425,305,1800,3603,300,39562,20,430907,5,,,,,,,,,,,,
10073,2010-06-25,,0.0,8,2730723,21,22997,314,1800,3731,300,44508,20,520915,5,,,,,,,,,,,,
10074,2010-06-27,,0.0,2,4082168,11,31962,199,1800,2651,300,36893,20,422999,5,,,,,,,,,,,,
10075,2010-06-29,,0.0,0,,12,32913,195,1800,2597,300,31478,20,367471,5,,,,,,,,,,,,
10076,2010-07-02,,0.0,0,,12,41960,210,1800,2958,300,40635,20,463060,5,,,,,,,,,,,,
10077,2010-07-04,,0.0,1,5000000,8,50694,183,1800,2895,300,28681,20,357218,5,,,,,,,,,,,,
10078,2010-07-06,,0.0,2,5000000,7,47456,227,1800,3156,300,39391,20,407779,5,,,,,,,,,,,,
10079,2010-07-09,,0.0,0,,17,28479,246,1800,2929,300,38810,20,458016,5,,,,,,,,,,,,
10080,2010-07-11,,0.0,1,5000000,15,23047,213,1800,3154,300,36854,20,431450,5,,,,,,,,,,,,
10081,2010-07-13,,0.0,0,,15,27134,163,1800,2496,300,31701,20,361276,5,,,,,,,,,,,,
10082,2010-07-16,,0.0,1,5000000,30,14030,361,1800,3832,300,44433,20,530042,5,,,,,,,,,,,,
10083,2010-07-18,,0.0,0,,6,77439,131,1800,2051,300,25770,20,327228,5,,,,,,,,,,,,
10084,2010-07-20,,0.0,0,,14,28614,173,1800,2776,300,31451,20,368851,5,,,,,,,,,,,,
10085,2010-07-23,,0.0,0,,17,32948,194,1800,2517,300,35675,20,440125,5,,,,,,,,,,,,
10086,2010-07-25,,0.0,0,,16,21230,352,1800,3531,300,35391,20,385039,5,,,,,,,,,,,,
10087,2010-07-27,,0.0,0,,11,39512,186,1800,2487,300,30196,20,365730,5,,,,,,,,,,,,
10088,2010-07-30,,0.0,2,5000000,13,38711,232,1800,2953,300,40942,20,484629,5,,,,,,,,,,,,
10089,2010-08-01,,0.0,0,,23,15736,199,1800,2991,300,37601,20,418663,5,,,,,,,,,,,,
10090,2010-08-03,,0.0,0,,10,39318,198,1800,2659,300,33547,20,402623,5,,,,,,,,,,,,
10091,2010-08-06,,0.0,0,,12,45320,182,1800,2996,300,39287,20,478533,5,,,,,,,,,,,,
10092,2010-08-08,,0.0,1,5000000,29,14073,174,1800,2829,300,35411,20,399348,5,,,,,,,,,,,,
10093,2010-08-10,,0.0,2,5000000,3,139310,174,1800,2412,300,31682,20,395675,5,,,,,,,,,,,,
10094,2010-08-13,,0.0,1,5000000,11,44179,256,1800,3384,300,43878,20,539716,5,,,,,,,,,,,,
10095,2010-08-15,,0.0,2,5000000,11,31459,218,1800,3515,300,40811,20,501076,5,,,,,,,,,,,,
10096,2010-08-17,,0.0,1,5000000,15,31457,143,1800,2381,300,30081,20,370014,5,,,,,,,,,,,,
10097,2010-08-20,,0.0,0,,8,74190,167,1800,2529,300,35497,20,481489,5,,,,,,,,,,,,
10098,2010-08-22,,0.0,1,5000000,17,26593,189,1800,2463,300,33579,20,392090,5,,,,,,,,,,,,
10099,2010-08-24,,0.0,4,5000000,13,30062,199,1800,2695,300,37745,20,460958,5,,,,,,,,,,,,
10100,2010-08-27,,0.0,0,,39,10924,597,1800,4272,300,42323,20,478354,5,,,,,,,,,,,,
10101,2010-08-29,,0.0,0,,16,23814,249,1800,3012,300,36471,20,427949,5,,,,,,,,,,,,
10102,2010-08-31,,0.0,0,,10,47155,145,1800,2048,300,30233,20,390824,5,,,,,,,,,,,,
10103,2010-09-03,,0.0,0,,20,30858,178,1800,2679,300,34703,20,439485,5,,,,,,,,,,,,
10104,2010-09-05,,0.0,0,,17,24177,205,1800,3065,300,34563,20,423346,5,,,,,,,,,,,,
10105,2010-09-07,,0.0,0,,14,31882,184,1800,2577,300,33559,20,383550,5,,,,,,,,,,,,
10106,2010-09-10,,0.0,0,,13,42283,248,1800,3534,300,44256,20,518057,5,,,,,,,,,,,,
10107,2010-09-12,,0.0,1,5000000,6,80743,155,1800,2153,300,33339,20,404453,5,,,,,,,,,,,,
10108,2010-09-14,,0.0,2,5000000,3,157806,154,1800,2853,300,29939,20,374385,5,,,,,,,,,,,,
10109,2010-09-17,,0.0,0,,19,28706,254,1800,3216,300,40253,20,486189,5,,,,,,,,,,,,
10110,2010-09-19,,0.0,0,,7,75119,100,1800,1788,300,26323,20,342056,5,,,,,,,,,,,,
10111,2010-09-21,,0.0,0,,6,82783,113,1800,2032,300,26767,20,349136,5,,,,,,,,,,,,
10112,2010-09-24,,0.0,2,5000000,20,29840,203,1800,2583,300,33937,20,464828,5,,,,,,,,,,,,
10113,2010-09-26,,0.0,0,,19,22888,188,1800,3018,300,35903,20,424292,5,,,,,,,,,,,,
10114,2010-09-28,,0.0,0,,25,16700,239,1800,2853,300,36457,20,430704,5,,,,,,,,,,,,
10115,2010-10-01,,0.0,0,,9,60541,194,1800,2744,300,37671,20,521616,5,,,,,,,,,,,,
10116,2010-10-03,,0.0,1,5000000,9,50524,169,1800,2064,300,26167,20,341485,5,,,,,,,,,,,,
10117,2010-10-05,,0.0,0,,13,32945,151,1800,2106,300,30059,20,388717,5,,,,,,,,,,,,
10118,2010-10-08,,0.0,0,,26,20963,300,1800,3667,300,48829,20,553245,5,,,,,,,,,,,,
10119,2010-10-10,,0.0,1,5000000,9,48486,228,1800,3421,300,39891,20,473497,5,,,,,,,,,,,,
10120,2010-10-12,,0.0,0,,17,28269,215,1800,2631,300,34041,20,425931,5,,,,,,,,,,,,
10121,2010-10-15,,0.0,1,5000000,9,72758,198,1800,3224,300,41358,20,511155,5,,,,,,,,,,,,
10122,2010-10-17,,0.0,0,,16,31019,210,1800,2567,300,33684,20,414889,5,,,,,,,,,,,,
10123,2010-10-19,,0.0,0,,15,27880,295,1800,3464,300,40948,20,453843,5,,,,,,,,,,,,
10124,2010-10-22,,0.0,3,5000000,20,32866,258,1800,3175,300,40541,20,547008,5,,,,,,,,,,,,
10125,2010-10-24,,0.0,6,5000000,23,18007,298,1800,3397,300,40356,20,468676,5,,,,,,,,,,,,
10126,2010-10-26,,0.0,1,5000000,15,27736,250,1800,3105,300,36821,20,433740,5,,,,,,,,,,,,
10127,2010-10-29,,0.0,1,5000000,20,27844,311,1800,3546,300,46309,20,554284,5,,,,,,,,,,,,
10128,2010-10-31,,0.0,1,5000000,22,19057,266,1800,3394,300,36917,20,456784,5,,,,,,,,,,,,
10129,2010-11-02,,0.0,0,,17,25796,236,1800,3049,300,37113,20,448200,5,,,,,,,,,,,,
10130,2010-11-05,,0.0,5,5000000,27,17243,433,1800,4906,300,56465,20,594920,5,,,,,,,,,,,,
10131,2010-11-07,,0.0,1,5000000,12,34266,231,1800,2968,300,38166,20,458687,5,,,,,,,,,,,,
10132,2010-11-09,,0.0,1,5000000,26,13317,351,1800,4046,300,41435,20,461005,5,,,,,,,,,,,,
10133,2010-11-12,,0.0,2,5000000,21,26291,196,1800,3427,300,45591,20,569951,5,,,,,,,,,,,,
10134,2010-11-14,,0.0,0,,15,32310,159,1800,2187,300,28257,20,371863,5,,,,,,,,,,,,
10135,2010-11-16,,0.0,0,,2,202697,188,1800,2397,300,31733,20,527653,5,,,,,,,,,,,,
10136,2010-11-19,,0.0,2,5000000,14,42528,239,1800,3282,300,41872,20,510583,5,,,,,,,,,,,,
10137,2010-11-21,,0.0,2,5000000,9,48833,183,1800,2998,300,33055,20,428940,5,,,,,,,,,,,,
10138,2010-11-23,,0.0,1,5000000,14,29095,208,1800,2771,300,37833,20,453487,5,,,,,,,,,,,,
10139,2010-11-26,,0.0,0,,15,34644,290,1800,3812,300,48704,20,538773,5,,,,,,,,,,,,
10140,2010-11-28,,0.0,0,,21,18839,262,1800,3302,300,38350,20,440488,5,,,,,,,,,,,,
10141,2010-11-30,,0.0,1,5000000,29,13014,317,1800,3269,300,42039,20,480228,5,,,,,,,,,,,,
10142,2010-12-03,,0.0,2,5000000,21,21829,382,1800,3922,300,50770,20,650161,5,,,,,,,,,,,,
10143,2010-12-05,,0.0,0,,10,47051,183,1800,2564,300,32817,20,400140,5,,,,,,,,,,,,
10144,2010-12-07,,0.0,0,,7,70271,147,1800,2151,300,29834,20,380074,5,,,,,,,,,,,,
10145,2010-12-10,,0.0,1,5000000,19,28881,311,1800,3714,300,45923,20,529868,5,,,,,,,,,,,,
10146,2010-12-12,,0.0,0,,15,28808,203,1800,2876,300,34825,20,424454,5,,,,,,,,,,,,
10147,2010-12-14,,0.0,0,,17,20934,257,1800,3370,300,40801,20,470615,5,,,,,,,,,,,,
10148,2010-12-17,,0.0,1,5000000,13,45578,192,1800,3096,300,39987,20,494408,5,,,,,,,,,,,,
10149,2010-12-19,,0.0,0,,15,28602,271,1800,3182,300,36793,20,427650,5,,,,,,,,,,,,
10150,2010-12-21,,0.0,1,5000000,13,31309,259,1800,3476,300,40498,20,475400,5,,,,,,,,,,,,
10151,2010-12-24,,0.0,0,,17,33313,229,1800,3243,300,44083,20,544429,5,,,,,,,,,,,,
10152,2010-12-26,,0.0,1,5000000,15,29021,212,1800,3021,300,36248,20,468328,5,,,,,,,,,,,,
10153,2010-12-28,,0.0,1,5000000,14,32123,235,1800,3127,300,37640,20,425816,5,,,,,,,,,,,,
10154,2010-12-31,,0.0,0,,12,47326,323,1800,3752,300,48579,20,577118,5,,,,,,,,,,,,
11001,2011-01-02,,0.0,1,5000000,12,37652,177,1800,2465,300,33111,20,400034,5,,,,,,,,,,,,
11002,2011-01-04,,0.0,0,,11,46686,183,1800,2072,300,28597,20,380955,5,,,,,,,,,,,,
11003,2011-01-07,,0.0,1,5000000,16,38644,240,1800,3351,300,40464,20,488291,5,,,,,,,,,,,,
11004,2011-01-09,,0.0,2,5000000,17,23659,263,1800,3307,300,41557,20,471973,5,,,,,,,,,,,,
11005,2011-01-11,,0.0,0,,9,48935,208,1800,2784,300,35454,20,425535,5,,,,,,,,,,,,
11006,2011-01-14,,0.0,2,5000000,40,10033,546,1800,6095,300,54370,20,577986,5,,,,,,,,,,,,
11007,2011-01-16,,0.0,1,5000000,10,46781,193,1800,2639,300,32338,20,403016,5,,,,,,,,,,,,
11008,2011-01-18,,0.0,0,,8,55148,182,1800,2584,300,35907,20,433630,5,,,,,,,,,,,,
11009,2011-01-21,,0.0,1,5000000,21,27178,218,1800,3246,300,44801,20,523373,5,,,,,,,,,,,,
11010,2011-01-23,,0.0,3,5000000,20,22484,206,1800,2587,300,34915,20,424453,5,,,,,,,,,,,,
11011,2011-01-25,,0.0,0,,15,31783,180,1800,2208,300,28390,20,368915,5,,,,,,,,,,,,
11012,2011-01-28,,0.0,0,,33,15911,262,1800,3491,300,44996,20,517032,5,,,,,,,,,,,,
11013,2011-01-30,,0.0,1,5000000,33,10215,388,1800,3271,300,44979,20,493920,5,,,,,,,,,,,,
11014,2011-02-01,,0.0,0,,24,18448,223,1800,3223,300,40308,20,491745,5,,,,,,,,,,,,
11015,2011-02-11,,0.0,3,5000000,24,14024,557,1800,6258,300,66359,20,683733,5,,,,,,,,,,,,
11016,2011-02-13,,0.0,1,5000000,8,56010,179,1800,2470,300,33498,20,401578,5,,,,,,,,,,,,
11017,2011-02-15,,0.0,0,,19,22887,211,1800,2815,300,34838,20,425871,5,,,,,,,,,,,,
11018,2011-02-18,,0.0,6,4753267,12,41245,361,1800,4282,300,49621,20,587129,5,,,,,,,,,,,,
11019,2011-02-20,,0.0,0,,18,22315,334,1800,3397,300,34763,20,391188,5,,,,,,,,,,,,
11020,2011-02-22,,0.0,1,5000000,19,22497,207,1800,3033,300,38306,20,450044,5,,,,,,,,,,,,
11021,2011-02-25,,0.0,0,,9,70901,208,1800,3166,300,40047,20,497340,5,,,,,,,,,,,,
11022,2011-02-27,,0.0,0,,13,35044,215,1800,2704,300,34109,20,446705,5,,,,,,,,,,,,
11023,2011-03-01,,0.0,1,5000000,10,50462,126,1800,2641,300,34093,20,412278,5,,,,,,,,,,,,
11024,2011-03-04,,0.0,0,,20,31263,222,1800,3114,300,43241,20,556220,5,,,,,,,,,,,,
11025,2011-03-06,,0.0,0,,8,64709,170,1800,2632,300,35776,20,445446,5,,,,,,,,,,,,
11026,2011-03-08,,0.0,2,5000000,15,26725,286,1800,3753,300,42652,20,527376,5,,,,,,,,,,,,
11027,2011-03-11,,0.0,0,,33,17936,294,1800,3945,300,47444,20,583533,5,,,,,,,,,,,,
11028,2011-03-13,,0.0,2,5000000,29,12186,318,1800,4322,300,48895,20,542031,5,,,,,,,,,,,,
11029,2011-03-15,,0.0,0,,6,86723,168,1800,2311,300,33944,20,397090,5,,,,,,,,,,,,
11030,2011-03-18,,0.0,0,,13,43894,259,1800,4169,300,52029,20,590986,5,,,,,,,,,,,,
11031,2011-03-20,,0.0,0,,15,33279,167,1800,2626,300,36184,20,456769,5,,,,,,,,,,,,
11032,2011-03-22,,0.0,2,5000000,11,40728,230,1800,3404,300,38767,20,495205,5,,,,,,,,,,,,
11033,2011-03-25,,0.0,0,,18,28191,381,1800,4886,300,54051,20,639376,5,,,,,,,,,,,,
11034,2011-03-27,,0.0,1,5000000,9,60279,139,1800,2399,300,32437,20,420665,5,,,,,,,,,,,,
11035,2011-03-29,,0.0,1,5000000,11,48842,148,1800,2411,300,33331,20,426695,5,,,,,,,,,,,,
11036,2011-04-01,,0.0,1,5000000,13,41654,331,1800,4365,300,52278,20,629546,5,,,,,,,,,,,,
11037,2011-04-03,,0.0,2,5000000,7,64259,214,1800,2914,300,37008,20,442197,5,,,,,,,,,,,,
11038,2011-04-05,,0.0,0,,11,42655,165,1800,2706,300,35323,20,423727,5,,,,,,,,,,,,
11039,2011-04-08,,0.0,2,5000000,19,32155,299,1800,3855,300,46206,20,569525,5,,,,,,,,,,,,
11040,2011-04-10,,0.0,0,,5,99599,153,1800,2377,300,36278,20,455832,5,,,,,,,,,,,,
11041,2011-04-12,,0.0,2,5000000,24,16986,238,1800,3837,300,44464,20,497023,5,,,,,,,,,,,,
11042,2011-04-15,,0.0,1,5000000,22,28329,256,1800,3354,300,45231,20,542128,5,,,,,,,,,,,,
11043,2011-04-17,,0.0,0,,20,20211,398,1800,3621,300,38887,20,446956,5,,,,,,,,,,,,
11044,2011-04-19,,0.0,0,,4,121914,236,1800,3185,300,37971,20,443481,5,,,,,,,,,,,,
11045,2011-04-22,,0.0,1,5000000,28,23708,215,1800,3227,300,43095,20,536747,5,,,,,,,,,,,,
11046,2011-04-24,,0.0,1,5000000,11,41088,252,1800,3313,300,38373,20,466189,5,,,,,,,,,,,,
11047,2011-04-26,,0.0,1,5000000,47,6167,673,1800,5263,300,49176,20,461858,5,,,,,,,,,,,,
11048,2011-04-29,,0.0,0,,9,62067,289,1800,3911,300,46305,20,549395,5,,,,,,,,,,,,
11049,2011-05-01,,0.0,0,,9,45506,215,1800,2871,300,35862,20,428145,5,,,,,,,,,,,,
11050,2011-05-03,,0.0,0,,7,65739,195,1800,2726,300,36905,20,427569,5,,,,,,,,,,,,
11051,2011-05-06,,0.0,0,,18,32391,277,1800,3664,300,46631,20,571984,5,,,,,,,,,,,,
11052,2011-05-08,,0.0,0,,20,21428,178,1800,3172,300,39836,20,468982,5,,,,,,,,,,,,
11053,2011-05-10,,0.0,1,5000000,12,40676,173,1800,2620,300,34835,20,434206,5,,,,,,,,,,,,
11054,2011-05-13,,0.0,1,5000000,11,61184,174,1800,2748,300,39896,20,505881,5,,,,,,,,,,,,
11055,2011-05-15,,0.0,0,,25,15698,313,1800,3942,300,44185,20,499841,5,,,,,,,,,,,,
11056,2011-05-17,,0.0,0,,20,26424,166,1800,2219,300,33169,20,399443,5,,,,,,,,,,,,
11057,2011-05-20,,0.0,5,5000000,97,3751,580,1800,6433,300,68393,20,672746,5,,,,,,,,,,,,
11058,2011-05-22,,0.0,3,5000000,9,49079,200,1800,2652,300,36800,20,482809,5,,,,,,,,,,,,
11059,2011-05-24,,0.0,0,,13,39879,167,1800,2328,300,31783,20,404602,5,,,,,,,,,,,,
11060,2011-05-27,,0.0,0,,23,26247,240,1800,3284,300,44986,20,541194,5,,,,,,,,,,,,
11061,2011-05-29,,0.0,1,5000000,13,38346,168,1800,2603,300,34055,20,424869,5,,,,,,,,,,,,
11062,2011-05-31,,0.0,0,,16,29930,180,1800,2804,300,33481,20,401582,5,,,,,,,,,,,,
11063,2011-06-03,,0.0,1,5000000,30,17162,392,1800,4198,300,53398,20,589232,5,,,,,,,,,,,,
11064,2011-06-05,,0.0,0,,10,49326,151,1800,2161,300,31581,20,390068,5,,,,,,,,,,,,
11065,2011-06-07,,0.0,1,5000000,33,11980,432,1800,2943,300,38348,20,433548,5,,,,,,,,,,,,
11066,2011-06-10,,0.0,1,5000000,21,25651,291,1800,3748,300,48452,20,569502,5,,,,,,,,,,,,
11067,2011-06-12,,0.0,0,,8,56384,237,1800,2553,300,35134,20,437583,5,,,,,,,,,,,,
11068,2011-06-14,,0.0,2,5000000,24,15764,325,1800,3654,300,39561,20,484023,5,,,,,,,,,,,,
11069,2011-06-17,,0.0,3,5000000,17,36353,239,1800,3579,300,42768,20,541064,5,,,,,,,,,,,,
11070,2011-06-19,,0.0,0,,13,35040,188,1800,2713,300,34778,20,441151,5,,,,,,,,,,,,
11071,2011-06-21,,0.0,7,5000000,16,21852,355,1800,4074,300,44459,20,486621,5,,,,,,,,,,,,
11072,2011-06-24,,0.0,0,,14,37243,284,1800,3498,300,44058,20,522885,5,,,,,,,,,,,,
11073,2011-06-26,,0.0,2,5000000,13,33226,231,1800,2841,300,33108,20,400320,5,,,,,,,,,,,,
11074,2011-06-28,,0.0,1,5000000,18,25117,174,1800,2238,300,31583,20,379678,5,,,,,,,,,,,,
11075,2011-07-01,,0.0,1,5000000,30,14029,275,1800,4279,300,58193,20,583305,5,,,,,,,,,,,,
11076,2011-07-03,,0.0,2,4348168,11,37336,219,1800,2635,300,31436,20,368595,5,,,,,,,,,,,,
11077,2011-07-05,,0.0,1,5000000,11,38834,160,1800,2161,300,30084,20,374222,5,,,,,,,,,,,,
11078,2011-07-08,,0.0,0,,21,19718,317,1800,4171,300,52105,20,571626,5,,,,,,,,,,,,
11079,2011-07-10,,0.0,1,5000000,21,19938,192,1800,2532,300,33554,20,399375,5,,,,,,,,,,,,
11080,2011-07-12,,0.0,1,5000000,8,54910,186,1800,2364,300,32051,20,372528,5,,,,,,,,,,,,
11081,2011-07-15,,0.0,1,5000000,9,64310,197,1800,3008,300,38466,20,485336,5,,,,,,,,,,,,
11082,2011-07-17,,0.0,0,,17,25493,180,1800,2606,300,30187,20,399525,5,,,,,,,,,,,,
11083,2011-07-19,,0.0,0,,6,76675,127,1800,2050,300,30024,20,399276,5,,,,,,,,,,,,
11084,2011-07-22,,0.0,2,5000000,20,23243,374,1800,4391,300,49456,20,555955,5,,,,,,,,,,,,
11085,2011-07-24,,0.0,1,5000000,10,43251,165,1800,2394,300,32119,20,402273,5,,,,,,,,,,,,
11086,2011-07-26,,0.0,1,5000000,22,18437,192,1800,2757,300,33455,20,382246,5,,,,,,,,,,,,
11087,2011-07-29,,0.0,3,3436714,19,22715,316,1800,4215,300,49302,20,558090,5,,,,,,,,,,,,
11088,2011-07-31,,0.0,0,,14,28031,234,1800,2738,300,37131,20,419234,5,,,,,,,,,,,,
11089,2011-08-02,,0.0,1,5000000,12,35013,167,1800,2541,300,32674,20,399144,5,,,,,,,,,,,,
11090,2011-08-05,,0.0,0,,14,38517,185,1800,2983,300,47139,20,501337,5,,,,,,,,,,,,
11091,2011-08-07,,0.0,1,5000000,22,18704,193,1800,2543,300,37135,20,400338,5,,,,,,,,,,,,
11092,2011-08-09,,0.0,0,,11,38030,177,1800,2502,300,32996,20,387758,5,,,,,,,,,,,,
11093,2011-08-12,,0.0,0,,15,39779,183,1800,2843,300,36808,20,462307,5,,,,,,,,,,,,
11094,2011-08-14,,0.0,0,,6,70003,179,1800,2578,300,34142,20,400930,5,,,,,,,,,,,,
11095,2011-08-16,,0.0,0,,5,93583,204,1800,2004,300,28290,20,369242,5,,,,,,,,,,,,
11096,2011-08-19,,0.0,2,5000000,13,44312,193,1800,3073,300,41765,20,503548,5,,,,,,,,,,,,
11097,2011-08-21,,0.0,1,5000000,14,29617,202,1800,2881,300,36389,20,417441,5,,,,,,,,,,,,
11098,2011-08-23,,0.0,0,,13,37669,142,1800,2042,300,27713,20,359797,5,,,,,,,,,,,,
11099,2011-08-26,,0.0,11,2782670,24,19855,329,1800,4232,300,51427,20,549826,5,,,,,,,,,,,,
11100,2011-08-28,,0.0,0,,19,21525,189,1800,2283,300,31651,20,389078,5,,,,,,,,,,,,
11101,2011-08-30,,0.0,2,5000000,20,18071,182,1800,2871,300,35444,20,434245,5,,,,,,,,,,,,
11102,2011-09-02,,0.0,1,5000000,25,17385,321,1800,4091,300,50684,20,546799,5,,,,,,,,,,,,
11103,2011-09-04,,0.0,0,,18,18802,325,1800,3635,300,35137,20,403974,5,,,,,,,,,,,,
11104,2011-09-06,,0.0,1,5000000,6,71475,156,1800,2255,300,30515,20,388689,5,,,,,,,,,,,,
11105,2011-09-09,,0.0,1,5000000,9,56173,261,1800,3122,300,43844,20,500749,5,,,,,,,,,,,,
11106,2011-09-11,,0.0,1,5000000,10,41475,184,1800,2306,300,28741,20,354784,5,,,,,,,,,,,,
11107,2011-09-13,,0.0,0,,14,31964,119,1800,2134,300,27285,20,345032,5,,,,,,,,,,,,
11108,2011-09-16,,0.0,2,5000000,13,35869,329,1800,4398,300,49642,20,542351,5,,,,,,,,,,,,
11109,2011-09-18,,0.0,0,,5,87533,163,1800,2183,300,31115,20,365094,5,,,,,,,,,,,,
11110,2011-09-20,,0.0,0,,6,66820,218,1800,3080,300,31909,20,390638,5,,,,,,,,,,,,
11111,2011-09-23,,0.0,4,4337532,18,29647,276,1800,3355,300,41765,20,519778,5,,,,,,,,,,,,
11112,2011-09-25,,0.0,0,,12,31759,209,1800,2702,300,37918,20,415591,5,,,,,,,,,,,,
11113,2011-09-27,,0.0,2,5000000,27,13532,218,1800,3296,300,36453,20,424519,5,,,,,,,,,,,,
11114,2011-09-30,,0.0,0,,12,38410,265,1800,3833,300,45515,20,540306,5,,,,,,,,,,,,
11115,2011-10-02,,0.0,0,,11,32926,193,1800,2572,300,30798,20,360567,5,,,,,,,,,,,,
11116,2011-10-04,,0.0,1,5000000,5,74869,183,1800,2490,300,30337,20,352954,5,,,,,,,,,,,,
11117,2011-10-07,,0.0,0,,35,11348,341,1800,4388,300,48915,20,581941,5,,,,,,,,,,,,
11118,2011-10-09,,0.0,1,5000000,17,27182,161,1800,2394,300,32222,20,389122,5,,,,,,,,,,,,
11119,2011-10-11,,0.0,0,,11,34939,233,1800,2938,300,38594,20,423423,5,,,,,,,,,,,,
11120,2011-10-14,,0.0,1,5000000,38,12117,332,1800,4125,300,53653,20,583196,5,,,,,,,,,,,,
11121,2011-10-16,,0.0,1,5000000,25,14299,222,1800,4516,300,36074,20,420007,5,,,,,,,,,,,,
11122,2011-10-18,,0.0,0,,13,30250,227,1800,3101,300,36103,20,425249,5,,,,,,,,,,,,
11123,2011-10-21,,0.0,0,,17,30243,273,1800,4158,300,45920,20,541589,5,,,,,,,,,,,,
11124,2011-10-23,,0.0,1,5000000,16,26990,170,1800,2445,300,34963,20,400172,5,,,,,,,,,,,,
11125,2011-10-25,,0.0,0,,10,37657,256,1800,3129,300,37686,20,440196,5,,,,,,,,,,,,
11126,2011-10-28,,0.0,0,,20,27328,282,1800,3451,300,45299,20,534394,5,,,,,,,,,,,,
11127,2011-10-30,,0.0,2,5000000,9,53383,157,1800,2383,300,30975,20,384564,5,,,,,,,,,,,,
11128,2011-11-01,,0.0,0,,11,41290,183,1800,2533,300,32200,20,396802,5,,,,,,,,,,,,
11129,2011-11-04,,0.0,1,5000000,20,26727,265,1800,3682,300,44263,20,562409,5,,,,,,,,,,,,
11130,2011-11-06,,0.0,3,5000000,8,52265,254,1800,2713,300,35513,20,412523,5,,,,,,,,,,,,
11131,2011-11-08,,0.0,1,5000000,5,93729,128,1800,2155,300,29293,20,367365,5,,,,,,,,,,,,
11132,2011-11-11,,0.0,2,5000000,26,21628,243,1800,3513,300,41508,20,513713,5,,,,,,,,,,,,
11133,2011-11-13,,0.0,1,5000000,16,19504,295,1800,3882,300,43519,20,468697,5,,,,,,,,,,,,
11134,2011-11-15,,0.0,2,5000000,8,55288,170,1800,2421,300,30339,20,376685,5,,,,,,,,,,,,
11135,2011-11-18,,0.0,0,,23,18250,341,1800,4315,300,48966,20,561191,5,,,,,,,,,,,,
11136,2011-11-20,,0.0,1,5000000,11,38198,161,1800,2349,300,33179,20,403221,5,,,,,,,,,,,,
11137,2011-11-22,,0.0,0,,25,14466,273,1800,3007,300,35865,20,418508,5,,,,,,,,,,,,
11138,2011-11-25,,0.0,3,5000000,9,61598,218,1800,3008,300,41036,20,503159,5,,,,,,,,,,,,
11139,2011-11-27,,0.0,0,,12,31370,196,1800,3193,300,35089,20,405700,5,,,,,,,,,,,,
11140,2011-11-29,,0.0,7,1399698,81,1933,395,1800,5679,300,48395,20,521705,5,,,,,,,,,,,,
11141,2011-12-02,,0.0,0,,12,45447,224,1800,2821,300,34730,20,450331,5,,,,,,,,,,,,
11142,2011-12-04,,0.0,0,,15,26719,205,1800,2748,300,31385,20,381987,5,,,,,,,,,,,,
11143,2011-12-06,,0.0,0,,18,23112,203,1800,2446,300,30402,20,365239,5,,,,,,,,,,,,
11144,2011-12-09,,0.0,0,,11,49502,212,1800,3118,300,39163,20,467447,5,,,,,,,,,,,,
11145,2011-12-11,,0.0,0,,12,37713,158,1800,2201,300,28631,20,368389,5,,,,,,,,,,,,
11146,2011-12-13,,0.0,1,5000000,10,47752,165,1800,1947,300,27724,20,368826,5,,,,,,,,,,,,
11147,2011-12-16,,0.0,1,5000000,14,34713,271,1800,4550,300,43786,20,508382,5,,,,,,,,,,,,
11148,2011-12-18,,0.0,0,,18,24868,169,1800,2431,300,30054,20,375918,5,,,,,,,,,,,,
11149,2011-12-20,,0.0,1,5000000,25,14584,275,1800,3160,300,39328,20,423208,5,,,,,,,,,,,,
11150,2011-12-23,,0.0,0,,10,50979,263,1800,3771,300,46796,20,540186,5,,,,,,,,,,,,
11151,2011-12-25,,0.0,4,5000000,40,7720,437,1800,4289,300,43269,20,443765,5,,,,,,,,,,,,
11152,2011-12-27,,0.0,3,5000000,11,38898,178,1800,2548,300,33706,20,391328,5,,,,,,,,,,,,
11153,2011-12-30,,0.0,1,5000000,10,58252,193,1800,2620,300,36017,20,441110,5,,,,,,,,,,,,
12001,2012-01-01,,0.0,0,,12,34026,172,1800,2415,300,29469,20,355087,5,,,,,,,,,,,,
12002,2012-01-03,,0.0,1,5000000,19,16691,221,1800,3266,300,37698,20,413759,5,,,,,,,,,,,,
12003,2012-01-06,,0.0,0,,20,22996,289,1800,3851,300,48902,20,488113,5,,,,,,,,,,,,
12004,2012-01-08,,0.0,0,,14,27762,225,1800,2863,300,32346,20,390845,5,,,,,,,,,,,,
12005,2012-01-10,,0.0,1,5000000,15,26986,149,1800,2391,300,30831,20,385299,5,,,,,,,,,,,,
12006,2012-01-13,,0.0,0,,14,39351,221,1800,3112,300,36430,20,440965,5,,,,,,,,,,,,
12007,2012-01-15,,0.0,0,,12,33514,193,1800,2534,300,31380,20,368432,5,,,,,,,,,,,,
12008,2012-01-17,,0.0,0,,13,32881,147,1800,2006,300,28996,20,371347,5,,,,,,,,,,,,
12009,2012-01-20,,0.0,2,5000000,12,47335,187,1800,3054,300,41476,20,487109,5,,,,,,,,,,,,
12010,2012-01-29,,0.0,0,,6,70824,128,1800,2000,300,26698,20,340641,5,,,,,,,,,,,,
12011,2012-01-31,,0.0,1,5000000,12,32490,195,1800,2431,300,30785,20,378228,5,,,,,,,,,,,,
12012,2012-02-03,,0.0,0,,11,39725,305,1800,3772,300,46972,20,539469,5,,,,,,,,,,,,
12013,2012-02-05,,0.0,1,5000000,36,7170,432,1800,4326,300,49511,20,424499,5,,,,,,,,,,,,
12014,2012-02-07,,0.0,0,,20,19976,170,1800,2578,300,32398,20,376455,5,,,,,,,,,,,,
12015,2012-02-10,,0.0,2,5000000,16,35107,247,1800,3275,300,40448,20,482594,5,,,,,,,,,,,,
12016,2012-02-12,,0.0,2,5000000,18,18103,391,1800,3849,300,39295,20,438629,5,,,,,,,,,,,,
12017,2012-02-14,,0.0,5,3877979,12,33580,172,1800,2584,300,39282,20,447676,5,,,,,,,,,,,,
12018,2012-02-17,,0.0,0,,19,22925,323,1800,4182,300,47791,20,558979,5,,,,,,,,,,,,
12019,2012-02-19,,0.0,2,5000000,27,12426,261,1800,3480,300,41292,20,456702,5,,,,,,,,,,,,
12020,2012-02-21,,0.0,1,5000000,9,44670,229,1800,2663,300,33947,20,413222,5,,,,,,,,,,,,
12021,2012-02-24,,0.0,3,3010780,20,22401,304,1800,4169,300,49121,20,586318,5,,,,,,,,,,,,
12022,2012-02-26,,0.0,3,2191703,60,2916,678,1800,5814,300,48903,20,428663,5,,,,,,,,,,,,
12023,2012-02-28,,0.0,0,,11,39669,153,1800,2421,300,30199,20,376683,5,,,,,,,,,,,,
12024,2012-03-02,,0.0,1,5000000,21,21419,336,1800,3942,300,50426,20,547103,5,,,,,,,,,,,,
12025,2012-03-04,,0.0,1,5000000,9,50123,147,1800,2000,300,28092,20,371893,5,,,,,,,,,,,,
12026,2012-03-06,,0.0,1,5000000,14,27678,191,1800,2740,300,36664,20,400350,5,,,,,,,,,,,,
12027,2012-03-09,,0.0,1,5000000,43,10842,351,1800,3658,300,40827,20,490722,5,,,,,,,,,,,,
12028,2012-03-11,,0.0,3,2850422,8,49323,204,1800,2516,300,31516,20,371214,5,,,,,,,,,,,,
12029,2012-03-13,,0.0,1,5000000,13,24993,244,1800,3379,300,38213,20,421802,5,,,,,,,,,,,,
12030,2012-03-16,,0.0,1,5000000,20,23298,235,1800,3262,300,47534,20,546394,5,,,,,,,,,,,,
12031,2012-03-18,,0.0,0,,14,28900,214,1800,2568,300,30104,20,349480,5,,,,,,,,,,,,
12032,2012-03-20,,0.0,0,,11,35979,197,1800,2407,300,30819,20,392350,5,,,,,,,,,,,,
12033,2012-03-23,,0.0,1,5000000,10,52107,222,1800,3321,300,38834,20,482516,5,,,,,,,,,,,,
12034,2012-03-25,,0.0,0,,17,22183,216,1800,2826,300,33886,20,398514,5,,,,,,,,,,,,
12035,2012-03-27,,0.0,1,5000000,14,26444,243,1800,2804,300,37949,20,402784,5,,,,,,,,,,,,
12036,2012-03-30,,0.0,0,,10,53353,202,1800,2956,300,40393,20,479802,5,,,,,,,,,,,,
12037,2012-04-01,,0.0,0,,4,109837,163,1800,2128,300,29258,20,361357,5,,,,,,,,,,,,
12038,2012-04-03,,0.0,0,,4,91523,153,1800,2706,300,29151,20,376791,5,,,,,,,,,,,,
12039,2012-04-06,,0.0,5,5000000,98,3935,718,1800,4684,300,44804,20,503808,5,,,,,,,,,,,,
12040,2012-04-08,,0.0,1,5000000,13,24539,219,1800,3265,300,35250,20,420584,5,,,,,,,,,,,,
12041,2012-04-10,,0.0,1,5000000,7,58980,154,1800,2118,300,29723,20,344333,5,,,,,,,,,,,,
12042,2012-04-13,,0.0,0,,16,30722,215,1800,3136,300,39444,20,466090,5,,,,,,,,,,,,
12043,2012-04-15,,0.0,1,5000000,6,71121,151,1800,2109,300,27795,20,351136,5,,,,,,,,,,,,
12044,2012-04-17,,0.0,0,,7,58872,148,1800,2172,300,29593,20,370040,5,,,,,,,,,,,,
12045,2012-04-20,,0.0,1,5000000,21,18423,339,1800,4596,300,49187,20,551926,5,,,,,,,,,,,,
12046,2012-04-22,,0.0,0,,16,23615,163,1800,2584,300,33504,20,396540,5,,,,,,,,,,,,
12047,2012-04-24,,0.0,0,,19,21072,188,1800,2061,300,28112,20,353151,5,,,,,,,,,,,,
12048,2012-04-27,,0.0,3,5000000,15,29869,269,1800,3796,300,46017,20,523426,5,,,,,,,,,,,,
12049,2012-04-29,,0.0,1,5000000,17,19543,213,1800,2497,300,32804,20,391519,5,,,,,,,,,,,,
12050,2012-05-01,,0.0,3,2633130,30,10738,262,1800,2456,300,28855,20,351238,5,,,,,,,,,,,,
12051,2012-05-04,,0.0,0,,19,24371,251,1800,3127,300,38121,20,445242,5,,,,,,,,,,,,
12052,2012-05-06,,0.0,0,,16,21513,209,1800,2645,300,35216,20,367354,5,,,,,,,,,,,,
12053,2012-05-08,,0.0,0,,8,47893,154,1800,2588,300,29030,20,349650,5,,,,,,,,,,,,
12054,2012-05-11,,0.0,3,5000000,18,18411,757,1800,3250,300,42341,20,563212,5,,,,,,,,,,,,
12055,2012-05-13,,0.0,0,,10,34492,165,1800,2605,300,33298,20,367462,5,,,,,,,,,,,,
12056,2012-05-15,,0.0,1,5000000,8,51580,145,1800,1936,300,26405,20,341043,5,,,,,,,,,,,,
12057,2012-05-18,,0.0,1,5000000,18,22881,267,1800,3589,300,43670,20,514973,5,,,,,,,,,,,,
12058,2012-05-20,,0.0,0,,8,44494,212,1800,2410,300,29696,20,353893,5,,,,,,,,,,,,
12059,2012-05-22,,0.0,3,3727052,27,10093,343,1800,3584,300,36543,20,404858,5,,,,,,,,,,,,
12060,2012-05-25,,0.0,0,,14,37992,154,1800,2380,300,31081,20,387631,5,,,,,,,,,,,,
12061,2012-05-27,,0.0,0,,17,19584,198,1800,2566,300,33110,20,383088,5,,,,,,,,,,,,
12062,2012-05-29,,0.0,0,,15,24133,206,1800,2460,300,30627,20,356615,5,,,,,,,,,,,,
12063,2012-06-01,,0.0,0,,22,22811,277,1800,3578,300,41482,20,458061,5,,,,,,,,,,,,
12064,2012-06-03,,0.0,0,,11,37049,190,1800,2184,300,26846,20,359950,5,,,,,,,,,,,,
12065,2012-06-05,,0.0,7,3911521,18,22008,198,1800,2440,300,29351,20,355151,5,,,,,,,,,,,,
12066,2012-06-08,,0.0,0,,12,34259,205,1800,3105,300,40449,20,513392,5,,,,,,,,,,,,
12067,2012-06-10,,0.0,0,,15,23932,194,1800,2111,300,27361,20,357396,5,,,,,,,,,,,,
12068,2012-06-12,,0.0,0,,20,13992,277,1800,3040,300,36272,20,412300,5,,,,,,,,,,,,
12069,2012-06-15,,0.0,1,5000000,34,11704,363,1800,4159,300,46250,20,505020,5,,,,,,,,,,,,
12070,2012-06-17,,0.0,0,,15,26500,154,1800,2335,300,29677,20,355163,5,,,,,,,,,,,,
12071,2012-06-19,,0.0,0,,15,26201,223,1800,2165,300,28831,20,365465,5,,,,,,,,,,,,
12072,2012-06-22,,0.0,1,5000000,14,33150,242,1800,2803,300,41206,20,482532,5,,,,,,,,,,,,
12073,2012-06-24,,0.0,0,,11,37112,132,1800,2022,300,27954,20,341623,5,,,,,,,,,,,,
12074,2012-06-26,,0.0,0,,20,16000,309,1800,3360,300,35787,20,390124,5,,,,,,,,,,,,
12075,2012-06-29,,0.0,1,5000000,8,68864,174,1800,2791,300,34886,20,450477,5,,,,,,,,,,,,
12076,2012-07-01,,0.0,0,,6,71468,157,1800,2016,300,27416,20,343960,5,,,,,,,,,,,,
12077,2012-07-03,,0.0,0,,9,45488,139,1800,2139,300,30054,20,361138,5,,,,,,,,,,,,
12078,2012-07-06,,0.0,0,,16,30864,219,1800,3458,300,41622,20,470112,5,,,,,,,,,,,,
12079,2012-07-08,,0.0,0,,16,27455,173,1800,1924,300,27210,20,346751,5,,,,,,,,,,,,
12080,2012-07-10,,0.0,3,5000000,23,15033,215,1800,3245,300,35994,20,392948,5,,,,,,,,,,,,
12081,2012-07-13,,0.0,0,,19,21760,289,1800,3796,300,45520,20,532666,5,,,,,,,,,,,,
12082,2012-07-15,,0.0,2,5000000,21,12964,337,1800,3469,300,42747,20,458447,5,,,,,,,,,,,,
12083,2012-07-17,,0.0,1,5000000,13,29683,188,1800,2532,300,30893,20,362742,5,,,,,,,,,,,,
12084,2012-07-20,,0.0,0,,11,47796,218,1800,2966,300,37379,20,446802,5,,,,,,,,,,,,
12085,2012-07-22,,0.0,0,,7,53986,183,1800,2352,300,30559,20,374597,5,,,,,,,,,,,,
12086,2012-07-24,,0.0,2,5000000,10,39235,161,1800,2283,300,29686,20,379921,5,,,,,,,,,,,,
12087,2012-07-27,,0.0,0,,12,46688,147,1800,2383,300,31472,20,404789,5,,,,,,,,,,,,
12088,2012-07-29,,0.0,0,,38,7281,274,1800,3732,300,42722,20,386755,5,,,,,,,,,,,,
12089,2012-07-31,,0.0,0,,10,36101,175,1800,2443,300,31819,20,379592,5,,,,,,,,,,,,
12090,2012-08-03,,0.0,0,,15,31478,219,1800,3302,300,39388,20,502819,5,,,,,,,,,,,,
12091,2012-08-05,,0.0,1,5000000,8,53841,151,1800,2041,300,26334,20,334671,5,,,,,,,,,,,,
12092,2012-08-07,,0.0,1,5000000,7,52765,204,1800,2707,300,31080,20,371743,5,,,,,,,,,,,,
12093,2012-08-10,,0.0,1,5000000,35,11766,307,1800,4082,300,48907,20,499748,5,,,,,,,,,,,,
12094,2012-08-12,,0.0,0,,4,106555,149,1800,1993,300,26336,20,331122,5,,,,,,,,,,,,
12095,2012-08-14,,0.0,0,,10,40331,128,1800,2273,300,29771,20,359484,5,,,,,,,,,,,,
12096,2012-08-17,,0.0,2,5000000,11,43386,254,1800,3333,300,43906,20,494817,5,,,,,,,,,,,,
12097,2012-08-19,,0.0,0,,11,30674,245,1800,3214,300,37772,20,377824,5,,,,,,,,,,,,
12098,2012-08-21,,0.0,1,5000000,27,12450,282,1800,3085,300,36061,20,400861,5,,,,,,,,,,,,
12099,2012-08-24,,0.0,2,5000000,16,27911,270,1800,3379,300,46456,20,567876,5,,,,,,,,,,,,
12100,2012-08-26,,0.0,0,,29,12709,203,1800,2615,300,32725,20,399757,5,,,,,,,,,,,,
12101,2012-08-28,,0.0,1,5000000,7,50002,203,1800,3001,300,34683,20,402165,5,,,,,,,,,,,,
12102,2012-08-31,,0.0,0,,26,18496,235,1800,3653,300,40346,20,492730,5,,,,,,,,,,,,
12103,2012-09-02,,0.0,0,,9,48479,133,1800,1835,300,29539,20,361357,5,,,,,,,,,,,,
12104,2012-09-04,,0.0,0,,5,88228,134,1800,2002,300,27154,20,348867,5,,,,,,,,,,,,
12105,2012-09-07,,0.0,1,5000000,19,24068,379,1800,3896,300,46638,20,523804,5,,,,,,,,,,,,
12106,2012-09-09,,0.0,1,5000000,19,20229,218,1800,2781,300,34369,20,417368,5,,,,,,,,,,,,
12107,2012-09-11,,0.0,0,,17,19018,214,1800,3258,300,40734,20,442369,5,,,,,,,,,,,,
12108,2012-09-14,,0.0,1,5000000,6,82672,248,1800,3573,300,44360,20,521052,5,,,,,,,,,,,,
12109,2012-09-16,,0.0,0,,8,50481,214,1800,2543,300,33515,20,396835,5,,,,,,,,,,,,
12110,2012-09-18,,0.0,1,5000000,24,17610,189,1800,2337,300,30923,20,389870,5,,,,,,,,,,,,
12111,2012-09-21,,0.0,1,5000000,17,32010,173,1800,3225,300,40571,20,506324,5,,,,,,,,,,,,
12112,2012-09-23,,0.0,1,5000000,20,19815,197,1800,2489,300,33011,20,413020,5,,,,,,,,,,,,
12113,2012-09-25,,0.0,12,4323152,18,20705,222,1800,2664,300,34010,20,398314,5,,,,,,,,,,,,
12114,2012-09-28,,0.0,0,,22,19672,259,1800,2888,300,39886,20,482456,5,,,,,,,,,,,,
12115,2012-09-30,,0.0,1,5000000,11,31902,119,1800,2109,300,27408,20,325945,5,,,,,,,,,,,,
12116,2012-10-02,,0.0,0,,16,14518,205,1800,3133,300,33415,20,356511,5,,,,,,,,,,,,
12117,2012-10-05,,0.0,3,4099527,20,17524,354,1800,3635,300,41003,20,467637,5,,,,,,,,,,,,
12118,2012-10-07,,0.0,0,,13,26774,165,1800,2292,300,31125,20,342833,5,,,,,,,,,,,,
12119,2012-10-09,,0.0,0,,5,86751,131,1800,1645,300,23403,20,301965,5,,,,,,,,,,,,
12120,2012-10-12,,0.0,5,3278107,13,37214,245,1800,3421,300,38810,20,458305,5,,,,,,,,,,,,
12121,2012-10-14,,0.0,0,,17,20885,209,1800,2569,300,29447,20,358978,5,,,,,,,,,,,,
12122,2012-10-16,,0.0,0,,22,15489,216,1800,2583,300,30414,20,366595,5,,,,,,,,,,,,
12123,2012-10-19,,0.0,1,5000000,19,26977,174,1800,2980,300,35215,20,450931,5,,,,,,,,,,,,
12124,2012-10-21,,0.0,0,,29,7756,1019,1800,2468,300,26924,20,347639,5,,,,,,,,,,,,
12125,2012-10-23,,0.0,0,,12,32593,149,1800,2372,300,29363,20,360701,5,,,,,,,,,,,,
12126,2012-10-26,,0.0,1,5000000,9,54455,219,1800,3119,300,40779,20,504766,5,,,,,,,,,,,,
12127,2012-10-28,,0.0,3,5000000,14,29293,144,1800,2281,300,29699,20,354627,5,,,,,,,,,,,,
12128,2012-10-30,,0.0,0,,10,40919,111,1800,1941,300,24722,20,318587,5,,,,,,,,,,,,
12129,2012-11-02,,0.0,0,,27,17317,216,1800,3245,300,42177,20,487292,5,,,,,,,,,,,,
12130,2012-11-04,,0.0,0,,5,71307,219,1800,2414,300,31466,20,367613,5,,,,,,,,,,,,
12131,2012-11-06,,0.0,0,,27,4638,435,1800,7955,300,48379,20,396789,5,,,,,,,,,,,,
12132,2012-11-09,,0.0,0,,15,37188,215,1800,2678,300,36203,20,444469,5,,,,,,,,,,,,
12133,2012-11-11,,0.0,0,,8,54139,149,1800,2114,300,28344,20,351027,5,,,,,,,,,,,,
12134,2012-11-13,,0.0,0,,20,19323,233,1800,2738,300,32317,20,378672,5,,,,,,,,,,,,
12135,2012-11-16,,0.0,1,5000000,14,36173,247,1800,3611,300,41337,20,508935,5,,,,,,,,,,,,
12136,2012-11-18,,0.0,0,,13,27186,232,1800,3581,300,38855,20,406881,5,,,,,,,,,,,,
12137,2012-11-20,,0.0,0,,10,44131,189,1800,2283,300,29879,20,381614,5,,,,,,,,,,,,
12138,2012-11-23,,0.0,1,5000000,39,10498,420,1800,5306,300,52846,20,531733,5,,,,,,,,,,,,
12139,2012-11-25,,0.0,0,,11,35776,189,1800,2662,300,34152,20,413082,5,,,,,,,,,,,,
12140,2012-11-27,,0.0,7,5000000,16,20553,291,1800,3467,300,41489,20,444862,5,,,,,,,,,,,,
12141,2012-11-30,,0.0,0,,13,38510,205,1800,3150,300,38814,20,453617,5,,,,,,,,,,,,
12142,2012-12-02,,0.0,0,,19,18782,259,1800,2383,300,33877,20,407678,5,,,,,,,,,,,,
12143,2012-12-04,,0.0,0,,9,39977,191,1800,2907,300,35491,20,400077,5,,,,,,,,,,,,
12144,2012-12-07,,0.0,1,5000000,28,21303,179,1800,2646,300,34260,20,428076,5,,,,,,,,,,,,
12145,2012-12-09,,0.0,0,,15,29060,144,1800,2086,300,28635,20,372166,5,,,,,,,,,,,,
12146,2012-12-11,,0.0,0,,13,31590,203,1800,2535,300,32667,20,368828,5,,,,,,,,,,,,
12147,2012-12-14,,0.0,0,,9,65217,194,1800,2693,300,35918,20,438330,5,,,,,,,,,,,,
12148,2012-12-16,,0.0,0,,9,41558,252,1800,3087,300,38030,20,444728,5,,,,,,,,,,,,
12149,2012-12-18,,0.0,1,5000000,7,66004,134,1800,2409,300,30553,20,391120,5,,,,,,,,,,,,
12150,2012-12-21,,0.0,0,,21,29086,179,1800,2727,300,37610,20,470385,5,,,,,,,,,,,,
12151,2012-12-23,,0.0,0,,11,34821,246,1800,2917,300,36397,20,416495,5,,,,,,,,,,,,
12152,2012-12-25,,0.0,1,5000000,9,46407,203,1800,2738,300,34172,20,417436,5,,,,,,,,,,,,
12153,2012-12-28,,0.0,2,5000000,14,38505,267,1800,3737,300,46295,20,539826,5,,,,,,,,,,,,
12154,2012-12-30,,0.0,0,,11,37540,201,1800,2974,300,37851,20,412755,5,,,,,,,,,,,,
13001,2013-01-01,,0.0,0,,11,35758,205,1800,2950,300,36156,20,424549,5,,,,,,,,,,,,
13002,2013-01-04,,0.0,0,,7,89327,182,1800,2880,300,36911,20,479956,5,,,,,,,,,,,,
13003,2013-01-06,,0.0,1,5000000,56,4832,551,1800,4257,300,51242,20,505065,5,,,,,,,,,,,,
13004,2013-01-08,,0.0,1,5000000,38,7156,420,1800,4323,300,51080,20,539414,5,,,,,,,,,,,,
13005,2013-01-11,,0.0,0,,20,29301,226,1800,3576,300,47937,20,556657,5,,,,,,,,,,,,
13006,2013-01-13,,0.0,2,5000000,13,34918,204,1800,2846,300,36053,20,441726,5,,,,,,,,,,,,
13007,2013-01-15,,0.0,0,,29,12447,258,1800,3548,300,45372,20,496808,5,,,,,,,,,,,,
13008,2013-01-18,,0.0,1,5000000,11,55683,217,1800,3405,300,42557,20,523630,5,,,,,,,,,,,,
13009,2013-01-20,,0.0,2,5000000,14,27846,302,1800,3069,300,40880,20,465244,5,,,,,,,,,,,,
13010,2013-01-22,,0.0,0,,6,73312,188,1800,2801,300,34227,20,424376,5,,,,,,,,,,,,
13011,2013-01-25,,0.0,1,5000000,13,49184,198,1800,3161,300,39475,20,503752,5,,,,,,,,,,,,
13012,2013-01-27,,0.0,3,5000000,6,64545,373,1800,3382,300,37744,20,428318,5,,,,,,,,,,,,
13013,2013-01-29,,0.0,0,,25,10847,409,1800,4431,300,48149,20,502040,5,,,,,,,,,,,,
13014,2013-02-01,,0.0,0,,19,29612,263,1800,3616,300,45178,20,516377,5,,,,,,,,,,,,
13015,2013-02-03,,0.0,0,,10,44884,197,1800,2932,300,33533,20,397005,5,,,,,,,,,,,,
13016,2013-02-05,,0.0,0,,10,36181,230,1800,3069,300,37943,20,493071,5,,,,,,,,,,,,
13017,2013-02-08,,0.0,8,5000000,70,7499,497,1800,4766,300,59161,20,611502,5,,,,,,,,,,,,
13018,2013-02-17,,0.0,1,5000000,28,12960,229,1800,3621,300,38786,20,428014,5,,,,,,,,,,,,
13019,2013-02-19,,0.0,1,5000000,11,36162,185,1800,2299,300,32688,20,385889,5,,,,,,,,,,,,
13020,2013-02-22,,0.0,0,,18,30015,215,1800,3183,300,39073,20,491229,5,,,,,,,,,,,,
13021,2013-02-24,,0.0,3,5000000,21,13514,316,1800,3717,300,42893,20,486801,5,,,,,,,,,,,,
13022,2013-02-26,,0.0,0,,15,28754,161,1800,2429,300,28491,20,347944,5,,,,,,,,,,,,
13023,2013-03-01,,0.0,0,,15,37322,236,1800,2908,300,37073,20,466649,5,,,,,,,,,,,,
13024,2013-03-03,,0.0,1,5000000,14,30398,190,1800,2425,300,32352,20,376961,5,,,,,,,,,,,,
13025,2013-03-05,,0.0,2,5000000,3,147549,140,1800,2280,300,31614,20,374158,5,,,,,,,,,,,,
13026,2013-03-08,,0.0,0,,5,112503,210,1800,2836,300,35317,20,469893,5,,,,,,,,,,,,
13027,2013-03-10,,0.0,1,5000000,12,32338,217,1800,2914,300,33881,20,403114,5,,,,,,,,,,,,
13028,2013-03-12,,0.0,0,,8,55007,133,1800,2348,300,31168,20,379581,5,,,,,,,,,,,,
13029,2013-03-15,,0.0,0,,17,29702,293,1800,3847,300,48814,20,548256,5,,,,,,,,,,,,
13030,2013-03-17,,0.0,2,5000000,13,27167,225,1800,3512,300,42516,20,471635,5,,,,,,,,,,,,
13031,2013-03-19,,0.0,0,,9,48934,242,1800,2688,300,30483,20,365324,5,,,,,,,,,,,,
13032,2013-03-22,,0.0,3,5000000,22,24807,244,1800,3300,300,44215,20,560792,5,,,,,,,,,,,,
13033,2013-03-24,,0.0,2,4512784,16,22060,287,1800,3356,300,35702,20,411515,5,,,,,,,,,,,,
13034,2013-03-26,,0.0,2,4265093,9,43582,206,1800,2816,300,30552,20,372902,5,,,,,,,,,,,,
13035,2013-03-29,,0.0,0,,13,37199,296,1800,3681,300,41497,20,517405,5,,,,,,,,,,,,
13036,2013-03-31,,0.0,0,,16,23631,220,1800,2865,300,35507,20,407962,5,,,,,,,,,,,,
13037,2013-04-02,,0.0,2,5000000,14,28343,196,1800,2640,300,32990,20,405118,5,,,,,,,,,,,,
13038,2013-04-05,,0.0,0,,15,30794,221,1800,3137,300,38879,20,492626,5,,,,,,,,,,,,
13039,2013-04-07,,0.0,0,,5,80361,196,1800,2843,300,34357,20,403102,5,,,,,,,,,,,,
13040,2013-04-09,,0.0,0,,10,41967,161,1800,2580,300,33442,20,404048,5,,,,,,,,,,,,
13041,2013-04-12,,0.0,1,5000000,11,52893,207,1800,3035,300,41120,20,473740,5,,,,,,,,,,,,
13042,2013-04-14,,0.0,0,,12,34335,174,1800,2871,300,35146,20,412853,5,,,,,,,,,,,,
13043,2013-04-16,,0.0,0,,10,40527,203,1800,2697,300,36328,20,420863,5,,,,,,,,,,,,
13044,2013-04-19,,0.0,1,5000000,32,17694,275,1800,3106,300,39329,20,478657,5,,,,,,,,,,,,
13045,2013-04-21,,0.0,1,5000000,7,65838,180,1800,2372,300,30777,20,386039,5,,,,,,,,,,,,
13046,2013-04-23,,0.0,1,5000000,14,29353,203,1800,2920,300,34781,20,432739,5,,,,,,,,,,,,
13047,2013-04-26,,0.0,0,,22,22971,270,1800,4174,300,45419,20,547709,5,,,,,,,,,,,,
13048,2013-04-28,,0.0,0,,14,25417,404,1800,3586,300,34359,20,410531,5,,,,,,,,,,,,
13049,2013-04-30,,0.0,0,,16,23210,203,1800,2570,300,32173,20,401254,5,,,,,,,,,,,,
13050,2013-05-03,,0.0,0,,7,85676,250,1800,2829,300,39226,20,508775,5,,,,,,,,,,,,
13051,2013-05-05,,0.0,0,,19,24261,183,1800,2639,300,33968,20,396750,5,,,,,,,,,,,,
13052,2013-05-07,,0.0,1,5000000,8,55772,215,1800,2677,300,33916,20,418504,5,,,,,,,,,,,,
13053,2013-05-10,,0.0,6,5000000,27,17494,354,1800,4487,300,53330,20,593897,5,,,,,,,,,,,,
13054,2013-05-12,,0.0,0,,17,23582,231,1800,2714,300,34096,20,379725,5,,,,,,,,,,,,
13055,2013-05-14,,0.0,0,,15,30785,146,1800,2057,300,28582,20,363654,5,,,,,,,,,,,,
13056,2013-05-17,,0.0,1,5000000,13,44615,191,1800,2780,300,41300,20,498879,5,,,,,,,,,,,,
13057,2013-05-19,,0.0,5,5000000,5,90974,178,1800,2263,300,29159,20,364439,5,,,,,,,,,,,,
13058,2013-05-21,,0.0,1,5000000,22,16693,176,1800,2700,300,32272,20,394686,5,,,,,,,,,,,,
13059,2013-05-24,,0.0,0,,11,48156,213,1800,2946,300,37642,20,457547,5,,,,,,,,,,,,
13060,2013-05-26,,0.0,1,5000000,12,35424,139,1800,2007,300,26776,20,346434,5,,,,,,,,,,,,
13061,2013-05-28,,0.0,0,,14,25458,218,1800,2979,300,32998,20,387897,5,,,,,,,,,,,,
13062,2013-05-31,,0.0,0,,11,44773,269,1800,3285,300,41939,20,501011,5,,,,,,,,,,,,
13063,2013-06-02,,0.0,0,,3,140663,146,1800,2315,300,31158,20,370102,5,,,,,,,,,,,,
13064,2013-06-04,,0.0,1,5000000,9,47090,148,1800,2289,300,28824,20,378291,5,,,,,,,,,,,,
13065,2013-06-07,,0.0,0,,23,22701,195,1800,3786,300,38387,20,474098,5,,,,,,,,,,,,
13066,2013-06-09,,0.0,0,,12,29427,256,1800,2918,300,41223,20,416400,5,,,,,,,,,,,,
13067,2013-06-11,,0.0,1,5000000,11,40492,142,1800,1886,300,26177,20,313323,5,,,,,,,,,,,,
13068,2013-06-14,,0.0,2,5000000,16,31611,335,1800,3412,300,44428,20,502762,5,,,,,,,,,,,,
13069,2013-06-16,,0.0,2,5000000,15,16092,441,1800,4362,300,46289,20,455998,5,,,,,,,,,,,,
13070,2013-06-18,,0.0,0,,9,45993,161,1800,2496,300,29748,20,353852,5,,,,,,,,,,,,
13071,2013-06-21,,0.0,0,,11,48470,238,1800,3284,300,40705,20,473811,5,,,,,,,,,,,,
13072,2013-06-23,,0.0,0,,22,16013,216,1800,2942,300,35312,20,462206,5,,,,,,,,,,,,
13073,2013-06-25,,0.0,0,,9,46283,166,1800,2819,300,31037,20,389798,5,,,,,,,,,,,,
13074,2013-06-28,,0.0,0,,17,29657,236,1800,3368,300,42317,20,580770,5,,,,,,,,,,,,
13075,2013-06-30,,0.0,0,,11,39589,191,1800,2401,300,32371,20,384578,5,,,,,,,,,,,,
13076,2013-07-02,,0.0,0,,5,73988,183,1800,2755,300,45433,20,437733,5,,,,,,,,,,,,
13077,2013-07-05,,0.0,0,,18,31672,236,1800,3040,300,41844,20,505015,5,,,,,,,,,,,,
13078,2013-07-07,,0.0,1,5000000,18,23811,239,1800,2765,300,34655,20,410002,5,,,,,,,,,,,,
13079,2013-07-09,,0.0,0,,15,28171,174,1800,2670,300,32402,20,402139,5,,,,,,,,,,,,
13080,2013-07-12,,0.0,0,,13,41713,275,1800,3492,300,47361,20,553761,5,,,,,,,,,,,,
13081,2013-07-14,,0.0,1,5000000,15,28082,262,1800,3423,300,32523,20,402740,5,,,,,,,,,,,,
13082,2013-07-16,,0.0,0,,9,45945,233,1800,2916,300,36433,20,421195,5,,,,,,,,,,,,
13083,2013-07-19,,0.0,1,5000000,19,30558,299,1800,3269,300,45530,20,536909,5,,,,,,,,,,,,
13084,2013-07-21,,0.0,2,5000000,13,28768,178,1800,2990,300,37682,20,567305,5,,,,,,,,,,,,
13085,2013-07-23,,0.0,0,,10,45999,145,1800,2396,300,33813,20,406357,5,,,,,,,,,,,,
13086,2013-07-26,,0.0,0,,22,12830,663,1800,7011,300,77702,20,602903,5,,,,,,,,,,,,
13087,2013-07-28,,0.0,0,,7,59592,235,1800,3120,300,36873,20,406535,5,,,,,,,,,,,,
13088,2013-07-30,,0.0,0,,20,24322,189,1800,2314,300,30037,20,373326,5,,,,,,,,,,,,
13089,2013-08-02,,0.0,3,5000000,17,32473,256,1800,3708,300,48150,20,597819,5,,,,,,,,,,,,
13090,2013-08-04,,0.0,1,5000000,14,28033,214,1800,3084,300,41093,20,459309,5,,,,,,,,,,,,
13091,2013-08-06,,0.0,0,,16,29992,197,1800,2669,300,31068,20,384296,5,,,,,,,,,,,,
13092,2013-08-09,,0.0,0,,22,28567,214,1800,3169,300,41665,20,540835,5,,,,,,,,,,,,
13093,2013-08-11,,0.0,1,5000000,7,70503,153,1800,2287,300,32411,20,427333,5,,,,,,,,,,,,
13094,2013-08-13,,0.0,0,,13,37647,154,1800,2420,300,33939,20,435826,5,,,,,,,,,,,,
13095,2013-08-16,,0.0,0,,17,38432,223,1800,2938,300,42728,20,540316,5,,,,,,,,,,,,
13096,2013-08-18,,0.0,1,5000000,6,78701,244,1800,3108,300,39397,20,447709,5,,,,,,,,,,,,
13097,2013-08-20,,0.0,2,5000000,23,22988,178,1800,2339,300,34272,20,431213,5,,,,,,,,,,,,
13098,2013-08-23,,0.0,1,5000000,26,23655,366,1800,3603,300,45534,20,536590,5,,,,,,,,,,,,
13099,2013-08-25,,0.0,0,,14,34003,270,1800,3105,300,34478,20,425362,5,,,,,,,,,,,,
13100,2013-08-27,,0.0,0,,9,51489,252,1800,3300,300,37505,20,473654,5,,,,,,,,,,,,
13101,2013-08-30,,0.0,0,,28,20206,360,1800,4371,300,57722,20,647475,5,,,,,,,,,,,,
13102,2013-09-01,,0.0,2,5000000,49,7089,446,1800,4670,300,48759,20,551363,5,,,,,,,,,,,,
13103,2013-09-03,,0.0,0,,17,30582,190,1800,2701,300,35336,20,444257,5,,,,,,,,,,,,
13104,2013-09-06,,0.0,1,5000000,12,51596,301,1800,4206,300,48746,20,589205,5,,,,,,,,,,,,
13105,2013-09-08,,0.0,0,,14,36009,218,1800,3043,300,39032,20,457359,5,,,,,,,,,,,,
13106,2013-09-10,,0.0,1,5000000,27,141128,324,1800,3466,300,45816,20,536445,5,,,,,,,,,,,,
13107,2013-09-13,,0.0,0,,39,13596,424,1800,4806,300,64774,20,659755,5,,,,,,,,,,,,
13108,2013-09-15,,0.0,12,5000000,66,50488,268,1800,4278,300,52618,20,575364,5,,,,,,,,,,,,
13109,2013-09-17,,0.0,4,5000000,16,23646,261,1800,3229,300,38300,20,451572,5,,,,,,,,,,,,
13110,2013-09-20,,0.0,1,5000000,14,34098,321,1800,3509,300,44040,20,499266,5,,,,,,,,,,,,
13111,2013-09-22,,0.0,0,,10,43355,181,1800,2258,300,28970,20,388393,5,,,,,,,,,,,,
13112,2013-09-24,,0.0,2,5000000,30,9977,277,1800,3670,300,40413,20,474601,5,,,,,,,,,,,,
13113,2013-09-27,,0.0,0,,20,26416,218,1800,3102,300,45450,20,515586,5,,,,,,,,,,,,
13114,2013-09-29,,0.0,1,5000000,4,107619,178,1800,2402,300,33298,20,395502,5,,,,,,,,,,,,
13115,2013-10-01,,0.0,0,,14,27835,151,1800,2273,300,27953,20,363717,5,,,,,,,,,,,,
13116,2013-10-04,,0.0,1,5000000,28,13781,370,1800,4318,300,47868,20,523510,5,,,,,,,,,,,,
13117,2013-10-06,,0.0,2,5000000,11,33614,240,1800,2494,300,32390,20,405414,5,,,,,,,,,,,,
13118,2013-10-08,,0.0,0,,5,78627,177,1800,2548,300,30133,20,384641,5,,,,,,,,,,,,
13119,2013-10-11,,0.0,4,3197074,28,16865,305,1800,3776,300,49374,20,542081,5,,,,,,,,,,,,
13120,2013-10-13,,0.0,0,,14,23736,229,1800,3083,300,36507,20,434001,5,,,,,,,,,,,,
13121,2013-10-15,,0.0,0,,12,35080,155,1800,2297,300,30141,20,362878,5,,,,,,,,,,,,
13122,2013-10-18,,0.0,3,5000000,13,43642,214,1800,3201,300,39610,20,491494,5,,,,,,,,,,,,
13123,2013-10-20,,0.0,1,5000000,7,50004,235,1800,3116,300,36912,20,409099,5,,,,,,,,,,,,
13124,2013-10-22,,0.0,0,,4,98429,165,1800,2684,300,33496,20,378708,5,,,,,,,,,,,,
13125,2013-10-25,,0.0,0,,25,19712,280,1800,3443,300,45474,20,519090,5,,,,,,,,,,,,
13126,2013-10-27,,0.0,0,,6,67574,171,1800,2603,300,34603,20,395298,5,,,,,,,,,,,,
13127,2013-10-29,,0.0,1,5000000,14,29289,209,1800,2710,300,33134,20,377572,5,,,,,,,,,,,,
13128,2013-11-01,,0.0,0,,18,33730,177,1800,2694,300,36047,20,447648,5,,,,,,,,,,,,
13129,2013-11-03,,0.0,0,,20,21192,190,1800,2571,300,32999,20,402872,5,,,,,,,,,,,,
13130,2013-11-05,,0.0,1,5000000,11,40323,156,1800,2582,300,30958,20,380186,5,,,,,,,,,,,,
13131,2013-11-08,,0.0,2,5000000,29,18906,234,1800,3605,300,46289,20,545741,5,,,,,,,,,,,,
13132,2013-11-10,,0.0,0,,20,20040,180,1800,2667,300,34058,20,400913,5,,,,,,,,,,,,
13133,2013-11-12,,0.0,0,,28,12783,247,1800,3173,300,40707,20,450831,5,,,,,,,,,,,,
13134,2013-11-15,,0.0,5,5000000,15,32329,366,1800,4047,300,50314,20,586192,5,,,,,,,,,,,,
13135,2013-11-17,,0.0,0,,12,33818,174,1800,2364,300,31184,20,395274,5,,,,,,,,,,,,
13136,2013-11-19,,0.0,2,5000000,63,5574,330,1800,3319,300,35162,20,381158,5,,,,,,,,,,,,
13137,2013-11-22,,0.0,0,,21,25513,267,1800,3273,300,40088,20,462767,5,,,,,,,,,,,,
13138,2013-11-24,,0.0,0,,11,38370,148,1800,2533,300,30787,20,368231,5,,,,,,,,,,,,
13139,2013-11-26,,0.0,2,5000000,25,14799,252,1800,3098,300,36581,20,418139,5,,,,,,,,,,,,
13140,2013-11-29,,0.0,0,,9,60031,213,1800,3298,300,38548,20,467743,5,,,,,,,,,,,,
13141,2013-12-01,,0.0,0,,7,62299,144,1800,2319,300,31277,20,395468,5,,,,,,,,,,,,
13142,2013-12-03,,0.0,2,5000000,34,10562,276,1800,3285,300,38713,20,450209,5,,,,,,,,,,,,
13143,2013-12-06,,0.0,0,,17,32176,253,1800,3215,300,40442,20,513102,5,,,,,,,,,,,,
13144,2013-12-08,,0.0,0,,23,12765,255,1800,4948,300,55156,20,399236,5,,,,,,,,,,,,
13145,2013-12-10,,0.0,1,5000000,16,25011,222,1800,2865,300,34106,20,403416,5,,,,,,,,,,,,
13146,2013-12-13,,0.0,5,3851878,23,19913,309,1800,4078,300,53334,20,592408,5,,,,,,,,,,,,
13147,2013-12-15,,0.0,1,5000000,9,43215,202,1800,2446,300,31431,20,373623,5,,,,,,,,,,,,
13148,2013-12-17,,0.0,0,,25,14471,199,1800,2699,300,34865,20,384384,5,,,,,,,,,,,,
13149,2013-12-20,,0.0,1,5000000,14,37365,238,1800,2937,300,40589,20,498044,5,,,,,,,,,,,,
13150,2013-12-22,,0.0,1,5000000,16,23531,252,1800,2669,300,32540,20,399910,5,,,,,,,,,,,,
13151,2013-12-24,,0.0,0,,16,25501,185,1800,2530,300,31944,20,376367,5,,,,,,,,,,,,
13152,2013-12-27,,0.0,1,5000000,61,4249,890,1800,6452,300,62824,20,557358,5,,,,,,,,,,,,
13153,2013-12-29,,0.0,0,,5,87977,210,1800,2154,300,30817,20,370139,5,,,,,,,,,,,,
13154,2013-12-31,,0.0,1,5000000,19,21301,228,1800,2915,300,35711,20,432407,5,,,,,,,,,,,,
14001,2014-01-03,,0.0,0,,15,33337,281,1800,3896,300,47284,20,574838,5,,,,,,,,,,,,
14002,2014-01-05,,0.0,2,5000000,13,32138,165,1800,2845,300,35703,20,412003,5,,,,,,,,,,,,
14003,2014-01-07,,0.0,1,5000000,16,25934,151,1800,2903,300,33685,20,392780,5,,,,,,,,,,,,
14004,2014-01-10,,0.0,1,5000000,17,31375,279,1800,3447,300,40076,20,505823,5,,,,,,,,,,,,
14005,2014-01-12,,0.0,0,,9,46012,207,1800,2397,300,31798,20,378317,5,,,,,,,,,,,,
14006,2014-01-14,,0.0,2,5000000,26,12478,323,1800,3475,300,40018,20,427382,5,,,,,,,,,,,,
14007,2014-01-17,,0.0,1,5000000,18,30895,219,1800,3026,300,37940,20,460675,5,,,,,,,,,,,,
14008,2014-01-19,,0.0,11,611942,58,3307,334,1800,4987,300,49698,20,518608,5,,,,,,,,,,,,
14009,2014-01-21,,0.0,4,1948343,34,9128,400,1800,3538,300,36222,20,373263,5,,,,,,,,,,,,
14010,2014-01-24,,0.0,0,,14,27946,341,1800,4694,300,51648,20,559417,5,,,,,,,,,,,,
14011,2014-01-26,,0.0,0,,10,40649,186,1800,2389,300,30655,20,376331,5,,,,,,,,,,,,
14012,2014-01-28,,0.0,0,,14,27844,168,1800,2588,300,36405,20,426701,5,,,,,,,,,,,,
14013,2014-02-07,,0.0,0,,13,35645,247,1800,3118,300,41485,20,496538,5,,,,,,,,,,,,
14014,2014-02-09,,0.0,0,,8,49092,139,1800,2596,300,28893,20,352508,5,,,,,,,,,,,,
14015,2014-02-11,,0.0,3,5000000,18,21453,219,1800,2905,300,34948,20,388718,5,,,,,,,,,,,,
14016,2014-02-14,,0.0,0,,17,28087,323,1800,3447,300,48780,20,540267,5,,,,,,,,,,,,
14017,2014-02-16,,0.0,1,5000000,20,17061,318,1800,3091,300,38811,20,444969,5,,,,,,,,,,,,
14018,2014-02-18,,0.0,2,5000000,7,58647,165,1800,2570,300,33856,20,409828,5,,,,,,,,,,,,
14019,2014-02-21,,0.0,0,,11,43689,311,1800,3939,300,47027,20,570446,5,,,,,,,,,,,,
14020,2014-02-23,,0.0,0,,14,30478,206,1800,2693,300,32714,20,413187,5,,,,,,,,,,,,
14021,2014-02-25,,0.0,0,,8,46972,190,1800,3070,300,37851,20,483751,5,,,,,,,,,,,,
14022,2014-02-28,,0.0,2,5000000,15,35222,314,1800,3542,300,47842,20,571983,5,,,,,,,,,,,,
14023,2014-03-02,,0.0,0,,14,26394,234,1800,3388,300,41326,20,449633,5,,,,,,,,,,,,
14024,2014-03-04,,0.0,0,,13,26885,226,1800,3272,300,44590,20,484562,5,,,,,,,,,,,,
14025,2014-03-07,,0.0,1,5000000,14,34364,317,1800,4358,300,53874,20,618315,5,,,,,,,,,,,,
14026,2014-03-09,,0.0,1,5000000,16,23901,240,1800,3336,300,42092,20,445904,5,,,,,,,,,,,,
14027,2014-03-11,,0.0,0,,10,48248,169,1800,2480,300,29442,20,374942,5,,,,,,,,,,,,
14028,2014-03-14,,0.0,3,5000000,10,64125,233,1800,2871,300,37896,20,490771,5,,,,,,,,,,,,
14029,2014-03-16,,0.0,5,3563609,6,78270,185,1800,2352,300,30357,20,365652,5,,,,,,,,,,,,
14030,2014-03-18,,0.0,2,3742782,42,6575,373,1800,4144,300,42552,20,434800,5,,,,,,,,,,,,
14031,2014-03-21,,0.0,1,5000000,20,22453,290,1800,4280,300,47990,20,558550,5,,,,,,,,,,,,
14032,2014-03-23,,0.0,0,,6,75352,142,1800,2203,300,29056,20,349387,5,,,,,,,,,,,,
14033,2014-03-25,,0.0,0,,21,17430,248,1800,3129,300,37217,20,413168,5,,,,,,,,,,,,
14034,2014-03-28,,0.0,0,,15,38806,195,1800,3320,300,43454,20,459828,5,,,,,,,,,,,,
14035,2014-03-30,,0.0,0,,7,62384,166,1800,2477,300,31852,20,378177,5,,,,,,,,,,,,
14036,2014-04-01,,0.0,0,,19,19663,251,1800,3172,300,37068,20,448437,5,,,,,,,,,,,,
14037,2014-04-04,,0.0,0,,17,33798,204,1800,3243,300,43272,20,542817,5,,,,,,,,,,,,
14038,2014-04-06,,0.0,1,5000000,25,13904,244,1800,3392,300,38092,20,432449,5,,,,,,,,,,,,
14039,2014-04-08,,0.0,1,5000000,6,72704,212,1800,2789,300,32961,20,389903,5,,,,,,,,,,,,
14040,2014-04-11,,0.0,5,5000000,22,26171,259,1800,3358,300,39666,20,512663,5,,,,,,,,,,,,
14041,2014-04-13,,0.0,0,,25,16651,164,1800,2416,300,31258,20,374832,5,,,,,,,,,,,,
14042,2014-04-15,,0.0,0,,6,68704,168,1800,2292,300,30996,20,388700,5,,,,,,,,,,,,
14043,2014-04-18,,0.0,1,5000000,27,20750,204,1800,3059,300,42895,20,493219,5,,,,,,,,,,,,
14044,2014-04-20,,0.0,0,,9,47420,150,1800,2424,300,32453,20,388734,5,,,,,,,,,,,,
14045,2014-04-22,,0.0,0,,3,137559,154,1800,2476,300,34245,20,404917,5,,,,,,,,,,,,
14046,2014-04-25,,0.0,0,,24,19357,271,1800,4568,300,58436,20,523585,5,,,,,,,,,,,,
14047,2014-04-27,,0.0,0,,9,44112,251,1800,2841,300,35334,20,417119,5,,,,,,,,,,,,
14048,2014-04-29,,0.0,1,5000000,15,26099,236,1800,2840,300,37033,20,431582,5,,,,,,,,,,,,
14049,2014-05-02,,0.0,0,,13,37919,233,1800,3135,300,42246,20,494918,5,,,,,,,,,,,,
14050,2014-05-04,,0.0,0,,7,66904,123,1800,2234,300,30714,20,366013,5,,,,,,,,,,,,
14051,2014-05-06,,0.0,1,5000000,11,35619,231,1800,2811,300,36435,20,426218,5,,,,,,,,,,,,
14052,2014-05-09,,0.0,1,5000000,24,21245,339,1800,3970,300,46852,20,550201,5,,,,,,,,,,,,
14053,2014-05-11,,0.0,0,,16,24860,203,1800,2715,300,35426,20,406707,5,,,,,,,,,,,,
14054,2014-05-13,,0.0,1,5000000,6,77878,153,1800,2190,300,29919,20,374228,5,,,,,,,,,,,,
14055,2014-05-16,,0.0,0,,38,12470,329,1800,4145,300,51269,20,591598,5,,,,,,,,,,,,
14056,2014-05-18,,0.0,0,,9,39139,207,1800,3497,300,40428,20,483577,5,,,,,,,,,,,,
14057,2014-05-20,,0.0,1,5000000,7,72229,129,1800,1961,300,28528,20,347669,5,,,,,,,,,,,,
14058,2014-05-23,,0.0,1,5000000,48,10361,367,1800,4188,300,48516,20,561452,5,,,,,,,,,,,,
14059,2014-05-25,,0.0,1,5000000,17,18753,344,1800,3800,300,43610,20,463283,5,,,,,,,,,,,,
14060,2014-05-27,,0.0,1,5000000,9,42160,220,1800,3191,300,39784,20,444071,5,,,,,,,,,,,,
14061,2014-05-30,,0.0,0,,28,16558,289,1800,4667,300,51177,20,565130,5,,,,,,,,,,,,
14062,2014-06-01,,0.0,0,,10,41409,164,1800,2226,300,31227,20,376985,5,,,,,,,,,,,,
14063,2014-06-03,,0.0,2,5000000,12,30906,212,1800,3184,300,38466,20,419738,5,,,,,,,,,,,,
14064,2014-06-06,,0.0,1,5000000,19,25744,283,1800,4119,300,48876,20,590250,5,,,,,,,,,,,,
14065,2014-06-08,,0.0,1,5000000,24,17370,166,1800,2846,300,35828,20,421908,5,,,,,,,,,,,,
14066,2014-06-10,,0.0,0,,13,33748,154,1800,2370,300,32229,20,410830,5,,,,,,,,,,,,
14067,2014-06-13,,0.0,0,,12,48183,247,1800,3140,300,40487,20,512194,5,,,,,,,,,,,,
14068,2014-06-15,,0.0,2,5000000,6,72641,208,1800,2679,300,33522,20,404411,5,,,,,,,,,,,,
14069,2014-06-17,,0.0,0,,8,54603,162,1800,2545,300,32878,20,400382,5,,,,,,,,,,,,
14070,2014-06-20,,0.0,1,5000000,12,47705,231,1800,3392,300,43342,20,531957,5,,,,,,,,,,,,
14071,2014-06-22,,0.0,0,,12,35938,192,1800,2607,300,33648,20,407526,5,,,,,,,,,,,,
14072,2014-06-24,,0.0,0,,7,59335,208,1800,2796,300,34878,20,418799,5,,,,,,,,,,,,
14073,2014-06-27,,0.0,0,,9,64681,226,1800,3355,300,44659,20,529126,5,,,,,,,,,,,,
14074,2014-06-29,,0.0,0,,6,79376,170,1800,2289,300,31901,20,382651,5,,,,,,,,,,,,
14075,2014-07-01,,0.0,0,,31,12103,270,1800,3400,300,38848,20,451208,5,,,,,,,,,,,,
14076,2014-07-04,,0.0,2,5000000,12,40129,767,1800,3644,300,43287,20,506603,5,,,,,,,,,,,,
14077,2014-07-06,,0.0,1,5000000,24,12072,368,1800,4407,300,50000,20,464627,5,,,,,,,,,,,,
14078,2014-07-08,,0.0,1,5000000,3,157295,130,1800,2207,300,29493,20,378765,5,,,,,,,,,,,,
14079,2014-07-11,,0.0,3,5000000,41,9751,332,1800,5064,300,56928,20,665043,5,,,,,,,,,,,,
14080,2014-07-13,,0.0,0,,14,30105,187,1800,2638,300,32688,20,394964,5,,,,,,,,,,,,
14081,2014-07-15,,0.0,0,,7,66580,132,1800,2260,300,27821,20,380968,5,,,,,,,,,,,,
14082,2014-07-18,,0.0,2,5000000,26,17631,319,1800,4394,300,49801,20,572988,5,,,,,,,,,,,,
14083,2014-07-20,,0.0,1,5000000,24,15934,195,1800,3034,300,33962,20,399660,5,,,,,,,,,,,,
14084,2014-07-22,,0.0,0,,14,25314,234,1800,3437,300,35630,20,409838,5,,,,,,,,,,,,
14085,2014-07-25,,0.0,1,5000000,25,23341,185,1800,3166,300,40002,20,493606,5,,,,,,,,,,,,
14086,2014-07-27,,0.0,0,,10,45425,165,1800,2287,300,29570,20,362636,5,,,,,,,,,,,,
14087,2014-07-29,,0.0,0,,15,22309,332,1800,3900,300,36493,20,401843,5,,,,,,,,,,,,
14088,2014-08-01,,0.0,0,,12,47729,179,1800,2821,300,40531,20,510548,5,,,,,,,,,,,,
14089,2014-08-03,,0.0,0,,15,28160,235,1800,2473,300,30905,20,377629,5,,,,,,,,,,,,
14090,2014-08-05,,0.0,1,5000000,20,20999,217,1800,2647,300,32944,20,398964,5,,,,,,,,,,,,
14091,2014-08-08,,0.0,0,,12,44013,274,1800,4218,300,48665,20,568628,5,,,,,,,,,,,,
14092,2014-08-10,,0.0,0,,22,20081,155,1800,2512,300,34561,20,428103,5,,,,,,,,,,,,
14093,2014-08-12,,0.0,1,5000000,11,32596,240,1800,3565,300,39901,20,459407,5,,,,,,,,,,,,
14094,2014-08-15,,0.0,1,5000000,12,50260,273,1800,3353,300,42006,20,519249,5,,,,,,,,,,,,
14095,2014-08-17,,0.0,1,5000000,24,16276,244,1800,3523,300,39398,20,441143,5,,,,,,,,,,,,
14096,2014-08-19,,0.0,2,5000000,21,19116,206,1800,2912,300,40208,20,437292,5,,,,,,,,,,,,
14097,2014-08-22,,0.0,0,,16,32066,258,1800,4539,300,56305,20,566222,5,,,,,,,,,,,,
14098,2014-08-24,,0.0,1,5000000,16,28558,206,1800,2326,300,31291,20,395804,5,,,,,,,,,,,,
14099,2014-08-26,,0.0,2,5000000,16,27221,183,1800,2417,300,32682,20,409971,5,,,,,,,,,,,,
14100,2014-08-29,,0.0,1,5000000,10,60597,192,1800,3194,300,39322,20,510297,5,,,,,,,,,,,,
14101,2014-08-31,,0.0,1,5000000,40,8333,327,1800,3638,300,42835,20,461548,5,,,,,,,,,,,,
14102,2014-09-02,,0.0,1,5000000,9,53478,148,1800,2077,300,27830,20,352487,5,,,,,,,,,,,,
14103,2014-09-05,,0.0,1,5000000,30,18495,341,1800,3543,300,45612,20,519710,5,,,,,,,,,,,,
14104,2014-09-07,,0.0,1,5000000,18,22397,208,1800,2434,300,33965,20,401565,5,,,,,,,,,,,,
14105,2014-09-09,,0.0,1,5000000,9,45749,182,1800,2843,300,33492,20,392077,5,,,,,,,,,,,,
14106,2014-09-12,,0.0,1,5000000,16,33776,306,1800,3524,300,46870,20,563654,5,,,,,,,,,,,,
14107,2014-09-14,,0.0,0,,16,27942,172,1800,2316,300,31250,20,395151,5,,,,,,,,,,,,
14108,2014-09-16,,0.0,0,,6,78654,133,1800,1942,300,28227,20,360321,5,,,,,,,,,,,,
14109,2014-09-19,,0.0,0,,8,77360,169,1800,2977,300,41950,20,519078,5,,,,,,,,,,,,
14110,2014-09-21,,0.0,0,,19,19448,296,1800,3138,300,39107,20,457855,5,,,,,,,,,,,,
14111,2014-09-23,,0.0,0,,15,28887,220,1800,2535,300,34160,20,399159,5,,,,,,,,,,,,
14112,2014-09-26,,0.0,2,5000000,36,14443,337,1800,3965,300,51070,20,584533,5,,,,,,,,,,,,
14113,2014-09-28,,0.0,0,,32,10688,313,1800,3662,300,39497,20,458383,5,,,,,,,,,,,,
14114,2014-09-30,,0.0,0,,11,42292,148,1800,2079,300,30949,20,407572,5,,,,,,,,,,,,
14115,2014-10-03,,0.0,1,5000000,14,347785,151,1800,3005,300,39510,20,487555,5,,,,,,,,,,,,
14116,2014-10-05,,0.0,0,,8,45443,257,1800,2837,300,34837,20,391256,5,,,,,,,,,,,,
14117,2014-10-07,,0.0,0,,8,513316,168,1800,2343,300,32815,20,390053,5,,,,,,,,,,,,
14118,2014-10-10,,0.0,6,5000000,27,177405,355,1800,4505,300,53294,20,605308,5,,,,,,,,,,,,
14119,2014-10-12,,0.0,0,,13,32046,226,1800,2873,300,37151,20,416081,5,,,,,,,,,,,,
14120,2014-10-14,,0.0,1,5000000,20,17487,307,1800,3524,300,40205,20,469299,5,,,,,,,,,,,,
14121,2014-10-17,,0.0,0,,20,29422,236,1800,3651,300,48145,20,556618,5,,,,,,,,,,,,
14122,2014-10-19,,0.0,0,,12,34134,217,1800,3138,300,37789,20,441579,5,,,,,,,,,,,,
14123,2014-10-21,,0.0,0,,12,39024,177,1800,2454,300,30570,20,404336,5,,,,,,,,,,,,
14124,2014-10-24,,0.0,0,,35,15832,326,1800,4101,300,50732,20,558552,5,,,,,,,,,,,,
14125,2014-10-26,,0.0,0,,33,13738,201,1800,2592,300,34554,20,413161,5,,,,,,,,,,,,
14126,2014-10-28,,0.0,0,,15,32201,164,1800,2563,300,30600,20,374877,5,,,,,,,,,,,,
14127,2014-10-31,,0.0,16,5000000,142,14255,595,1800,8661,300,95391,20,712119,5,,,,,,,,,,,,
14128,2014-11-02,,0.0,0,,18,20124,276,1800,2680,300,33756,20,383807,5,,,,,,,,,,,,
14129,2014-11-04,,0.0,0,,14,27351,172,1800,2450,300,33783,20,395914,5,,,,,,,,,,,,
14130,2014-11-07,,0.0,2,5000000,19,22691,324,1800,4191,300,50413,20,588335,5,,,,,,,,,,,,
14131,2014-11-09,,0.0,3,3103628,8,51725,113,1800,2362,300,30174,20,378250,5,,,,,,,,,,,,
14132,2014-11-11,,0.0,0,,8,51394,180,1800,2196,300,29110,20,355905,5,,,,,,,,,,,,
14133,2014-11-14,,0.0,0,,14,37327,255,1800,3490,300,41610,20,496953,5,,,,,,,,,,,,
14134,2014-11-16,,0.0,2,5000000,19,12861,433,1800,4488,300,43695,20,446952,5,,,,,,,,,,,,
14135,2014-11-18,,0.0,0,,11,38736,156,1800,1970,300,27884,20,350674,5,,,,,,,,,,,,
14136,2014-11-21,,0.0,0,,18,30767,211,1800,2860,300,39767,20,506319,5,,,,,,,,,,,,
14137,2014-11-23,,0.0,1,5000000,13,26556,262,1800,3176,300,33468,20,417401,5,,,,,,,,,,,,
14138,2014-11-25,,0.0,0,,12,30739,235,1800,2839,300,34963,20,385419,5,,,,,,,,,,,,
14139,2014-11-28,,0.0,0,,19,26333,219,1800,3413,300,45402,20,555204,5,,,,,,,,,,,,
14140,2014-11-30,,0.0,4,5000000,19,20291,239,1800,2805,300,33891,20,372650,5,,,,,,,,,,,,
14141,2014-12-02,,0.0,1,5000000,9,39690,183,1800,2498,300,31020,20,374473,5,,,,,,,,,,,,
14142,2014-12-05,,0.0,0,,23,20315,282,1800,3504,300,45295,20,513420,5,,,,,,,,,,,,
14143,2014-12-07,,0.0,1,5000000,6,68766,143,1800,2082,300,28489,20,373867,5,,,,,,,,,,,,
14144,2014-12-09,,0.0,2,5000000,5,61747,192,1800,3081,300,38647,20,433462,5,,,,,,,,,,,,
14145,2014-12-12,,0.0,0,,8,68493,203,1800,2612,300,34455,20,446979,5,,,,,,,,,,,,
14146,2014-12-14,,0.0,1,5000000,14,26652,203,1800,2698,300,33186,20,375545,5,,,,,,,,,,,,
14147,2014-12-16,,0.0,0,,7,56106,149,1800,2035,300,27715,20,380354,5,,,,,,,,,,,,
14148,2014-12-19,,0.0,0,,9,61871,185,1800,2864,300,38808,20,467702,5,,,,,,,,,,,,
14149,2014-12-21,,0.0,0,,13,27108,201,1800,2961,300,37389,20,397406,5,,,,,,,,,,,,
14150,2014-12-23,,0.0,0,,23,14186,330,1800,3452,300,37532,20,410945,5,,,,,,,,,,,,
14151,2014-12-26,,0.0,5,5000000,19,16704,515,1800,5784,300,60433,20,683061,5,,,,,,,,,,,,
14152,2014-12-28,,0.0,1,5000000,10,43736,135,1800,2104,300,26740,20,333417,5,,,,,,,,,,,,
14153,2014-12-30,,0.0,0,,8,47525,203,1800,2418,300,31132,20,374165,5,,,,,,,,,,,,
15001,2015-01-02,,0.0,0,,11,51006,164,1800,2411,300,33774,20,460490,5,,,,,,,,,,,,
15002,2015-01-04,,0.0,0,,2,211544,149,1800,2318,300,29974,20,377835,5,,,,,,,,,,,,
15003,2015-01-06,,0.0,2,5000000,11,37273,159,1800,2410,300,29780,20,370458,5,,,,,,,,,,,,
15004,2015-01-09,,0.0,4,3798462,14,33528,328,1800,3512,300,42908,20,540617,5,,,,,,,,,,,,
15005,2015-01-11,,0.0,0,,9,41573,181,1800,2538,300,31135,20,365929,5,,,,,,,,,,,,
15006,2015-01-13,,0.0,1,5000000,21,16475,219,1800,2855,300,35504,20,383748,5,,,,,,,,,,,,
15007,2015-01-16,,0.0,0,,21,24592,230,1800,3251,300,42821,20,509752,5,,,,,,,,,,,,
15008,2015-01-18,,0.0,0,,5,83879,147,1800,2258,300,28499,20,364150,5,,,,,,,,,,,,
15009,2015-01-20,,0.0,0,,12,32151,212,1800,2499,300,32135,20,406815,5,,,,,,,,,,,,
15010,2015-01-23,,0.0,3,5000000,28,18617,240,1800,3693,300,46610,20,534449,5,,,,,,,,,,,,
15011,2015-01-25,,0.0,2,5000000,12,36616,149,1800,2089,300,28819,20,332325,5,,,,,,,,,,,,
15012,2015-01-27,,0.0,0,,2,204808,118,1800,1941,300,26393,20,342141,5,,,,,,,,,,,,
15013,2015-01-30,,0.0,1,5000000,33,12562,325,1800,3946,300,48638,20,555235,5,,,,,,,,,,,,
15014,2015-02-01,,0.0,1,5000000,21,17718,176,1800,2530,300,31013,20,376460,5,,,,,,,,,,,,
15015,2015-02-03,,0.0,0,,15,24496,197,1800,2430,300,32458,20,373321,5,,,,,,,,,,,,
15016,2015-02-06,,0.0,0,,15,34942,228,1800,3037,300,40396,20,484760,5,,,,,,,,,,,,
15017,2015-02-08,,0.0,0,,6,59230,210,1800,2760,300,34078,20,396417,5,,,,,,,,,,,,
15018,2015-02-10,,0.0,5,4070140,21,17785,219,1800,2855,300,30995,20,367969,5,,,,,,,,,,,,
15019,2015-02-13,,0.0,0,,10,57699,154,1800,2708,300,31239,20,401856,5,,,,,,,,,,,,
15020,2015-02-15,,0.0,0,,4,104742,114,1800,2162,300,29605,20,337456,5,,,,,,,,,,,,
15021,2015-02-17,,0.0,1,5000000,14,31376,200,1800,2856,300,29052,20,361187,5,,,,,,,,,,,,
15022,2015-02-27,,0.0,0,,9,56831,231,1800,3035,300,36842,20,457656,5,,,,,,,,,,,,
15023,2015-03-01,,0.0,0,,23,15176,212,1800,2390,300,30693,20,348467,5,,,,,,,,,,,,
15024,2015-03-03,,0.0,0,,12,29056,190,1800,2424,300,30675,20,369526,5,,,,,,,,,,,,
15025,2015-03-06,,0.0,0,,19,24021,242,1800,3428,300,38825,20,466382,5,,,,,,,,,,,,
15026,2015-03-08,,0.0,4,5000000,14,28644,193,1800,2123,300,26597,20,336490,5,,,,,,,,,,,,
15027,2015-03-10,,0.0,2,5000000,13,24891,166,1800,2873,300,32316,20,368811,5,,,,,,,,,,,,
15028,2015-03-13,,0.0,3,3134125,20,24457,203,1800,2766,300,36692,20,424761,5,,,,,,,,,,,,
15029,2015-03-15,,0.0,0,,9,40404,131,1800,3308,300,24354,20,283255,5,,,,,,,,,,,,
15030,2015-03-17,,0.0,0,,8,45883,129,1800,2150,300,26907,20,343622,5,,,,,,,,,,,,
15031,2015-03-20,,0.0,3,5000000,22,18814,266,1800,4016,300,42399,20,506357,5,,,,,,,,,,,,
15032,2015-03-22,,0.0,0,,8,40741,130,1800,2911,300,28514,20,371593,5,,,,,,,,,,,,
15033,2015-03-24,,0.0,1,5000000,12,26565,271,1800,2553,300,34711,20,357968,5,,,,,,,,,,,,
15034,2015-03-27,,0.0,1,5000000,15,33703,165,1800,2659,300,32465,20,427502,5,,,,,,,,,,,,
15035,2015-03-29,,0.0,0,,9,44056,114,1800,1933,300,24510,20,294557,5,,,,,,,,,,,,
15036,2015-03-31,,0.0,1,5000000,12,30926,161,1800,2130,300,25985,20,317250,5,,,,,,,,,,,,
15037,2015-04-03,,0.0,1,5000000,14,30677,211,1800,3238,300,39216,20,454451,5,,,,,,,,,,,,
15038,2015-04-05,,0.0,0,,3,102927,219,1800,2020,300,27360,20,312734,5,,,,,,,,,,,,
15039,2015-04-07,,0.0,0,,8,41415,164,1800,2535,300,27281,20,336723,5,,,,,,,,,,,,
15040,2015-04-10,,0.0,0,,15,34904,168,1800,2562,300,33241,20,410038,5,,,,,,,,,,,,
15041,2015-04-12,,0.0,1,5000000,4,88500,146,1800,2486,300,29291,20,356387,5,,,,,,,,,,,,
15042,2015-04-14,,0.0,0,,9,42920,141,1800,2156,300,27115,20,332344,5,,,,,,,,,,,,
15043,2015-04-17,,0.0,4,5000000,15,31704,345,1800,3459,300,37614,20,443951,5,,,,,,,,,,,,
15044,2015-04-19,,0.0,0,,7,54664,189,1800,1732,300,23992,20,306084,5,,,,,,,,,,,,
15045,2015-04-21,,0.0,0,,11,33905,152,1800,1993,300,28267,20,330765,5,,,,,,,,,,,,
15046,2015-04-24,,0.0,4,3769842,16,22769,332,1800,4548,300,47206,20,515058,5,,,,,,,,,,,,
15047,2015-04-26,,0.0,2,3968582,21,15540,204,1800,2139,300,32145,20,333731,5,,,,,,,,,,,,
15048,2015-04-28,,0.0,1,5000000,17,20044,176,1800,2080,300,27179,20,323225,5,,,,,,,,,,,,
15049,2015-05-01,,0.0,1,5000000,11,37645,178,1800,2642,300,32199,20,386155,5,,,,,,,,,,,,
15050,2015-05-03,,0.0,1,5000000,11,30970,167,1800,1986,300,22996,20,293639,5,,,,,,,,,,,,
15051,2015-05-05,,0.0,0,,12,18561,261,1800,3156,300,35071,20,415275,5,,,,,,,,,,,,
15052,2015-05-08,,0.0,1,5000000,15,27894,207,1800,2947,300,38892,20,446786,5,,,,,,,,,,,,
15053,2015-05-10,,0.0,0,,9,30054,231,1800,2827,300,30099,20,353826,5,,,,,,,,,,,,
15054,2015-05-12,,0.0,0,,15,22639,134,1800,2153,300,27875,20,328889,5,,,,,,,,,,,,
15055,2015-05-15,,0.0,0,,17,24104,231,1800,3222,300,43510,20,453944,5,,,,,,,,,,,,
15056,2015-05-17,,0.0,0,,12,26678,178,1800,2386,300,31325,20,365660,5,,,,,,,,,,,,
15057,2015-05-19,,0.0,0,,9,40231,186,1800,2202,300,26575,20,312243,5,,,,,,,,,,,,
15058,2015-05-22,,0.0,1,5000000,11,44152,194,1800,2993,300,35023,20,433765,5,,,,,,,,,,,,
15059,2015-05-24,,0.0,0,,5,82096,89,1800,1673,300,24401,20,302117,5,,,,,,,,,,,,
15060,2015-05-26,,0.0,0,,7,53669,150,1800,2120,300,27739,20,321865,5,,,,,,,,,,,,
15061,2015-05-29,,0.0,0,,15,29829,195,1800,3974,300,36668,20,442983,5,,,,,,,,,,,,
15062,2015-05-31,,0.0,9,3820094,21,14910,230,1800,2905,300,32102,20,373025,5,,,,,,,,,,,,
15063,2015-06-02,,0.0,0,,1,337289,125,1800,2033,300,24365,20,307359,5,,,,,,,,,,,,
15064,2015-06-05,,0.0,0,,30,12916,285,1800,3289,300,40014,20,431742,5,,,,,,,,,,,,
15065,2015-06-07,,0.0,2,5000000,22,8720,329,1800,4320,300,40534,20,370676,5,,,,,,,,,,,,
15066,2015-06-09,,0.0,0,,11,29563,160,1800,2120,300,25763,20,316210,5,,,,,,,,,,,,
15067,2015-06-12,,0.0,0,,11,31735,237,1800,3452,300,43868,20,488077,5,,,,,,,,,,,,
15068,2015-06-14,,0.0,0,,8,38164,186,1800,2293,300,31710,20,348692,5,,,,,,,,,,,,
15069,2015-06-16,,0.0,0,,12,28645,151,1800,2053,300,28448,20,315262,5,,,,,,,,,,,,
15070,2015-06-19,,0.0,0,,18,21945,241,1800,3396,300,40059,20,462888,5,,,,,,,,,,,,
15071,2015-06-21,,0.0,1,5000000,6,59160,157,1800,1844,300,24743,20,299130,5,,,,,,,,,,,,
15072,2015-06-23,,0.0,1,5000000,8,41195,158,1800,3140,300,25391,20,312811,5,,,,,,,,,,,,
15073,2015-06-26,,0.0,1,5000000,9,50643,190,1800,2504,300,34277,20,438694,5,,,,,,,,,,,,
15074,2015-06-28,,0.0,1,5000000,11,30821,182,1800,2208,300,26525,20,316783,5,,,,,,,,,,,,
15075,2015-06-30,,0.0,0,,19,16060,197,1800,2331,300,30548,20,358440,5,,,,,,,,,,,,
15076,2015-07-03,,0.0,1,5000000,21,21591,249,1800,3104,300,35705,20,424904,5,,,,,,,,,,,,
15077,2015-07-05,,0.0,5,3192164,12,3280,508,1800,6147,300,61712,20,440599,5,,,,,,,,,,,,
15078,2015-07-07,,0.0,1,5000000,14,23478,162,1800,1856,300,24797,20,306880,5,,,,,,,,,,,,
15079,2015-07-10,,0.0,0,,9,47321,184,1800,2458,300,34731,20,412756,5,,,,,,,,,,,,
15080,2015-07-12,,0.0,1,5000000,13,20791,216,1800,2655,300,28422,20,335561,5,,,,,,,,,,,,
15081,2015-07-14,,0.0,0,,8,30668,199,1800,2878,300,31148,20,343978,5,,,,,,,,,,,,
15082,2015-07-17,,0.0,1,5000000,11,37227,206,1800,2822,300,35765,20,431813,5,,,,,,,,,,,,
15083,2015-07-19,,0.0,1,5000000,13,27659,103,1800,1635,300,22531,20,279940,5,,,,,,,,,,,,
15084,2015-07-21,,0.0,0,,21,15098,138,1800,1970,300,26774,20,305452,5,,,,,,,,,,,,
15085,2015-07-24,,0.0,0,,21,19865,191,1800,2718,300,33621,20,396239,5,,,,,,,,,,,,
15086,2015-07-26,,0.0,1,5000000,11,27873,162,1800,2125,300,27673,20,324180,5,,,,,,,,,,,,
15087,2015-07-28,,0.0,0,,7,50869,94,1800,1679,300,21749,20,284981,5,,,,,,,,,,,,
15088,2015-07-31,,0.0,1,5000000,13,29767,234,1800,3070,300,38226,20,431392,5,,,,,,,,,,,,
15089,2015-08-02,,0.0,0,,3,112991,128,1800,1808,300,24620,20,296894,5,,,,,,,,,,,,
15090,2015-08-04,,0.0,0,,10,32934,172,1800,2004,300,25015,20,297870,5,,,,,,,,,,,,
15091,2015-08-07,,0.0,1,5000000,12,32682,245,1800,3138,300,39303,20,429286,5,,,,,,,,,,,,
15092,2015-08-09,,0.0,0,,13,26433,130,1800,1835,300,24024,20,308786,5,,,,,,,,,,,,
15093,2015-08-11,,0.0,10,2070877,21,15426,119,1800,2329,300,26593,20,333332,5,,,,,,,,,,,,
15094,2015-08-14,,0.0,0,,12,31280,228,1800,3028,300,35586,20,404727,5,,,,,,,,,,,,
15095,2015-08-16,,0.0,0,,4,86807,112,1800,1678,300,23127,20,277200,5,,,,,,,,,,,,
15096,2015-08-18,,0.0,0,,12,25401,174,1800,2335,300,26537,20,314564,5,,,,,,,,,,,,
15097,2015-08-21,,0.0,2,5000000,24,16003,280,1800,3256,300,39267,20,438177,5,,,,,,,,,,,,
15098,2015-08-23,,0.0,0,,12,26453,148,1800,2004,300,26484,20,298932,5,,,,,,,,,,,,
15099,2015-08-25,,0.0,0,,13,25278,144,1800,1933,300,25803,20,309888,5,,,,,,,,,,,,
15100,2015-08-28,,0.0,4,3783771,22,18267,253,1800,3228,300,36452,20,431735,5,,,,,,,,,,,,
15101,2015-08-30,,0.0,1,5000000,6,52137,165,1800,2223,300,23730,20,278068,5,,,,,,,,,,,,
15102,2015-09-01,,0.0,0,,13,23782,144,1800,1915,300,26797,20,296992,5,,,,,,,,,,,,
15103,2015-09-04,,0.0,0,,13,31913,172,1800,2403,300,30465,20,367904,5,,,,,,,,,,,,
15104,2015-09-06,,0.0,1,5000000,12,24198,169,1800,2118,300,29660,20,362957,5,,,,,,,,,,,,
15105,2015-09-08,,0.0,0,,12,28248,125,1800,1821,300,24138,20,284388,5,,,,,,,,,,,,
15106,2015-09-11,,0.0,0,,8,54096,218,1800,2708,300,33385,20,412811,5,,,,,,,,,,,,
15107,2015-09-13,,0.0,0,,18,11129,606,1800,3185,300,32615,20,346312,5,,,,,,,,,,,,
15108,2015-09-15,,0.0,0,,21,14168,193,1800,2907,300,30987,20,338544,5,,,,,,,,,,,,
15109,2015-09-18,,0.0,0,,18,25777,237,1800,2574,300,33473,20,433886,5,,,,,,,,,,,,
15110,2015-09-20,,0.0,1,5000000,16,23970,91,1800,1861,300,26302,20,323730,5,,,,,,,,,,,,
15111,2015-09-22,,0.0,2,5000000,10,34631,192,1800,2175,300,27122,20,310197,5,,,,,,,,,,,,
15112,2015-09-25,,0.0,1,5000000,9,44194,265,1800,3103,300,38615,20,451183,5,,,,,,,,,,,,
15113,2015-09-27,,0.0,2,5000000,24,10823,224,1800,2658,300,38494,20,354084,5,,,,,,,,,,,,
15114,2015-09-29,,0.0,1,5000000,6,56246,161,1800,1986,300,24189,20,285446,5,,,,,,,,,,,,
15115,2015-10-02,,0.0,0,,23,15655,216,1800,2745,300,31901,20,369080,5,,,,,,,,,,,,
15116,2015-10-04,,0.0,0,,26,11055,126,1800,1892,300,23683,20,295410,5,,,,,,,,,,,,
15117,2015-10-06,,0.0,0,,12,20267,249,1800,2679,300,28133,20,314978,5,,,,,,,,,,,,
15118,2015-10-09,,0.0,0,,14,29423,155,1800,3287,300,38485,20,466887,5,,,,,,,,,,,,
15119,2015-10-11,,0.0,1,5000000,16,18720,192,1800,2644,300,32222,20,361957,5,,,,,,,,,,,,
15120,2015-10-13,,0.0,0,,10,33122,209,1800,2348,300,27821,20,329290,5,,,,,,,,,,,,
15121,2015-10-16,,0.0,0,,11,46987,180,1800,2448,300,29020,20,403912,5,,,,,,,,,,,,
15122,2015-10-18,,0.0,0,,8,46177,139,1800,2156,300,26514,20,320190,5,,,,,,,,,,,,
15123,2015-10-20,,0.0,1,5000000,16,17795,210,1800,3230,300,35144,20,385557,5,,,,,,,,,,,,
15124,2015-10-23,,0.0,0,,9,53509,179,1800,2749,300,38457,20,435906,5,,,,,,,,,,,,
15125,2015-10-25,,0.0,1,5000000,20,15854,205,1800,2661,300,31559,20,357774,5,,,,,,,,,,,,
15126,2015-10-27,,0.0,0,,48,7207,178,1800,2230,300,29973,20,347729,5,,,,,,,,,,,,
15127,2015-10-30,,0.0,1,5000000,14,33637,249,1800,2908,300,38166,20,444191,5,,,,,,,,,,,,
15128,2015-11-01,,0.0,0,,14,25377,159,1800,2487,300,29473,20,332639,5,,,,,,,,,,,,
15129,2015-11-03,,0.0,0,,16,18768,274,1800,2814,300,34342,20,384821,5,,,,,,,,,,,,
15130,2015-11-06,,0.0,0,,10,51952,166,1800,2321,300,33966,20,412477,5,,,,,,,,,,,,
15131,2015-11-08,,0.0,0,,9,41947,203,1800,2024,300,27178,20,343843,5,,,,,,,,,,,,
15132,2015-11-10,,0.0,0,,13,27799,198,1800,2480,300,29391,20,345333,5,,,,,,,,,,,,
15133,2015-11-13,,0.0,5,5000000,16,23916,376,1800,4148,300,46714,20,528738,5,,,,,,,,,,,,
15134,2015-11-15,,0.0,1,5000000,11,27433,198,1800,2780,300,35313,20,390057,5,,,,,,,,,,,,
15135,2015-11-17,,0.0,0,,12,29250,144,1800,2323,300,29721,20,341231,5,,,,,,,,,,,,
15136,2015-11-20,,0.0,2,5000000,11,42109,234,1800,3144,300,37485,20,448113,5,,,,,,,,,,,,
15137,2015-11-22,,0.0,0,,5,78196,124,1800,1743,300,24009,20,297597,5,,,,,,,,,,,,
15138,2015-11-24,,0.0,0,,4,83558,179,1800,1931,300,28567,20,330577,5,,,,,,,,,,,,
15139,2015-11-27,,0.0,0,,13,38030,186,1800,2379,300,33810,20,440536,5,,,,,,,,,,,,
15140,2015-11-29,,0.0,0,,5,66426,191,1800,2422,300,32469,20,365439,5,,,,,,,,,,,,
15141,2015-12-01,,0.0,1,5000000,7,54079,149,1800,2282,300,27026,20,334540,5,,,,,,,,,,,,
15142,2015-12-04,,0.0,1,5000000,3,160313,162,1800,2913,300,36060,20,461640,5,,,,,,,,,,,,
15143,2015-12-06,,0.0,1,5000000,12,27227,252,1800,2344,300,31577,20,375804,5,,,,,,,,,,,,
15144,2015-12-08,,0.0,0,,3,119146,151,1800,2336,300,29265,20,352997,5,,,,,,,,,,,,
15145,2015-12-11,,0.0,2,5000000,12,45654,188,1800,2456,300,32771,20,417737,5,,,,,,,,,,,,
15146,2015-12-13,,0.0,0,,19,18394,170,1800,2183,300,29038,20,392263,5,,,,,,,,,,,,
15147,2015-12-15,,0.0,0,,9,45178,104,1800,1832,300,24880,20,329729,5,,,,,,,,,,,,
15148,2015-12-18,,0.0,2,5000000,20,21750,307,1800,3619,300,43623,20,496099,5,,,,,,,,,,,,
15149,2015-12-20,,0.0,6,4710107,25,14674,177,1800,2174,300,31901,20,350304,5,,,,,,,,,,,,
15150,2015-12-22,,0.0,2,3212962,2,190329,97,1800,1828,300,23314,20,296615,5,,,,,,,,,,,,
15151,2015-12-25,,0.0,0,,26,15944,256,1800,3354,300,39400,20,461798,5,,,,,,,,,,,,
15152,2015-12-27,,0.0,1,5000000,9,41830,117,1800,1954,300,25804,20,317430,5,,,,,,,,,,,,
15153,2015-12-29,,0.0,2,3840623,33,8626,218,1800,2867,300,32083,20,374751,5,,,,,,,,,,,,
16001,2016-01-01,,0.0,0,,10,47799,193,1800,2749,300,33560,20,391366,5,,,,,,,,,,,,
16002,2016-01-03,,0.0,1,5000000,10,33162,195,1800,2327,300,27070,20,328883,5,,,,,,,,,,,,
16003,2016-01-05,,0.0,0,,17,18553,203,1800,2486,300,27807,20,326479,5,,,,,,,,,,,,
16004,2016-01-08,,0.0,0,,22,21813,209,1800,2667,300,36384,20,426959,5,,,,,,,,,,,,
16005,2016-01-10,,0.0,1,5000000,15,19013,213,1800,2957,300,34221,20,368050,5,,,,,,,,,,,,
16006,2016-01-12,,0.0,1,5000000,20,13285,223,1800,3040,300,37059,20,390048,5,,,,,,,,,,,,
16007,2016-01-15,,0.0,0,,16,32060,191,1800,2379,300,33127,20,419702,5,,,,,,,,,,,,
16008,2016-01-17,,0.0,1,5000000,21,13730,211,1800,3143,300,35036,20,397140,5,,,,,,,,,,,,
16009,2016-01-19,,0.0,1,5000000,13,30222,163,1800,1849,300,24140,20,308793,5,,,,,,,,,,,,
16010,2016-01-22,,0.0,0,,12,32208,249,1800,3496,300,39693,20,475331,5,,,,,,,,,,,,
16011,2016-01-24,,0.0,1,5000000,19,17102,184,1800,2112,300,28397,20,329289,5,,,,,,,,,,,,
16012,2016-01-26,,0.0,3,4201090,7,48408,153,1800,2296,300,27017,20,320965,5,,,,,,,,,,,,
16013,2016-01-29,,0.0,3,2254304,11,38009,209,1800,2921,300,38864,20,437538,5,,,,,,,,,,,,
16014,2016-01-31,,0.0,1,5000000,7,50109,100,1800,1697,300,24203,20,303256,5,,,,,,,,,,,,
16015,2016-02-02,,0.0,1,3506710,16,16317,178,1800,2417,300,30919,20,381919,5,,,,,,,,,,,,
16016,2016-02-05,,0.0,0,,8,53856,247,1800,2989,300,36829,20,441237,5,,,,,,,,,,,,
16017,2016-02-14,,0.0,0,,2,165031,130,1800,1973,300,24587,20,278237,5,,,,,,,,,,,,
16018,2016-02-16,,0.0,1,5000000,18,11244,286,1800,3453,300,36919,20,378363,5,,,,,,,,,,,,
16019,2016-02-19,,0.0,0,,11,41411,183,1800,2483,300,33575,20,413821,5,,,,,,,,,,,,
16020,2016-02-21,,0.0,0,,11,30284,166,1800,2192,300,26491,20,320988,5,,,,,,,,,,,,
16021,2016-02-23,,0.0,0,,11,25372,175,1800,2838,300,31002,20,377471,5,,,,,,,,,,,,
16022,2016-02-26,,0.0,0,,22,18848,289,1800,3805,300,41497,20,460958,5,,,,,,,,,,,,
16023,2016-02-28,,0.0,0,,14,26151,174,1800,2025,300,28166,20,347607,5,,,,,,,,,,,,
16024,2016-03-01,,0.0,1,5000000,17,20985,169,1800,2279,300,31762,20,359280,5,,,,,,,,,,,,
16025,2016-03-04,,0.0,0,,21,21050,249,1800,3255,300,44336,20,503946,5,,,,,,,,,,,,
16026,2016-03-06,,0.0,0,,36,8489,245,1800,3007,300,35035,20,386179,5,,,,,,,,,,,,
16027,2016-03-08,,0.0,0,,17,20495,192,1800,2478,300,29713,20,350117,5,,,,,,,,,,,,
16028,2016-03-11,,0.0,8,4367179,20,19749,498,1800,3700,300,44034,20,525367,5,,,,,,,,,,,,
16029,2016-03-13,,0.0,0,,15,20712,172,1800,2284,300,30149,20,346388,5,,,,,,,,,,,,
16030,2016-03-15,,0.0,0,,11,26619,190,1800,2756,300,33994,20,378589,5,,,,,,,,,,,,
16031,2016-03-18,,0.0,0,,16,30091,190,1800,2726,300,37054,20,438428,5,,,,,,,,,,,,
16032,2016-03-20,,0.0,0,,7,53956,148,1800,2050,300,25595,20,321998,5,,,,,,,,,,,,
16033,2016-03-22,,0.0,0,,12,28292,235,1800,2520,300,28113,20,332654,5,,,,,,,,,,,,
16034,2016-03-25,,0.0,4,5000000,10,38331,502,1800,3296,300,42418,20,506318,5,,,,,,,,,,,,
16035,2016-03-27,,0.0,1,5000000,8,38006,179,1800,2501,300,28884,20,343024,5,,,,,,,,,,,,
16036,2016-03-29,,0.0,0,,11,29231,147,1800,2372,300,28558,20,326322,5,,,,,,,,,,,,
16037,2016-04-01,,0.0,2,5000000,9,57757,163,1800,2228,300,30640,20,372312,5,,,,,,,,,,,,
16038,2016-04-03,,0.0,2,2563770,8,29549,215,1800,2525,300,31941,20,352292,5,,,,,,,,,,,,
16039,2016-04-05,,0.0,0,,9,35969,187,1800,1846,300,25070,20,296402,5,,,,,,,,,,,,
16040,2016-04-08,,0.0,0,,18,24536,211,1800,2683,300,33506,20,419334,5,,,,,,,,,,,,
16041,2016-04-10,,0.0,1,5000000,16,17823,239,1800,2613,300,31759,20,338650,5,,,,,,,,,,,,
16042,2016-04-12,,0.0,0,,15,19453,236,1800,2508,300,29306,20,321977,5,,,,,,,,,,,,
16043,2016-04-15,,0.0,0,,8,58005,156,1800,2478,300,32045,20,423320,5,,,,,,,,,,,,
16044,2016-04-17,,0.0,0,,9,40709,131,1800,1814,300,24664,20,303393,5,,,,,,,,,,,,
16045,2016-04-19,,0.0,6,3399257,9,35066,150,1800,2501,300,32599,20,361983,5,,,,,,,,,,,,
16046,2016-04-22,,0.0,0,,12,31903,218,1800,3323,300,35833,20,417991,5,,,,,,,,,,,,
16047,2016-04-24,,0.0,0,,2,152836,161,1800,2326,300,29119,20,322452,5,,,,,,,,,,,,
16048,2016-04-26,,0.0,0,,15,22382,168,1800,2107,300,26901,20,299028,5,,,,,,,,,,,,
16049,2016-04-29,,0.0,0,,7,64731,166,1800,2808,300,33059,20,406455,5,,,,,,,,,,,,
16050,2016-05-01,,0.0,0,,15,19495,182,1800,2322,300,26047,20,297549,5,,,,,,,,,,,,
16051,2016-05-03,,0.0,1,5000000,3,120415,122,1800,1811,300,23461,20,289432,5,,,,,,,,,,,,
16052,2016-05-06,,0.0,1,5000000,3,157913,165,1800,2493,300,31993,20,394199,5,,,,,,,,,,,,
16053,2016-05-08,,0.0,0,,5,64933,171,1800,2217,300,29273,20,314803,5,,,,,,,,,,,,
16054,2016-05-10,,0.0,1,5000000,19,15418,212,1800,2282,300,30701,20,349805,5,,,,,,,,,,,,
16055,2016-05-13,,0.0,1,5000000,10,46637,204,1800,2744,300,31360,20,385725,5,,,,,,,,,,,,
16056,2016-05-15,,0.0,3,5000000,15,20601,159,1800,2125,300,29708,20,337645,5,,,,,,,,,,,,
16057,2016-05-17,,0.0,0,,17,17750,185,1800,1953,300,24617,20,309555,5,,,,,,,,,,,,
16058,2016-05-20,,0.0,1,5000000,22,17484,226,1800,2982,300,36547,20,420233,5,,,,,,,,,,,,
16059,2016-05-22,,0.0,0,,8,39910,127,1800,1876,300,23379,20,298826,5,,,,,,,,,,,,
16060,2016-05-24,,0.0,0,,13,22054,162,1800,2175,300,27552,20,333604,5,,,,,,,,,,,,
16061,2016-05-27,,0.0,0,,6,77899,156,1800,2215,300,28816,20,378156,5,,,,,,,,,,,,
16062,2016-05-29,,0.0,0,,14,20899,175,1800,2283,300,29667,20,334036,5,,,,,,,,,,,,
16063,2016-05-31,,0.0,0,,22,11691,251,1800,2954,300,31280,20,333285,5,,,,,,,,,,,,
16064,2016-06-03,,0.0,0,,22,18614,249,1800,3110,300,36596,20,410490,5,,,,,,,,,,,,
16065,2016-06-05,,0.0,3,5000000,12,28166,146,1800,2055,300,24844,20,313982,5,,,,,,,,,,,,
16066,2016-06-07,,0.0,0,,7,38301,179,1800,2480,300,29899,20,329891,5,,,,,,,,,,,,
16067,2016-06-10,,0.0,0,,22,16756,195,1800,3108,300,34092,20,382112,5,,,,,,,,,,,,
16068,2016-06-12,,0.0,0,,6,55064,110,1800,1976,300,28292,20,302697,5,,,,,,,,,,,,
16069,2016-06-14,,0.0,0,,8,37814,237,1800,2211,300,27434,20,295977,5,,,,,,,,,,,,
16070,2016-06-17,,0.0,2,5000000,8,57960,163,1800,2472,300,31544,20,388275,5,,,,,,,,,,,,
16071,2016-06-19,,0.0,5,3917878,20,13860,253,1800,2642,300,28354,20,308485,5,,,,,,,,,,,,
16072,2016-06-21,,0.0,0,,16,19878,125,1800,1618,300,20981,20,263613,5,,,,,,,,,,,,
16073,2016-06-24,,0.0,10,944783,11,36215,185,1800,2468,300,30191,20,376154,5,,,,,,,,,,,,
16074,2016-06-26,,0.0,3,1748415,9,27719,156,1800,2317,300,28923,20,311886,5,,,,,,,,,,,,
16075,2016-06-28,,0.0,3,1890311,11,26979,114,1800,1762,300,23395,20,282299,5,,,,,,,,,,,,
16076,2016-07-01,,0.0,0,,12,33563,164,1800,2455,300,28734,20,354855,5,,,,,,,,,,,,
16077,2016-07-03,,0.0,0,,11,25077,168,1800,2096,300,26076,20,318224,5,,,,,,,,,,,,
16078,2016-07-05,11868848,0.0,1,5000000,6,52885,132,1800,1827,300,22612,20,280929,5,,,,,,,,,,,,
16079,2016-07-08,15460458,0.0,2,4962666,33,9972,265,1800,3168,300,36969,20,423566,5,,,,,,,,,,,,
16080,2016-07-10,11327670,0.0,0,,8,31915,136,1800,1940,300,24955,20,334286,5,,,,,,,,,,,,
16081,2016-07-12,11350304,0.0,0,,17,16842,173,1800,1778,300,22575,20,280424,5,,,,,,,,,,,,
16082,2016-07-15,15381778,0.0,1,5000000,12,35256,153,1800,2278,300,27975,20,357607,5,,,,,,,,,,,,
16083,2016-07-17,11706988,0.0,0,,14,21110,181,1800,1882,300,26367,20,272647,5,,,,,,,,,,,,
16084,2016-07-19,11565332,0.0,0,,5,65190,100,1800,1588,300,21591,20,263856,5,,,,,,,,,,,,
16085,2016-07-22,15582404,0.0,0,,8,47142,220,1800,2806,300,34426,20,387529,5,,,,,,,,,,,,
16086,2016-07-24,11910348,0.0,1,5000000,16,15180,248,1800,2411,300,28630,20,332976,5,,,,,,,,,,,,
16087,2016-07-26,11863016,0.0,0,,6,50493,150,1800,1860,300,24353,20,293642,5,,,,,,,,,,,,
16088,2016-07-29,15936458,0.0,1,5000000,24,14975,247,1800,3307,300,36369,20,410149,5,,,,,,,,,,,,
16089,2016-07-31,12038956,0.0,3,5000000,5,61205,132,1800,2098,300,24824,20,295064,5,,,,,,,,,,,,
16090,2016-08-02,11293896,0.0,0,,15,12733,259,1800,3014,300,32134,20,322171,5,,,,,,,,,,,,
16091,2016-08-05,15226450,0.0,0,,12,33345,163,1800,2405,300,30206,20,368096,5,,,,,,,,,,,,
16092,2016-08-07,11766998,0.0,2,5000000,15,19447,137,1800,1871,300,25125,20,307671,5,,,,,,,,,,,,
16093,2016-08-09,11459478,0.0,0,,26,8466,379,1800,2054,300,25978,20,319199,5,,,,,,,,,,,,
16094,2016-08-12,15103262,0.0,0,,18,20681,195,1800,2634,300,32854,20,375940,5,,,,,,,,,,,,
16095,2016-08-14,11681824,0.0,0,,15,18539,147,1800,1971,300,26052,20,313252,5,,,,,,,,,,,,
16096,2016-08-16,11967294,0.0,0,,8,40460,127,1800,1664,300,23450,20,286065,5,,,,,,,,,,,,
16097,2016-08-19,15976118,0.0,1,5000000,14,25960,262,1800,3143,300,36732,20,408945,5,,,,,,,,,,,,
16098,2016-08-21,12077118,0.0,1,5000000,8,36335,155,1800,2100,300,27118,20,311911,5,,,,,,,,,,,,
16099,2016-08-23,11972288,0.0,0,,6,53129,103,1800,1684,300,23637,20,303059,5,,,,,,,,,,,,
16100,2016-08-26,16067056,0.0,1,5000000,26,16804,167,1800,2176,300,30088,20,389687,5,,,,,,,,,,,,
16101,2016-08-28,12231422,0.0,2,5000000,5,69193,128,1800,1591,300,22463,20,275352,5,,,,,,,,,,,,
16102,2016-08-30,11674528,0.0,0,,8,32629,174,1800,2355,300,26978,20,310180,5,,,,,,,,,,,,
16103,2016-09-02,15856708,0.0,2,5000000,10,38476,248,1800,2862,300,33467,20,389552,5,,,,,,,,,,,,
16104,2016-09-04,11648966,0.0,2,2738509,20,13761,162,1800,2249,300,26357,20,292462,5,,,,,,,,,,,,
16105,2016-09-06,11497830,0.0,0,,24,11392,167,1800,1913,300,26829,20,297708,5,,,,,,,,,,,,
16106,2016-09-09,15485698,0.0,0,,16,26824,179,1800,2237,300,28429,20,346838,5,,,,,,,,,,,,
16107,2016-09-11,11857450,0.0,0,,9,36383,125,1800,1708,300,21727,20,272735,5,,,,,,,,,,,,
16108,2016-09-13,11990462,0.0,0,,10,32087,144,1800,1836,300,22411,20,281665,5,,,,,,,,,,,,
16109,2016-09-16,15410714,0.0,0,,14,31766,152,1800,2032,300,27211,20,335309,5,,,,,,,,,,,,
16110,2016-09-18,12578196,0.0,0,,18,16825,198,1800,2217,300,27622,20,312171,5,,,,,,,,,,,,
16111,2016-09-20,12715694,0.0,2,5000000,27,8682,281,1800,2825,300,34974,20,366704,5,,,,,,,,,,,,
16112,2016-09-23,16591566,0.0,1,5000000,10,45398,174,1800,2288,300,30757,20,395046,5,,,,,,,,,,,,
16113,2016-09-25,12461310,0.0,0,,24,11325,212,1800,2485,300,29580,20,333856,5,,,,,,,,,,,,
16114,2016-09-27,12365934,0.0,0,,8,33475,183,1800,2467,300,29872,20,342861,5,,,,,,,,,,,,
16115,2016-09-30,16845702,0.0,2,5000000,17,23494,236,1800,3247,300,39584,20,413963,5,,,,,,,,,,,,
16116,2016-10-02,11119114,0.0,0,,12,24693,115,1800,1563,300,22152,20,273251,5,,,,,,,,,,,,
16117,2016-10-04,11017060,0.0,0,,4,65173,178,1800,1866,300,23205,20,289422,5,,,,,,,,,,,,
16118,2016-10-07,16222522,0.0,1,5000000,28,11904,357,1800,3059,300,40011,20,451067,5,,,,,,,,,,,,
16119,2016-10-09,12547588,0.0,0,,8,33403,182,1800,2644,300,30985,20,347100,5,,,,,,,,,,,,
16120,2016-10-11,12510748,0.0,0,,16,20468,161,1800,1907,300,25226,20,297766,5,,,,,,,,,,,,
16121,2016-10-14,17101808,0.0,2,5000000,28,14519,261,1800,3132,300,36510,20,434985,5,,,,,,,,,,,,
16122,2016-10-16,12592898,0.0,0,,11,29316,143,1800,2212,300,24091,20,308584,5,,,,,,,,,,,,
16123,2016-10-18,12369474,0.0,2,5000000,12,24052,196,1800,2368,300,26818,20,315038,5,,,,,,,,,,,,
16124,2016-10-21,16053184,0.0,1,5000000,15,29073,167,1800,2251,300,31174,20,381125,5,,,,,,,,,,,,
16125,2016-10-23,12043886,0.0,0,,9,30204,117,1800,2493,300,28762,20,329864,5,,,,,,,,,,,,
16126,2016-10-25,12184110,0.0,2,5000000,13,23940,183,1800,1916,300,24370,20,293274,5,,,,,,,,,,,,
16127,2016-10-28,15604824,0.0,0,,10,38758,193,1800,2671,300,33279,20,391246,5,,,,,,,,,,,,
16128,2016-10-30,11971538,0.0,2,4737974,12,25527,128,1800,1944,300,26338,20,292482,5,,,,,,,,,,,,
16129,2016-11-01,11589692,0.0,0,,14,14252,282,1800,3142,300,31195,20,321902,5,,,,,,,,,,,,
16130,2016-11-04,15917924,0.0,1,5000000,10,38489,209,1800,2785,300,35360,20,406390,5,,,,,,,,,,,,
16131,2016-11-06,11772092,0.0,0,,7,43065,124,1800,2027,300,24708,20,285653,5,,,,,,,,,,,,
16132,2016-11-08,11634292,0.0,1,5000000,8,36260,153,1800,1965,300,23955,20,291187,5,,,,,,,,,,,,
16133,2016-11-11,15747654,0.0,0,,6,70713,166,1800,2262,300,32070,20,370946,5,,,,,,,,,,,,
16134,2016-11-13,12181176,0.0,0,,7,45399,150,1800,1792,300,23771,20,301552,5,,,,,,,,,,,,
16135,2016-11-15,12325056,0.0,0,,19,17227,188,1800,2124,300,23632,20,263552,5,,,,,,,,,,,,
16136,2016-11-18,16677826,0.0,0,,10,39323,228,1800,3408,300,35378,20,419879,5,,,,,,,,,,,,
16137,2016-11-20,12629886,0.0,0,,3,122753,108,1800,1559,300,21371,20,283303,5,,,,,,,,,,,,
16138,2016-11-22,12132986,0.0,0,,14,20575,161,1800,2381,300,26692,20,305343,5,,,,,,,,,,,,
16139,2016-11-25,17007460,0.0,0,,14,33240,197,1800,2556,300,31349,20,386308,5,,,,,,,,,,,,
16140,2016-11-27,13098592,0.0,2,5000000,18,15309,219,1800,2840,300,32328,20,353983,5,,,,,,,,,,,,
16141,2016-11-29,12705196,0.0,0,,7,48567,142,1800,1806,300,23454,20,311869,5,,,,,,,,,,,,
16142,2016-12-02,17379190,0.0,0,,19,22823,255,1800,3049,300,35941,20,417360,5,,,,,,,,,,,,
16143,2016-12-04,13244446,0.0,3,5000000,24,12026,191,1800,2953,300,29997,20,354773,5,,,,,,,,,,,,
16144,2016-12-06,12533194,0.0,0,,10,31624,158,1800,2143,300,26455,20,304482,5,,,,,,,,,,,,
16145,2016-12-09,17104604,0.0,0,,13,29868,254,1800,3084,300,39077,20,466890,5,,,,,,,,,,,,
16146,2016-12-11,13009256,0.0,0,,11,30459,165,1800,2143,300,26064,20,312568,5,,,,,,,,,,,,
16147,2016-12-13,12989212,0.0,0,,9,36202,151,1800,2280,300,26885,20,322598,5,,,,,,,,,,,,
16148,2016-12-16,17664836,0.0,0,,15,29473,250,1800,3195,300,36514,20,419180,5,,,,,,,,,,,,
16149,2016-12-18,13589594,0.0,0,,11,33106,163,1800,2077,300,25706,20,317306,5,,,,,,,,,,,,
16150,2016-12-20,13340562,0.0,0,,13,22213,229,1800,2488,300,31077,20,373786,5,,,,,,,,,,,,
16151,2016-12-23,18424556,0.0,0,,11,47080,191,1800,2621,300,32162,20,415171,5,,,,,,,,,,,,
16152,2016-12-25,13840206,0.0,1,5000000,10,33045,165,1800,2638,300,29764,20,358693,5,,,,,,,,,,,,
16153,2016-12-27,13576086,0.0,0,,14,21998,201,1800,2536,300,31360,20,364549,5,,,,,,,,,,,,
16154,2016-12-30,18740958,0.0,4,5000000,6,90545,179,1800,2266,300,32170,20,420991,5,,,,,,,,,,,,
17001,2017-01-01,13333696,0.0,1,5000000,5,68375,149,1800,2239,300,27587,20,324616,5,,,,,,,,,,,,
17002,2017-01-03,13150080,0.0,0,,19,16869,208,1800,2328,300,26986,20,325146,5,,,,,,,,,,,,
17003,2017-01-06,17722534,0.0,1,5000000,22,18898,294,1800,3357,300,38296,20,444841,5,,,,,,,,,,,,
17004,2017-01-08,13582378,0.0,1,5000000,11,23892,296,1800,3176,300,32412,20,378672,5,,,,,,,,,,,,
17005,2017-01-10,13131036,0.0,6,4338660,12,24440,148,1800,2467,300,32556,20,368755,5,,,,,,,,,,,,
17006,2017-01-13,15999934,0.0,1,5000000,11,36500,205,1800,2523,300,27917,20,428138,5,,,,,,,,,,,,
17007,2017-01-15,11811546,0.0,0,,7,40910,161,1800,2160,300,24394,20,299649,5,,,,,,,,,,,,
17008,2017-01-17,11880628,0.0,0,,8,34007,161,1800,2360,300,28261,20,307572,5,,,,,,,,,,,,
17009,2017-01-20,16281178,0.0,18,524414,136,3600,726,1800,5449,300,60993,20,449163,5,,,,,,,,,,,,
17010,2017-01-22,11671372,0.0,1,4876889,27,7723,303,1800,2608,300,30197,20,340360,5,,,,,,,,,,,,
17011,2017-01-24,11639962,0.0,0,,6,56654,98,1800,1644,300,19531,20,248820,5,,,,,,,,,,,,
17012,2017-02-03,15855606,0.0,1,5000000,7,56708,217,1800,2544,300,35682,20,386448,5,,,,,,,,,,,,
17013,2017-02-05,11541002,0.0,1,5000000,8,41467,114,1800,1594,300,19823,20,251562,5,,,,,,,,,,,,
17014,2017-02-07,11400454,0.0,0,,17,17038,190,1800,1960,300,21879,20,264411,5,,,,,,,,,,,,
17015,2017-02-10,15745114,0.0,0,,12,29694,248,1800,2938,300,36391,20,419218,5,,,,,,,,,,,,
17016,2017-02-12,12082782,0.0,0,,4,86170,78,1800,1668,300,23065,20,274327,5,,,,,,,,,,,,
17017,2017-02-14,12613216,0.0,1,5000000,9,35142,190,1800,2108,300,25247,20,307662,5,,,,,,,,,,,,
17018,2017-02-17,16701100,0.0,0,,10,40447,225,1800,2925,300,35933,20,427522,5,,,,,,,,,,,,
17019,2017-02-19,12765406,0.0,1,5000000,18,14473,252,1800,2914,300,31255,20,339399,5,,,,,,,,,,,,
17020,2017-02-21,12216988,0.0,1,5000000,19,14488,162,1800,2380,300,29744,20,326599,5,,,,,,,,,,,,
17021,2017-02-24,16783078,0.0,0,,22,19237,236,1800,2679,300,34432,20,414862,5,,,,,,,,,,,,
17022,2017-02-26,12961392,0.0,0,,9,36728,126,1800,2150,300,28903,20,319131,5,,,,,,,,,,,,
17023,2017-02-28,13160262,0.0,2,5000000,16,17575,196,1800,2898,300,32439,20,353078,5,,,,,,,,,,,,
17024,2017-03-03,16998420,0.0,0,,23,17384,258,1800,3148,300,37517,20,434320,5,,,,,,,,,,,,
17025,2017-03-05,12882428,0.0,1,5000000,16,20716,173,1800,2088,300,24958,20,312153,5,,,,,,,,,,,,
17026,2017-03-07,12695090,0.0,0,,4,73401,131,1800,2101,300,26491,20,377725,5,,,,,,,,,,,,
17027,2017-03-10,17283234,0.0,3,5000000,12,39026,179,1800,2731,300,33067,20,396561,5,,,,,,,,,,,,
17028,2017-03-12,12251414,0.0,0,,10,27400,151,1800,2346,300,28621,20,343019,5,,,,,,,,,,,,
17029,2017-03-14,12512112,0.0,1,5000000,13,20719,263,1800,2317,300,29011,20,337743,5,,,,,,,,,,,,
17030,2017-03-17,16461978,0.0,0,,32,12710,218,1800,2880,300,34370,20,411055,5,,,,,,,,,,,,
17031,2017-03-19,12450822,0.0,2,4686320,7,43048,142,1800,2291,300,30247,20,307929,5,,,,,,,,,,,,
17032,2017-03-21,12157084,0.0,0,,5,48935,190,1800,2812,300,30908,20,341285,5,,,,,,,,,,,,
17033,2017-03-24,16441616,0.0,2,4211305,24,14909,262,1800,3066,300,39104,20,460915,5,,,,,,,,,,,,
17034,2017-03-26,12062358,0.0,2,2804811,18,16108,210,1800,2172,300,25442,20,294507,5,,,,,,,,,,,,
17035,2017-03-28,12036802,0.0,0,,15,17458,225,1800,2373,300,27921,20,320774,5,,,,,,,,,,,,
17036,2017-03-31,16224084,0.0,0,,10,40172,204,1800,2557,300,32796,20,428460,5,,,,,,,,,,,,
17037,2017-04-02,11687588,0.0,2,5000000,10,30440,151,1800,1867,300,22833,20,278866,5,,,,,,,,,,,,
17038,2017-04-04,11106168,0.0,0,,4,73738,115,1800,1898,300,20958,20,259386,5,,,,,,,,,,,,
17039,2017-04-07,16276816,0.0,3,2857698,27,12010,306,1800,3775,300,46267,20,424841,5,,,,,,,,,,,,
17040,2017-04-09,11493670,0.0,0,,7,42329,124,1800,1909,300,23652,20,279972,5,,,,,,,,,,,,
17041,2017-04-11,11773176,0.0,1,5000000,12,23700,128,1800,1917,300,26553,20,317643,5,,,,,,,,,,,,
17042,2017-04-14,15368762,0.0,1,4914309,25,16390,172,1800,2223,300,30784,20,368181,5,,,,,,,,,,,,
17043,2017-04-16,11299138,0.0,2,1732904,14,19569,157,1800,2105,300,23682,20,281810,5,,,,,,,,,,,,
17044,2017-04-18,11164672,0.0,0,,9,29585,148,1800,1911,300,25856,20,290227,5,,,,,,,,,,,,
17045,2017-04-21,15092504,0.0,0,,9,35120,152,1800,2475,300,35215,20,502818,5,,,,,,,,,,,,
17046,2017-04-23,11533996,0.0,1,5000000,14,16468,204,1800,2607,300,27699,20,328558,5,,,,,,,,,,,,
17047,2017-04-25,11302910,0.0,0,,7,44964,144,1800,1503,300,19663,20,257512,5,,,,,,,,,,,,
17048,2017-04-28,15478520,0.0,3,3281823,11,37338,158,1800,2404,300,30126,20,373833,5,,,,,,,,,,,,
17049,2017-04-30,10477256,0.0,0,,7,34797,193,1800,1976,300,23190,20,258811,5,,,,,,,,,,,,
17050,2017-05-02,11040518,0.0,1,5000000,8,35768,104,1800,1814,300,22580,20,273068,5,,,,,,,,,,,,
17051,2017-05-05,14799188,0.0,0,,5,88597,118,1800,1804,300,24588,20,315272,5,,,,,,,,,,,,
17052,2017-05-07,11286166,0.0,1,5000000,12,20692,180,1800,2419,300,25429,20,297764,5,,,,,,,,,,,,
17053,2017-05-09,11055338,0.0,0,,17,15198,127,1800,2563,300,21350,20,281775,5,,,,,,,,,,,,
17054,2017-05-12,15026302,0.0,0,,9,45547,166,1800,2182,300,28949,20,346247,5,,,,,,,,,,,,
17055,2017-05-14,11425374,0.0,0,,4,80113,116,1800,1605,300,21111,20,256271,5,,,,,,,,,,,,
17056,2017-05-16,11647686,0.0,1,5000000,6,47729,164,1800,1687,300,24191,20,311701,5,,,,,,,,,,,,
17057,2017-05-19,15412942,0.0,2,5000000,13,30312,230,1800,2389,300,30603,20,373795,5,,,,,,,,,,,,
17058,2017-05-21,11141602,0.0,0,,10,30007,115,1800,1748,300,21182,20,260727,5,,,,,,,,,,,,
17059,2017-05-23,11146152,0.0,0,,8,32371,177,1800,2074,300,24476,20,288311,5,,,,,,,,,,,,
17060,2017-05-26,15536294,0.0,1,5000000,21,19221,171,1800,2531,300,32049,20,373651,5,,,,,,,,,,,,
17061,2017-05-28,10893768,0.0,0,,4,62779,197,1800,2241,300,23631,20,265448,5,,,,,,,,,,,,
17062,2017-05-30,10814760,0.0,0,,14,16057,183,1800,2114,300,26358,20,312093,5,,,,,,,,,,,,
17063,2017-06-02,15542046,0.0,0,,16,24905,194,1800,2703,300,31358,20,368683,5,,,,,,,,,,,,
17064,2017-06-04,11888128,0.0,0,,13,24194,132,1800,1849,300,24302,20,280322,5,,,,,,,,,,,,
17065,2017-06-06,11983422,0.0,3,5000000,6,48194,120,1800,2299,300,25634,20,312367,5,,,,,,,,,,,,
17066,2017-06-09,15245858,0.0,5,1533204,20,19191,223,1800,2575,300,33287,20,358506,5,,,,,,,,,,,,
17067,2017-06-11,10976902,0.0,0,,9,35458,93,1800,1517,300,18651,20,238387,5,,,,,,,,,,,,
17068,2017-06-13,11004592,0.0,2,3035649,9,27150,143,1800,2072,300,25143,20,313368,5,,,,,,,,,,,,
17069,2017-06-16,14579194,0.0,0,,7,48286,218,1800,2912,300,30974,20,375657,5,,,,,,,,,,,,
17070,2017-06-18,11147184,0.0,1,5000000,8,34719,152,1800,1996,300,24287,20,265292,5,,,,,,,,,,,,
17071,2017-06-20,10844834,0.0,0,,8,38191,102,1800,1478,300,20160,20,245692,5,,,,,,,,,,,,
17072,2017-06-23,14897972,0.0,0,,11,36633,170,1800,2121,300,27599,20,355214,5,,,,,,,,,,,,
17073,2017-06-25,11337678,0.0,0,,12,22778,153,1800,1811,300,24455,20,302843,5,,,,,,,,,,,,
17074,2017-06-27,11346216,0.0,0,,15,19784,128,1800,1791,300,22135,20,276320,5,,,,,,,,,,,,
17075,2017-06-30,15614864,0.0,0,,17,22155,224,1800,2671,300,33483,20,402150,5,,,,,,,,,,,,
17076,2017-07-02,11793332,0.0,0,,16,18475,128,1800,1745,300,25019,20,313682,5,,,,,,,,,,,,
17077,2017-07-04,11831730,0.0,1,5000000,8,40914,136,1800,1833,300,21748,20,258941,5,,,,,,,,,,,,
17078,2017-07-07,15578592,0.0,3,5000000,14,24792,239,1800,3060,300,35148,20,422278,5,,,,,,,,,,,,
17079,2017-07-09,10956450,0.0,0,,12,24671,128,1800,1625,300,21444,20,252256,5,,,,,,,,,,,,
17080,2017-07-11,10967744,0.0,0,,3,100512,108,1800,1573,300,20530,20,256383,5,,,,,,,,,,,,
17081,2017-07-14,15104568,0.0,1,5000000,5,82965,127,1800,2164,300,29189,20,358276,5,,,,,,,,,,,,
17082,2017-07-16,11178682,0.0,0,,8,32747,158,1800,1968,300,24949,20,296791,5,,,,,,,,,,,,
17083,2017-07-18,11160550,0.0,0,,10,30070,137,1800,1651,300,21346,20,258550,5,,,,,,,,,,,,
17084,2017-07-21,15343020,0.0,0,,6,61523,216,1800,2744,300,33459,20,389095,5,,,,,,,,,,,,
17085,2017-07-23,11556148,0.0,0,,9,31837,164,1800,2012,300,25482,20,277738,5,,,,,,,,,,,,
17086,2017-07-25,11734198,0.0,0,,9,33655,126,1800,1856,300,24394,20,289851,5,,,,,,,,,,,,
17087,2017-07-28,16058426,0.0,1,5000000,15,24672,209,1800,3013,300,38113,20,425075,5,,,,,,,,,,,,
17088,2017-07-30,11820530,0.0,3,5000000,18,13325,205,1800,2631,300,29988,20,327095,5,,,,,,,,,,,,
17089,2017-08-01,11033246,0.0,0,,15,18354,132,1800,1787,300,23768,20,280804,5,,,,,,,,,,,,
17090,2017-08-04,15037870,0.0,0,,13,29438,181,1800,2548,300,30294,20,369104,5,,,,,,,,,,,,
17091,2017-08-06,11374374,0.0,0,,7,44900,97,1800,1626,300,21743,20,266633,5,,,,,,,,,,,,
17092,2017-08-08,11605120,0.0,1,5000000,11,27625,123,1800,1793,300,23311,20,284445,5,,,,,,,,,,,,
17093,2017-08-11,15565574,0.0,1,5000000,16,22135,169,1800,3116,300,38977,20,413380,5,,,,,,,,,,,,
17094,2017-08-13,11528850,0.0,1,5000000,12,22011,127,1800,2023,300,25613,20,331991,5,,,,,,,,,,,,
17095,2017-08-15,11353820,0.0,1,5000000,12,25301,104,1800,1609,300,22548,20,281261,5,,,,,,,,,,,,
17096,2017-08-18,15230606,0.0,3,3965569,9,45081,190,1800,2173,300,29550,20,364147,5,,,,,,,,,,,,
17097,2017-08-20,10522348,0.0,0,,7,42900,117,1800,1379,300,18027,20,233610,5,,,,,,,,,,,,
17098,2017-08-22,10613342,0.0,0,,5,57615,111,1800,1528,300,19683,20,253582,5,,,,,,,,,,,,
17099,2017-08-25,14788802,0.0,0,,13,27532,187,1800,2728,300,32195,20,373666,5,,,,,,,,,,,,
17100,2017-08-27,11230012,0.0,1,5000000,12,24189,131,1800,1660,300,22961,20,281381,5,,,,,,,,,,,,
17101,2017-08-29,10999368,0.0,0,,2,148147,135,1800,1753,300,20742,20,248599,5,,,,,,,,,,,,
17102,2017-09-01,15397964,0.0,0,,12,33609,225,1800,2427,300,29041,20,359598,5,,,,,,,,,,,,
17103,2017-09-03,11712094,0.0,1,5000000,4,81717,79,1800,1573,300,21386,20,285682,5,,,,,,,,,,,,
17104,2017-09-05,11489712,0.0,0,,6,44707,163,1800,1960,300,25031,20,313095,5,,,,,,,,,,,,
17105,2017-09-08,15844870,0.0,0,,16,23778,249,1800,2978,300,33609,20,389142,5,,,,,,,,,,,,
17106,2017-09-10,11980638,0.0,1,5000000,10,24459,209,1800,2482,300,30133,20,340229,5,,,,,,,,,,,,
17107,2017-09-12,11731394,0.0,1,5000000,15,19815,121,1800,1897,300,24527,20,299730,5,,,,,,,,,,,,
17108,2017-09-15,15793232,0.0,0,,14,28938,187,1800,2698,300,32023,20,380174,5,,,,,,,,,,,,
17109,2017-09-17,11897498,0.0,1,5000000,10,25895,193,1800,2397,300,28331,20,321421,5,,,,,,,,,,,,
17110,2017-09-19,11761544,0.0,1,5000000,8,34344,165,1800,2056,300,25477,20,318459,5,,,,,,,,,,,,
17111,2017-09-22,15571298,0.0,2,5000000,8,52204,171,1800,2200,300,30576,20,374857,5,,,,,,,,,,,,
17112,2017-09-24,11117704,0.0,1,5000000,7,45799,86,1800,1569,300,20229,20,242323,5,,,,,,,,,,,,
17113,2017-09-26,10759708,0.0,1,4629275,9,30288,117,1800,1828,300,22647,20,266864,5,,,,,,,,,,,,
17114,2017-09-29,14543370,0.0,1,3440445,20,13558,281,1800,3515,300,38650,20,416269,5,,,,,,,,,,,,
17115,2017-10-01,9905000,0.0,0,,7,40156,87,1800,1344,300,18440,20,222774,5,,,,,,,,,,,,
17116,2017-10-03,9424076,0.0,0,,6,44640,73,1800,1288,300,16764,20,217253,5,,,,,,,,,,,,
17117,2017-10-06,13728506,0.0,0,,8,49844,107,1800,1802,300,23701,20,306434,5,,,,,,,,,,,,
17118,2017-10-08,11048914,0.0,0,,6,50250,106,1800,1557,300,21188,20,263450,5,,,,,,,,,,,,
17119,2017-10-10,11150112,0.0,1,5000000,9,33414,84,1800,1726,300,21754,20,270434,5,,,,,,,,,,,,
17120,2017-10-13,15441754,0.0,0,,19,18071,204,1800,3041,300,36668,20,424020,5,,,,,,,,,,,,
17121,2017-10-15,11555174,0.0,1,5000000,19,10433,272,1800,3044,300,30555,20,333150,5,,,,,,,,,,,,
17122,2017-10-17,11315382,0.0,0,,6,49495,122,1800,1840,300,22273,20,271551,5,,,,,,,,,,,,
17123,2017-10-20,16067148,0.0,1,5000000,10,41633,176,1800,2589,300,33232,20,390283,5,,,,,,,,,,,,
17124,2017-10-22,11642700,0.0,0,,5,54522,164,1800,1918,300,24817,20,322370,5,,,,,,,,,,,,
17125,2017-10-24,11752670,0.0,0,,3,99088,141,1800,2617,300,22357,20,260022,5,,,,,,,,,,,,
17126,2017-10-27,16230982,0.0,0,,5,87973,108,1800,2367,300,32372,20,400513,5,,,,,,,,,,,,
17127,2017-10-29,12221890,0.0,2,5000000,18,15739,150,1800,2368,300,27972,20,323168,5,,,,,,,,,,,,
17128,2017-10-31,11752486,0.0,0,,7,43767,133,1800,1856,300,23186,20,287013,5,,,,,,,,,,,,
17129,2017-11-03,16159784,0.0,0,,14,28421,249,1800,2741,300,33493,20,399782,5,,,,,,,,,,,,
17130,2017-11-05,12221864,0.0,0,,8,39612,163,1800,1945,300,25951,20,284755,5,,,,,,,,,,,,
17131,2017-11-07,12116274,0.0,1,5000000,1,352864,101,1800,1652,300,20374,20,264689,5,,,,,,,,,,,,
17132,2017-11-10,16461484,0.0,0,,15,25642,214,1800,3105,300,37446,20,430831,5,,,,,,,,,,,,
17133,2017-11-12,12311884,0.0,0,,3,120979,98,1800,1538,300,21931,20,265404,5,,,,,,,,,,,,
17134,2017-11-14,12219654,0.0,1,5000000,14,19450,195,1800,2266,300,28572,20,332457,5,,,,,,,,,,,,
17135,2017-11-17,16585206,0.0,0,,5,90469,187,1800,2555,300,30874,20,376542,5,,,,,,,,,,,,
17136,2017-11-19,12311168,0.0,1,5000000,4,82858,136,1800,1582,300,24518,20,301677,5,,,,,,,,,,,,
17137,2017-11-21,12221514,0.0,0,,9,34936,149,1800,2028,300,25057,20,293298,5,,,,,,,,,,,,
17138,2017-11-24,16787976,0.0,2,5000000,14,32780,154,1800,2421,300,32227,20,397764,5,,,,,,,,,,,,
17139,2017-11-26,12360926,0.0,1,5000000,12,21406,199,1800,2430,300,29888,20,360612,5,,,,,,,,,,,,
17140,2017-11-28,12173316,0.0,0,,12,22182,213,1800,2648,300,28631,20,310514,5,,,,,,,,,,,,
17141,2017-12-01,16753636,0.0,2,5000000,13,35739,183,1800,2356,300,30749,20,382395,5,,,,,,,,,,,,
17142,2017-12-03,12116906,0.0,1,5000000,17,16592,174,1800,1960,300,27366,20,333599,5,,,,,,,,,,,,
17143,2017-12-05,11807622,0.0,0,,9,34178,148,1800,1941,300,23232,20,279268,5,,,,,,,,,,,,
17144,2017-12-08,16530858,0.0,5,4267071,14,29353,247,1800,2464,300,35012,20,421327,5,,,,,,,,,,,,
17145,2017-12-10,11075506,0.0,0,,20,11702,180,1800,2530,300,29925,20,281011,5,,,,,,,,,,,,
17146,2017-12-12,11013712,0.0,0,,16,11734,292,1800,2440,300,30394,20,330750,5,,,,,,,,,,,,
17147,2017-12-15,15273746,0.0,1,5000000,10,44435,134,1800,1910,300,26916,20,337606,5,,,,,,,,,,,,
17148,2017-12-17,11135742,0.0,0,,10,30787,112,1800,1575,300,19398,20,263135,5,,,,,,,,,,,,
17149,2017-12-19,11193552,0.0,3,2795544,23,8794,215,1800,2884,300,30449,20,320206,5,,,,,,,,,,,,
17150,2017-12-22,14900872,0.0,1,4557220,10,39524,189,1800,2323,300,29426,20,344668,5,,,,,,,,,,,,
17151,2017-12-24,10987822,0.0,0,,16,16220,156,1800,2064,300,24498,20,279767,5,,,,,,,,,,,,
17152,2017-12-26,11096076,0.0,0,,6,54325,61,1800,1429,300,20286,20,246671,5,,,,,,,,,,,,
17153,2017-12-29,15454576,0.0,3,3126964,26,13297,240,1800,2985,300,36383,20,412044,5,,,,,,,,,,,,
17154,2017-12-31,11119976,0.0,0,,10,28901,129,1800,1783,300,21854,20,270894,5,,,,,,,,,,,,
18001,2018-01-02,11052918,0.0,0,,15,19023,121,1800,1801,300,22729,20,269940,5,,,,,,,,,,,,
18002,2018-01-05,14978694,0.0,1,5000000,10,38717,163,1800,2360,300,29981,20,373368,5,,,,,,,,,,,,
18003,2018-01-07,11041830,0.0,2,3640623,23,12692,120,1800,1812,300,21634,20,259777,5,,,,,,,,,,,,
18004,2018-01-09,10483466,0.0,0,,7,41327,98,1800,1499,300,19811,20,244333,5,,,,,,,,,,,,
18005,2018-01-12,14643496,0.0,2,3352838,33,10444,221,1800,2742,300,33005,20,369617,5,,,,,,,,,,,,
18006,2018-01-14,10759046,0.0,1,3218952,12,20545,146,1800,2109,300,24825,20,282886,5,,,,,,,,,,,,
18007,2018-01-16,10620818,0.0,0,,3,99466,104,1800,1511,300,18138,20,243389,5,,,,,,,,,,,,
18008,2018-01-19,15005226,0.0,1,5000000,11,40004,141,1800,1914,300,25216,20,323952,5,,,,,,,,,,,,
18009,2018-01-21,10796894,0.0,0,,9,33245,114,1800,1596,300,18703,20,248060,5,,,,,,,,,,,,
18010,2018-01-23,10753636,0.0,0,,10,21555,176,1800,2244,300,29241,20,307773,5,,,,,,,,,,,,
18011,2018-01-26,14709410,0.0,2,5000000,7,50892,168,1800,2576,300,33173,20,381300,5,,,,,,,,,,,,
18012,2018-01-28,10295556,0.0,0,,14,18610,145,1800,1935,300,20565,20,237320,5,,,,,,,,,,,,
18013,2018-01-30,10420718,0.0,1,5000000,20,10956,202,1800,2146,300,25460,20,279640,5,,,,,,,,,,,,
18014,2018-02-02,14184414,0.0,1,4077728,20,17098,219,1800,2703,300,29455,20,347293,5,,,,,,,,,,,,
18015,2018-02-04,10350704,0.0,1,3508439,7,39816,101,1800,1604,300,19510,20,246298,5,,,,,,,,,,,,
18016,2018-02-06,10213818,0.0,0,,11,24990,126,1800,1522,300,19505,20,236466,5,,,,,,,,,,,,
18017,2018-02-09,14507992,0.0,0,,8,48480,147,1800,2156,300,28406,20,350197,5,,,,,,,,,,,,
18018,2018-02-11,10826900,0.0,2,4693463,6,44857,143,1800,1729,300,22417,20,277857,5,,,,,,,,,,,,
18019,2018-02-13,10530864,0.0,0,,8,32788,118,1800,1772,300,22509,20,268576,5,,,,,,,,,,,,
18020,2018-02-23,14725424,0.0,0,,10,38406,179,1800,2224,300,29026,20,360973,5,,,,,,,,,,,,
18021,2018-02-25,10858034,0.0,0,,7,35438,146,1800,2084,300,25267,20,289284,5,,,,,,,,,,,,
18022,2018-02-27,11031790,0.0,0,,7,42034,107,1800,1793,300,21573,20,260234,5,,,,,,,,,,,,
18023,2018-03-02,15230260,0.0,0,,14,28921,169,1800,2392,300,30195,20,357635,5,,,,,,,,,,,,
18024,2018-03-04,11476458,0.0,9,1806401,89,3600,284,1800,4095,300,45556,20,391111,5,,,,,,,,,,,,
18025,2018-03-06,10465308,0.0,0,,5,56709,99,1800,1503,300,20710,20,249842,5,,,,,,,,,,,,
18026,2018-03-09,14695658,0.0,1,5000000,18,19478,186,1800,2898,300,30683,20,375369,5,,,,,,,,,,,,
18027,2018-03-11,10787460,0.0,0,,5,59526,113,1800,1623,300,19866,20,244385,5,,,,,,,,,,,,
18028,2018-03-13,10922228,0.0,0,,12,22067,163,1800,1835,300,24200,20,275182,5,,,,,,,,,,,,
18029,2018-03-16,15076154,0.0,2,5000000,19,19224,178,1800,2434,300,32726,20,405899,5,,,,,,,,,,,,
18030,2018-03-18,10780116,0.0,1,3056717,7,32646,185,1800,2122,300,25881,20,301959,5,,,,,,,,,,,,
18031,2018-03-20,10489228,0.0,0,,12,23566,91,1800,1399,300,21288,20,260487,5,,,,,,,,,,,,
18032,2018-03-23,14787932,0.0,0,,10,41281,145,1800,2036,300,27270,20,340138,5,,,,,,,,,,,,
18033,2018-03-25,11117340,0.0,0,,13,18912,175,1800,2053,300,26969,20,303706,5,,,,,,,,,,,,
18034,2018-03-27,11163506,0.0,0,,11,27488,125,1800,1701,300,20086,20,261863,5,,,,,,,,,,,,
18035,2018-03-30,15427188,0.0,2,5000000,18,20872,182,1800,2846,300,33510,20,390126,5,,,,,,,,,,,,
18036,2018-04-01,10890696,0.0,0,,4,75792,95,1800,1538,300,20813,20,251213,5,,,,,,,,,,,,
18037,2018-04-03,10709956,0.0,1,5000000,11,23042,160,1800,1883,300,23574,20,277758,5,,,,,,,,,,,,
18038,2018-04-06,13643088,0.0,0,,14,23864,205,1800,2349,300,27750,20,343078,5,,,,,,,,,,,,
18039,2018-04-08,11147928,0.0,0,,7,42705,92,1800,1628,300,22351,20,274409,5,,,,,,,,,,,,
18040,2018-04-10,11068148,0.0,0,,9,34334,121,1800,1554,300,19592,20,251497,5,,,,,,,,,,,,
18041,2018-04-13,15192612,0.0,0,,14,29471,138,1800,2256,300,29507,20,360604,5,,,,,,,,,,,,
18042,2018-04-15,11681074,0.0,0,,12,27514,109,1800,1463,300,22038,20,269217,5,,,,,,,,,,,,
18043,2018-04-17,11778978,0.0,1,5000000,10,32854,112,1800,1705,300,21941,20,266860,5,,,,,,,,,,,,
18044,2018-04-20,15670862,0.0,0,,15,21872,268,1800,3368,300,37690,20,430235,5,,,,,,,,,,,,
18045,2018-04-22,11678114,0.0,1,5000000,11,27997,167,1800,1862,300,22058,20,268438,5,,,,,,,,,,,,
18046,2018-04-24,11541090,0.0,0,,5,64773,129,1800,1625,300,20258,20,258318,5,,,,,,,,,,,,
18047,2018-04-27,15817004,0.0,0,,12,35055,148,1800,2483,300,31102,20,382059,5,,,,,,,,,,,,
18048,2018-04-29,11300668,0.0,1,5000000,4,75130,121,1800,1655,300,23150,20,270963,5,,,,,,,,,,,,
18049,2018-05-01,11031788,0.0,0,,18,13061,187,1800,2266,300,28280,20,294485,5,,,,,,,,,,,,
18050,2018-05-04,16052468,0.0,2,5000000,44,5508,460,1800,4479,300,46715,20,467161,5,,,,,,,,,,,,
18051,2018-05-06,11527160,0.0,0,,16,16829,160,1800,2170,300,27251,20,294317,5,,,,,,,,,,,,
18052,2018-05-08,11608514,0.0,0,,6,46932,139,1800,1963,300,24156,20,310006,5,,,,,,,,,,,,
18053,2018-05-11,15947758,0.0,0,,24,12062,892,1800,2737,300,32226,20,369619,5,,,,,,,,,,,,
18054,2018-05-13,11732146,0.0,3,5000000,12,21618,170,1800,2237,300,29980,20,315568,5,,,,,,,,,,,,
18055,2018-05-15,11057006,0.0,1,5000000,10,25410,184,1800,1956,300,23564,20,297515,5,,,,,,,,,,,,
18056,2018-05-18,14899538,0.0,1,5000000,9,42300,186,1800,2412,300,31272,20,361973,5,,,,,,,,,,,,
18057,2018-05-20,10905242,0.0,5,2262532,6,47539,106,1800,1767,300,23564,20,259809,5,,,,,,,,,,,,
18058,2018-05-22,10030046,0.0,0,,8,34572,114,1800,1406,300,18329,20,231067,5,,,,,,,,,,,,
18059,2018-05-25,14022476,0.0,0,,13,27314,161,1800,2294,300,31237,20,343476,5,,,,,,,,,,,,
18060,2018-05-27,10590118,0.0,0,,8,31738,174,1800,1840,300,22900,20,265376,5,,,,,,,,,,,,
18061,2018-05-29,10688414,0.0,0,,5,63146,83,1800,1321,300,18387,20,233316,5,,,,,,,,,,,,
18062,2018-06-01,14496376,0.0,2,5000000,30,11831,227,1800,2586,300,30760,20,350825,5,,,,,,,,,,,,
18063,2018-06-03,10467536,0.0,0,,14,9386,223,1800,2710,300,36267,20,375037,5,,,,,,,,,,,,
18064,2018-06-05,10245938,0.0,0,,17,11952,232,1800,2378,300,25893,20,267938,5,,,,,,,,,,,,
18065,2018-06-08,14313664,0.0,2,5000000,10,40250,154,1800,1813,300,26298,20,328320,5,,,,,,,,,,,,
18066,2018-06-10,9976200,0.0,0,,7,38981,88,1800,1438,300,19440,20,236213,5,,,,,,,,,,,,
18067,2018-06-12,10014118,0.0,0,,5,56281,123,1800,1432,300,17348,20,218976,5,,,,,,,,,,,,
18068,2018-06-15,13985274,0.0,0,,12,33379,130,1800,1843,300,24567,20,313806,5,,,,,,,,,,,,
18069,2018-06-17,10350656,0.0,0,,8,31191,150,1800,1774,300,22475,20,264960,5,,,,,,,,,,,,
18070,2018-06-19,10671396,0.0,0,,4,70865,98,1800,1585,300,21353,20,263084,5,,,,,,,,,,,,
18071,2018-06-22,13999660,0.0,1,5000000,4,93246,165,1800,2207,300,26971,20,326287,5,,,,,,,,,,,,
18072,2018-06-24,10305278,0.0,0,,4,56028,168,1800,1952,300,24029,20,287976,5,,,,,,,,,,,,
18073,2018-06-26,10220282,0.0,2,5000000,6,42208,129,1800,1707,300,23404,20,252609,5,,,,,,,,,,,,
18074,2018-06-29,13373002,0.0,0,,7,54146,128,1800,1702,300,24228,20,307391,5,,,,,,,,,,,,
18075,2018-07-01,10200758,0.0,0,,5,52597,159,1800,1598,300,19692,20,241807,5,,,,,,,,,,,,
18076,2018-07-03,10253814,0.0,3,5000000,26,7510,168,1800,2463,300,26308,20,300852,5,,,,,,,,,,,,
18077,2018-07-06,12720580,0.0,0,,16,20970,145,1800,2018,300,25006,20,302270,5,,,,,,,,,,,,
18078,2018-07-08,9795688,0.0,0,,4,64497,98,1800,1421,300,18808,20,248224,5,,,,,,,,,,,,
18079,2018-07-10,9815102,0.0,0,,7,33371,134,1800,1649,300,21574,20,261209,5,,,,,,,,,,,,
18080,2018-07-13,13383600,0.0,0,,11,33462,102,1800,2003,300,27850,20,307116,5,,,,,,,,,,,,
18081,2018-07-15,10209870,0.0,0,,6,43284,109,1800,1725,300,21651,20,251811,5,,,,,,,,,,,,
18082,2018-07-17,10292834,0.0,2,5000000,11,21789,170,1800,1948,300,24335,20,253898,5,,,,,,,,,,,,
18083,2018-07-20,13178932,0.0,1,5000000,14,23061,178,1800,2392,300,27742,20,327234,5,,,,,,,,,,,,
18084,2018-07-22,9651950,0.0,0,,3,96135,98,1800,1182,300,15432,20,201150,5,,,,,,,,,,,,
18085,2018-07-24,9622504,0.0,0,,8,32973,100,1800,1369,300,17848,20,225899,5,,,,,,,,,,,,
18086,2018-07-27,13465254,0.0,0,,2,189289,121,1800,1966,300,25507,20,298890,5,,,,,,,,,,,,
18087,2018-07-29,10188378,0.0,1,5000000,20,12972,111,1800,1803,300,21002,20,247411,5,,,,,,,,,,,,
18088,2018-07-31,9938050,0.0,0,,3,92083,92,1800,1434,300,18174,20,229573,5,,,,,,,,,,,,
18089,2018-08-03,13715632,0.0,1,5000000,15,10768,323,1800,3727,300,55206,20,460341,5,,,,,,,,,,,,
18090,2018-08-05,10084388,0.0,1,5000000,11,21440,162,1800,1950,300,22575,20,250961,5,,,,,,,,,,,,
18091,2018-08-07,9704726,0.0,0,,6,43229,89,1800,1528,300,18632,20,234064,5,,,,,,,,,,,,
18092,2018-08-10,13425640,0.0,0,,3,114941,152,1800,2284,300,26778,20,327193,5,,,,,,,,,,,,
18093,2018-08-12,10205432,0.0,1,5000000,7,42957,77,1800,1333,300,17420,20,221351,5,,,,,,,,,,,,
18094,2018-08-14,9896966,0.0,0,,7,38661,98,1800,1433,300,18543,20,233208,5,,,,,,,,,,,,
18095,2018-08-17,13999034,0.0,0,,14,24730,163,1800,2463,300,29239,20,356043,5,,,,,,,,,,,,
18096,2018-08-19,10386776,0.0,0,,4,69801,115,1800,1487,300,19901,20,249267,5,,,,,,,,,,,,
18097,2018-08-21,10509118,0.0,0,,9,28396,103,1800,1742,300,23512,20,283105,5,,,,,,,,,,,,
18098,2018-08-24,14506668,0.0,0,,29,9929,327,1800,2644,300,36556,20,423151,5,,,,,,,,,,,,
18099,2018-08-26,11074468,0.0,0,,12,21316,157,1800,2325,300,25633,20,275146,5,,,,,,,,,,,,
18100,2018-08-28,11033906,0.0,0,,13,19723,158,1800,3083,300,20701,20,243854,5,,,,,,,,,,,,
18101,2018-08-31,15080096,0.0,2,5000000,21,17770,195,1800,2609,300,32113,20,376312,5,,,,,,,,,,,,
18102,2018-09-02,11057108,0.0,0,,13,23926,116,1800,1440,300,20707,20,250519,5,,,,,,,,,,,,
18103,2018-09-04,10952214,0.0,1,5000000,5,59974,129,1800,1499,300,20851,20,253791,5,,,,,,,,,,,,
18104,2018-09-07,14821080,0.0,0,,6,61453,227,1800,2423,300,30542,20,365750,5,,,,,,,,,,,,
18105,2018-09-09,11278182,0.0,0,,20,13996,122,1800,1907,300,24965,20,287186,5,,,,,,,,,,,,
18106,2018-09-11,11189020,0.0,0,,10,23692,159,1800,2408,300,29501,20,302959,5,,,,,,,,,,,,
18107,2018-09-14,15453462,0.0,0,,6,63759,193,1800,2541,300,32901,20,395777,5,,,,,,,,,,,,
18108,2018-09-16,11210048,0.0,0,,7,41018,100,1800,1895,300,23781,20,279505,5,,,,,,,,,,,,
18109,2018-09-18,11453460,0.0,1,5000000,8,34547,143,1800,1925,300,25402,20,301095,5,,,,,,,,,,,,
18110,2018-09-21,15442048,0.0,0,,8,54018,140,1800,2205,300,28993,20,350346,5,,,,,,,,,,,,
18111,2018-09-23,11257168,0.0,1,5000000,10,28084,141,1800,1891,300,23474,20,283393,5,,,,,,,,,,,,
18112,2018-09-25,11266020,0.0,0,,7,42026,119,1800,1719,300,21056,20,285498,5,,,,,,,,,,,,
18113,2018-09-28,16106394,0.0,0,,7,64991,124,1800,2045,300,30070,20,380931,5,,,,,,,,,,,,
18114,2018-09-30,11987132,0.0,1,5000000,2,175515,89,1800,1701,300,20283,20,257443,5,,,,,,,,,,,,
18115,2018-10-02,10671794,0.0,0,,16,15640,162,1800,2045,300,23157,20,271703,5,,,,,,,,,,,,
18116,2018-10-05,14931230,0.0,1,5000000,13,27510,220,1800,2582,300,32959,20,382028,5,,,,,,,,,,,,
18117,2018-10-07,11675662,0.0,0,,4,73464,160,1800,1932,300,24745,20,284002,5,,,,,,,,,,,,
18118,2018-10-09,11857174,0.0,0,,54,6238,124,1800,1684,300,20784,20,259426,5,,,,,,,,,,,,
18119,2018-10-12,16389682,0.0,6,5000000,5,78165,168,1800,3832,300,36531,20,388014,5,,,,,,,,,,,,
18120,2018-10-14,11137492,0.0,0,,14,11466,231,1800,3565,300,34984,20,333424,5,,,,,,,,,,,,
18121,2018-10-16,11065226,0.0,1,5000000,9,35006,109,1800,1554,300,19278,20,244686,5,,,,,,,,,,,,
18122,2018-10-19,15194974,0.0,1,5000000,17,19447,251,1800,2901,300,37647,20,412896,5,,,,,,,,,,,,
18123,2018-10-21,11048308,0.0,0,,15,18336,136,1800,1779,300,22688,20,286188,5,,,,,,,,,,,,
18124,2018-10-23,11060758,0.0,1,5000000,9,30475,138,1800,1794,300,23264,20,285028,5,,,,,,,,,,,,
18125,2018-10-26,15152150,0.0,0,,34,8227,350,1800,3752,300,37948,20,422559,5,,,,,,,,,,,,
18126,2018-10-28,11178916,0.0,0,,3,102032,150,1800,1664,300,19148,20,252904,5,,,,,,,,,,,,
18127,2018-10-30,11122364,0.0,0,,11,19996,197,1800,2231,300,30692,20,322517,5,,,,,,,,,,,,
18128,2018-11-02,15668720,0.0,0,,8,48363,259,1800,2893,300,32352,20,365488,5,,,,,,,,,,,,
18129,2018-11-04,11539832,0.0,0,,17,17860,123,1800,1721,300,22448,20,286329,5,,,,,,,,,,,,
18130,2018-11-06,11282346,0.0,0,,3,101198,113,1800,1568,300,21457,20,277891,5,,,,,,,,,,,,
18131,2018-11-09,15966138,0.0,2,5000000,74,3028,316,1800,4425,300,49054,20,540981,5,,,,,,,,,,,,
18132,2018-11-11,11462368,0.0,0,,9,35347,121,1800,1676,300,20486,20,261002,5,,,,,,,,,,,,
18133,2018-11-13,11413678,0.0,0,,30,10312,135,1800,1641,300,21789,20,265546,5,,,,,,,,,,,,
18134,2018-11-16,15656230,0.0,0,,5,73046,183,1800,2922,300,34171,20,425963,5,,,,,,,,,,,,
18135,2018-11-18,11714544,0.0,0,,20,7180,304,1800,4069,300,37435,20,357480,5,,,,,,,,,,,,
18136,2018-11-20,11626478,0.0,0,,8,39358,102,1800,1731,300,22569,20,278795,5,,,,,,,,,,,,
18137,2018-11-23,16103480,0.0,0,,9,44071,191,1800,2706,300,34857,20,414306,5,,,,,,,,,,,,
18138,2018-11-25,12068032,0.0,0,,4,84206,123,1800,1632,300,22253,20,277800,5,,,,,,,,,,,,
18139,2018-11-27,11924216,0.0,0,,13,22265,183,1800,2070,300,25160,20,298960,5,,,,,,,,,,,,
18140,2018-11-30,16509210,0.0,0,,13,29626,237,1800,3198,300,36270,20,425324,5,,,,,,,,,,,,
18141,2018-12-02,12352650,0.0,0,,11,34019,81,1800,1452,300,20319,20,264566,5,,,,,,,,,,,,
18142,2018-12-04,12164732,0.0,0,,4,76801,171,1800,1974,300,24149,20,301138,5,,,,,,,,,,,,
18143,2018-12-07,16318842,0.0,5,5000000,27,13389,282,1800,3288,300,36569,20,431144,5,,,,,,,,,,,,
18144,2018-12-09,11572334,0.0,0,,10,29108,116,1800,1967,300,24337,20,294783,5,,,,,,,,,,,,
18145,2018-12-11,11501718,0.0,2,5000000,12,23417,163,1800,1896,300,24302,20,295502,5,,,,,,,,,,,,
18146,2018-12-14,15666676,0.0,1,5000000,16,25601,168,1800,2593,300,31501,20,374034,5,,,,,,,,,,,,
18147,2018-12-16,11705100,0.0,6,4973750,11,25294,172,1800,1990,300,26467,20,303426,5,,,,,,,,,,,,
18148,2018-12-18,10189998,0.0,0,,16,17530,85,1800,1564,300,19529,20,235099,5,,,,,,,,,,,,
18149,2018-12-21,14371382,0.0,1,5000000,4,89709,194,1800,2289,300,29878,20,364029,5,,,,,,,,,,,,
18150,2018-12-23,10323820,0.0,0,,18,14357,139,1800,1866,300,21511,20,246824,5,,,,,,,,,,,,
18151,2018-12-25,10309656,0.0,0,,9,31816,122,1800,1481,300,18014,20,232809,5,,,,,,,,,,,,
18152,2018-12-28,14215932,0.0,1,5000000,10,33539,198,1800,2607,300,32197,20,365892,5,,,,,,,,,,,,
18153,2018-12-30,10151120,0.0,2,3514724,19,13766,131,1800,1813,300,19801,20,236554,5,,,,,,,,,,,,
19001,2019-01-01,9983804,0.0,0,,2,129761,103,1800,1582,300,20081,20,247044,5,,,,,,,,,,,,
19002,2019-01-04,14151386,0.0,1,5000000,4,99971,104,1800,1772,300,25907,20,339673,5,,,,,,,,,,,,
19003,2019-01-06,10274888,0.0,0,,3,94533,118,1800,1420,300,18482,20,238132,5,,,,,,,,,,,,
19004,2019-01-08,10116240,0.0,0,,8,32437,125,1800,1702,300,20165,20,244614,5,,,,,,,,,,,,
19005,2019-01-11,14377312,0.0,1,5000000,14,24439,232,1800,2568,300,32040,20,358907,5,,,,,,,,,,,,
19006,2019-01-13,10501844,0.0,0,,6,49207,135,1800,1450,300,18713,20,228237,5,,,,,,,,,,,,
19007,2019-01-15,10465812,0.0,0,,2,145169,106,1800,1385,300,19470,20,245830,5,,,,,,,,,,,,
19008,2019-01-18,14883456,0.0,1,5000000,12,32216,191,1800,2440,300,29437,20,352484,5,,,,,,,,,,,,
19009,2019-01-20,10748368,0.0,0,,8,31372,149,1800,1977,300,24237,20,282170,5,,,,,,,,,,,,
19010,2019-01-22,10671472,0.0,0,,12,21923,129,1800,1778,300,24057,20,270296,5,,,,,,,,,,,,
19011,2019-01-25,15039266,0.0,1,5000000,21,17450,239,1800,2741,300,32018,20,362336,5,,,,,,,,,,,,
19012,2019-01-27,10869904,0.0,0,,11,23479,119,1800,1837,300,26859,20,288213,5,,,,,,,,,,,,
19013,2019-01-29,10814922,0.0,0,,10,23820,153,1800,2131,300,25578,20,298195,5,,,,,,,,,,,,
19014,2019-02-01,15251088,0.0,1,5000000,9,46565,198,1800,2033,300,28359,20,349724,5,,,,,,,,,,,,
19015,2019-02-03,12061824,0.0,0,,9,37045,101,1800,1772,300,22300,20,283366,5,,,,,,,,,,,,
19016,2019-02-12,11227248,0.0,0,,6,50534,165,1800,1693,300,21668,20,246206,5,,,,,,,,,,,,
19017,2019-02-15,15071410,0.0,0,,3,147181,108,1800,1907,300,25928,20,336899,5,,,,,,,,,,,,
19018,2019-02-17,11402784,0.0,0,,5,42654,219,1800,3155,300,29010,20,306747,5,,,,,,,,,,,,
19019,2019-02-19,11379606,0.0,1,5000000,9,36892,89,1800,1476,300,19502,20,252522,5,,,,,,,,,,,,
19020,2019-02-22,15828244,0.0,2,5000000,8,48513,204,1800,2925,300,33466,20,392155,5,,,,,,,,,,,,
19021,2019-02-24,11320942,0.0,0,,7,42505,130,1800,1705,300,21795,20,278099,5,,,,,,,,,,,,
19022,2019-02-26,11449938,0.0,0,,10,29112,128,1800,1847,300,22484,20,293001,5,,,,,,,,,,,,
19023,2019-03-01,15882172,0.0,6,4447730,5,77061,180,1800,2637,300,37465,20,412957,5,,,,,,,,,,,,
19024,2019-03-03,10415896,0.0,0,,5,56173,96,1800,1600,300,20136,20,247918,5,,,,,,,,,,,,
19025,2019-03-05,10509964,0.0,0,,6,49340,80,1800,1488,300,20561,20,237561,5,,,,,,,,,,,,
19026,2019-03-08,15021974,0.0,0,,5,81449,152,1800,2456,300,27524,20,345482,5,,,,,,,,,,,,
19027,2019-03-10,11119204,0.0,0,,18,14283,157,1800,2077,300,23846,20,298964,5,,,,,,,,,,,,
19028,2019-03-12,11091950,0.0,0,,75,3724,155,1800,2006,300,23061,20,259959,5,,,,,,,,,,,,
19029,2019-03-15,15620114,0.0,1,5000000,12,36732,150,1800,2143,300,27532,20,356485,5,,,,,,,,,,,,
19030,2019-03-17,11349782,0.0,0,,24,12066,135,1800,1870,300,22944,20,280526,5,,,,,,,,,,,,
19031,2019-03-19,11376882,0.0,0,,12,21265,165,1800,2449,300,26477,20,292315,5,,,,,,,,,,,,
19032,2019-03-22,15575574,0.0,1,5000000,9,43953,150,1800,2384,300,32239,20,409245,5,,,,,,,,,,,,
19033,2019-03-24,11417288,0.0,0,,7,40775,144,1800,2042,300,23809,20,278446,5,,,,,,,,,,,,
19034,2019-03-26,11397836,0.0,0,,6,43293,203,1800,2125,300,28761,20,281844,5,,,,,,,,,,,,
19035,2019-03-29,15819268,0.0,1,5000000,16,20447,284,1800,3128,300,38054,20,453827,5,,,,,,,,,,,,
19036,2019-03-31,11481176,0.0,0,,20,13179,178,1800,2244,300,25882,20,295746,5,,,,,,,,,,,,
19037,2019-04-02,11532438,0.0,0,,15,17232,187,1800,1974,300,26358,20,322019,5,,,,,,,,,,,,
19038,2019-04-05,15036660,0.0,0,,10,36857,167,1800,2521,300,33170,20,392373,5,,,,,,,,,,,,
19039,2019-04-07,11484480,0.0,0,,15,15096,189,1800,3359,300,24209,20,306160,5,,,,,,,,,,,,
19040,2019-04-09,11527480,0.0,0,,12,24525,129,1800,1741,300,23829,20,294876,5,,,,,,,,,,,,
19041,2019-04-12,16482400,0.0,0,,9,46825,203,1800,2606,300,35003,20,402965,5,,,,,,,,,,,,
19042,2019-04-14,12211910,0.0,0,,23,12297,186,1800,2466,300,27287,20,307007,5,,,,,,,,,,,,
19043,2019-04-16,12220038,0.0,1,5000000,12,25308,153,1800,1932,300,26234,20,314231,5,,,,,,,,,,,,
19044,2019-04-19,16736490,0.0,0,,20,19757,274,1800,3035,300,35664,20,426477,5,,,,,,,,,,,,
19045,2019-04-21,12381644,0.0,1,5000000,5,67957,90,1800,1817,300,23653,20,297791,5,,,,,,,,,,,,
19046,2019-04-23,11971646,0.0,1,5000000,21,11564,209,1800,2448,300,30253,20,344384,5,,,,,,,,,,,,
19047,2019-04-26,16373224,0.0,0,,21,17913,265,1800,3176,300,37318,20,416979,5,,,,,,,,,,,,
19048,2019-04-28,12138980,0.0,0,,13,22828,155,1800,2042,300,26707,20,310936,5,,,,,,,,,,,,
19049,2019-04-30,12034618,0.0,2,5000000,9,28058,187,1800,2407,300,31289,20,337452,5,,,,,,,,,,,,
19050,2019-05-03,15285324,0.0,3,5000000,5,75244,209,1800,2827,300,31640,20,374100,5,,,,,,,,,,,,
19051,2019-05-05,11593052,0.0,0,,7,45548,108,1800,1621,300,22507,20,272268,5,,,,,,,,,,,,
19052,2019-05-07,11466808,0.0,0,,8,36599,120,1800,1867,300,23420,20,289248,5,,,,,,,,,,,,
19053,2019-05-10,16118074,0.0,0,,12,33377,206,1800,2729,300,33912,20,404959,5,,,,,,,,,,,,
19054,2019-05-12,11735496,0.0,1,5000000,8,43396,82,1800,1412,300,20901,20,257898,5,,,,,,,,,,,,
19055,2019-05-14,11587174,0.0,1,5000000,15,20231,128,1800,1732,300,22138,20,290042,5,,,,,,,,,,,,
19056,2019-05-17,15821508,0.0,0,,17,26096,145,1800,2277,300,28234,20,361469,5,,,,,,,,,,,,
19057,2019-05-19,11638152,0.0,0,,13,21294,175,1800,2063,300,25160,20,299462,5,,,,,,,,,,,,
19058,2019-05-21,11607830,0.0,1,5000000,11,19099,217,1800,2789,300,32152,20,343320,5,,,,,,,,,,,,
19059,2019-05-24,15948630,0.0,0,,21,19998,135,1800,2409,300,31010,20,405839,5,,,,,,,,,,,,
19060,2019-05-26,11541476,0.0,1,5000000,2,144155,148,1800,1887,300,23075,20,295641,5,,,,,,,,,,,,
19061,2019-05-28,11436084,0.0,0,,9,27942,135,1800,2415,300,27037,20,316132,5,,,,,,,,,,,,
19062,2019-05-31,15856328,0.0,0,,9,38579,232,1800,3072,300,40301,20,430454,5,,,,,,,,,,,,
19063,2019-06-02,11713276,0.0,0,,4,75495,110,1800,1957,300,23499,20,292918,5,,,,,,,,,,,,
19064,2019-06-04,11597760,0.0,2,5000000,13,16052,331,1800,2993,300,30122,20,299983,5,,,,,,,,,,,,
19065,2019-06-07,14996818,0.0,2,5000000,5,71056,199,1800,2490,300,33588,20,403729,5,,,,,,,,,,,,
19066,2019-06-09,11304188,0.0,1,5000000,6,43040,174,1800,2093,300,26007,20,299072,5,,,,,,,,,,,,
19067,2019-06-11,11088120,0.0,1,5000000,9,31935,181,1800,1779,300,21334,20,254566,5,,,,,,,,,,,,
19068,2019-06-14,15317978,0.0,0,,10,40559,192,1800,2278,300,30034,20,364028,5,,,,,,,,,,,,
19069,2019-06-16,11418752,0.0,0,,4,70374,159,1800,1773,300,25972,20,288530,5,,,,,,,,,,,,
19070,2019-06-18,11244826,0.0,1,5000000,9,37044,86,1800,1374,300,18788,20,246647,5,,,,,,,,,,,,
19071,2019-06-21,15547326,0.0,1,5000000,8,52914,163,1800,2336,300,28487,20,364223,5,,,,,,,,,,,,
19072,2019-06-23,11274898,0.0,0,,7,41064,112,1800,1801,300,23599,20,287262,5,,,,,,,,,,,,
19073,2019-06-25,11172348,0.0,0,,15,18879,125,1800,1752,300,23294,20,285221,5,,,,,,,,,,,,
19074,2019-06-28,15672876,0.0,0,,10,42431,142,1800,2297,300,30492,20,376394,5,,,,,,,,,,,,
19075,2019-06-30,11531416,0.0,0,,17,16719,164,1800,2122,300,24046,20,279081,5,,,,,,,,,,,,
19076,2019-07-02,11390426,0.0,1,5000000,9,29461,125,1800,2277,300,25278,20,303214,5,,,,,,,,,,,,
19077,2019-07-05,15503624,0.0,0,,14,24358,267,1800,3335,300,35424,20,399412,5,,,,,,,,,,,,
19078,2019-07-07,11602468,0.0,0,,10,33477,130,1800,1539,300,20091,20,247993,5,,,,,,,,,,,,
19079,2019-07-09,11414586,0.0,0,,2,156935,115,1800,1575,300,21752,20,267980,5,,,,,,,,,,,,
19080,2019-07-12,16042198,40864352.78,1,5000000,21,17421,246,1800,2962,300,36442,20,428383,5,,,,,,,,,,,,
19081,2019-07-14,11643246,39157022.6,0,,2,140691,153,1800,1939,300,26677,20,300146,5,,,,,,,,,,,,
19082,2019-07-16,11592174,41689461.09,0,,5,68641,102,1800,1520,300,19054,20,245481,5,,,,,,,,,,,,
19083,2019-07-19,16062822,44778333.32,0,,5,89149,134,1800,2310,300,31062,20,371569,5,,,,,,,,,,,,
19084,2019-07-21,11835556,48790081.32,0,,11,28306,110,1800,2356,300,21543,20,270008,5,,,,,,,,,,,,
19085,2019-07-23,11704646,51592431.52,2,5000000,18,14142,223,1800,2060,300,26903,20,326433,5,,,,,,,,,,,,
19086,2019-07-26,15809516,43883517.91,0,,7,59680,218,1800,2210,300,32273,20,373635,5,,,,,,,,,,,,
19087,2019-07-28,11582464,47643382.97,0,,3,86533,180,1800,2295,300,27778,20,302270,5,,,,,,,,,,,,
19088,2019-07-30,11562602,49979780.59,0,,6,47798,148,1800,1922,300,25354,20,289537,5,,,,,,,,,,,,
19089,2019-08-02,16148176,52560899.57,0,,20,16038,266,1800,3603,300,41963,20,461203,5,,,,,,,,,,,,
19090,2019-08-04,12060782,55447767.69,2,5000000,6,51367,150,1800,1961,300,24853,20,294471,5,,,,,,,,,,,,
19091,2019-08-06,11534728,48221629.05,0,,12,21944,184,1800,2083,300,27099,20,304115,5,,,,,,,,,,,,
19092,2019-08-09,16213948,50591654.6,5,5000000,25,12233,362,1800,3845,300,43026,20,444151,5,,,,,,,,,,,,
19093,2019-08-11,11076752,28344268.17,0,,7,41803,100,1800,1809,300,23091,20,263372,5,,,,,,,,,,,,
19094,2019-08-13,11158248,30977873.8,0,,3,102628,134,1800,1545,300,21231,20,251875,5,,,,,,,,,,,,
19095,2019-08-16,15561880,33748835.67,0,,11,35429,144,1800,2716,300,33796,20,395629,5,,,,,,,,,,,,
19096,2019-08-18,11533762,37256366.25,1,5000000,11,24573,145,1800,2066,300,24695,20,314747,5,,,,,,,,,,,,
19097,2019-08-20,11349292,34689163.79,1,5000000,11,27312,123,1800,1803,300,22357,20,269467,5,,,,,,,,,,,,
19098,2019-08-23,15730670,32393104.06,0,,13,32014,194,1800,2436,300,30627,20,370726,5,,,,,,,,,,,,
19099,2019-08-25,11522576,36138776.53,1,5000000,10,28620,127,1800,1692,300,23810,20,314320,5,,,,,,,,,,,,
19100,2019-08-27,11382918,33714632.55,0,,10,29355,205,1800,1672,300,20843,20,270926,5,,,,,,,,,,,,
19101,2019-08-30,16119192,36356618.39,0,,5,82256,181,1800,2665,300,34494,20,394081,5,,,,,,,,,,,,
19102,2019-09-01,11898858,40058155.56,0,,10,33250,133,1800,1521,300,21725,20,275031,5,,,,,,,,,,,,
19103,2019-09-03,11747728,43050732.44,0,,8,38111,150,1800,1893,300,23714,20,279053,5,,,,,,,,,,,,
19104,2019-09-06,16510204,45794779.99,0,,16,27481,159,1800,2723,300,32446,20,388196,5,,,,,,,,,,,,
19105,2019-09-08,12132204,49752079.95,0,,5,71543,126,1800,1334,300,20146,20,267533,5,,,,,,,,,,,,
19106,2019-09-10,11913280,52971555.41,0,,16,21847,78,1800,1570,300,20272,20,265026,5,,,,,,,,,,,,
19107,2019-09-13,15922326,56117538.89,1,5000000,14,27587,281,1800,2815,300,32842,20,386521,5,,,,,,,,,,,,
19108,2019-09-15,12274362,54593514.16,0,,16,19834,130,1800,2109,300,25561,20,292612,5,,,,,,,,,,,,
19109,2019-09-17,12185776,57449625.8,0,,7,46299,143,1800,1861,300,23082,20,290552,5,,,,,,,,,,,,
19110,2019-09-20,17389486,60366463.02,6,5000000,14,23052,370,1800,3977,300,47206,20,498042,5,,,,,,,,,,,,
19111,2019-09-22,11944360,33271139.35,0,,4,77712,145,1800,1821,300,23514,20,293335,5,,,,,,,,,,,,
19112,2019-09-24,11716896,36068772.61,1,5000000,9,33121,127,1800,1987,300,25275,20,286027,5,,,,,,,,,,,,
19113,2019-09-27,16590264,33751622.25,0,,9,52750,137,1800,2183,300,29763,20,376987,5,,,,,,,,,,,,
19114,2019-09-29,12387244,38024403.17,0,,6,57043,140,1800,1668,300,22909,20,287317,5,,,,,,,,,,,,
19115,2019-10-08,13313072,41104729.27,1,5000000,19,15801,229,1800,2672,300,31705,20,334645,5,,,,,,,,,,,,
19116,2019-10-11,16722876,38806781.52,0,,10,42922,210,1800,2636,300,35126,20,406120,5,,,,,,,,,,,,
19117,2019-10-13,12080704,42669841.84,1,5000000,8,35721,154,1800,2004,300,25431,20,334957,5,,,,,,,,,,,,
19118,2019-10-15,11826154,40241807.8,2,5000000,19,11442,257,1800,2968,300,31037,20,329417,5,,,,,,,,,,,,
19119,2019-10-18,17558604,32198399.21,0,,7,61398,178,1800,2988,300,39593,20,459438,5,,,,,,,,,,,,
19120,2019-10-20,12802982,36066478.57,2,5000000,11,26352,212,1800,2548,300,27902,20,334120,5,,,,,,,,,,,,
19121,2019-10-22,12446300,28675417.63,0,,11,30666,123,1800,1860,300,24392,20,291626,5,,,,,,,,,,,,
19122,2019-10-25,17254962,31711402.93,3,5000000,31,11841,562,1800,2993,300,38022,20,422803,5,,,,,,,,,,,,
19123,2019-10-27,12282108,20015281.67,0,,7,38786,207,1800,2645,300,28449,20,313618,5,,,,,,,,,,,,
19124,2019-10-29,12234586,22458838.3,0,,18,15537,200,1800,2369,300,28498,20,311502,5,,,,,,,,,,,,
19125,2019-11-01,17373760,24975937.73,2,5000000,18,24036,198,1800,2901,300,36892,20,444411,5,,,,,,,,,,,,
19126,2019-11-03,12200606,18869830.39,0,,26,12556,149,1800,1848,300,22763,20,287137,5,,,,,,,,,,,,
19127,2019-11-05,12642794,21808107.14,0,,9,32013,174,1800,2476,300,30120,20,331079,5,,,,,,,,,,,,
19128,2019-11-08,18493814,24401163.79,1,5000000,8,59965,174,1800,2993,300,38426,20,457028,5,,,,,,,,,,,,
19129,2019-11-10,12777448,23718651.76,0,,14,20574,210,1800,2572,300,30018,20,326115,5,,,,,,,,,,,,
19130,2019-11-12,12404562,26311024.83,0,,4,83503,131,1800,1834,300,24455,20,292601,5,,,,,,,,,,,,
19131,2019-11-15,17843318,29317142.17,2,5000000,15,22058,640,1800,3468,300,40406,20,486794,5,,,,,,,,,,,,
19132,2019-11-17,11594006,22295004.41,1,5000000,8,33185,144,1800,2132,300,27178,20,316776,5,,,,,,,,,,,,
19133,2019-11-19,11417306,19684345.06,1,5000000,8,39061,96,1800,1695,300,21041,20,273491,5,,,,,,,,,,,,
19134,2019-11-22,16234478,17496759.51,0,,14,31810,170,1800,2154,300,30306,20,388633,5,,,,,,,,,,,,
19135,2019-11-24,11447262,21504827.81,0,,15,19338,127,1800,2050,300,23747,20,277981,5,,,,,,,,,,,,
19136,2019-11-26,11438810,24115469.85,0,,11,29356,98,1800,1491,300,21384,20,264883,5,,,,,,,,,,,,
19137,2019-11-29,16487378,27021769.56,0,,12,38202,184,1800,2131,300,30736,20,381850,5,,,,,,,,,,,,
19138,2019-12-01,11882934,31147680.26,0,,7,45742,146,1800,1716,300,21800,20,281418,5,,,,,,,,,,,,
19139,2019-12-03,11788500,34029433.15,0,,7,45007,127,1800,1708,300,22567,20,286698,5,,,,,,,,,,,,
19140,2019-12-06,16832524,36864914.65,1,5000000,9,43529,290,1800,2961,300,37530,20,433880,5,,,,,,,,,,,,
19141,2019-12-08,12045174,35390787.73,1,5000000,12,25236,178,1800,2218,300,22771,20,286507,5,,,,,,,,,,,,
19142,2019-12-10,11743698,33116329.96,0,,5,69758,99,1800,1452,300,19463,20,252690,5,,,,,,,,,,,,
19143,2019-12-13,17053696,36255441.78,0,,24,17062,226,1800,3197,300,35881,20,435554,5,,,,,,,,,,,,
19144,2019-12-15,12252908,39940960.72,1,5000000,24,12710,220,1800,2105,300,24195,20,288414,5,,,,,,,,,,,,
19145,2019-12-17,12053094,37686370.15,0,,7,46722,115,1800,1759,300,22691,20,289380,5,,,,,,,,,,,,
19146,2019-12-20,17144914,40629906.6,2,5000000,32,13654,201,1800,2828,300,34803,20,425040,5,,,,,,,,,,,,
19147,2019-12-22,12144878,34562499.67,0,,7,48357,150,1800,1481,300,21306,20,285116,5,,,,,,,,,,,,
19148,2019-12-24,12159676,37608990.87,1,5000000,6,45312,173,1800,2311,300,29686,20,328218,5,,,,,,,,,,,,
19149,2019-12-27,17399912,35055848.99,1,5000000,13,34347,178,1800,3020,300,37020,20,418800,5,,,,,,,,,,,,
19150,2019-12-29,12399724,34074490.18,0,,8,40239,160,1800,1885,300,23949,20,304841,5,,,,,,,,,,,,
19151,2019-12-31,12715390,36971751.96,0,,13,24361,182,1800,2007,300,27656,20,316153,5,,,,,,,,,,,,
20001,2020-01-03,17716938,39822012.45,5,5000000,10,45562,181,1800,2856,300,35958,20,444649,5,,,,,,,,,,,,
20002,2020-01-05,11625670,18922677.61,0,,21,10005,262,1800,2749,300,30483,20,337903,5,,,,,,,,,,,,
20003,2020-01-07,11487022,20813670.58,1,5000000,7,44998,100,1800,1512,300,23515,20,274966,5,,,,,,,,,,,,
20004,2020-01-10,16319400,18648590.28,0,,18,23799,178,1800,2485,300,32298,20,400154,5,,,,,,,,,,,,
20005,2020-01-12,11731146,22504078.68,0,,7,45820,105,1800,1943,300,21499,20,267789,5,,,,,,,,,,,,
20006,2020-01-14,11607036,25390771.57,2,5000000,11,26495,127,1800,2095,300,24472,20,285283,5,,,,,,,,,,,,
20007,2020-01-17,16502670,18013814.95,0,,7,65245,186,1800,2442,300,31271,20,365254,5,,,,,,,,,,,,
20008,2020-01-19,11942844,22124311.42,0,,1,316317,158,1800,1791,300,22919,20,281748,5,,,,,,,,,,,,
20009,2020-01-21,13745172,24971167.62,2,5000000,7,53615,106,1800,2019,300,25930,20,333386,5,,,,,,,,,,,,
20010,2020-03-13,7936630,18348961.47,0,,9,20395,114,1800,1463,300,17403,20,212232,5,,,,,,,,,,,,
20011,2020-03-15,6045348,20001027.3,0,,3,48415,77,1800,1122,300,13290,20,153752,5,,,,,,,,,,,,
20012,2020-03-17,7988898,21308241.77,1,5000000,11,16046,114,1800,1593,300,18170,20,220586,5,,,,,,,,,,,,
20013,2020-03-20,11314526,17896858.79,0,,8,31312,197,1800,2214,300,26707,20,297242,5,,,,,,,,,,,,
20014,2020-03-22,8704028,20151329.76,0,,10,23616,87,1800,1277,300,16688,20,205976,5,,,,,,,,,,,,
20015,2020-03-24,9067868,22276800.11,0,,10,21421,87,1800,1630,300,21082,20,246768,5,,,,,,,,,,,,
20016,2020-03-27,12997696,24204757.9,1,5000000,11,23892,232,1800,2683,300,33161,20,371005,5,,,,,,,,,,,,
20017,2020-03-29,9419162,21570071.34,1,5000000,10,24120,106,1800,1502,300,20137,20,231833,5,,,,,,,,,,,,
20018,2020-03-31,9934930,18740947.28,0,,8,30299,97,1800,1841,300,22401,20,253855,5,,,,,,,,,,,,
20019,2020-04-03,14209664,20922475.91,0,,8,43132,244,1800,2310,300,29632,20,357452,5,,,,,,,,,,,,
20020,2020-04-05,10193542,24028047.73,0,,11,20830,183,1800,1985,300,23074,20,263421,5,,,,,,,,,,,,
20021,2020-04-07,10450676,26090263.25,4,5000000,8,32549,135,1800,1916,300,21762,20,252760,5,,,,,,,,,,,,
20022,2020-04-10,14204610,8433855.37,1,5000000,9,40393,204,1800,2270,300,28984,20,339388,5,,,,,,,,,,,,
20023,2020-04-12,10015706,6705750.38,2,4561179,8,33564,142,1800,1512,300,18336,20,229331,5,,,,,,,,,,,,
20024,2020-04-14,9541358,1000000.0,1,3041821,7,32409,136,1800,1785,300,20738,20,242303,5,,,,,,,,,,,,
20025,2020-04-17,13708576,1000000.0,0,,13,24571,174,1800,2470,300,31967,20,365872,5,,,,,,,,,,,,
20026,2020-04-19,9872324,3874872.02,1,5000000,12,24316,102,1800,1144,300,16796,20,211336,5,,,,,,,,,,,,
20027,2020-04-21,9543892,1501106.9,0,,5,51141,99,1800,1385,300,18239,20,232187,5,,,,,,,,,,,,
20028,2020-04-24,13854482,3802489.77,1,5000000,18,18584,158,1800,2322,300,33347,20,359117,5,,,,,,,,,,,,
20029,2020-04-26,9852102,1813143.83,1,3751280,21,10254,185,1800,1833,300,23678,20,263517,5,,,,,,,,,,,,
20030,2020-04-28,9340262,1000000.0,0,,10,19613,131,1800,1853,300,23992,20,268768,5,,,,,,,,,,,,
20031,2020-05-01,12973738,2765213.54,1,5000000,28,9382,267,1800,2635,300,33001,20,359759,5,,,,,,,,,,,,
20032,2020-05-03,8913188,1000000.0,0,,6,36198,103,1800,1629,300,19485,20,226356,5,,,,,,,,,,,,
20033,2020-05-05,9232422,2954693.91,5,1040931,7,35713,111,1800,1413,300,17448,20,210253,5,,,,,,,,,,,,
20034,2020-05-08,13317250,1000000.0,0,,3,131142,124,1800,1608,300,23212,20,284265,5,,,,,,,,,,,,
20035,2020-05-10,9630020,4540858.75,0,,9,20287,193,1800,2118,300,25950,20,278207,5,,,,,,,,,,,,
20036,2020-05-12,9777884,6184146.07,1,5000000,14,16874,126,1800,1634,300,22144,20,253773,5,,,,,,,,,,,,
20037,2020-05-15,13807126,3310322.41,0,,16,22420,165,1800,2220,300,28094,20,330654,5,,,,,,,,,,,,
20038,2020-05-17,9850968,6538929.98,1,5000000,10,25086,103,1800,1563,300,21484,20,246874,5,,,,,,,,,,,,
20039,2020-05-19,9620128,3796691.87,0,,8,30835,104,1800,1622,300,20071,20,234363,5,,,,,,,,,,,,
20040,2020-05-22,13868002,6016836.82,3,2997976,5,66157,210,1800,2456,300,31010,20,350488,5,,,,,,,,,,,,
20041,2020-05-24,9404308,1000000.0,0,,10,25183,89,1800,1525,300,18399,20,220824,5,,,,,,,,,,,,
20042,2020-05-26,9614344,3266479.83,0,,9,21856,153,1800,2159,300,23596,20,269784,5,,,,,,,,,,,,
20043,2020-05-29,14104196,5036859.53,1,5000000,13,26767,164,1800,2280,300,32382,20,360878,5,,,,,,,,,,,,
20044,2020-05-31,9723446,3168702.97,0,,3,68891,100,1800,2437,300,23632,20,262800,5,,,,,,,,,,,,
20045,2020-06-02,9770964,5028776.66,0,,4,67438,104,1800,1304,300,18522,20,228280,5,,,,,,,,,,,,
20046,2020-06-05,14113284,7456555.78,0,,8,50187,113,1800,1938,300,25045,20,322965,5,,,,,,,,,,,,
20047,2020-06-07,10225144,11070041.52,0,,5,51542,115,1800,1663,300,20937,20,261708,5,,,,,,,,,,,,
20048,2020-06-09,10244896,13389468.02,0,,12,20655,125,1800,1992,300,21450,20,257937,5,,,,,,,,,,,,
20049,2020-06-12,14815900,15620310.66,0,,4,98013,146,1800,2251,300,29154,20,363611,5,,,,,,,,,,,,
20050,2020-06-14,10622498,19148811.06,1,5000000,9,33691,126,1800,1427,300,18444,20,229808,5,,,,,,,,,,,,
20051,2020-06-16,10331506,16877794.68,2,5000000,5,50494,108,1800,1857,300,21958,20,269412,5,,,,,,,,,,,,
20052,2020-06-19,14499416,9150040.83,2,5000000,8,45731,176,1800,2567,300,29438,20,354113,5,,,,,,,,,,,,
20053,2020-06-21,9876414,2442680.79,1,4771842,8,32349,92,1800,1506,300,20402,20,245209,5,,,,,,,,,,,,
20054,2020-06-23,9398940,1000000.0,0,,2,109581,114,1800,1655,300,22157,20,253802,5,,,,,,,,,,,,
20055,2020-06-26,13283696,2972467.54,0,,15,21765,170,1800,2430,300,28241,20,328887,5,,,,,,,,,,,,
20056,2020-06-28,9915088,5910747.98,0,,3,84712,143,1800,1543,300,19931,20,239617,5,,,,,,,,,,,,
20057,2020-06-30,9950342,8197997.29,0,,6,43881,117,1800,1507,300,19779,20,236895,5,,,,,,,,,,,,
20058,2020-07-03,14675190,10567618.61,2,5000000,6,55795,209,1800,2456,300,32955,20,414199,5,,,,,,,,,,,,
20059,2020-07-05,9802344,3580591.9,2,2767162,39,5566,144,1800,1930,300,22682,20,268099,5,,,,,,,,,,,,
20060,2020-07-07,9349490,1000000.0,0,,4,58518,107,1800,1597,300,19777,20,234651,5,,,,,,,,,,,,
20061,2020-07-10,13845920,3106679.59,0,,13,26492,190,1800,2248,300,28669,20,350138,5,,,,,,,,,,,,
20062,2020-07-12,9903460,6206307.31,0,,4,70156,69,1800,1382,300,19344,20,224155,5,,,,,,,,,,,,
20063,2020-07-14,9956802,8731923.67,1,5000000,17,13075,213,1800,1908,300,21546,20,253844,5,,,,,,,,,,,,
20064,2020-07-17,13890284,5732527.35,0,,9,42237,129,1800,1913,300,26177,20,335038,5,,,,,,,,,,,,
20065,2020-07-19,10079484,9153795.59,0,,10,25552,120,1800,1691,300,22026,20,243966,5,,,,,,,,,,,,
20066,2020-07-21,10140870,11453563.03,1,5000000,5,46873,121,1800,1833,300,23952,20,275721,5,,,,,,,,,,,,
20067,2020-07-24,14165458,8562876.2,0,,8,37997,217,1800,2925,300,35522,20,384544,5,,,,,,,,,,,,
20068,2020-07-26,10162450,11298709.18,0,,7,40047,110,1800,1447,300,18587,20,234493,5,,,,,,,,,,,,
20069,2020-07-28,10144574,13821675.13,1,5000000,6,36891,159,1800,1938,300,23336,20,284609,5,,,,,,,,,,,,
20070,2020-07-31,14235212,10813803.76,0,,16,20117,173,1800,2889,300,34403,20,378043,5,,,,,,,,,,,,
20071,2020-08-02,10086086,13710794.75,0,,8,30993,115,1800,1695,300,22350,20,260039,5,,,,,,,,,,,,
20072,2020-08-04,10002036,15942333.18,0,,6,44061,104,1800,1449,300,20165,20,246421,5,,,,,,,,,,,,
20073,2020-08-07,14572820,18321656.56,0,,16,21263,223,1800,2638,300,34350,20,371731,5,,,,,,,,,,,,
20074,2020-08-09,10482442,21383660.68,0,,11,24095,147,1800,1588,300,21964,20,261133,5,,,,,,,,,,,,
20075,2020-08-11,10412392,23769067.1,0,,5,58827,89,1800,1328,300,19771,20,241334,5,,,,,,,,,,,,
20076,2020-08-14,15155998,26416310.97,0,,11,36348,196,1800,2212,300,29713,20,363489,5,,,,,,,,,,,,
20077,2020-08-16,10960832,30014811.59,0,,5,59273,125,1800,1601,300,22021,20,252283,5,,,,,,,,,,,,
20078,2020-08-18,10778614,32682117.0,0,,7,34205,135,1800,2115,300,25915,20,298264,5,,,,,,,,,,,,
20079,2020-08-21,15839764,34837077.77,0,,19,24544,122,1800,2058,300,27450,20,342423,5,,,,,,,,,,,,
20080,2020-08-23,11372398,39034110.19,0,,8,33119,152,1800,2267,300,25105,20,293421,5,,,,,,,,,,,,
20081,2020-08-25,11469488,41418723.21,1,5000000,23,11999,240,1800,2150,300,23056,20,264419,5,,,,,,,,,,,,
20082,2020-08-28,16061792,38902573.92,0,,13,34106,165,1800,2371,300,30005,20,365598,5,,,,,,,,,,,,
20083,2020-08-30,11478326,42893073.19,1,5000000,5,59302,83,1800,1788,300,24413,20,297041,5,,,,,,,,,,,,
20084,2020-09-01,11298100,40561676.46,0,,10,30049,119,1800,1718,300,22829,20,268997,5,,,,,,,,,,,,
20085,2020-09-04,16298212,43266090.06,0,,6,74842,193,1800,2388,300,28014,20,374296,5,,,,,,,,,,,,
20086,2020-09-06,11817428,47307597.55,0,,15,20410,124,1800,1815,300,22755,20,301238,5,,,,,,,,,,,,
20087,2020-09-08,11739786,50062992.3,0,,10,25099,172,1800,2619,300,28383,20,315919,5,,,,,,,,,,,,
20088,2020-09-11,16859990,52321938.43,0,,30,13424,235,1800,2771,300,38565,20,441687,5,,,,,,,,,,,,
20089,2020-09-13,12242608,55946562.52,0,,24,13679,148,1800,1763,300,23650,20,289491,5,,,,,,,,,,,,
20090,2020-09-15,12014070,58901373.15,1,5000000,15,20167,167,1800,1900,300,24988,20,298294,5,,,,,,,,,,,,
20091,2020-09-18,17123154,56623931.02,0,,14,32107,218,1800,2456,300,34255,20,416206,5,,,,,,,,,,,,
20092,2020-09-20,12381428,60669444.93,0,,15,21317,154,1800,2111,300,23878,20,296232,5,,,,,,,,,,,,
20093,2020-09-22,12214544,63547356.68,1,5000000,0,,150,1800,1783,300,22961,20,290313,5,,,,,,,,,,,,
20094,2020-09-25,17142730,61816798.24,0,,12,37196,191,1800,2666,300,35927,20,414854,5,,,,,,,,,,,,
20095,2020-09-27,12426946,65833973.17,1,5000000,8,38319,143,1800,2112,300,26598,20,320131,5,,,,,,,,,,,,
20096,2020-09-29,12257004,63593002.86,0,,13,23659,176,1800,2121,300,25484,20,293486,5,,,,,,,,,,,,
20097,2020-10-06,12574340,66361152.62,0,,1,370863,124,1800,1521,300,21566,20,268394,5,,,,,,,,,,,,
20098,2020-10-09,18054104,69698925.56,0,,9,49495,230,1800,2904,300,38167,20,468676,5,,,,,,,,,,,,
20099,2020-10-11,14775432,73708057.42,3,5000000,30,9741,270,1800,3305,300,38145,20,415445,5,,,,,,,,,,,,
20100,2020-10-13,33296708,61338160.43,1,5000000,8,74445,76,3000,2670,500,40708,30,1515095,5,,,,,,,,,,,,
20101,2020-10-16,37296694,61698265.16,2,5000000,22,46293,48,3000,2217,500,34756,30,1159123,5,,,,,,,,,,,,
20102,2020-10-18,24685834,60864391.71,0,,13,32691,58,3000,1535,500,25729,30,1226558,5,,,,,,,,,,,,
20103,2020-10-20,24970420,64689300.5,1,5000000,10,42289,52,3000,1736,500,28748,30,1224028,5,,,,,,,,,,,,
20104,2020-10-23,34926226,63495333.72,0,,21,40117,52,3000,1830,500,34382,30,1317342,5,,,,,,,,,,,,
20105,2020-10-25,23877504,71077546.39,3,5000000,19,20760,88,3000,2290,500,31455,30,1080568,5,,,,,,,,,,,,
20106,2020-10-27,23660304,59627584.65,0,,9,49351,81,3000,1688,500,27248,30,1049491,5,,,,,,,,,,,,
20107,2020-10-30,31970802,63625073.21,2,5000000,11,70401,60,3000,2060,500,30922,30,1156776,5,,,,,,,,,,,,
20108,2020-11-01,22267194,60594810.89,2,5000000,18,22575,39,3000,1717,500,26731,30,1013998,5,,,,,,,,,,,,
20109,2020-11-03,22249388,54251965.44,0,,6,65185,40,3000,1438,500,24911,30,1080948,5,,,,,,,,,,,,
20110,2020-11-06,30243744,57771982.55,0,,21,26633,49,3000,2292,500,35807,30,1371828,5,,,,,,,,,,,,
20111,2020-11-08,20718250,62805758.65,2,5000000,3,212033,18,3000,1156,500,17824,30,524843,5,,,,,,,,,,,,
20112,2020-11-10,19969294,58530665.4,0,,7,65070,16,3000,851,500,16034,30,855102,5,,,,,,,,,,,,
20113,2020-11-13,28661258,62630097.05,0,,6,108236,30,3000,1734,500,28778,30,1145898,5,,,,,,,,,,,,
20114,2020-11-15,19989026,68474864.83,0,,12,35423,34,3000,1432,500,21632,30,815369,5,,,,,,,,,,,,
20115,2020-11-17,18654184,72300600.8,0,,5,88740,30,3000,1102,500,19169,30,697494,5,,,,,,,,,,,,
20116,2020-11-20,26950000,76293909.94,0,,24,32333,21,3000,1523,500,24836,30,775154,5,,,,,,,,,,,,
20117,2020-11-22,17413558,83278044.94,1,5000000,18,9691,83,3000,2151,500,27013,30,930674,5,,,,,,,,,,,,
20118,2020-11-24,17573758,79847990.02,0,,3,187633,9,3000,934,500,16404,30,399204,5,,,,,,,,,,,,
20119,2020-11-27,26047952,84914091.3,0,,9,36073,79,3000,2907,500,41209,30,1318028,5,,,,,,,,,,,,
20120,2020-11-29,17750526,87836019.13,0,,7,86431,12,3000,708,500,12267,30,377908,5,,,,,,,,,,,,
20121,2020-12-01,17469436,93281206.1,0,,6,41479,51,3000,1216,500,21764,30,931462,5,,,,,,,,,,,,
20122,2020-12-04,25474064,95521120.38,0,,8,67191,54,3000,1627,500,27462,30,1061519,5,,,,,,,,,,,,
20123,2020-12-06,17622618,100358923.1,0,,10,37823,26,3000,1114,500,19196,30,728370,5,,,,,,,,,,,,
20124,2020-12-08,17235138,103763040.64,0,,9,51867,14,3000,930,500,16276,30,556379,5,,,,,,,,,,,,
20125,2020-12-11,25034058,107964279.0,1,5000000,33,10991,51,3000,2071,500,34802,30,1281383,5,,,,,,,,,,,,
20126,2020-12-13,16747484,106228771.08,0,,5,89399,25,3000,891,500,15491,30,550213,5,,,,,,,,,,,,
20127,2020-12-15,16609212,110251746.02,0,,4,134172,8,3000,759,500,15887,30,378298,5,,,,,,,,,,,,
20128,2020-12-18,23902976,115081968.51,1,5000000,2,243779,46,3000,1751,500,27021,30,1002546,5,,,,,,,,,,,,
20129,2020-12-20,16509228,114470006.93,1,5000000,5,61203,24,3000,1124,500,19706,30,760830,5,,,,,,,,,,,,
20130,2020-12-22,16183322,112224179.48,0,,8,45066,20,3000,1012,500,17476,30,646846,5,,,,,,,,,,,,
20131,2020-12-25,24503446,115468965.48,0,,6,69880,39,3000,1798,500,29533,30,1182376,5,,,,,,,,,,,,
20132,2020-12-27,17098542,119242502.17,1,5000000,3,105824,19,3000,1078,500,16627,30,821751,5,,,,,,,,,,,,
20133,2020-12-29,16528720,117099750.69,1,5000000,30,11810,42,3000,1926,500,28001,30,525385,5,,,,,,,,,,,,
21001,2021-01-01,24394618,115288556.71,0,,4,186215,21,3000,1263,500,22223,30,628709,5,,,,,,,,,,,,
21002,2021-01-03,17073314,121992321.75,0,,5,10848,84,3000,1577,500,23196,30,1217426,5,,,,,,,,,,,,
21003,2021-01-05,16562626,122480494.22,0,,5,101531,10,3000,1005,500,16132,30,404535,5,,,,,,,,,,,,
21004,2021-01-08,26368692,127049390.79,0,,7,88117,40,3000,1480,500,22459,30,1043730,5,,,,,,,,,,,,
21005,2021-01-10,18968550,132600805.96,0,,5,85358,74,3000,909,500,16871,30,768802,5,,,,,,,,,,,,
21006,2021-01-12,18489876,136441960.51,1,5000000,5,117146,30,3000,852,500,15102,30,446731,5,,,,,,,,,,,,
21007,2021-01-15,25624074,136713552.33,1,5000000,6,118024,21,3000,1436,500,25641,30,784825,5,,,,,,,,,,,,
21008,2021-01-17,19333352,138086849.46,0,,7,87448,16,3000,814,500,15835,30,484386,5,,,,,,,,,,,,
21009,2021-01-19,18253926,143596075.69,0,,24,11468,71,3000,1992,500,24665,30,848589,5,,,,,,,,,,,,
21010,2021-01-22,25742748,146073351.56,1,5000000,10,48530,41,3000,1722,500,27619,30,1189673,5,,,,,,,,,,,,
21011,2021-01-24,18007208,145441061.93,0,,10,39732,23,3000,968,500,17786,30,752735,5,,,,,,,,,,,,
21012,2021-01-26,17824120,149017011.16,0,,4,65011,35,3000,1330,500,21986,30,940759,5,,,,,,,,,,,,
21013,2021-01-29,25676652,151357410.58,0,,3,185819,22,3000,1455,500,24555,30,1095365,5,,,,,,,,,,,,
21014,2021-01-31,18229408,156374536.61,5,5000000,9,57945,44,3000,829,500,17194,30,531003,5,,,,,,,,,,,,
21015,2021-02-02,17342928,136068104.04,0,,4,141965,25,3000,785,500,12341,30,396340,5,,,,,,,,,,,,
21016,2021-02-05,25598832,141178848.29,0,,15,36989,49,3000,1680,500,27659,30,1035646,5,,,,,,,,,,,,
21017,2021-02-07,18962580,146172433.2,0,,11,53653,23,3000,1045,500,16823,30,458717,5,,,,,,,,,,,,
21018,2021-02-19,27785352,151484133.48,0,,7,89667,49,3000,1489,500,27278,30,1125655,5,,,,,,,,,,,,
21019,2021-02-21,17351716,157133170.21,0,,3,89833,79,3000,1404,500,19448,30,856981,5,,,,,,,,,,,,
21020,2021-02-23,17651514,159558666.47,0,,5,120419,19,3000,604,500,11497,30,384869,5,,,,,,,,,,,,
21021,2021-02-26,24834226,164977554.64,0,,8,31056,63,3000,2261,500,33869,30,1469729,5,,,,,,,,,,,,
21022,2021-02-28,17591344,167213654.81,0,,4,108476,26,3000,908,500,15319,30,657824,5,,,,,,,,,,,,
21023,2021-03-02,20190902,171118816.51,1,5000000,2,334980,19,3000,817,500,14260,30,460128,5,,,,,,,,,,,,
21024,2021-03-05,27933524,172148458.29,0,,14,32656,57,3000,2229,500,35095,30,1355423,5,,,,,,,,,,,,
21025,2021-03-07,19318128,176263223.87,0,,5,111234,25,3000,873,500,16880,30,577247,5,,,,,,,,,,,,
21026,2021-03-09,19210214,181268796.82,0,,3,135487,35,3000,1293,500,22818,30,782467,5,,,,,,,,,,,,
21027,2021-03-12,27240980,184926963.69,0,,9,75287,36,3000,1359,500,25286,30,1005230,5,,,,,,,,,,,,
21028,2021-03-14,19540130,191025228.87,0,,5,78885,13,3000,932,500,17161,30,922115,5,,,,,,,,,,,,
21029,2021-03-16,18884936,194575061.7,3,5000000,8,53057,31,3000,1058,500,16866,30,776208,5,,,,,,,,,,,,
21030,2021-03-19,26550756,183395200.48,0,,6,137995,27,3000,1089,500,20968,30,695122,5,,,,,,,,,,,,
21031,2021-03-21,18542518,190846948.88,2,5000000,11,34130,36,3000,1235,500,20248,30,799706,5,,,,,,,,,,,,
21032,2021-03-23,18724046,184225876.32,0,,10,42077,26,3000,1105,500,19088,30,752773,5,,,,,,,,,,,,
21033,2021-03-26,26628240,188012876.11,1,5000000,6,74517,38,3000,1707,500,27168,30,1358854,5,,,,,,,,,,,,
21034,2021-03-28,18737744,187036800.95,0,,9,36866,45,3000,1600,500,22641,30,849849,5,,,,,,,,,,,,
21035,2021-03-30,17370970,190023018.55,1,5000000,10,36134,29,3000,1326,500,20768,30,705063,5,,,,,,,,,,,,
21036,2021-04-02,24298398,188275096.82,0,,30,11576,46,3000,2121,500,34300,30,1241172,5,,,,,,,,,,,,
21037,2021-04-04,16102024,191400666.34,1,5000000,20,20966,41,3000,1547,500,20795,30,435273,5,,,,,,,,,,,,
21038,2021-04-06,16509402,190174615.42,0,,6,75478,14,3000,955,500,18528,30,497112,5,,,,,,,,,,,,
21039,2021-04-09,23558008,194250451.7,1,5000000,7,105656,17,3000,1020,500,18314,30,607408,5,,,,,,,,,,,,
21040,2021-04-11,16443162,195906819.23,0,,4,125034,20,3000,644,500,13121,30,456025,5,,,,,,,,,,,,
21041,2021-04-13,16502846,200408074.17,0,,7,78505,11,3000,673,500,13376,30,364047,5,,,,,,,,,,,,
21042,2021-04-16,23743884,205353915.76,0,,15,25961,71,3000,2810,500,35204,30,1013230,5,,,,,,,,,,,,
21043,2021-04-18,16644022,208858725.6,0,,8,33595,41,3000,1211,500,19940,30,828254,5,,,,,,,,,,,,
21044,2021-04-20,16453084,211277566.3,0,,4,102940,11,3000,722,500,12012,30,638003,5,,,,,,,,,,,,
21045,2021-04-23,23946778,214983438.84,0,,6,128759,19,3000,1025,500,19299,30,571973,5,,,,,,,,,,,,
21046,2021-04-25,16700728,221936466.44,2,5000000,11,53966,6,3000,496,500,10353,30,334099,5,,,,,,,,,,,,
21047,2021-04-27,16179286,217279110.99,0,,8,64762,10,3000,778,500,13434,30,384971,5,,,,,,,,,,,,
21048,2021-04-30,22821416,221941988.62,1,5000000,8,52705,47,3000,2742,500,25541,30,937558,5,,,,,,,,,,,,
21049,2021-05-02,14772160,220736815.08,0,,2,253171,11,3000,483,500,10311,30,318219,5,,,,,,,,,,,,
21050,2021-05-04,14604026,225293905.14,0,,5,61470,24,3000,973,500,15292,30,613036,5,,,,,,,,,,,,
21051,2021-05-07,22995986,228060084.61,0,,15,50649,11,3000,865,500,15621,30,547293,5,,,,,,,,,,,,
21052,2021-05-09,15755092,234897778.94,0,,17,29578,12,3000,818,500,14275,30,363678,5,,,,,,,,,,,,
21053,2021-05-11,15750446,239423298.51,1,5000000,2,251149,12,3000,622,500,11428,30,400978,5,,,,,,,,,,,,
21054,2021-05-14,22606128,238943988.2,0,,15,36642,19,3000,1155,500,20478,30,866356,5,,,,,,,,,,,,
21055,2021-05-16,15718444,243890732.65,0,,7,68399,11,3000,967,500,14035,30,395309,5,,,,,,,,,,,,
21056,2021-05-18,15692264,248199880.95,0,,6,80208,13,3000,811,500,14054,30,402121,5,,,,,,,,,,,,
21057,2021-05-21,22388280,252531116.87,1,5000000,15,7950,128,3000,3048,500,38104,30,1345312,5,,,,,,,,,,,,
21058,2021-05-23,15596696,248604436.35,0,,11,42761,13,3000,844,500,14001,30,411507,5,,,,,,,,,,,,
21059,2021-05-25,15380216,252837870.79,0,,5,81855,11,3000,833,500,15062,30,508433,5,,,,,,,,,,,,
21060,2021-05-28,21957026,256521373.55,1,5000000,5,86051,29,3000,1295,500,22800,30,1007569,5,,,,,,,,,,,,
21061,2021-05-30,15227534,255393711.52,0,,1,207377,18,3000,993,500,15394,30,875079,5,,,,,,,,,,,,
21062,2021-06-01,14904874,257260110.51,0,,34,8296,59,3000,1131,500,17698,30,641849,5,,,,,,,,,,,,
21063,2021-06-04,21354372,259798743.44,0,,14,28744,41,3000,1293,500,21536,30,1004771,5,,,,,,,,,,,,
21064,2021-06-06,15171794,263420529.99,0,,4,71511,34,3000,1138,500,19427,30,663983,5,,,,,,,,,,,,
21065,2021-06-08,14929462,265994938.64,0,,11,41516,15,3000,559,500,11564,30,415439,5,,,,,,,,,,,,
21066,2021-06-11,21296078,270105077.88,21,5000000,56,8197,36,3000,1559,500,22722,30,855053,5,,,,,,,,,,,,
21067,2021-06-13,14505536,169236665.78,0,,7,39456,19,3000,943,500,17229,30,660077,5,,,,,,,,,,,,
21068,2021-06-15,14763920,171722427.66,0,,2,221592,6,3000,808,500,12948,30,398407,5,,,,,,,,,,,,
21069,2021-06-18,21704502,175711088.88,3,5000000,4,124617,42,3000,1096,500,19491,30,878356,5,,,,,,,,,,,,
21070,2021-06-20,15355612,165197315.26,0,,3,153664,7,3000,887,500,14295,30,404193,5,,,,,,,,,,,,
21071,2021-06-22,15216242,169346256.65,0,,0,,10,3000,604,500,10737,30,348531,5,,,,,,,,,,,,
21072,2021-06-25,22339740,174405450.23,0,,11,64753,18,3000,1022,500,17385,30,547400,5,,,,,,,,,,,,
21073,2021-06-27,15501674,180816080.57,0,,5,62235,67,3000,919,500,14631,30,676924,5,,,,,,,,,,,,
21074,2021-06-29,15245746,183616673.8,1,5000000,11,41141,16,3000,768,500,14653,30,414656,5,,,,,,,,,,,,
21075,2021-07-02,22194454,182689664.79,0,,15,39058,15,3000,1708,500,27343,30,659432,5,,,,,,,,,,,,
21076,2021-07-04,15414122,187962614.0,0,,4,71596,15,3000,1165,500,18112,30,703640,5,,,,,,,,,,,,
21077,2021-07-06,15312322,190540087.8,0,,10,46010,16,3000,784,500,14731,30,404012,5,,,,,,,,,,,,
21078,2021-07-09,22115146,194681030.8,0,,7,58015,54,3000,1333,500,23256,30,1049838,5,,,,,,,,,,,,
21079,2021-07-11,15296010,198335977.19,0,,19,23559,18,3000,1033,500,15223,30,398297,5,,,,,,,,,,,,
21080,2021-07-13,15213714,202364710.1,1,5000000,8,35075,46,3000,1051,500,18073,30,688599,5,,,,,,,,,,,,
21081,2021-07-16,22295804,199890141.47,1,5000000,11,41484,35,3000,1459,500,24369,30,959205,5,,,,,,,,,,,,
21082,2021-07-18,15619412,198997155.53,1,5000000,4,78428,15,3000,1063,500,17429,30,683399,5,,,,,,,,,,,,
21083,2021-07-20,15145274,196820587.72,0,,10,48802,13,3000,675,500,11753,30,362368,5,,,,,,,,,,,,
21084,2021-07-23,21910190,201212816.55,2,5000000,11,48772,20,3000,1184,500,20018,30,823685,5,,,,,,,,,,,,
21085,2021-07-25,14848472,196041341.84,0,,1,300732,28,3000,787,500,14068,30,673777,5,,,,,,,,,,,,
21086,2021-07-27,14827428,198747935.49,0,,9,38989,14,3000,893,500,16631,30,553796,5,,,,,,,,,,,,
21087,2021-07-30,21662924,201906062.24,0,,15,27071,39,3000,1603,500,26022,30,970987,5,,,,,,,,,,,,
21088,2021-08-01,15077074,205560726.22,0,,4,77942,13,3000,923,500,16594,30,654348,5,,,,,,,,,,,,
21089,2021-08-03,15107820,208366661.85,0,,5,94881,10,3000,639,500,12906,30,384419,5,,,,,,,,,,,,
21090,2021-08-06,22228364,212636312.97,0,,4,81478,60,3000,1753,500,25787,30,1160530,5,,,,,,,,,,,,
21091,2021-08-08,15792036,215569537.49,0,,2,174927,13,3000,1049,500,14148,30,650322,5,,,,,,,,,,,,
21092,2021-08-10,15577486,218718230.37,0,,2,198691,18,3000,1089,500,19902,30,492714,5,,,,,,,,,,,,
21093,2021-08-13,22735440,222294684.7,0,,9,33471,37,3000,1826,500,28287,30,1251066,5,,,,,,,,,,,,
21094,2021-08-15,16077568,225005867.74,1,5000000,4,64801,68,3000,1235,500,20335,30,770878,5,,,,,,,,,,,,
21095,2021-08-17,15862494,222338729.23,0,,0,,53,3000,1210,500,16750,30,748843,5,,,,,,,,,,,,
21096,2021-08-20,25141108,225100636.29,1,5000000,34,22633,19,3000,1134,500,20056,30,679585,5,,,,,,,,,,,,
21097,2021-08-22,17015048,227026620.42,0,,3,146690,10,3000,737,500,12375,30,633381,5,,,,,,,,,,,,
21098,2021-08-24,18035006,230987267.09,1,5000000,6,57017,30,3000,1164,500,20797,30,824034,5,,,,,,,,,,,,
21099,2021-08-27,42910784,229066232.74,0,,13,60259,49,3000,2469,500,44418,30,2095690,5,0,,11,60259,43,1500,2085,250,37769,15,1774024,2
21100,2021-08-29,31590190,236116647.48,0,,16,55799,53,3000,1572,500,28433,30,950656,5,0,,12,55799,42,1500,1356,250,24315,15,820537,2
21101,2021-08-31,31515430,244151778.27,0,,17,50107,55,3000,1788,500,29216,30,997772,5,0,,14,50107,42,1500,1500,250,24906,15,864376,2
21102,2021-09-03,42706086,251818176.9,0,,10,93550,63,3000,2751,500,45474,30,1728437,5,0,,9,93550,49,1500,2325,250,38760,15,1465500,2
21103,2021-09-05,32295574,260237746.33,3,5000000,14,47545,62,3000,2062,500,34838,30,1381253,5,1,5000000,12,47545,56,1500,1734,250,29517,15,1169660,2
21104,2021-09-07,33364880,251228529.96,0,,9,45688,70,3000,2499,500,38924,30,1921927,5,0,,8,45688,50,1500,2195,250,33612,15,1678598,2
21105,2021-09-10,40057930,254929272.54,2,5000000,31,20785,102,3000,3959,500,53238,30,1860479,5,2,2500000,26,20785,88,1500,3398,250,45099,15,1567094,2
21106,2021-09-12,26783868,250728288.17,2,5000000,21,22811,73,3000,1985,500,31410,30,1235959,5,1,5000000,18,22811,,,,,,,,
21107,2021-09-14,24968216,245039738.46,0,,4,150362,28,3000,1496,500,26656,30,917652,5,,,3,79021,,,,,,,,
21108,2021-09-17,33029808,250452775.72,0,,15,33847,41,3000,2125,500,33370,30,1784188,5,,,,,,,,,,,,
21109,2021-09-19,20102094,255022135.05,0,,6,104068,18,3000,725,500,13260,30,558321,5,,,,,,,,,,,,
21110,2021-09-21,19233670,260641844.0,0,,2,163795,26,3000,1401,500,21663,30,944038,5,,,,,,,,,,,,
21111,2021-09-24,29002774,263590170.47,1,5000000,36,13428,76,3000,2939,500,42603,30,1280292,5,,,,,,,,,,,,
21112,2021-09-26,19758758,262941048.8,0,,7,38467,61,3000,1875,500,25452,30,1020999,5,,,,,,,,,,,,
21113,2021-09-28,19405268,265364511.58,0,,8,55251,20,3000,1051,500,19789,30,781858,5,,,,,,,,,,,,
21114,2021-10-05,21384310,269342620.77,0,,3,199949,14,3000,1214,500,19936,30,646551,5,,,,,,,,,,,,
21115,2021-10-08,26931152,274741249.98,1,5000000,9,75326,53,3000,1616,500,27495,30,925003,5,,,,,,,,,,,,
21116,2021-10-10,18618636,275842709.51,0,,13,22537,64,3000,1137,500,19600,30,968954,5,,,,,,,,,,,,
21117,2021-10-12,18787364,278479584.99,1,5000000,4,73640,51,3000,1444,500,24127,30,932279,5,,,,,,,,,,,,
21118,2021-10-15,27192874,276130628.01,0,,15,41601,68,3000,1811,500,27559,30,1029603,5,,,,,,,,,,,,
21119,2021-10-17,18705060,281746828.94,0,,8,73743,21,3000,896,500,15878,30,455736,5,,,,,,,,,,,,
21120,2021-10-19,18516226,287056342.4,0,,9,56655,40,3000,1096,500,17372,30,556961,5,,,,,,,,,,,,
21121,2021-10-22,26982348,291645429.57,1,5000000,5,78768,49,3000,1966,500,35687,30,1416466,5,,,,,,,,,,,,
21122,2021-10-24,18783540,290189999.04,1,5000000,5,56502,65,3000,1738,500,24662,30,914994,5,,,,,,,,,,,,
21123,2021-10-26,18722112,287732593.18,0,,4,117415,22,3000,947,500,17632,30,681751,5,,,,,,,,,,,,
21124,2021-10-29,27071418,291959551.07,1,5000000,5,130231,46,3000,1976,500,30786,30,940770,5,,,,,,,,,,,,
21125,2021-10-31,18494754,292819959.41,0,,5,113414,76,3000,677,500,12896,30,487667,5,,,,,,,,,,,,
21126,2021-11-02,18030230,297923602.42,3,5000000,4,81658,32,3000,1677,500,22487,30,791876,5,,,,,,,,,,,,
21127,2021-11-05,26348686,285863292.85,1,5000000,25,25722,57,3000,1533,500,25612,30,954893,5,,,,,,,,,,,,
21128,2021-11-07,17491938,286650770.88,0,,12,23895,45,3000,1278,500,19660,30,867969,5,,,,,,,,,,,,
21129,2021-11-09,18023220,289231435.04,3,5000000,8,30374,46,3000,1554,500,23372,30,957056,5,,,,,,,,,,,,
21130,2021-11-12,27133138,276418379.06,1,5000000,6,82287,90,3000,1946,500,30438,30,1240364,5,,,,,,,,,,,,
21131,2021-11-14,18548512,275861928.92,3,5000000,17,21698,16,3000,1323,500,21939,30,806475,5,,,,,,,,,,,,
21132,2021-11-16,17817844,264181782.21,2,5000000,8,38802,80,3000,1576,500,24176,30,774648,5,,,,,,,,,,,,
21133,2021-11-19,27234920,256975583.41,0,,27,27665,30,3000,1650,500,26629,30,832316,5,,,,,,,,,,,,
21134,2021-11-21,17720480,263698278.13,0,,80,6000,62,3000,2171,500,29423,30,1031352,5,,,,,,,,,,,,
21135,2021-11-23,17638470,264933154.81,0,,12,27407,42,3000,1175,500,19658,30,810137,5,,,,,,,,,,,,
21136,2021-11-26,26683248,267893187.58,1,5000000,9,60862,54,3000,1870,500,28517,30,1128932,5,,,,,,,,,,,,
21137,2021-11-28,17986170,267823046.95,0,,6,94112,11,3000,783,500,14304,30,462566,5,,,,,,,,,,,,
21138,2021-11-30,17355582,272905142.92,1,5000000,7,48164,30,3000,1237,500,19090,30,770310,5,,,,,,,,,,,,
21139,2021-12-03,26520720,270939479.58,0,,7,115644,11,3000,1178,500,20232,30,734211,5,,,,,,,,,,,,
21140,2021-12-05,17624340,278225103.6,0,,6,42102,43,3000,1450,500,21556,30,921825,5,,,,,,,,,,,,
21141,2021-12-07,17255786,280498613.04,2,5000000,1,561485,20,3000,627,500,11944,30,421732,5,,,,,,,,,,,,
21142,2021-12-10,25877596,275551982.67,0,,18,43713,11,3000,1362,500,26865,30,658334,5,,,,,,,,,,,,
21143,2021-12-12,17226602,282633544.51,0,,2,256771,10,3000,716,500,13578,30,502052,5,,,,,,,,,,,,
21144,2021-12-14,17024740,287255435.99,0,,3,113474,41,3000,1527,500,17347,30,706197,5,,,,,,,,,,,,
21145,2021-12-17,25979094,290319240.83,0,,59,9296,50,3000,1629,500,28162,30,1087083,5,,,,,,,,,,,,
21146,2021-12-19,17456190,295255723.78,0,,10,53189,10,3000,803,500,13798,30,477833,5,,,,,,,,,,,,
21147,2021-12-21,17523846,300042759.07,1,5000000,4,708983,44,3000,1290,500,20726,30,807373,5,,,,,,,,,,,,
21148,2021-12-24,26551120,295357863.02,0,,8,78245,71,3000,1575,500,26917,30,988483,5,,,,,,,,,,,,
21149,2021-12-26,18139518,300991524.44,0,,3,816163,40,3000,1540,500,23033,30,917366,5,,,,,,,,,,,,
21150,2021-12-28,18534314,301263578.82,1,5000000,13,217017,56,3000,1087,500,20332,30,925132,5,,,,,,,,,,,,
21151,2021-12-31,30276456,296577048.21,2,5000000,10,92598,40,3000,1354,500,26780,30,795043,5,,,,,,,,,,,,
22001,2022-01-02,18240328,294910911.81,0,,33,16397,17,3000,1113,500,14722,30,495481,5,,,,,,,,,,,,
22002,2022-01-04,18255740,299780987.96,0,,13,44436,27,3000,992,500,16250,30,420825,5,,,,,,,,,,,,
22003,2022-01-07,28252364,304980006.8,0,,15,401609,45,3000,1714,500,27501,30,1066627,5,,,,,,,,,,,,
22004,2022-01-09,19174784,305649356.14,1,5000000,1,5000000,18,3000,791,500,15726,30,514218,5,,,,,,,,,,,,
22005,2022-01-11,20130518,301552630.3,2,5000000,7,731904,19,3000,1113,500,16641,30,611727,5,,,,,,,,,,,,
22006,2022-01-14,28092782,292121889.18,0,,4,132239,35,3000,1847,500,29662,30,1311503,5,,,,,,,,,,,,
22007,2022-01-16,19212826,296882518.54,3,5000000,5,53003,35,3000,1687,500,28006,30,995084,5,,,,,,,,,,,,
22008,2022-01-18,18955126,284267684.81,0,,4,87422,33,3000,1382,500,20929,30,874645,5,,,,,,,,,,,,
22009,2022-01-21,27561254,287414909.88,0,,7,55428,42,3000,1803,500,29416,30,1543003,5,,,,,,,,,,,,
22010,2022-01-23,18760572,290906927.39,1,5000000,7,63772,25,3000,1186,500,20336,30,690111,5,,,,,,,,,,,,
22011,2022-01-25,19099950,289924568.14,0,,5,114203,19,3000,825,500,15875,30,540610,5,,,,,,,,,,,,
22012,2022-01-28,37968616,295063726.09,0,,19,35379,83,3000,3123,500,49502,30,1717386,5,,,,,,,,,,,,
22013,2022-02-08,20889810,301113644.75,1,5000000,9,224002,49,3000,1712,500,25554,30,1245273,5,,,,,,,,,,,,
22014,2022-02-11,27063202,296337646.94,0,,8,49961,91,3000,2510,500,36802,30,1326402,5,,,,,,,,,,,,
22015,2022-02-13,18251246,299934856.02,3,5000000,67,6000,133,3000,2341,500,30750,30,924957,5,,,,,,,,,,,,
22016,2022-02-15,18240516,286578549.01,5,5000000,101,6000,42,3000,1398,500,21651,30,896578,5,,,,,,,,,,,,
22017,2022-02-18,27310170,264260938.57,0,,8,103341,37,3000,1433,500,22910,30,719974,5,,,,,,,,,,,,
22018,2022-02-20,17796366,271701520.54,0,,4,110120,21,3000,928,500,14873,30,668438,5,,,,,,,,,,,,
22019,2022-02-22,18303354,275665875.95,5,5000000,7,44192,99,3000,1654,500,21676,30,820176,5,,,,,,,,,,,,
22020,2022-02-25,26909590,253450011.06,0,,8,45498,45,3000,1981,500,31538,30,1494839,5,,,,,,,,,,,,
22021,2022-02-27,18174662,256725888.75,2,5000000,2,209676,72,3000,1127,500,19117,30,671810,5,,,,,,,,,,,,
22022,2022-03-01,18072540,250500060.69,0,,7,79999,7,3000,915,500,14855,30,466284,5,,,,,,,,,,,,
22023,2022-03-04,33108324,255540037.83,0,,22,32397,99,3000,2859,500,39292,30,1238076,5,,,,,,,,,,,,
22024,2022-03-06,18730308,261954732.71,0,,8,72381,17,3000,1028,500,16357,30,466320,5,,,,,,,,,,,,
22025,2022-03-08,18306984,267166219.54,0,,12,27783,22,3000,1379,500,19254,30,860666,5,,,,,,,,,,,,
22026,2022-03-11,31908996,270166794.48,0,,5,129483,50,3000,2085,500,36668,30,1373739,5,,,,,,,,,,,,
22027,2022-03-13,18328492,275993550.22,0,,8,33683,40,3000,1682,500,24276,30,919407,5,,,,,,,,,,,,
22028,2022-03-15,17672290,278418731.69,0,,3,83681,48,3000,1670,500,24875,30,884747,5,,,,,,,,,,,,
22029,2022-03-18,30840102,280678125.08,2,5000000,15,32412,114,3000,3657,500,47086,30,1333328,5,,,,,,,,,,,,
22030,2022-03-20,17610880,275053862.06,0,,5,45882,30,3000,1194,500,20252,30,1008126,5,,,,,,,,,,,,
22031,2022-03-22,17874472,277118589.14,0,,8,42534,34,3000,1383,500,21165,30,785451,5,,,,,,,,,,,,
22032,2022-03-25,30810778,280181096.79,1,5000000,11,80429,27,3000,1425,500,27419,30,926783,5,,,,,,,,,,,,
22033,2022-03-27,18045584,283143663.39,0,,7,79100,9,3000,798,500,20647,30,451973,5,,,,,,,,,,,,
22034,2022-03-29,17748620,288127018.43,0,,7,49483,8,3000,765,500,14661,30,877326,5,,,,,,,,,,,,
22035,2022-04-01,28424854,291244495.85,1,5000000,12,44095,123,3000,2374,500,34745,30,1207667,5,,,,,,,,,,,,
22036,2022-04-03,16459314,291006839.96,2,5000000,10,27093,42,3000,1697,500,23426,30,735696,5,,,,,,,,,,,,
22037,2022-04-05,16041242,283445213.43,0,,3,104590,39,3000,1452,500,17677,30,669837,5,,,,,,,,,,,,
22038,2022-04-08,27096534,286269155.65,5,5000000,8,89097,45,3000,1722,500,28747,30,858218,5,,,,,,,,,,,,
22039,2022-04-10,16329740,267684177.14,0,,3,112999,29,3000,819,500,13979,30,739143,5,,,,,,,,,,,,
22040,2022-04-12,16039516,270735165.98,0,,2,184599,23,3000,1022,500,17310,30,613616,5,,,,,,,,,,,,
22041,2022-04-15,26767946,274057950.54,1,5000000,9,62246,33,3000,1764,500,29745,30,1128155,5,,,,,,,,,,,,
22042,2022-04-17,16761512,274099902.23,0,,15,22105,23,3000,1154,500,17397,30,745889,5,,,,,,,,,,,,
22043,2022-04-19,16478546,277084109.52,0,,11,24706,33,3000,1313,500,19109,30,805594,5,,,,,,,,,,,,
22044,2022-04-22,27207310,279530082.31,0,,8,57036,58,3000,2144,500,30107,30,1323898,5,,,,,,,,,,,,
22045,2022-04-24,16832288,283636676.02,0,,3,60636,43,3000,1383,500,19432,30,1005056,5,,,,,,,,,,,,
22046,2022-04-26,16475288,285273849.03,2,5000000,3,80102,77,3000,1508,500,21168,30,809957,5,,,,,,,,,,,,
22047,2022-04-29,26661102,277436608.54,5,5000000,9,43910,48,3000,1962,500,31427,30,1408837,5,,,,,,,,,,,,
22048,2022-05-01,15751916,255993359.02,0,,12,38833,13,3000,793,500,13846,30,441518,5,,,,,,,,,,,,
22049,2022-05-03,15548348,260187330.98,0,,4,78594,23,3000,940,500,14920,30,697661,5,,,,,,,,,,,,
22050,2022-05-06,25923926,263016737.95,0,,28,22775,22,3000,1387,500,24731,30,964858,5,,,,,,,,,,,,
22051,2022-05-08,16234630,268756041.32,0,,4,74268,36,3000,1033,500,16930,30,770364,5,,,,,,,,,,,,
22052,2022-05-10,16054368,271429715.15,0,,3,136226,45,3000,1234,500,17265,30,501978,5,,,,,,,,,,,,
22053,2022-05-13,25773946,275107835.44,1,5000000,7,109496,13,3000,1212,500,21101,30,737294,5,,,,,,,,,,,,
22054,2022-05-15,16343534,277006095.63,0,,1,339281,22,3000,1105,500,17216,30,696107,5,,,,,,,,,,,,
22055,2022-05-17,16347526,280059630.62,0,,5,109379,14,3000,655,500,12688,30,358234,5,,,,,,,,,,,,
22056,2022-05-20,25940410,284981710.59,0,,5,150101,21,3000,1418,500,22676,30,750686,5,,,,,,,,,,,,
22057,2022-05-22,16416984,291736292.4,0,,50,7684,21,3000,1153,500,17282,30,608839,5,,,,,,,,,,,,
22058,2022-05-24,15916936,295194242.84,0,,6,89838,3,3000,511,500,11621,30,359171,5,,,,,,,,,,,,
22059,2022-05-27,26880906,300045525.12,0,,5,1007188,49,3000,1922,500,28096,30,1125055,5,,,,,,,,,,,,
22060,2022-05-29,17147908,300605074.01,11,5000000,9,238204,39,3000,1542,500,22454,30,891762,5,,,,,,,,,,,,
22061,2022-05-31,16060702,245843278.5,0,,14,35182,21,3000,919,500,14931,30,394748,5,,,,,,,,,,,,
22062,2022-06-03,24464276,250276295.08,2,5000000,13,39676,51,3000,1692,500,26918,30,1004609,5,,,,,,,,,,,,
22063,2022-06-05,16236662,244918414.3,0,,2,135122,22,3000,1069,500,18655,30,818673,5,,,,,,,,,,,,
22064,2022-06-07,16169844,247350618.74,0,,2,172375,25,3000,954,500,16553,30,685423,5,,,,,,,,,,,,
22065,2022-06-10,25765322,250453385.44,0,,15,22866,41,3000,1924,500,29908,30,1442546,5,,,,,,,,,,,,
22066,2022-06-12,16514362,253540419.44,0,,5,104332,7,3000,756,500,13156,30,416346,5,,,,,,,,,,,,
22067,2022-06-14,15942790,258235384.08,0,,6,87218,13,3000,610,500,13326,30,367017,5,,,,,,,,,,,,
22068,2022-06-17,25807546,262945175.97,0,,11,42959,28,3000,1854,500,27614,30,1216143,5,,,,,,,,,,,,
22069,2022-06-19,16263716,267198182.26,0,,12,44959,8,3000,721,500,13191,30,358766,5,,,,,,,,,,,,
22070,2022-06-21,15968932,272053827.02,1,5000000,7,36888,83,3000,1365,500,20597,30,738637,5,,,,,,,,,,,,
22071,2022-06-24,25245782,269377790.53,0,,12,57807,20,3000,1478,500,25777,30,772241,5,,,,,,,,,,,,
22072,2022-06-26,16068314,275621016.89,1,5000000,8,27913,119,3000,1091,500,18051,30,839273,5,,,,,,,,,,,,
22073,2022-06-28,15993806,272630787.86,0,,7,66876,18,3000,1042,500,16355,30,417997,5,,,,,,,,,,,,
22074,2022-07-01,25615178,276843984.81,1,5000000,12,56254,17,3000,1563,500,29086,30,819167,5,,,,,,,,,,,,
22075,2022-07-03,16183802,277919454.81,1,5000000,3,69333,73,3000,1189,500,19483,30,890413,5,,,,,,,,,,,,
22076,2022-07-05,15840672,274791461.99,0,,12,23723,44,3000,1213,500,19527,30,718160,5,,,,,,,,,,,,
22077,2022-07-08,25599822,277353599.34,1,5000000,7,99153,35,3000,1659,500,26434,30,775135,5,,,,,,,,,,,,
22078,2022-07-10,16162966,278600245.34,1,5000000,0,,57,3000,1078,500,17445,30,734926,5,,,,,,,,,,,,
22079,2022-07-12,15736786,276612118.68,1,5000000,5,49357,27,3000,1084,500,17533,30,818831,5,,,,,,,,,,,,
22080,2022-07-15,26401184,273833210.81,1,5000000,3,269549,20,3000,1070,500,18866,30,737822,5,,,,,,,,,,,,
22081,2022-07-17,16140298,276111051.95,0,,15,23898,24,3000,1184,500,17377,30,627719,5,,,,,,,,,,,,
22082,2022-07-19,15993486,279337408.87,0,,4,67701,22,3000,854,500,15062,30,836776,5,,,,,,,,,,,,
22083,2022-07-22,26167186,281774670.2,1,5000000,9,83573,22,3000,1457,500,24844,30,752105,5,,,,,,,,,,,,
22084,2022-07-24,16198490,283544088.73,0,,5,101906,13,3000,617,500,11791,30,428146,5,,,,,,,,,,,,
22085,2022-07-26,15812470,288129858.82,0,,10,38533,27,3000,954,500,16428,30,568776,5,,,,,,,,,,,,
22086,2022-07-29,26057898,291597910.09,1,5000000,4,149082,40,3000,1590,500,23425,30,1037464,5,,,,,,,,,,,,
22087,2022-07-31,16280284,291964880.11,0,,4,122636,13,3000,813,500,14327,30,439315,5,,,,,,,,,,,,
22088,2022-08-02,15619492,296379788.85,0,,7,39676,17,3000,1028,500,19238,30,746816,5,,,,,,,,,,,,
22089,2022-08-05,25991202,298879386.82,0,,7,107223,33,3000,1492,500,24650,30,729109,5,,,,,,,,,,,,
22090,2022-08-07,16968874,305634466.4,1,5000000,2,1723274,38,3000,1085,500,17193,30,662592,5,,,,,,,,,,,,
22091,2022-08-09,16864132,301017416.23,0,,9,233795,32,3000,1514,500,21599,30,884900,5,,,,,,,,,,,,
22092,2022-08-12,27954980,301251211.7,2,5000000,27,212065,69,3000,2174,500,30212,30,1027122,5,,,,,,,,,,,,
22093,2022-08-14,16150726,291887408.72,0,,4,105945,19,3000,755,500,13653,30,566392,5,,,,,,,,,,,,
22094,2022-08-16,16048282,295701433.89,0,,4,126027,16,3000,608,500,12876,30,416855,5,,,,,,,,,,,,
22095,2022-08-19,27722908,300238426.75,0,,6,1292357,24,3000,1304,500,23070,30,710482,5,,,,,,,,,,,,
22096,2022-08-21,17128326,301099998.24,2,5000000,11,267024,39,3000,1535,500,20077,30,728487,5,,,,,,,,,,,,
22097,2022-08-23,16211200,291426361.71,1,5000000,4,119233,16,3000,787,500,16021,30,450402,5,,,,,,,,,,,,
22098,2022-08-26,27196754,290718774.91,0,,11,67599,13,3000,1370,500,23365,30,893112,5,,,,,,,,,,,,
22099,2022-08-28,16579334,297411084.42,0,,1,517254,13,3000,794,500,13149,30,424172,5,,,,,,,,,,,,
22100,2022-08-30,16481580,302066373.71,0,,2,1637684,14,3000,733,500,13812,30,722763,5,,,,,,,,,,,,
22101,2022-09-02,27134014,302430303.63,0,,11,630088,70,3000,1378,500,22243,30,805658,5,,,,,,,,,,,,
22102,2022-09-04,16428204,303200412.32,0,,10,235166,29,3000,1336,500,21338,30,808344,5,,,,,,,,,,,,
22103,2022-09-06,16044922,303461708.32,0,,19,189859,9,3000,1482,500,20476,30,494319,5,,,,,,,,,,,,
22104,2022-09-09,26548190,303862522.0,1,5000000,5,1053427,59,3000,1624,500,27248,30,1069960,5,,,,,,,,,,,,
22105,2022-09-11,15766556,299447759.31,1,5000000,6,53609,15,3000,874,500,14383,30,719115,5,,,,,,,,,,,,
22106,2022-09-13,15947594,297342652.01,0,,5,52619,34,3000,1364,500,19063,30,765495,5,,,,,,,,,,,,
22107,2022-09-16,27891382,299710512.46,0,,37,13716,77,3000,2085,500,31624,30,1273913,5,,,,,,,,,,,,
22108,2022-09-18,18233704,304278005.42,0,,6,775124,27,3000,973,500,17571,30,534478,5,,,,,,,,,,,,
22109,2022-09-20,17636966,304794754.92,1,5000000,11,451667,12,3000,647,500,13530,30,471266,5,,,,,,,,,,,,
22110,2022-09-23,28489396,300346793.25,0,,3,2468020,24,3000,1486,500,24733,30,835216,5,,,,,,,,,,,,
22111,2022-09-25,18185370,301169466.65,1,5000000,9,373331,50,3000,1317,500,20296,30,752028,5,,,,,,,,,,,,
22112,2022-09-27,16880312,296542797.78,0,,22,20249,21,3000,1203,500,19367,30,514191,5,,,,,,,,,,,,
22113,2022-09-30,31246428,300552196.87,0,,9,504379,64,3000,2292,500,37305,30,1561961,5,,,,,,,,,,,,
22114,2022-10-07,27643566,301056576.34,2,5000000,20,331694,17,3000,1541,500,26502,30,911561,5,,,,,,,,,,,,
22115,2022-10-09,16960958,291793674.57,0,,7,77166,22,3000,679,500,15147,30,409859,5,,,,,,,,,,,,
22116,2022-10-11,16578796,296655172.55,1,5000000,9,36781,40,3000,1073,500,19151,30,716441,5,,,,,,,,,,,,
22117,2022-10-14,27021640,294634510.09,1,5000000,11,49107,42,3000,1998,500,33064,30,1144376,5,,,,,,,,,,,,
22118,2022-10-16,17051000,294496133.33,0,,20,24581,13,3000,845,500,15277,30,503792,5,,,,,,,,,,,,
22119,2022-10-18,16493512,298920731.33,0,,2,185336,17,3000,1048,500,17358,30,655871,5,,,,,,,,,,,,
22120,2022-10-21,28109848,302256784.62,5,5000000,12,427612,42,3000,1634,500,29356,30,1249730,5,,,,,,,,,,,,
22121,2022-10-23,16943132,277826934.17,0,,14,34548,14,3000,845,500,14792,30,511425,5,,,,,,,,,,,,
22122,2022-10-25,17045268,282180008.88,0,,5,78934,26,3000,912,500,14677,30,686225,5,,,,,,,,,,,,
22123,2022-10-28,26855574,285732080.57,1,5000000,13,53751,56,3000,1705,500,25132,30,879415,5,,,,,,,,,,,,
22124,2022-10-30,16939088,287021007.2,5,5000000,13,31890,52,3000,873,500,15302,30,620571,5,,,,,,,,,,,,
22125,2022-11-01,15454888,265752171.51,0,,8,59668,15,3000,612,500,12180,30,416606,5,,,,,,,,,,,,
22126,2022-11-04,25136038,270048290.12,0,,6,117588,37,3000,1119,500,19551,30,800867,5,,,,,,,,,,,,
22127,2022-11-06,16133798,276398054.38,0,,1,532561,13,3000,562,500,11284,30,384286,5,,,,,,,,,,,,
22128,2022-11-08,15745426,281191104.3,2,5000000,30,14982,15,3000,980,500,16453,30,438362,5,,,,,,,,,,,,
22129,2022-11-11,25270894,275236477.17,0,,6,76559,46,3000,1549,500,24882,30,1226037,5,,,,,,,,,,,,
22130,2022-11-13,15879290,279370710.92,0,,2,184514,30,3000,915,500,15298,30,616823,5,,,,,,,,,,,,
22131,2022-11-15,15975568,282691978.31,0,,11,32873,20,3000,944,500,15569,30,642585,5,,,,,,,,,,,,
22132,2022-11-18,25688786,285946408.3,1,5000000,10,29063,97,3000,2256,500,35899,30,1437042,5,,,,,,,,,,,,
22133,2022-11-20,15969828,283562100.93,0,,4,87596,29,3000,1252,500,20480,30,598793,5,,,,,,,,,,,,
22134,2022-11-22,14719350,286715566.58,1,5000000,5,50337,27,3000,1200,500,16497,30,703939,5,,,,,,,,,,,,
22135,2022-11-25,22074540,283980755.43,1,5000000,11,53199,34,3000,1240,500,22211,30,715252,5,,,,,,,,,,,,
22136,2022-11-27,14185462,284247496.57,0,,3,142624,23,3000,655,500,12370,30,380911,5,,,,,,,,,,,,
22137,2022-11-29,13777006,288098345.81,0,,2,101935,17,3000,997,500,14731,30,744119,5,,,,,,,,,,,,
22138,2022-12-02,22078206,289933182.96,0,,4,112524,34,3000,1277,500,23027,30,977207,5,,,,,,,,,,,,
22139,2022-12-04,15032880,293984061.31,3,5000000,4,53020,37,3000,1109,500,17223,30,812624,5,,,,,,,,,,,,
22140,2022-12-06,15016774,280892782.39,0,,3,148664,6,3000,707,500,11905,30,433927,5,,,,,,,,,,,,
22141,2022-12-09,23374250,284906723.22,0,,7,97583,16,3000,947,500,19019,30,706088,5,,,,,,,,,,,,
22142,2022-12-11,15803952,291054508.47,0,,23,20632,12,3000,761,500,13130,30,437594,5,,,,,,,,,,,,
22143,2022-12-13,14880588,295325518.3,0,,1,348356,20,3000,845,500,13338,30,585057,5,,,,,,,,,,,,
22144,2022-12-16,21913638,298460725.11,0,,5,64210,100,3000,1620,500,26590,30,1123892,5,,,,,,,,,,,,
22145,2022-12-18,15064112,301350195.47,0,,9,276883,42,3000,1177,500,18970,30,665796,5,,,,,,,,,,,,
22146,2022-12-20,14831912,301627078.96,0,,6,443367,22,3000,1218,500,21471,30,598545,5,,,,,,,,,,,,
22147,2022-12-23,22382184,301922657.15,0,,18,200774,37,3000,1637,500,24660,30,1056497,5,,,,,,,,,,,,
22148,2022-12-25,15195638,302324205.67,0,,6,339367,53,3000,1227,500,19655,30,764253,5,,,,,,,,,,,,
22149,2022-12-27,14987558,302550450.43,0,,13,183933,18,3000,1458,500,20985,30,654906,5,,,,,,,,,,,,
22150,2022-12-30,23864106,302816132.77,0,,17,384435,26,3000,1120,500,19810,30,639910,5,,,,,,,,,,,,
23001,2023-01-01,16593540,303542288.96,1,5000000,5,815636,21,3000,792,500,15718,30,533796,5,,,,,,,,,,,,
23002,2023-01-03,15735378,298995420.42,0,,4,123070,17,3000,600,500,11399,30,418913,5,,,,,,,,,,,,
23003,2023-01-06,25798442,303425940.62,2,5000000,22,308254,33,3000,1807,500,25422,30,668194,5,,,,,,,,,,,,
23004,2023-01-08,16938516,294179451.28,1,5000000,12,25062,28,3000,1321,500,21110,30,782908,5,,,,,,,,,,,,
23005,2023-01-10,16713884,291886230.84,1,5000000,3,171914,14,3000,592,500,11786,30,468155,5,,,,,,,,,,,,
23006,2023-01-13,25513218,291527934.18,0,,7,74573,32,3000,1577,500,24510,30,1132313,5,,,,,,,,,,,,
23007,2023-01-15,17133106,296226034.82,2,5000000,17,17875,28,3000,1455,500,22108,30,776323,5,,,,,,,,,,,,
23008,2023-01-17,18462290,288961015.07,0,,9,62945,31,3000,850,500,15517,30,479576,5,,,,,,,,,,,,
23009,2023-01-29,19856646,294059633.96,1,5000000,13,48813,16,3000,702,500,13783,30,514299,5,,,,,,,,,,,,
23010,2023-01-31,16837040,294770828.35,0,,6,58883,23,3000,1090,500,18588,30,709098,5,,,,,,,,,,,,
23011,2023-02-03,25314536,297950545.99,0,,19,6758,86,3000,2989,500,39663,30,1635507,5,,,,,,,,,,,,
23012,2023-02-05,16477214,299106323.87,0,,2,173968,24,3000,1177,500,16534,30,687590,5,,,,,,,,,,,,
23013,2023-02-07,17093404,302237752.24,0,,18,262782,11,3000,766,500,15012,30,450752,5,,,,,,,,,,,,
23014,2023-02-10,26019056,302763317.04,0,,17,391982,13,3000,1553,500,25402,30,753533,5,,,,,,,,,,,,
23015,2023-02-12,17325790,303503728.28,0,,4,488511,56,3000,1475,500,21492,30,953643,5,,,,,,,,,,,,
23016,2023-02-14,17467832,303720844.49,1,5000000,7,617256,54,3000,1204,500,17797,30,492088,5,,,,,,,,,,,,
23017,2023-02-17,26104174,299200933.26,0,,11,46584,33,3000,2073,500,31008,30,1120192,5,,,,,,,,,,,,
23018,2023-02-19,18019380,303812843.99,1,5000000,3,1067433,41,3000,1321,500,21648,30,767689,5,,,,,,,,,,,,
23019,2023-02-21,17497804,299168655.11,0,,4,89396,23,3000,993,500,17943,30,778852,5,,,,,,,,,,,,
23020,2023-02-24,27873284,302386941.67,1,5000000,16,330890,39,3000,1601,500,27576,30,1206126,5,,,,,,,,,,,,
23021,2023-02-26,17594076,297975191.59,1,5000000,10,24439,59,3000,1558,500,24559,30,896877,5,,,,,,,,,,,,
23022,2023-02-28,17472456,295174739.61,2,5000000,3,164942,24,3000,707,500,13706,30,555310,5,,,,,,,,,,,,
23023,2023-03-03,26832248,289628185.71,1,5000000,4,177720,38,3000,1479,500,24639,30,889264,5,,,,,,,,,,,,
23024,2023-03-05,17739010,291026116.08,0,,5,76194,47,3000,1262,500,18420,30,711559,5,,,,,,,,,,,,
23025,2023-03-07,17242912,294454863.99,2,5000000,17,15904,91,3000,1249,500,21734,30,839157,5,,,,,,,,,,,,
23026,2023-03-10,27614724,286888213.68,2,5000000,5,129288,57,3000,1451,500,27402,30,1069641,5,,,,,,,,,,,,
23027,2023-03-12,17024898,282706218.46,0,,5,109882,14,3000,642,500,12992,30,419064,5,,,,,,,,,,,,
23028,2023-03-14,17012444,287650926.48,0,,11,43038,23,3000,939,500,17285,30,508956,5,,,,,,,,,,,,
23029,2023-03-17,28631988,291911767.28,0,,9,75940,41,3000,1881,500,31379,30,1038025,5,,,,,,,,,,,,
23030,2023-03-19,18098408,298062978.49,2,5000000,7,72148,21,3000,1124,500,17831,30,531582,5,,,,,,,,,,,,
23031,2023-03-21,17979076,292608320.42,0,,9,60669,10,3000,911,500,17393,30,468437,5,,,,,,,,,,,,
23032,2023-03-24,29983556,297522565.44,1,5000000,17,42055,83,3000,3051,500,45355,30,881465,5,,,,,,,,,,,,
23033,2023-03-26,17272984,298957086.14,0,,11,45174,8,3000,928,500,15752,30,506796,5,,,,,,,,,,,,
23034,2023-03-28,17393750,303429386.08,1,5000000,10,465080,13,3000,801,500,15278,30,491507,5,,,,,,,,,,,,
23035,2023-03-31,26612146,298946142.33,0,,6,90451,62,3000,1949,500,32819,30,1093560,5,,,,,,,,,,,,
23036,2023-04-02,17446086,303830515.72,0,,2,2405394,16,3000,639,500,13868,30,483944,5,,,,,,,,,,,,
23037,2023-04-04,17147436,304365047.93,2,5000000,5,283839,124,3000,2349,500,30319,30,873857,5,,,,,,,,,,,,
23038,2023-04-07,26546554,294522736.79,1,5000000,6,100931,31,3000,1832,500,27242,30,1025128,5,,,,,,,,,,,,
23039,2023-04-09,16729506,294973057.1,0,,11,29955,37,3000,817,500,15226,30,785206,5,,,,,,,,,,,,
23040,2023-04-11,16395466,297938690.25,0,,3,104615,29,3000,1319,500,17926,30,722206,5,,,,,,,,,,,,
23041,2023-04-14,27348372,300763311.76,0,,4,1324281,40,3000,1611,500,26465,30,1159111,5,,,,,,,,,,,,
23042,2023-04-16,17505250,301351881.49,0,,13,258848,29,3000,943,500,16043,30,759773,5,,,,,,,,,,,,
23043,2023-04-18,17208270,301725773.24,2,5000000,4,555450,53,3000,1705,500,22298,30,856589,5,,,,,,,,,,,,
23044,2023-04-21,26017404,291972639.97,0,,4,145244,35,3000,1778,500,28032,30,1020756,5,,,,,,,,,,,,
23045,2023-04-23,16791356,297201449.13,1,5000000,4,93020,47,3000,1130,500,18047,30,651905,5,,,,,,,,,,,,
23046,2023-04-25,16587558,295550195.63,0,,7,67911,14,3000,932,500,16336,30,475206,5,,,,,,,,,,,,
23047,2023-04-28,25987122,299828609.71,6,5000000,11,45260,83,3000,2337,500,32875,30,1070260,5,,,,,,,,,,,,
23048,2023-04-30,15481260,274309385.51,0,,5,92129,48,3000,797,500,14916,30,397874,5,,,,,,,,,,,,
23049,2023-05-02,15125558,278455206.17,0,,5,53568,32,3000,1099,500,17564,30,712137,5,,,,,,,,,,,,
23050,2023-05-05,25413368,280865782.75,1,5000000,6,80683,48,3000,1356,500,24540,30,1210671,5,,,,,,,,,,,,
23051,2023-05-07,16414682,280222678.54,0,,7,49176,28,3000,966,500,16826,30,705810,5,,,,,,,,,,,,
23052,2023-05-09,16349938,283320806.3,0,,3,110420,23,3000,1026,500,17999,30,715378,5,,,,,,,,,,,,
23053,2023-05-12,25229574,286302154.96,0,,8,71069,31,3000,1571,500,25104,30,1009057,5,,,,,,,,,,,,
23054,2023-05-14,16425862,291419182.59,1,5000000,9,7039,47,3000,1393,500,22470,30,1180705,5,,,,,,,,,,,,
23055,2023-05-16,16011790,286989375.23,1,5000000,4,76001,35,3000,1080,500,17904,30,724723,5,,,,,,,,,,,,
23056,2023-05-19,25213226,284725413.12,2,5000000,7,103223,22,3000,1198,500,23785,30,750059,5,,,,,,,,,,,,
23057,2023-05-21,16186372,281228485.29,0,,5,71407,18,3000,775,500,13523,30,702750,5,,,,,,,,,,,,
23058,2023-05-23,16132260,284441829.34,0,,7,56076,28,3000,1260,500,19008,30,539045,5,,,,,,,,,,,,
23059,2023-05-26,26285344,287974637.5,1,5000000,39,15554,35,3000,1824,500,27707,30,993079,5,,,,,,,,,,,,
23060,2023-05-28,16244956,288434229.7,0,,2,249562,25,3000,885,500,15375,30,398006,5,,,,,,,,,,,,
23061,2023-05-30,15856192,292926353.3,33,5000000,5,47357,49,3000,1404,500,21939,30,778900,5,,,,,,,,,,,,
23062,2023-06-02,24916812,130057430.97,0,,11,40290,58,3000,1760,500,29079,30,1170186,5,,,,,,,,,,,,
23063,2023-06-04,16169976,134046175.06,0,,7,47008,19,3000,1181,500,20825,30,672084,5,,,,,,,,,,,,
23064,2023-06-06,16002734,137007731.48,0,,4,81760,30,3000,1126,500,19983,30,663686,5,,,,,,,,,,,,
23065,2023-06-09,24628928,139951109.17,1,5000000,6,73311,47,3000,1737,500,27817,30,1165092,5,,,,,,,,,,,,
23066,2023-06-11,15967442,138909943.42,2,5000000,0,,30,3000,1221,500,17745,30,731660,5,,,,,,,,,,,,
23067,2023-06-13,15931312,131842840.0,0,,3,97289,21,3000,1172,500,19289,30,731999,5,,,,,,,,,,,,
23068,2023-06-16,24552896,134469650.09,1,5000000,32,18373,59,3000,2154,500,30023,30,799328,5,,,,,,,,,,,,
23069,2023-06-18,16169784,134761280.23,0,,5,56443,53,3000,1447,500,19317,30,727805,5,,,,,,,,,,,,
23070,2023-06-20,15933942,137301223.47,0,,5,53188,40,3000,1231,500,18878,30,769276,5,,,,,,,,,,,,
23071,2023-06-23,24521506,139694693.89,1,5000000,6,71817,71,3000,2059,500,31352,30,1104690,5,,,,,,,,,,,,
23072,2023-06-25,16808828,138572819.04,1,5000000,7,58166,33,3000,1071,500,16805,30,605210,5,,,,,,,,,,,,
23073,2023-06-27,16281130,137237282.19,1,5000000,4,79712,24,3000,953,500,17144,30,745288,5,,,,,,,,,,,,
23074,2023-06-30,25317926,135106926.52,0,,13,55309,43,3000,1262,500,21959,30,759353,5,,,,,,,,,,,,
23075,2023-07-02,16442550,141578150.39,2,5000000,6,58404,17,3000,1157,500,18622,30,672888,5,,,,,,,,,,,,
23076,2023-07-04,16166964,134731974.94,0,,16,22273,28,3000,1334,500,18160,30,612451,5,,,,,,,,,,,,
23077,2023-07-07,25116602,137939356.56,0,,26,27347,23,3000,1310,500,22784,30,757845,5,,,,,,,,,,,,
23078,2023-07-09,16094296,144338707.54,0,,5,59856,23,3000,1168,500,17001,30,746066,5,,,,,,,,,,,,
23079,2023-07-11,16094322,147032268.08,1,5000000,5,68994,30,3000,1064,500,15785,30,668190,5,,,,,,,,,,,,
23080,2023-07-14,25664818,145137014.08,0,,9,70669,30,3000,1428,500,24747,30,933812,5,,,,,,,,,,,,
23081,2023-07-16,16329786,150861275.82,0,,5,95927,17,3000,881,500,16540,30,443505,5,,,,,,,,,,,,
23082,2023-07-18,16019768,155178008.95,0,,6,78985,10,3000,887,500,13143,30,448552,5,,,,,,,,,,,,
23083,2023-07-21,25273732,159443231.64,0,,6,99055,46,3000,1633,500,26244,30,939800,5,,,,,,,,,,,,
23084,2023-07-23,16084940,164792209.45,1,5000000,13,39083,11,3000,730,500,11459,30,411788,5,,,,,,,,,,,,
23085,2023-07-25,15733558,164365028.99,0,,4,49280,33,3000,947,500,16044,30,936882,5,,,,,,,,,,,,
23086,2023-07-28,24504048,166139121.07,1,5000000,9,47115,60,3000,1890,500,30308,30,1146464,5,,,,,,,,,,,,
23087,2023-07-30,15844698,164955502.24,1,5000000,5,98477,20,3000,743,500,14848,30,392617,5,,,,,,,,,,,,
23088,2023-08-01,15424748,164386991.56,0,,15,29549,20,3000,832,500,14229,30,444580,5,,,,,,,,,,,,
23089,2023-08-04,24368656,168376112.43,0,,11,32008,76,3000,2012,500,31532,30,1247955,5,,,,,,,,,,,,
23090,2023-08-06,15759090,171544928.23,0,,5,95182,14,3000,678,500,14162,30,431392,5,,,,,,,,,,,,
23091,2023-08-08,15894458,175828148.92,2,5000000,10,39747,15,3000,783,500,13509,30,594350,5,,,,,,,,,,,,
23092,2023-08-11,35565680,169405436.9,1,5000000,37,15558,108,3000,3400,500,53029,30,1611108,5,1,2500000,35,7779,89,1500,2676,250,43794,15,1349230,2
23093,2023-08-13,21628716,169586532.78,1,5000000,20,20581,60,3000,1822,500,27166,30,915163,5,1,2500000,18,10290,51,1500,1501,250,22466,15,750445,2
23094,2023-08-15,22495926,168291181.04,1,5000000,38,13769,32,3000,1456,500,24198,30,848106,5,1,2500000,38,6884,25,1500,1219,250,20097,15,698798,2
23095,2023-08-18,34857710,168000461.41,1,5000000,14,67833,28,3000,1815,500,31025,30,1132263,5,0,,11,33916,23,1500,1575,250,26565,15,980214,2
23096,2023-08-20,22700690,171547503.02,0,,9,75374,39,3000,1156,500,19919,30,609417,5,0,,6,37687,35,1500,1007,250,16904,15,522620,2
23097,2023-08-22,34000928,177652817.81,1,5000000,14,66888,34,3000,1850,500,29628,30,1076035,5,1,5000000,13,52440,32,3000,1661,500,26638,30,975903,5
23098,2023-08-25,34325346,181080813.56,2,5000000,9,92562,42,3000,1933,500,32215,30,1285963,5,2,2500000,,,29,1500,1618,250,27177,15,1067366,2
23099,2023-08-27,21543434,178578402.65,0,,17,41137,21,3000,904,500,16281,30,511880,5,,,,,20,1500,755,250,13546,15,432920,2
23100,2023-08-29,20042892,184872510.04,0,,4,103012,25,3000,1061,500,17647,30,913120,5,,,,,22,1500,905,250,14476,15,739420,2
23101,2023-09-01,31704338,188580966.41,1,5000000,12,54487,65,3000,2215,500,36240,30,1321395,5,,,,,55,1500,1804,250,29857,15,1076208,2
23102,2023-09-03,19837968,189465571.97,1,5000000,6,75958,24,3000,1126,500,20644,30,781756,5,,,,,15,1500,920,250,16348,15,633770,2
23103,2023-09-05,19406382,188567325.86,0,,7,86505,11,3000,751,500,14435,30,522436,5,,,,,9,1500,611,250,11769,15,432984,2
23104,2023-09-08,29217408,194017183.32,0,,7,120405,37,3000,1470,500,24239,30,862999,5,,,,,,,,,,,,
23105,2023-09-10,18550090,201602711.75,1,5000000,14,33917,25,3000,1092,500,17799,30,637237,5,,,,,,,,,,,,
23106,2023-09-12,18017812,200876261.94,0,,22,9330,47,3000,1478,500,23006,30,1041158,5,,,,,,,,,,,,
23107,2023-09-15,30184994,202723744.03,0,,10,63351,79,3000,1599,500,27605,30,1318178,5,,,,,,,,,,,,
23108,2023-09-17,18887568,208425340.38,3,5000000,3,183794,12,3000,850,500,14731,30,567629,5,,,,,,,,,,,,
23109,2023-09-19,17845640,198387790.37,0,,6,72877,34,3000,1126,500,18182,30,632254,5,,,,,,,,,,,,
23110,2023-09-22,28589046,202323160.61,0,,3,182458,44,3000,1831,500,29602,30,1319866,5,,,,,,,,,,,,
23111,2023-09-24,18069452,207249528.9,0,,17,32459,13,3000,827,500,16068,30,480271,5,,,,,,,,,,,,
23112,2023-09-26,17668466,212215851.73,0,,9,23566,31,3000,1630,500,23963,30,981931,5,,,,,,,,,,,,
23113,2023-09-29,26906176,214124754.74,0,,10,40114,51,3000,2212,500,33453,30,1381999,5,,,,,,,,,,,,
23114,2023-10-06,26554570,217735051.86,2,5000000,9,88637,16,3000,1366,500,25454,30,707955,5,,,,,,,,,,,,
23115,2023-10-08,17390584,214914661.73,0,,4,123558,21,3000,936,500,15069,30,519194,5,,,,,,,,,,,,
23116,2023-10-10,17433800,219362773.27,0,,4,76897,58,3000,1230,500,20593,30,811977,5,,,,,,,,,,,,
23117,2023-10-13,27256374,222131071.57,1,5000000,16,36575,59,3000,1971,500,29732,30,1089804,5,,,,,,,,,,,,
23118,2023-10-15,18023384,222398000.5,0,,7,73162,9,3000,772,500,14133,30,574620,5,,,,,,,,,,,,
23119,2023-10-17,17564522,227007231.84,1,5000000,3,165382,58,3000,1148,500,16333,30,481431,5,,,,,,,,,,,,
23120,2023-10-20,26938460,226472555.54,0,,10,79035,20,3000,1293,500,25132,30,767165,5,,,,,,,,,,,,
23121,2023-10-22,17586428,233585759.9,0,,11,47892,32,3000,943,500,15532,30,463134,5,,,,,,,,,,,,
23122,2023-10-24,17406002,238327157.65,1,5000000,8,60942,18,3000,1040,500,17088,30,513374,5,,,,,,,,,,,,
23123,2023-10-27,26341490,237715045.53,1,5000000,19,38722,40,3000,1583,500,25616,30,774021,5,,,,,,,,,,,,
23124,2023-10-29,17295904,239336566.12,0,,4,42049,36,3000,1685,500,24080,30,1024023,5,,,,,,,,,,,,
23125,2023-10-31,17225846,240850346.28,0,,7,43507,38,3000,1054,500,18665,30,838840,5,,,,,,,,,,,,
23126,2023-11-03,26016546,243591309.37,2,5000000,15,44857,35,3000,1773,500,25675,30,851538,5,,,,,,,,,,,,
23127,2023-11-05,16936966,239647110.16,0,,1,275977,34,3000,1344,500,20677,30,829005,5,,,,,,,,,,,,
23128,2023-11-07,16818696,242130910.67,0,,10,49058,15,3000,895,500,14867,30,479353,5,,,,,,,,,,,,
23129,2023-11-10,25363114,246546208.11,0,,6,132604,22,3000,1015,500,18799,30,666833,5,,,,,,,,,,,,
23130,2023-11-12,16454900,253706869.88,0,,3,157135,30,3000,852,500,14875,30,477317,5,,,,,,,,,,,,
23131,2023-11-14,16614046,257949529.28,0,,9,36015,45,3000,1049,500,16901,30,746594,5,,,,,,,,,,,,
23132,2023-11-17,25671610,260866773.57,0,,2,246246,47,3000,1656,500,27949,30,1169339,5,,,,,,,,,,,,
23133,2023-11-19,17024024,265299205.08,0,,15,34691,14,3000,817,500,14451,30,450803,5,,,,,,,,,,,,
23134,2023-11-21,16614348,269982559.16,0,,7,63903,26,3000,987,500,14886,30,529940,5,,,,,,,,,,,,
23135,2023-11-24,25788624,274008484.63,0,,4,127484,51,3000,1460,500,24816,30,1181910,5,,,,,,,,,,,,
23136,2023-11-26,17097202,278597940.81,1,5000000,11,25155,34,3000,1523,500,25398,30,797011,5,,,,,,,,,,,,
23137,2023-11-28,16734346,276088361.39,0,,11,45225,11,3000,830,500,13721,30,473084,5,,,,,,,,,,,,
23138,2023-12-01,25268810,280565662.98,0,,5,86326,38,3000,1523,500,26251,30,1280468,5,,,,,,,,,,,,
23139,2023-12-03,16819956,284450375.19,1,5000000,23,14214,24,3000,1093,500,17733,30,764371,5,,,,,,,,,,,,
23140,2023-12-05,16665024,282392865.29,1,5000000,18,18588,79,3000,1020,500,17432,30,709988,5,,,,,,,,,,,,
23141,2023-12-08,25971044,280404230.87,0,,4,110134,54,3000,1958,500,29664,30,1257906,5,,,,,,,,,,,,
23142,2023-12-10,16731448,284369056.27,0,,9,27934,59,3000,1346,500,21471,30,838038,5,,,,,,,,,,,,
23143,2023-12-12,16351798,286631736.84,0,,2,260436,19,3000,684,500,12987,30,403010,5,,,,,,,,,,,,
23144,2023-12-15,24605236,291319585.76,1,5000000,12,42282,78,3000,1851,500,29455,30,987914,5,,,,,,,,,,,,
23145,2023-12-17,16128526,290886046.84,0,,4,37798,40,3000,1335,500,21374,30,992461,5,,,,,,,,,,,,
23146,2023-12-19,15959300,292246804.31,0,,2,124687,27,3000,1513,500,23392,30,757410,5,,,,,,,,,,,,
23147,2023-12-22,24485290,294491176.61,1,5000000,29,10225,140,3000,2893,500,34446,30,1226522,5,,,,,,,,,,,,
23148,2023-12-24,16894096,292159948.5,0,,4,84051,22,3000,973,500,15977,30,776848,5,,,,,,,,,,,,
23149,2023-12-26,16551436,295185799.84,5,5000000,7,41804,30,3000,1281,500,20860,30,765520,5,,,,,,,,,,,,
23150,2023-12-29,25022136,272819473.12,0,,14,29989,72,3000,1973,500,32814,30,1175084,5,,,,,,,,,,,,
23151,2023-12-31,18210980,276598129.1,1,5000000,5,92681,82,3000,1060,500,18815,30,589775,5,,,,,,,,,,,,
24001,2024-01-02,17098282,275768778.78,0,,6,51858,22,3000,964,500,18982,30,829832,5,,,,,,,,,,,,
24002,2024-01-05,26116138,278569163.14,0,,4,196165,24,3000,1159,500,24099,30,715160,5,,,,,,,,,,,,
24003,2024-01-07,17255200,285631137.0,0,,2,281838,10,3000,676,500,12111,30,417391,5,,,,,,,,,,,,
24004,2024-01-09,17118294,290704223.7,0,,4,70817,49,3000,1634,500,22200,30,785049,5,,,,,,,,,,,,
24005,2024-01-12,26007292,293253670.85,0,,0,,29,3000,1482,500,26578,30,1224071,5,,,,,,,,,,,,
24006,2024-01-14,17403382,298251548.93,0,,7,41855,33,3000,1336,500,23386,30,825835,5,,,,,,,,,,,,
24007,2024-01-16,18038884,300888460.89,0,,8,341360,47,3000,1549,500,25153,30,826929,5,,,,,,,,,,,,
24008,2024-01-19,27993992,301191892.71,1,5000000,7,727145,43,3000,1805,500,29854,30,1226872,5,,,,,,,,,,,,
24009,2024-01-21,17505704,296757450.32,0,,9,29615,42,3000,1704,500,20839,30,861846,5,,,,,,,,,,,,
24010,2024-01-23,16699502,299156305.78,1,5000000,24,15728,37,3000,1054,500,18115,30,645289,5,,,,,,,,,,,,
24011,2024-01-26,25441622,297553680.66,0,,28,24724,28,3000,1514,500,23993,30,796530,5,,,,,,,,,,,,
24012,2024-01-28,17768054,303784339.96,0,,35,139950,21,3000,1010,500,15513,30,446084,5,,,,,,,,,,,,
24013,2024-01-30,17740706,304328593.61,0,,3,1148733,34,3000,1379,500,21487,30,685545,5,,,,,,,,,,,,
24014,2024-02-02,27343262,304711504.7,1,5000000,12,377647,42,3000,1912,500,29661,30,1278213,5,,,,,,,,,,,,
24015,2024-02-04,18127236,300215035.04,0,,2,2218822,26,3000,947,500,17453,30,575308,5,,,,,,,,,,,,
24016,2024-02-06,18887320,300708106.6,1,5000000,19,246192,37,3000,1452,500,20399,30,521685,5,,,,,,,,,,,,
24017,2024-02-18,20212234,296227845.78,2,5000000,7,53043,22,3000,1755,500,26405,30,891061,5,,,,,,,,,,,,
24018,2024-02-20,16485714,289569581.47,4,5000000,12,32185,18,3000,1253,500,16404,30,608612,5,,,,,,,,,,,,
24019,2024-02-23,24249112,273045669.34,1,5000000,8,69262,36,3000,1689,500,24368,30,931509,5,,,,,,,,,,,,
24020,2024-02-25,16589464,273032551.23,0,,2,223183,16,3000,1049,500,15741,30,524086,5,,,,,,,,,,,,
24021,2024-02-27,16559666,277049860.85,0,,11,20796,49,3000,1893,500,25215,30,795342,5,,,,,,,,,,,,
24022,2024-03-01,24879150,279108679.56,1,5000000,5,101826,27,3000,1625,500,26768,30,1080579,5,,,,,,,,,,,,
24023,2024-03-03,17315410,278690893.21,5,5000000,5,110235,9,3000,627,500,12095,30,453882,5,,,,,,,,,,,,
24024,2024-03-05,16517404,258651505.02,1,5000000,2,154384,31,3000,1452,500,23456,30,696632,5,,,,,,,,,,,,
24025,2024-03-08,25516198,256430424.18,0,,3,257965,35,3000,1170,500,22301,30,680991,5,,,,,,,,,,,,
24026,2024-03-10,17029074,263395481.0,0,,4,125599,13,3000,947,500,15024,30,471408,5,,,,,,,,,,,,
24027,2024-03-12,16853058,267917068.63,0,,9,43374,20,3000,1078,500,17058,30,648708,5,,,,,,,,,,,,
24028,2024-03-15,25285136,271430415.21,0,,17,30286,61,3000,1744,500,26114,30,1080505,5,,,,,,,,,,,,
24029,2024-03-17,16726434,276064309.69,0,,1,186400,34,3000,1209,500,18969,30,1011275,5,,,,,,,,,,,,
24030,2024-03-19,16422216,277741916.58,0,,25,13643,21,3000,1321,500,17495,30,677530,5,,,,,,,,,,,,
24031,2024-03-22,24754616,280811713.84,0,,16,23399,62,3000,2099,500,29552,30,1252761,5,,,,,,,,,,,,
24032,2024-03-24,16742518,284181221.0,1,5000000,4,99441,28,3000,918,500,15554,30,643307,5,,,,,,,,,,,,
24033,2024-03-26,16303810,282761131.94,0,,4,100236,38,3000,1243,500,17789,30,542046,5,,,,,,,,,,,,
24034,2024-03-29,24447276,286369652.15,2,5000000,18,27047,54,3000,1856,500,28876,30,1030865,5,,,,,,,,,,,,
24035,2024-03-31,16410156,280751356.37,2,5000000,5,53873,25,3000,940,500,16567,30,861055,5,,,,,,,,,,,,
24036,2024-04-02,15993836,273175678.67,0,,1,229652,31,3000,1207,500,19988,30,848863,5,,,,,,,,,,,,
24037,2024-04-05,23389342,275242550.85,0,,26,19049,49,3000,2127,500,30486,30,876563,5,,,,,,,,,,,,
24038,2024-04-07,16427302,279700145.17,0,,5,71858,29,3000,1040,500,17790,30,663150,5,,,,,,,,,,,,
24039,2024-04-09,16335356,282933780.35,0,,8,22148,57,3000,1464,500,25065,30,915500,5,,,,,,,,,,,,
24040,2024-04-12,24593768,284528467.35,1,5000000,11,35963,69,3000,2088,500,32008,30,1176745,5,,,,,,,,,,,,
24041,2024-04-14,16663188,283088850.54,0,,12,29041,27,3000,1145,500,19036,30,691088,5,,,,,,,,,,,,
24042,2024-04-16,16392828,286225298.45,0,,1,222153,44,3000,1329,500,21717,30,872588,5,,,,,,,,,,,,
24043,2024-04-19,24078874,288224680.6,0,,12,54143,23,3000,1384,500,22236,30,774679,5,,,,,,,,,,,,
24044,2024-04-21,16324378,294072136.53,0,,16,13936,109,3000,2351,500,28121,30,684600,5,,,,,,,,,,,,
24045,2024-04-23,16202570,296078970.23,0,,4,70813,44,3000,1120,500,17854,30,775822,5,,,,,,,,,,,,
24046,2024-04-26,24398958,298628246.6,2,5000000,12,32085,81,3000,2151,500,29537,30,1180119,5,,,,,,,,,,,,
24047,2024-04-28,16397298,292093502.58,2,5000000,2,188114,11,3000,936,500,15328,30,662309,5,,,,,,,,,,,,
24048,2024-04-30,15804950,285479564.5,0,,4,45980,24,3000,1542,500,21488,30,883517,5,,,,,,,,,,,,
24049,2024-05-03,22284988,287134844.95,1,5000000,6,80831,39,3000,1319,500,24433,30,912053,5,,,,,,,,,,,,
24050,2024-05-05,16119234,286499745.16,1,5000000,6,52700,18,3000,918,500,17041,30,742437,5,,,,,,,,,,,,
24051,2024-05-07,16043480,284345553.85,0,,1,354939,38,3000,1027,500,17190,30,633743,5,,,,,,,,,,,,
24052,2024-05-10,24198574,287540005.03,0,,8,84598,30,3000,1501,500,22269,30,716176,5,,,,,,,,,,,,
24053,2024-05-12,16486664,293631071.16,0,,9,38663,35,3000,1551,500,24919,30,594142,5,,,,,,,,,,,,
24054,2024-05-14,16152592,296762787.98,1,5000000,8,33486,46,3000,1332,500,19070,30,771954,5,,,,,,,,,,,,
24055,2024-05-17,24160940,294173798.05,1,5000000,12,64136,19,3000,1091,500,19421,30,591480,5,,,,,,,,,,,,
24056,2024-05-19,16657132,296100495.59,0,,3,70825,47,3000,1260,500,18998,30,939256,5,,,,,,,,,,,,
24057,2024-05-21,16587454,298012792.8,0,,182,6000,57,3000,3893,500,39655,30,509881,5,,,,,,,,,,,,
24058,2024-05-24,24571590,300056960.51,0,,17,361866,28,3000,1168,500,21667,30,777361,5,,,,,,,,,,,,
24059,2024-05-26,16639368,300740486.92,1,5000000,15,199188,42,3000,1404,500,20496,30,678122,5,,,,,,,,,,,,
24060,2024-05-28,15727708,296072466.95,0,,6,53702,17,3000,1099,500,17748,30,670300,5,,,,,,,,,,,,
24061,2024-05-31,23480574,298972390.18,0,,8,66819,43,3000,1376,500,23500,30,927592,5,,,,,,,,,,,,
24062,2024-06-02,16569914,303783359.31,1,5000000,6,412147,37,3000,1239,500,18552,30,816909,5,,,,,,,,,,,,
24063,2024-06-04,15698166,299058124.6,2,5000000,6,46573,30,3000,1101,500,19107,30,736798,5,,,,,,,,,,,,
24064,2024-06-07,23434642,291573085.81,1,5000000,12,57857,30,3000,1202,500,18854,30,656689,5,,,,,,,,,,,,
24065,2024-06-09,15439746,292821704.43,2,5000000,7,44124,23,3000,1097,500,15276,30,680197,5,,,,,,,,,,,,
24066,2024-06-11,15314374,285601543.92,0,,2,189642,11,3000,788,500,14300,30,571039,5,,,,,,,,,,,,
24067,2024-06-14,22839338,289015107.35,0,,4,93697,29,3000,1301,500,22896,30,1203796,5,,,,,,,,,,,,
24068,2024-06-16,15822520,292388231.41,0,,4,57216,56,3000,1338,500,21181,30,798388,5,,,,,,,,,,,,
24069,2024-06-18,15631234,294448029.73,1,5000000,5,51707,36,3000,1490,500,22543,30,708928,5,,,,,,,,,,,,
24070,2024-06-21,22677448,291774866.92,0,,12,57858,36,3000,1065,500,19836,30,586672,5,,,,,,,,,,,,
24071,2024-06-23,15574820,298023575.49,0,,4,61314,33,3000,1194,500,18620,30,784900,5,,,,,,,,,,,,
24072,2024-06-25,15767234,300230881.11,0,,1,4348997,14,3000,785,500,13131,30,413059,5,,,,,,,,,,,,
24073,2024-06-28,23624258,300714103.08,0,,10,618254,28,3000,1066,500,20720,30,693559,5,,,,,,,,,,,,
24074,2024-06-30,16511620,301401052.22,0,,8,337392,43,3000,1356,500,20268,30,735321,5,,,,,,,,,,,,
24075,2024-07-02,16166230,301700957.1,1,5000000,12,318546,15,3000,988,500,16424,30,528490,5,,,,,,,,,,,,
24076,2024-07-05,22860292,297125685.37,0,,11,45318,28,3000,1561,500,25243,30,918950,5,,,,,,,,,,,,
24077,2024-07-07,16370452,301612188.14,1,5000000,4,892591,21,3000,996,500,17120,30,595970,5,,,,,,,,,,,,
24078,2024-07-09,15488110,297008895.29,0,,6,82330,17,3000,563,500,12188,30,390236,5,,,,,,,,,,,,
24079,2024-07-12,24027642,301454763.8,0,,11,632173,31,3000,825,500,17496,30,603320,5,,,,,,,,,,,,
24080,2024-07-14,16331042,302227420.26,2,5000000,4,992377,18,3000,691,500,13073,30,559991,5,,,,,,,,,,,,
24081,2024-07-16,15523088,292668476.82,1,5000000,10,30800,21,3000,1076,500,18937,30,671424,5,,,,,,,,,,,,
24082,2024-07-19,23806634,290440551.63,0,,14,43307,31,3000,1187,500,27748,30,816661,5,,,,,,,,,,,,
24083,2024-07-21,16179452,295897256.72,0,,5,96826,29,3000,758,500,13454,30,443396,5,,,,,,,,,,,,
24084,2024-07-23,16587678,300254455.05,3,5000000,8,216842,25,3000,1295,500,22937,30,957973,5,,,,,,,,,,,,
24085,2024-07-26,23421426,285447203.77,0,,2,278605,35,3000,1278,500,20268,30,910468,5,,,,,,,,,,,,
24086,2024-07-28,16156502,290462110.64,4,5000000,97,6000,8,3000,876,500,13859,30,434890,5,,,,,,,,,,,,
24087,2024-07-30,15626878,274840130.02,0,,2,197648,17,3000,880,500,14058,30,558294,5,,,,,,,,,,,,
24088,2024-08-02,23523824,278397794.22,3,5000000,62,7043,67,3000,2085,500,26886,30,1021869,5,,,,,,,,,,,,
24089,2024-08-04,16256454,267328318.1,0,,11,9076,50,3000,3072,500,24508,30,909209,5,,,,,,,,,,,,
24090,2024-08-06,17546060,268226857.81,2,5000000,6,55986,22,3000,1079,500,17393,30,822215,5,,,,,,,,,,,,
24091,2024-08-09,28816402,261250141.77,0,,8,83235,47,3000,1779,500,29003,30,1112121,5,,,,,,,,,,,,
24092,2024-08-11,19361800,267243099.55,2,5000000,10,30044,38,3000,1566,500,25104,30,966539,5,,,,,,,,,,,,
24093,2024-08-13,17117588,259947119.85,1,5000000,15,26827,24,3000,1097,500,18058,30,640265,5,,,,,,,,,,,,
24094,2024-08-16,25067812,258568767.66,1,5000000,4,91804,123,3000,2064,500,29939,30,1262378,5,,,,,,,,,,,,
24095,2024-08-18,16948678,256873718.75,2,5000000,23,14498,31,3000,985,500,16322,30,778991,5,,,,,,,,,,,,
24096,2024-08-20,16614766,249874982.25,0,,5,68911,23,3000,1059,500,17051,30,717123,5,,,,,,,,,,,,
24097,2024-08-23,25551204,252976013.56,0,,9,63081,54,3000,1598,500,26599,30,1016748,5,,,,,,,,,,,,
24098,2024-08-25,17421494,258085655.52,1,5000000,9,31392,22,3000,1172,500,19132,30,897053,5,,,,,,,,,,,,
24099,2024-08-27,16398102,255628431.87,1,5000000,22,12035,31,3000,1500,500,23876,30,765611,5,,,,,,,,,,,,
24100,2024-08-30,24600718,253011393.35,0,,9,72241,29,3000,1516,500,25488,30,788594,5,,,,,,,,,,,,
24101,2024-09-01,16016506,258862960.99,0,,13,21619,33,3000,1274,500,19522,30,743185,5,,,,,,,,,,,,
24102,2024-09-03,15887090,261392413.64,0,,3,76863,22,3000,1111,500,19474,30,854607,5,,,,,,,,,,,,
24103,2024-09-06,23656320,263467740.83,0,,12,43059,27,3000,1267,500,21746,30,1011526,5,,,,,,,,,,,,
24104,2024-09-08,16134660,268118118.95,1,5000000,13,27113,72,3000,1155,500,18370,30,607328,5,,,,,,,,,,,,
24105,2024-09-10,15728454,266290388.01,0,,7,48502,28,3000,920,500,16083,30,657052,5,,,,,,,,,,,,
24106,2024-09-13,24991006,269346061.22,1,5000000,3,145672,57,3000,1625,500,27671,30,1212355,5,,,,,,,,,,,,
24107,2024-09-15,16882180,268279230.37,0,,21,17710,24,3000,1087,500,17945,30,679837,5,,,,,,,,,,,,
24108,2024-09-17,16337550,271626540.25,0,,9,55571,12,3000,690,500,13324,30,444652,5,,,,,,,,,,,,
24109,2024-09-20,24490914,276127817.8,1,5000000,11,67788,28,3000,1348,500,22342,30,623103,5,,,,,,,,,,,,
24110,2024-09-22,16559628,277838913.37,1,5000000,9,37117,30,3000,1062,500,17335,30,726524,5,,,,,,,,,,,,
24111,2024-09-24,16317500,275845406.32,1,5000000,3,132229,26,3000,1098,500,15842,30,585289,5,,,,,,,,,,,,
24112,2024-09-27,24827762,274415589.32,2,5000000,2,270848,93,3000,1531,500,25593,30,987268,5,,,,,,,,,,,,
24113,2024-09-29,16898406,269290865.36,0,,7,71746,14,3000,804,500,14406,30,476358,5,,,,,,,,,,,,
24114,2024-10-06,17474066,273810889.41,1,5000000,1,370785,21,3000,1078,500,17266,30,746891,5,,,,,,,,,,,,
24115,2024-10-08,16107518,272147961.02,0,,1,347035,13,3000,756,500,15204,30,709841,5,,,,,,,,,,,,
24116,2024-10-11,24578826,275271283.96,0,,4,109334,37,3000,1174,500,21091,30,1267906,5,,,,,,,,,,,,
24117,2024-10-13,16230644,279207312.23,0,,6,45454,38,3000,1017,500,18447,30,809968,5,,,,,,,,,,,,
24118,2024-10-15,15759344,281661851.23,1,5000000,15,22723,25,3000,948,500,14691,30,664770,5,,,,,,,,,,,,
24119,2024-10-18,23785966,279729499.93,1,5000000,5,111874,25,3000,1162,500,21489,30,952144,5,,,,,,,,,,,,
24120,2024-10-20,16230226,279763859.94,0,,8,53059,17,3000,653,500,12475,30,591257,5,,,,,,,,,,,,
24121,2024-10-22,16146700,283584158.11,0,,4,84862,36,3000,1356,500,24098,30,601689,5,,,,,,,,,,,,
24122,2024-10-25,24300568,286639206.31,1,5000000,12,52066,31,3000,1426,500,24436,30,824041,5,,,,,,,,,,,,
24123,2024-10-27,16745822,287262400.3,0,,8,61857,22,3000,785,500,14877,30,470416,5,,,,,,,,,,,,
24124,2024-10-29,16299374,291716106.8,0,,1,277883,21,3000,1029,500,16053,30,829754,5,,,,,,,,,,,,
24125,2024-11-01,24291786,294217056.73,0,,4,185178,30,3000,1084,500,20214,30,651484,5,,,,,,,,,,,,
24126,2024-11-03,16816894,300883478.36,1,5000000,4,864841,33,3000,991,500,17797,30,653626,5,,,,,,,,,,,,
24127,2024-11-05,16088960,296267852.17,0,,23,12546,45,3000,1361,500,19164,30,721513,5,,,,,,,,,,,,
24128,2024-11-08,24265510,298864897.03,0,,7,80730,41,3000,1138,500,22055,30,977060,5,,,,,,,,,,,,
24129,2024-11-10,17139134,303950931.94,0,,1,3020094,19,3000,871,500,16368,30,811795,5,,,,,,,,,,,,
24130,2024-11-12,17345012,304286498.01,0,,2,1445503,25,3000,1141,500,18750,30,815765,5,,,,,,,,,,,,
24131,2024-11-15,26081744,304607721.1,0,,8,856234,27,3000,1340,500,22535,30,748406,5,,,,,,,,,,,,
24132,2024-11-17,17553398,305368818.56,0,,2,1655192,19,3000,1064,500,17340,30,762752,5,,,,,,,,,,,,
24133,2024-11-19,17171462,305736639.06,1,5000000,4,882938,15,3000,1015,500,16863,30,686291,5,,,,,,,,,,,,
24134,2024-11-22,26179576,301129056.2,0,,20,284856,40,3000,2267,500,31663,30,858890,5,,,,,,,,,,,,
24135,2024-11-24,17603176,301762071.42,0,,5,971058,28,3000,860,500,13573,30,461919,5,,,,,,,,,,,,
24136,2024-11-26,17203074,302301548.54,0,,6,550244,34,3000,1219,500,20551,30,686636,5,,,,,,,,,,,,
24137,2024-11-29,26229012,302668378.17,0,,17,319435,41,3000,1747,500,30627,30,980623,5,,,,,,,,,,,,
24138,2024-12-01,17694806,303271757.26,5,5000000,4,1211822,19,3000,1130,500,15333,30,440517,5,,,,,,,,,,,,
24139,2024-12-03,16258112,278810345.25,0,,5,67109,11,3000,868,500,15443,30,736139,5,,,,,,,,,,,,
24140,2024-12-06,25119170,281830286.14,1,5000000,4,120399,34,3000,1677,500,29879,30,1131107,5,,,,,,,,,,,,
24141,2024-12-08,16807074,281164675.61,2,5000000,7,10619,83,3000,2231,500,30288,30,1043791,5,,,,,,,,,,,,
24142,2024-12-10,16434188,271833709.74,2,5000000,8,31512,35,3000,1426,500,20349,30,820659,5,,,,,,,,,,,,
24143,2024-12-13,24844962,264102598.15,0,,17,31883,29,3000,1665,500,27015,30,1004786,5,,,,,,,,,,,,
24144,2024-12-15,16439338,268980734.39,1,5000000,4,123763,7,3000,774,500,13495,30,458375,5,,,,,,,,,,,,
24145,2024-12-17,16218972,268436229.95,0,,2,209913,17,3000,795,500,15182,30,569015,5,,,,,,,,,,,,
24146,2024-12-20,24549438,272214665.1,0,,14,50360,55,3000,1084,500,19552,30,737039,5,,,,,,,,,,,,
24147,2024-12-22,16306920,278560087.76,0,,5,61945,19,3000,857,500,14895,30,792152,5,,,,,,,,,,,,
24148,2024-12-24,16325752,281347640.48,0,,5,98998,6,3000,681,500,12643,30,462383,5,,,,,,,,,,,,
24149,2024-12-27,24516538,285802562.61,0,,32,16435,74,3000,1307,500,22182,30,1042547,5,,,,,,,,,,,,
24150,2024-12-29,17163156,290536030.37,0,,7,75065,38,3000,819,500,14137,30,441557,5,,,,,,,,,,,,
24151,2024-12-31,18352242,295265126.67,0,,3,156135,22,3000,857,500,17436,30,658191,5,,,,,,,,,,,,
25001,2025-01-03,26050174,299480783.89,0,,6,115297,22,3000,1443,500,25324,30,859903,5,,,,,,,,,,,,
25002,2025-01-05,17974294,305706849.12,0,,4,1221227,14,3000,911,500,17306,30,472609,5,,,,,,,,,,,,
25003,2025-01-07,17750202,306249617.03,1,5000000,4,1249998,22,3000,727,500,12955,30,464780,5,,,,,,,,,,,,
25004,2025-01-10,26107072,301805171.93,5,5000000,6,747474,51,3000,1806,500,26911,30,1189195,5,,,,,,,,,,,,
25005,2025-01-12,17023594,277303487.96,0,,8,42373,30,3000,1085,500,18638,30,752003,5,,,,,,,,,,,,
25006,2025-01-14,16796892,280354403.41,0,,4,135497,15,3000,787,500,13619,30,392700,5,,,,,,,,,,,,
25007,2025-01-17,25217818,285232319.78,0,,3,195458,34,3000,1229,500,23844,30,1012233,5,,,,,,,,,,,,
25008,2025-01-19,17251420,290509691.02,0,,5,96895,17,3000,1096,500,17098,30,499300,5,,,,,,,,,,,,
25009,2025-01-21,16950944,294869971.24,0,,2,163039,29,3000,1035,500,16260,30,790575,5,,,,,,,,,,,,
25010,2025-01-24,26476862,297804680.04,2,5000000,18,32376,47,3000,1594,500,26723,30,1081244,5,,,,,,,,,,,,
25011,2025-01-26,21055386,293049657.18,0,,6,108747,16,3000,1053,500,18668,30,531546,5,,,,,,,,,,,,
25012,2025-02-07,24716940,298922039.41,0,,8,75761,37,3000,1620,500,26393,30,867520,5,,,,,,,,,,,,
25013,2025-02-09,17821068,304376858.95,0,,4,148630,44,3000,1374,500,20100,30,1329949,5,,,,,,,,,,,,
25014,2025-02-11,17368900,304442916.78,0,,6,512432,38,3000,1274,500,18311,30,758843,5,,,,,,,,,,,,
25015,2025-02-14,26793022,304784538.38,0,,4,1780131,69,3000,1189,500,22859,30,745923,5,,,,,,,,,,,,
25016,2025-02-16,18182646,305575707.96,0,,14,364193,27,3000,804,500,13952,30,468541,5,,,,,,,,,,,,
25017,2025-02-18,17696426,306142231.11,0,,6,751424,41,3000,861,500,16480,30,522770,5,,,,,,,,,,,,
25018,2025-02-21,27001138,306643180.98,0,,11,671459,30,3000,1173,500,24584,30,721962,5,,,,,,,,,,,,
25019,2025-02-23,18522474,307463853.74,0,,3,1737875,20,3000,970,500,15914,30,452135,5,,,,,,,,,,,,
25020,2025-02-25,18546778,308043145.47,2,5000000,10,232017,46,3000,1790,500,24728,30,947021,5,,,,,,,,,,,,
25021,2025-02-28,27160528,298300943.09,0,,9,83184,20,3000,1955,500,31784,30,766209,5,,,,,,,,,,,,
25022,2025-03-02,17909412,305038877.44,2,5000000,13,206796,36,3000,1639,500,25017,30,822107,5,,,,,,,,,,,,
25023,2025-03-04,16701926,295337584.13,1,5000000,9,10317,72,3000,1723,500,23884,30,1092272,5,,,,,,,,,,,,
25024,2025-03-07,25309104,291173291.5,0,,12,50001,47,3000,1768,500,26310,30,917405,5,,,,,,,,,,,,
25025,2025-03-09,17143562,296573413.86,0,,4,130207,21,3000,762,500,14480,30,462727,5,,,,,,,,,,,,
25026,2025-03-11,17477918,301260893.2,1,5000000,4,1111333,70,3000,856,500,13922,30,513852,5,,,,,,,,,,,,
25027,2025-03-14,25391260,296754819.18,0,,9,88059,21,3000,1197,500,22044,30,638712,5,,,,,,,,,,,,
25028,2025-03-16,17534172,303887622.84,1,5000000,8,392566,28,3000,1132,500,18918,30,776945,5,,,,,,,,,,,,
25029,2025-03-18,16837262,299236570.77,0,,3,105257,16,3000,1438,500,22414,30,730624,5,,,,,,,,,,,,
25030,2025-03-21,26413868,302078517.31,0,,20,369038,10,3000,1339,500,22750,30,671989,5,,,,,,,,,,,,
25031,2025-03-23,17777806,302898602.34,3,5000000,9,157234,66,3000,2166,500,25830,30,1016576,5,,,,,,,,,,,,
25032,2025-03-25,16546398,288055836.83,0,,2,143717,23,3000,1196,500,17722,30,806944,5,,,,,,,,,,,,
25033,2025-03-28,24614488,290642756.35,0,,7,39584,111,3000,2017,500,31970,30,1397912,5,,,,,,,,,,,,
25034,2025-03-30,16704168,293136601.56,0,,3,98907,18,3000,944,500,16927,30,836803,5,,,,,,,,,,,,
25035,2025-04-01,16457098,295807097.15,0,,6,44333,27,3000,1264,500,19716,30,819900,5,,,,,,,,,,,,
25036,2025-04-04,24142924,298201095.37,1,5000000,6,72426,53,3000,1419,500,25520,30,1170069,5,,,,,,,,,,,,
25037,2025-04-06,16688938,297112124.35,0,,3,77591,82,3000,1063,500,16893,30,913111,5,,,,,,,,,,,,
25038,2025-04-08,16445714,299207085.51,0,,2,146919,15,3000,1097,500,15919,30,809789,5,,,,,,,,,,,,
25039,2025-04-11,25383366,301851631.88,0,,14,294228,44,3000,1902,500,28163,30,1186614,5,,,,,,,,,,,,
25040,2025-04-13,17353028,302309320.81,0,,1,2725797,20,3000,1275,500,20172,30,834332,5,,,,,,,,,,,,
25041,2025-04-15,17575418,302612187.18,0,,1,3569336,19,3000,1488,500,19412,30,652533,5,,,,,,,,,,,,
25042,2025-04-18,26043416,303008780.16,0,,10,630900,29,3000,1303,500,22159,30,869599,5,,,,,,,,,,,,
25043,2025-04-20,17895868,303709781.04,0,,2,2066355,9,3000,826,500,14758,30,658867,5,,,,,,,,,,,,
25044,2025-04-22,17633758,304168971.07,0,,5,956684,10,3000,767,500,14578,30,494957,5,,,,,,,,,,,,
25045,2025-04-25,25955424,304700462.71,2,5000000,19,271617,41,3000,1771,500,27994,30,1027138,5,,,,,,,,,,,,
25046,2025-04-27,16970896,295273877.49,1,5000000,9,37118,44,3000,1324,500,19464,30,719432,5,,,,,,,,,,,,
25047,2025-04-29,16557982,293280470.63,0,,8,60318,15,3000,1097,500,15459,30,446127,5,,,,,,,,,,,,
25048,2025-05-02,22899056,297623426.19,0,,7,71959,52,3000,1640,500,24246,30,895999,5,,,,,,,,,,,,
25049,2025-05-04,16447662,302156872.39,1,5000000,5,445652,37,3000,1298,500,19704,30,846477,5,,,,,,,,,,,,
25050,2025-05-06,16290272,297404457.33,0,,4,84845,41,3000,1398,500,21169,30,626265,5,,,,,,,,,,,,
25051,2025-05-09,25490520,300458911.78,3,5000000,6,1173110,22,3000,1043,500,17838,30,709396,5,,,,,,,,,,,,
25052,2025-05-11,16710580,286240985.26,2,5000000,4,52870,50,3000,1400,500,21472,30,915843,5,,,,,,,,,,,,
25053,2025-05-13,16522662,278144313.54,0,,8,55454,28,3000,985,500,15708,30,522403,5,,,,,,,,,,,,
25054,2025-05-16,24562550,282137027.98,0,,6,92717,45,3000,1664,500,27681,30,935036,5,,,,,,,,,,,,
25055,2025-05-18,16621638,287143763.53,0,,5,68588,22,3000,1101,500,20516,30,696643,5,,,,,,,,,,,,
25056,2025-05-20,16353482,290230230.39,0,,8,38960,21,3000,1165,500,19221,30,734845,5,,,,,,,,,,,,
25057,2025-05-23,24226234,293035396.45,0,,2,214075,37,3000,1426,500,24710,30,1204809,5,,,,,,,,,,,,
25058,2025-05-25,16555952,296888755.14,0,,8,55546,23,3000,1091,500,16246,30,513358,5,,,,,,,,,,,,
25059,2025-05-27,17064648,300888126.97,1,5000000,6,732211,22,3000,992,500,15466,30,490858,5,,,,,,,,,,,,
25060,2025-05-30,24360986,296376267.72,3,5000000,5,92506,54,3000,1511,500,24279,30,1133133,5,,,,,,,,,,,,
25061,2025-06-01,15675476,285539081.05,0,,3,107839,19,3000,1084,500,16491,30,670415,5,,,,,,,,,,,,
25062,2025-06-03,16185400,288450741.47,1,5000000,4,72793,54,3000,1572,500,23648,30,672334,5,,,,,,,,,,,,
25063,2025-06-06,24211370,286071303.87,0,,6,112912,83,3000,1292,500,21525,30,709615,5,,,,,,,,,,,,
25064,2025-06-08,16223222,292168575.54,0,,1,292985,21,3000,940,500,14515,30,810214,5,,,,,,,,,,,,
25065,2025-06-10,15789662,294805448.44,2,5000000,9,40944,56,3000,1721,500,21058,30,478334,5,,,,,,,,,,,,
25066,2025-06-13,23853414,288121970.38,0,,2,258812,43,3000,1591,500,24077,30,973023,5,,,,,,,,,,,,
25067,2025-06-15,16269302,292780593.45,0,,10,28163,20,3000,1268,500,21040,30,766084,5,,,,,,,,,,,,
25068,2025-06-17,16030228,295315297.63,0,,0,,24,3000,1038,500,20013,30,874767,5,,,,,,,,,,,,
25069,2025-06-20,24152818,297604884.35,0,,16,33105,39,3000,1730,500,27338,30,947177,5,,,,,,,,,,,,
25070,2025-06-22,16876468,302372054.59,0,,4,1154211,11,3000,707,500,14207,30,465386,5,,,,,,,,,,,,
25071,2025-06-24,16778096,302885037.52,5,5000000,10,309003,35,3000,1197,500,16074,30,720435,5,,,,,,,,,,,,
25072,2025-06-27,23873776,278228374.72,0,,4,133324,40,3000,1249,500,23229,30,984757,5,,,,,,,,,,,,
25073,2025-06-29,16243626,283028070.44,1,5000000,8,60689,30,3000,812,500,14387,30,435317,5,,,,,,,,,,,,
25074,2025-07-01,15829684,282397734.01,0,,1,297779,33,3000,932,500,15347,30,750669,5,,,,,,,,,,,,
25075,2025-07-04,23713484,285077745.15,1,5000000,12,30893,70,3000,2178,500,35371,30,1110448,5,,,,,,,,,,,,
25076,2025-07-06,16096610,283414258.59,0,,2,157529,35,3000,1299,500,20293,30,674691,5,,,,,,,,,,,,
25077,2025-07-08,15889322,286249793.1,0,,2,160522,25,3000,1054,500,18901,30,681256,5,,,,,,,,,,,,
25078,2025-07-11,23716864,289139205.1,1,5000000,13,36279,47,3000,1707,500,25981,30,1026207,5,,,,,,,,,,,,
25079,2025-07-13,16032006,288383873.62,0,,1,489667,11,3000,683,500,13964,30,433117,5,,,,,,,,,,,,
25080,2025-07-15,15828510,292790883.77,0,,5,62460,31,3000,1089,500,19550,30,681788,5,,,,,,,,,,,,
25081,2025-07-18,23583926,295601610.68,3,5000000,7,80669,15,3000,1468,500,22319,30,892143,5,,,,,,,,,,,,
25082,2025-07-20,15746872,285683765.55,2,5000000,7,66751,19,3000,814,500,13571,30,434443,5,,,,,,,,,,,,
25083,2025-07-22,15697560,279889125.6,0,,6,34287,27,3000,1031,500,17344,30,903542,5,,,,,,,,,,,,
25084,2025-07-25,23595212,281740672.56,0,,4,123453,36,3000,1348,500,23196,30,1029130,5,,,,,,,,,,,,
25085,2025-07-27,16076468,286184984.05,1,5000000,0,,13,3000,751,500,13602,30,620941,5,,,,,,,,,,,,
25086,2025-07-29,15829178,285135188.37,1,5000000,4,122093,8,3000,684,500,12357,30,427171,5,,,,,,,,,,,,
25087,2025-08-01,24708528,284530547.37,2,5000000,4,170105,41,3000,1227,500,20049,30,792999,5,,,,,,,,,,,,
25088,2025-08-03,16740710,280654339.72,0,,4,142602,12,3000,651,500,11273,30,359830,5,,,,,,,,,,,,
25089,2025-08-05,16313004,285788036.83,0,,2,267137,16,3000,651,500,11761,30,384858,5,,,,,,,,,,,,
25090,2025-08-08,25637760,290596513.59,1,5000000,4,124085,46,3000,1907,500,29744,30,1123056,5,,,,,,,,,,,,
25091,2025-08-10,17107868,290063575.75,0,,4,44121,51,3000,1304,500,22325,30,1028652,5,,,,,,,,,,,,
25092,2025-08-12,16735516,291651936.54,1,5000000,7,54958,31,3000,1166,500,17694,30,629303,5,,,,,,,,,,,,
25093,2025-08-15,25648406,290114297.6,0,,5,147362,16,3000,1197,500,20236,30,789201,5,,,,,,,,,,,,
25094,2025-08-17,17014222,296745618.15,0,,3,164347,33,3000,932,500,16164,30,471322,5,,,,,,,,,,,,
25095,2025-08-19,16899010,301183013.05,0,,7,682136,5,3000,931,500,12894,30,421538,5,,,,,,,,,,,,
25096,2025-08-22,25333932,301713563.54,1,5000000,10,283041,77,3000,1886,500,29819,30,1440030,5,,,,,,,,,,,,
25097,2025-08-24,16680004,297028054.21,0,,6,43664,48,3000,1455,500,21759,30,805811,5,,,,,,,,,,,,
25098,2025-08-26,16373224,299385943.47,1,5000000,3,82245,18,3000,989,500,16742,30,900949,5,,,,,,,,,,,,
25099,2025-08-29,26236632,296606580.75,0,,11,73510,25,3000,1135,500,21501,30,696450,5,,,,,,,,,,,,
25100,2025-08-31,17715814,303884133.46,0,,3,1091225,20,3000,825,500,14413,30,827688,5,,,,,,,,,,,,
25101,2025-09-02,17718324,304247875.35,0,,5,1015971,12,3000,781,500,14047,30,437956,5,,,,,,,,,,,,
25102,2025-09-05,26274822,304812304.23,3,5000000,33,97255,107,3000,2666,500,33803,30,1328108,5,,,,,,,,,,,,
25103,2025-09-07,17401128,290168907.51,0,,4,88130,25,3000,969,500,16328,30,790399,5,,,,,,,,,,,,
25104,2025-09-09,17034218,293341603.46,0,,3,129637,47,3000,997,500,16468,30,664823,5,,,,,,,,,,,,
25105,2025-09-12,26065192,296841804.1,0,,7,98762,27,3000,1282,500,21850,30,896212,5,,,,,,,,,,,,
25106,2025-09-14,18482432,303063849.77,0,,3,1087478,24,3000,1389,500,20192,30,811841,5,,,,,,,,,,,,
25107,2025-09-16,18081820,303426342.44,1,5000000,2,1878780,21,3000,1016,500,17486,30,717889,5,,,,,,,,,,,,
25108,2025-09-19,26163604,298843849.12,2,5000000,6,67359,57,3000,2250,500,34736,30,1288100,5,,,,,,,,,,,,
25109,2025-09-21,17943252,292481276.48,0,,10,54508,22,3000,841,500,15416,30,478475,5,,,,,,,,,,,,
25110,2025-09-23,16923358,297387031.11,0,,9,53720,12,3000,937,500,16774,30,489981,5,,,,,,,,,,,,
25111,2025-09-26,26741952,301738369.49,0,,7,885042,29,3000,1308,500,22669,30,959764,5,,,,,,,,,,,,
25112,2025-09-28,17864334,302426736.14,0,,10,420498,17,3000,906,500,15907,30,620021,5,,,,,,,,,,,,
25113,2025-09-30,19227062,302893957.01,0,,7,319915,44,3000,1634,500,28299,30,1027011,5,,,,,,,,,,,,
25114,2025-10-05,15899536,303142780.55,0,,6,463653,41,3000,1077,500,18890,30,694310,5,,,,,,,,,,,,
25115,2025-10-07,16893488,303451882.81,0,,12,370811,20,3000,1065,500,17105,30,445602,5,,,,,,,,,,,,
25116,2025-10-10,27364826,303946297.72,0,,8,508616,40,3000,1867,500,31001,30,1380840,5,,,,,,,,,,,,
25117,2025-10-12,18522234,304398401.19,0,,1,3927685,13,3000,913,500,17462,30,738488,5,,,,,,,,,,,,
25118,2025-10-14,18491596,304834810.66,2,5000000,3,1614765,19,3000,820,500,14536,30,555050,5,,,,,,,,,,,,
25119,2025-10-17,25853396,295373065.86,0,,18,36331,21,3000,1587,500,26851,30,893285,5,,,,,,,,,,,,
25120,2025-10-19,18231992,301258804.0,2,5000000,2,855621,56,3000,1782,500,26165,30,1037669,5,,,,,,,,,,,,
25121,2025-10-21,17551666,291448942.11,1,5000000,4,71067,28,3000,1127,500,18232,30,912633,5,,,,,,,,,,,,
25122,2025-10-24,26137050,289007364.32,1,5000000,20,38207,27,3000,1417,500,24617,30,727542,5,,,,,,,,,,,,
25123,2025-10-26,17322874,290884655.37,0,,5,46539,27,3000,1275,500,19638,30,970719,5,,,,,,,,,,,,
25124,2025-10-28,17084022,292978931.3,0,,13,40800,11,3000,948,500,14256,30,426491,5,,,,,,,,,,,,
25125,2025-10-31,25356828,297752563.5,0,,11,37885,62,3000,2091,500,29060,30,1230831,5,,,,,,,,,,,,
25126,2025-11-02,18369218,301503215.15,0,,5,972886,22,3000,1062,500,15850,30,504698,5,,,,,,,,,,,,
25127,2025-11-04,17775514,302043707.83,0,,1,2957545,25,3000,1095,500,18070,30,851848,5,,,,,,,,,,,,
25128,2025-11-07,26518298,302372324.02,0,,30,206865,24,3000,2371,500,33381,30,767907,5,,,,,,,,,,,,
25129,2025-11-09,18368280,303061874.12,1,5000000,6,546667,30,3000,1029,500,17783,30,843604,5,,,,,,,,,,,,
25130,2025-11-11,17623310,298426318.84,0,,3,97913,28,3000,1092,500,17085,30,911095,5,,,,,,,,,,,,
25131,2025-11-14,27415876,301069976.05,0,,17,320217,50,3000,2081,500,33798,30,1036157,5,,,,,,,,,,,,
25132,2025-11-16,18541040,301674831.47,1,5000000,5,617714,24,3000,1532,500,20924,30,837529,5,,,,,,,,,,,,
25133,2025-11-18,16814218,297018005.93,2,5000000,42,7312,25,3000,1338,500,19079,30,770294,5,,,,,,,,,,,,
25134,2025-11-21,25564324,289782020.07,2,5000000,0,,27,3000,1192,500,21489,30,753428,5,,,,,,,,,,,,
25135,2025-11-23,17327776,287219728.83,1,5000000,1,323731,39,3000,1254,500,19914,30,782376,5,,,,,,,,,,,,
25136,2025-11-25,17028678,285133308.05,0,,8,57873,16,3000,777,500,13346,30,575455,5,,,,,,,,,,,,
25137,2025-11-28,25398204,289300215.55,1,5000000,18,24382,121,3000,2464,500,30924,30,1106697,5,,,,,,,,,,,,
25138,2025-11-30,17150756,288250239.01,0,,3,144649,18,3000,1059,500,17094,30,593615,5,,,,,,,,,,,,
25139,2025-12-02,16779366,292155766.91,0,,5,67768,18,3000,998,500,16828,30,755127,5,,,,,,,,,,,,
25140,2025-12-05,25151596,295205339.82,2,5000000,16,42514,35,3000,1694,500,24689,30,765874,5,,,,,,,,,,,,
25141,2025-12-07,17253162,291327357.66,0,,3,121579,35,3000,1100,500,17992,30,722382,5,,,,,,,,,,,,
25142,2025-12-09,16887410,294609999.1,0,,3,107852,28,3000,1082,500,17043,30,780594,5,,,,,,,,,,,,
25143,2025-12-12,25566034,297522012.91,2,5000000,4,122229,56,3000,1422,500,25842,30,1196785,5,,,,,,,,,,,,
25144,2025-12-14,17771388,291922267.4,0,,16,21711,38,3000,1396,500,19393,30,768055,5,,,,,,,,,,,,
25145,2025-12-16,17028656,295048791.01,0,,13,25117,25,3000,1233,500,19685,30,759348,5,,,,,,,,,,,,
25146,2025-12-19,25107970,297987517.31,0,,5,151196,25,3000,1183,500,21068,30,688913,5,,,,,,,,,,,,
25147,2025-12-21,17822676,304791337.58,1,5000000,8,345819,35,3000,1355,500,22007,30,843290,5,,,,,,,,,,,,
25148,2025-12-23,17400822,300098732.7,1,5000000,2,2279381,21,3000,915,500,14935,30,498512,5,,,,,,,,,,,,
25149,2025-12-26,25060312,295605261.98,0,,5,92951,52,3000,1750,500,30429,30,1137626,5,,,,,,,,,,,,
25150,2025-12-28,17290660,299788059.57,0,,5,46907,39,3000,1411,500,21716,30,930617,5,,,,,,,,,,,,
25151,2025-12-30,17853234,301898882.13,0,,7,369813,45,3000,1214,500,20286,30,904235,5,,,,,,,,,,,,
26001,2026-01-02,25304984,302186515.1,1,5000000,7,507696,92,3000,3839,500,34620,30,1043319,5,,,,,,,,,,,,
26002,2026-01-04,16832930,297581389.82,1,5000000,4,78075,38,3000,1441,500,18974,30,744280,5,,,,,,,,,,,,
26003,2026-01-06,16470612,295392103.95,1,5000000,10,38712,17,3000,1022,500,17504,30,622451,5,,,,,,,,,,,,
26004,2026-01-09,24946498,293876206.34,0,,8,74024,19,3000,1311,500,21840,30,986821,5,,,,,,,,,,,,
26005,2026-01-11,16928236,299205987.46,0,,4,116967,15,3000,766,500,12656,30,561692,5,,,,,,,,,,,,
26006,2026-01-13,17227816,303416813.54,0,,8,508881,20,3000,932,500,15980,30,582567,5,,,,,,,,,,,,
26007,2026-01-16,25947714,303869153.02,2,5000000,5,1265255,26,3000,1148,500,22657,30,870694,5,,,,,,,,,,,,
26008,2026-01-18,16876766,294572073.01,2,5000000,56,9354,24,3000,828,500,12996,30,430989,5,,,,,,,,,,,,
26009,2026-01-20,15823432,289286984.32,2,5000000,7,47075,25,3000,1027,500,16859,30,672786,5,,,,,,,,,,,,
26010,2026-01-23,24430968,282252737.83,0,,16,34904,35,3000,1379,500,25444,30,965724,5,,,,,,,,,,,,
26011,2026-01-25,16627194,287278998.72,1,5000000,13,38608,20,3000,881,500,14720,30,437231,5,,,,,,,,,,,,
26012,2026-01-27,16173450,286796161.77,0,,3,101001,56,3000,926,500,18162,30,743817,5,,,,,,,,,,,,
26013,2026-01-30,24728378,289523202.72,1,5000000,9,53931,62,3000,1829,500,27621,30,1066782,5,,,,,,,,,,,,
26014,2026-02-01,17002380,288891681.42,0,,5,70018,32,3000,1166,500,19197,30,715064,5,,,,,,,,,,,,
26015,2026-02-03,16637456,292042524.0,0,,3,94718,40,3000,1198,500,20284,30,796655,5,,,,,,,,,,,,
26016,2026-02-06,25172104,294599926.6,0,,23,33907,13,3000,1103,500,19550,30,671723,5,,,,,,,,,,,,
26017,2026-02-08,17990680,301618770.96,0,,5,827140,25,3000,1000,500,17998,30,621054,5,,,,,,,,,,,,
26018,2026-02-10,18241010,302078293.28,0,,9,400857,33,3000,1111,500,18038,30,746776,5,,,,,,,,,,,,
26019,2026-02-13,37551760,302479150.77,1,5000000,44,153580,83,3000,2467,500,40444,30,1639232,5,,,,,,,,,,,,
26020,2026-02-24,18722182,298229989.01,0,,5,84447,18,3000,1203,500,18446,30,748525,5,,,,,,,,,,,,
26021,2026-02-27,27304646,302030116.77,3,5000000,9,615127,49,3000,1768,500,26716,30,1079105,5,,,,,,,,,,,,
26022,2026-03-01,16910442,287645243.92,0,,7,27430,68,3000,2065,500,28495,30,854927,5,,,,,,,,,,,,
26023,2026-03-03,17142348,289373362.34,0,,11,48984,14,3000,822,500,14446,30,425012,5,,,,,,,,,,,,
26024,2026-03-06,25776188,294222841.81,0,,4,188626,23,3000,1221,500,20035,30,760942,5,,,,,,,,,,,,
26025,2026-03-08,18208464,301013406.72,0,,4,1351956,25,3000,671,500,14705,30,412360,5,,,,,,,,,,,,
26026,2026-03-10,18489692,301614276.46,0,,7,666318,18,3000,1056,500,16691,30,558949,5,,,,,,,,,,,,
26027,2026-03-13,27731470,302132523.87,0,,10,469411,36,3000,1842,500,28886,30,1295431,5,,,,,,,,,,,,
26028,2026-03-15,19505278,302654092.4,3,5000000,16,126111,125,3000,2418,500,33577,30,944858,5,,,,,,,,,,,,
26029,2026-03-17,17945560,287878291.02,0,,4,126127,17,3000,906,500,16085,30,552333,5,,,,,,,,,,,,
26030,2026-03-20,27665494,292418889.48,0,,10,70241,35,3000,2140,500,43899,30,808000,5,,,,,,,,,,,,
26031,2026-03-22,18327048,298740599.33,2,5000000,7,63541,25,3000,3131,500,19638,30,460543,5,,,,,,,,,,,,
26032,2026-03-24,17949512,292743708.0,0,,40,12938,21,3000,1072,500,19082,30,489641,5,,,,,,,,,,,,
26033,2026-03-27,27392228,297401744.29,0,,17,48605,20,3000,1303,500,25370,30,737335,5,,,,,,,,,,,,
26034,2026-03-29,19351222,304838369.34,0,,7,458564,72,3000,1155,500,21645,30,894527,5,,,,,,,,,,,,
26035,2026-03-31,19002972,305195030.72,0,,67,50760,70,3000,1255,500,20915,30,813535,5,,,,,,,,,,,,
26036,2026-04-03,27875616,305572913.85,2,5000000,16,45885,73,3000,2879,500,41135,30,1990153,5,,,,,,,,,,,,
26037,2026-04-05,17475184,295654487.53,2,5000000,3,129823,23,3000,829,500,16283,30,739232,5,,,,,,,,,,,,
26038,2026-04-07,17731814,289159708.67,0,,23,24089,12,3000,857,500,15951,30,441009,5,,,,,,,,,,,,
26039,2026-04-10,26719876,294146171.14,2,5000000,17,45823,21,3000,1146,500,22845,30,796263,5,,,,,,,,,,,,
26040,2026-04-12,17922842,291157237.96,0,,10,42785,27,3000,934,500,15110,30,700459,5,,,,,,,,,,,,
26041,2026-04-14,17547320,295007975.78,0,,15,35866,15,3000,935,500,17091,30,438583,5,,,,,,,,,,,,
26042,2026-04-17,26276702,299850013.4,0,,12,37188,57,3000,2207,500,35119,30,1216976,5,,,,,,,,,,,,
26043,2026-04-19,18516020,303866383.98,0,,5,968870,31,3000,829,500,14933,30,546949,5,,,,,,,,,,,,
26044,2026-04-21,18413848,304404645.46,2,5000000,8,453629,25,3000,1350,500,18950,30,734405,5,,,,,,,,,,,,
26045,2026-04-24,25972354,294807871.51,3,5000000,11,69327,30,3000,1330,500,23897,30,725710,5,,,,,,,,,,,,
26046,2026-04-26,17629280,286671265.62,0,,9,55912,15,3000,827,500,18040,30,521304,5,,,,,,,,,,,,
26047,2026-04-28,17108558,291200180.1,0,,5,32324,45,3000,1989,500,27359,30,963337,5,,,,,,,,,,,,
26048,2026-05-01,24902500,292654794.68,1,5000000,5,81506,54,3000,2198,500,30851,30,1188076,5,,,,,,,,,,,,
26049,2026-05-03,16392162,291322578.18,0,,7,33158,22,3000,1141,500,18764,30,902323,5,,,,,,,,,,,,
26050,2026-05-05,16606362,293411590.12,4,5000000,4,94839,26,3000,1105,500,17440,30,637965,5,,,,,,,,,,,,
26051,2026-05-08,25403702,276825823.26,0,,8,93011,25,3000,1313,500,23098,30,716496,5,,,,,,,,,,,,
26052,2026-05-10,17144188,283522627.84,0,,8,65510,27,3000,975,500,15420,30,425745,5,,,,,,,,,,,,
26053,2026-05-12,16935980,288239372.25,1,5000000,7,75904,20,3000,814,500,13519,30,422543,5,,,,,,,,,,,,
26054,2026-05-15,25196052,288021382.93,1,5000000,5,79058,63,3000,2143,500,29391,30,1250182,5,,,,,,,,,,,,
26055,2026-05-17,17129272,286579015.86,2,5000000,4,48123,52,3000,2063,500,27029,30,894008,5,,,,,,,,,,,,
26056,2026-05-19,16795464,278311455.81,0,,11,44009,28,3000,1157,500,19051,30,430949,5,,,,,,,,,,,,
26057,2026-05-22,25236408,282668357.93,0,,5,111643,52,3000,1482,500,24390,30,1030989,5,,,,,,,,,,,,
26058,2026-05-24,17054062,287692333.36,1,5000000,4,94554,17,3000,1110,500,20074,30,673216,5,,,,,,,,,,,,
26059,2026-05-26,16562206,286096304.7,0,,2,197362,11,3000,820,500,14034,30,660842,5,,,,,,,,,,,,
26060,2026-05-29,25208832,289648830.55,0,,11,70156,20,3000,1197,500,21225,30,667969,5,,,,,,,,,,,,
26061,2026-05-31,17206620,296594339.96,0,,5,109938,18,3000,677,500,12443,30,433701,5,,,,,,,,,,,,
26062,2026-06-02,17563290,301541593.88,0,,11,302765,16,3000,1062,500,19357,30,749167,5,,,,,,,,,,,,
26063,2026-06-05,26580410,301911640.59,0,,12,362655,34,3000,1602,500,29907,30,1277758,5,,,,,,,,,,,,
26064,2026-06-07,18593568,302395180.68,0,,11,214687,39,3000,1561,500,24377,30,971616,5,,,,,,,,,,,,
26065,2026-06-09,17935848,302657576.51,0,,3,1225414,27,3000,856,500,16027,30,742808,5,,,,,,,,,,,,
26066,2026-06-12,26545672,303066048.06,0,,9,718522,33,3000,1686,500,26074,30,819587,5,,,,,,,,,,,,
26067,2026-06-14,18270946,303784570.49,2,5000000,4,846440,29,3000,1194,500,19573,30,783923,5,,,,,,,,,,,,
26068,2026-06-16,17149520,294160766.34,1,5000000,8,32323,71,3000,1578,500,23522,30,821939,5,,,,,,,,,,,,
26069,2026-06-19,24704992,291488085.16,0,,18,20776,37,3000,2398,500,28414,30,1240636,5,,,,,,,,,,,,
26070,2026-06-21,17363616,294853946.63,1,5000000,8,36277,35,3000,1274,500,20446,30,850122,5,,,,,,,,,,,,
26071,2026-06-23,17066082,292465910.29,3,5000000,7,51194,30,3000,1093,500,16885,30,727144,5,,,,,,,,,,,,
26072,2026-06-26,25110154,280691159.45,0,,11,47863,52,3000,1498,500,26180,30,1069710,5,,,,,,,,,,,,
26073,2026-06-28,17325444,285429682.36,0,,3,139757,30,3000,1053,500,18111,30,627381,5,,,,,,,,,,,,
26074,2026-06-30,16889362,289203141.66,1,5000000,9,37359,26,3000,1073,500,19405,30,743351,5,,,,,,,,,,,,
26075,2026-07-03,24742186,287229285.8,0,,5,102599,29,3000,1966,500,23918,30,1041228,5,,,,,,,,,,,,
26076,2026-07-05,17117406,291846277.83,0,,5,68308,49,3000,1186,500,19201,30,731216,5,,,,,,,,,,,,
26077,2026-07-07,16723146,294920154.88,1,5000000,2,160652,26,3000,810,500,16693,30,799499,5,,,,,,,,,,,,
26078,2026-07-10,24610918,292811905.77,0,,7,105836,31,3000,1018,500,18759,30,697205,5,,,,,,,,,,,,
26079,2026-07-12,17039050,299479605.11,2,5000000,5,105098,18,3000,628,500,14535,30,458028,5,,,,,,,,,,,,
26080,2026-07-14,16510816,294209055.16,1,5000000,61,6000,24,3000,1187,500,18184,30,725677,5,,,,,,,,,,,,
26081,2026-07-17,24755596,292134860.52,8,5000000,10,27437,72,3000,2426,500,34275,30,1385843,5,,,,,,,,,,,,
26082,2026-07-19,17284378,254604259.86,0,,2,156586,24,3000,1236,500,17144,30,826661,5,,,,,,,,,,,,
26083,2026-07-21,16831732,257422808.06,0,,9,56135,14,3000,875,500,15526,30,450017,5,,,,,,,,,,,,
26084,2026-07-24,24865542,261969773.37,0,,8,67404,34,3000,1549,500,23544,30,1041793,5,,,,,,,,,,,,
26085,2026-07-26,17102340,266822870.89,1,5000000,0,,28,3000,1099,500,17770,30,670731,5,,,,,,,,,,,,
26086,2026-07-28,16987448,265682762.49,0,,7,64132,25,3000,836,500,14951,30,578602,5,,,,,,,,,,,,
26087,2026-07-31,24962268,269723141.06,2,5000000,2,209966,79,3000,2007,500,32208,30,1165087,5,,,,,,,,,,,,
26088,2026-08-02,16625484,263502543.75,0,,7,55659,14,3000,803,500,14369,30,675145,5,,,,,,,,,,,,
26089,2026-08-04,16296846,267009116.69,0,,2,208866,28,3000,887,500,15348,30,564037,5,,,,,,,,,,,,
26090,2026-08-07,24885984,270768713.28,1,5000000,12,28319,83,3000,3032,500,38232,30,1176767,5,,,,,,,,,,,,
26091,2026-08-09,16798926,268827216.72,0,,1,346763,8,3000,1052,500,19408,30,726320,5,,,,,,,,,,,,
26092,2026-08-11,16587138,271948087.09,0,,3,165441,18,3000,866,500,13697,30,453310,5,,,,,,,,,,,,
26093,2026-08-14,25176544,276415000.95,0,,6,68848,43,3000,1790,500,30657,30,1252374,5,,,,,,,,,,,,
26094,2026-08-16,17662548,280132834.85,0,,2,233240,27,3000,950,500,15826,30,591813,5,,,,,,,,,,,,
26095,2026-08-18,17662328,284331158.02,1,5000000,11,30827,35,3000,1293,500,18173,30,793366,5,,,,,,,,,,,,
26096,2026-08-21,25798192,282383076.67,3,5000000,16,25497,78,3000,2556,500,33891,30,1206559,5,,,,,,,,,,,,
26097,2026-08-23,17738382,271054706.84,0,,5,105769,14,3000,793,500,15624,30,499219,5,,,,,,,,,,,,
26098,2026-08-25,17328440,275814349.8,0,,20,15047,33,3000,1492,500,20902,30,801884,5,,,,,,,,,,,,
26099,2026-08-28,25305764,278522859.84,0,,25,21333,18,3000,1448,500,21631,30,1127928,5,,,,,,,,,,,,
26100,2026-08-30,17720386,283322788.76,0,,7,60395,28,3000,1184,500,19293,30,640106,5,,,,,,,,,,,,
26101,2026-09-01,17370196,287127690.99,1,5000000,8,62845,42,3000,969,500,15412,30,482172,5,,,,,,,,,,,,
26102,2026-09-04,25186278,286652599.43,0,,9,46032,53,3000,2086,500,32449,30,1204580,5,,,,,,,,,,,,
26103,2026-09-06,17642292,290381215.03,1,5000000,4,42726,31,3000,1718,500,26591,30,1037189,5,,,,,,,,,,,,
26104,2026-09-08,17332862,286919358.3,1,5000000,20,24203,15,3000,1254,500,19767,30,477484,5,,,,,,,,,,,,
26105,2026-09-11,24961344,286275963.44,1,5000000,9,69367,45,3000,1552,500,23612,30,873727,5,,,,,,,,,,,,
26106,2026-09-13,17370904,286894720.64,0,,23,19229,32,3000,886,500,15955,30,614245,5,,,,,,,,,,,,
26107,2026-09-15,16854278,290875301.8,1,5000000,19,13813,91,3000,2121,500,26855,30,698961,5,,,,,,,,,,,,
