期号,红球1,红球2,红球3,红球4,红球5,红球6,蓝球1,奖池奖金,一等奖注数,一等奖奖金,二等奖注数,二等奖奖金,总投注额,开奖日期
26108,6,11,13,14,20,28,16,0,0,0,0,0,0,17/09/2026
26107,1,5,9,17,24,33,4,0,0,0,0,0,0,15/09/2026
26106,6,11,13,14,22,30,14,0,0,0,0,0,0,13/09/2026
26105,2,4,13,14,15,30,8,833007469,1,10000000,100,148168,333874688,10/09/2026
26104,11,12,13,19,20,31,3,798557035,11,6596605,171,128382,333116798,08/09/2026
26103,4,11,20,27,28,30,15,805259723,7,8013753,125,210962,362416068,06/09/2026
26102,3,4,10,13,16,25,9,782244968,4,8286261,93,176680,335960988,03/09/2026
26101,5,6,8,9,24,25,12,766096090,4,8881916,183,106063,329493946,01/09/2026
26100,3,4,9,13,22,31,4,743395010,40,2500000,217,102830,357107230,30/08/2026
26099,1,12,14,18,30,31,2,776452438,2,10000000,75,379034,344486222,27/08/2026
26098,8,16,18,22,25,26,7,711169786,7,6866583,122,133873,337464770,25/08/2026
26097,5,16,24,26,29,30,2,710238057,2,10000000,96,264245,369897178,23/08/2026
26096,1,4,16,22,26,31,4,654135395,6,8348282,118,212814,344932190,20/08/2026
26095,4,6,14,21,22,33,16,628888733,7,7475143,112,193370,347737104,18/08/2026
26094,6,13,15,17,24,25,1,616242219,4,10000000,142,210861,373881722,16/08/2026
26093,5,8,15,20,21,24,9,566415284,8,6581443,109,145086,348046564,13/08/2026
26092,9,11,12,25,30,33,11,571623532,12,6466298,79,278411,339633672,11/08/2026
26091,2,13,14,16,20,24,5,583235682,4,10000000,79,328709,367362274,09/08/2026
26090,2,4,15,23,25,27,3,545331466,3,10000000,86,332528,348980318,06/08/2026
26089,5,18,23,24,27,33,3,489539135,3,10000000,88,293109,345041020,04/08/2026
26088,6,7,11,18,22,33,5,442158322,34,2941176,506,45037,373747432,02/08/2026
26087,4,6,10,18,23,31,11,473791046,8,7296989,108,212684,349545040,30/07/2026
26086,2,5,14,25,30,32,5,463257269,7,7501853,195,112262,345608568,28/07/2026
26085,6,9,13,17,24,28,15,450096595,17,5882352,326,71094,368292652,26/07/2026
26084,1,5,6,10,12,16,5,480566551,10,6809591,107,211400,348718788,23/07/2026
26083,7,14,15,23,28,33,3,480802779,0,0,111,214159,348240258,21/07/2026
26082,5,7,10,14,21,28,4,409487566,10,7104774,215,122370,375000824,19/07/2026
26081,6,10,12,15,24,27,12,401606257,5,8082773,137,140637,350765488,16/07/2026
26080,4,5,11,19,27,32,1,384218118,8,7579965,132,195451,344697650,14/07/2026
26079,1,11,17,22,24,29,4,367458887,1,10000000,109,280814,373452200,12/07/2026
26078,7,11,14,16,27,28,6,285632700,15,5983174,176,104741,355852948,09/07/2026
26077,1,4,5,14,18,25,4,320076738,6,8516882,114,231373,353662546,07/07/2026
26076,1,3,19,20,24,25,7,292048181,6,7355406,150,117770,382507054,05/07/2026
26075,8,12,18,21,24,30,1,283183968,5,7840223,102,556906,370657052,02/07/2026
26074,2,23,24,26,28,32,4,308183968,4,8277839,98,535157,370952514,30/06/2026
26073,9,10,13,16,19,21,8,328183968,10,6111492,136,326909,398594042,28/06/2026
26072,7,8,12,15,17,21,1,378183968,4,8287457,143,367827,377591844,25/06/2026
26071,3,8,19,25,31,33,5,398183968,8,5867768,121,229492,373089958,23/06/2026
26070,3,6,8,14,26,27,8,438183968,11,5811271,216,165258,398555946,21/06/2026
26069,12,14,16,17,18,32,8,493183968,22,4545454,955,19746,373992648,18/06/2026
26068,3,5,16,18,29,32,4,588469423,14,5649404,123,295664,379517740,16/06/2026
26067,4,19,27,29,30,32,13,658469423,3,10000000,89,747481,414869642,14/06/2026
26066,5,11,21,23,24,29,16,671837950,7,6728458,126,384101,392786646,11/06/2026
26065,7,8,16,24,30,32,2,706837950,7,6944530,190,286562,386314046,09/06/2026
26064,1,9,15,18,29,33,15,741837950,15,6021460,168,364807,427210484,07/06/2026
26063,2,8,25,28,30,31,2,816837950,20,5000000,117,234108,393294950,04/06/2026
26062,2,4,7,14,28,29,9,909990283,30,3333333,139,6000,402189304,02/06/2026
26061,1,4,5,15,23,28,7,1009990273,8,6130798,135,268041,429422172,31/05/2026
26060,7,9,10,16,22,27,11,1049990273,18,5502014,226,159933,398771788,28/05/2026
26059,8,16,26,28,29,30,15,1139990273,3,10000000,138,441123,392773558,26/05/2026
26058,1,4,7,21,29,30,1,1154771516,9,6504451,154,351689,425121686,24/05/2026
26057,1,10,22,24,28,30,7,1199771516,6,6920687,109,422903,397400020,21/05/2026
26056,10,19,21,22,31,33,5,1229771516,2,10000000,86,589039,391304582,19/05/2026
26055,4,11,24,25,32,33,13,1237107160,3,10000000,155,392861,422769486,17/05/2026
26054,13,20,25,29,30,33,2,1251883761,5,8421032,67,1021203,391858874,14/05/2026
26053,1,2,3,8,13,14,2,1276883761,6,7002350,136,353355,395029142,12/05/2026
26052,1,3,11,22,26,31,11,1306883761,24,4166666,257,103058,417267288,10/05/2026
26051,9,14,15,16,29,30,10,1400262206,14,5728242,189,215775,386809756,07/05/2026
26050,6,9,25,27,28,30,3,1470262206,4,7220345,87,408339,368215788,05/05/2026
26049,3,4,14,15,18,20,2,1490262206,6,6941614,112,416060,378548054,03/05/2026
26048,9,15,18,24,28,33,1,1520262206,0,0,128,473459,381163108,30/04/2026
26047,7,16,21,24,27,30,7,1505111504,6,6564632,269,139595,383992530,28/04/2026
26046,2,9,10,24,31,33,16,1535111504,5,8506512,114,614035,425615512,26/04/2026
26045,4,11,15,17,24,30,15,1559981238,12,6214166,131,444885,395637026,23/04/2026
26044,2,14,17,18,22,30,1,1619981238,6,7298375,114,483868,395282770,21/04/2026
26043,6,9,14,16,25,32,16,1649981238,16,5364612,262,89065,423102342,19/04/2026
26042,2,7,12,19,24,31,10,1729981238,14,5706863,350,113098,400801534,16/04/2026
26041,2,8,10,17,19,24,13,1799981238,14,5761961,171,249531,396284492,14/04/2026
26040,3,4,14,22,23,33,4,1869981238,13,6070223,222,250682,421923472,12/04/2026
26039,8,17,18,21,25,30,5,1934981238,1,10000000,173,257555,393444014,09/04/2026
26038,1,2,13,23,25,27,5,1933841973,8,6202609,139,276859,382309000,07/04/2026
26037,11,22,27,29,31,33,12,1973841973,72,1388888,171,235251,398672542,05/04/2026
26036,6,10,12,15,22,28,8,2063784926,9,5684766,177,139274,398552206,02/04/2026
26035,2,6,12,24,25,32,2,2108784926,6,7153892,268,192885,389527084,31/03/2026
26034,1,3,7,13,22,23,7,2138784926,13,5653247,183,185622,425726210,29/03/2026
26033,3,6,13,21,28,29,6,2203784926,15,5619305,161,230797,397739574,26/03/2026
26032,1,3,11,18,31,33,2,2278784926,6,7330318,120,466063,392702390,24/03/2026
26031,3,10,12,13,18,33,8,2308784926,10,5408805,99,165174,430685136,22/03/2026
26030,10,11,14,19,22,24,4,2358784926,5,7573704,86,598535,401991268,19/03/2026
26029,6,19,22,23,28,31,5,2383784926,4,7239119,106,337980,390925844,17/03/2026
26028,2,6,9,17,25,28,15,2403784926,5,7757204,251,219697,425241582,15/03/2026
26027,2,13,17,18,25,26,13,2428784926,23,4347826,131,301031,397777968,12/03/2026
26026,2,9,16,22,25,29,3,2518926159,7,6119470,168,186578,377828982,10/03/2026
26025,2,3,15,20,23,24,10,2553926159,7,6639739,184,249525,404403816,08/03/2026
26024,1,2,13,21,23,29,14,2588926159,2,10000000,79,843179,370443834,05/03/2026
26023,1,3,8,10,23,29,6,2592273374,12,5612828,133,221171,361967792,03/03/2026
26022,15,18,23,25,28,32,11,2652273374,6,6366973,152,215837,380507698,01/03/2026
26021,3,13,25,26,30,31,4,2682273374,6,7076614,113,441050,351619166,26/02/2026
26020,1,13,14,21,24,30,2,2712273374,2,10000000,64,994080,381989060,24/02/2026
26019,7,8,16,17,18,30,1,2716368081,7,6673652,220,213010,428387634,12/02/2026
26018,11,15,17,22,25,30,7,2751368081,6,5577851,82,169127,365733450,10/02/2026
26017,1,3,5,18,29,32,4,2781368081,6,6934706,130,357176,387896530,08/02/2026
26016,4,5,9,10,27,30,13,2811368081,8,5687274,247,89039,364669398,05/02/2026
26015,7,10,13,22,27,31,12,2851368081,5,7580431,148,348706,359738534,03/02/2026
26014,7,13,19,22,26,32,1,2876368081,17,5882352,201,299554,386492580,01/02/2026
26013,4,9,12,13,16,20,1,2961315457,5,9433203,103,269005,380549690,29/01/2026
26012,3,5,7,16,20,24,8,2925358915,8,6799445,65,276837,358422924,27/01/2026
26011,2,3,4,20,31,32,4,2925771107,3,10000000,77,388911,394441490,25/01/2026
26010,4,9,10,15,19,26,12,2865932466,19,5702151,223,74780,358486254,22/01/2026
26009,3,6,13,19,23,25,10,2924245047,9,6911676,276,77921,347159860,20/01/2026
26008,6,9,16,27,31,33,10,2921931052,6,8725252,107,261115,388652642,18/01/2026
26007,9,13,19,27,29,30,1,2890464389,7,7349262,149,137960,360236814,15/01/2026
26006,2,6,22,23,24,28,15,2880241083,2,10000000,147,178496,352228044,13/01/2026
26005,1,20,22,27,30,33,10,2821524165,4,10000000,66,400264,387903486,11/01/2026
26004,3,7,8,9,18,32,10,2782271788,4,8704419,128,144703,361167416,08/01/2026
26003,5,6,9,21,28,30,16,2761523177,3,10000000,130,190247,352267432,06/01/2026
26002,1,5,7,18,30,32,2,2717326577,12,6797096,119,226524,377330734,04/01/2026
26001,2,6,11,12,13,33,15,2718022399,4,9520395,154,146766,348080190,01/01/2026
25151,8,9,14,22,28,30,4,2688298050,6,7732391,125,163943,369383528,30/12/2025
25150,6,13,17,19,24,31,8,2673213583,7,7756937,208,115976,388447078,28/12/2025
25149,1,2,4,6,22,30,10,2655142533,13,6418616,130,177327,355328424,25/12/2025
25148,3,4,9,10,15,22,16,2669426999,8,7480485,139,178452,353582370,23/12/2025
25147,1,3,5,8,22,33,8,2654856315,21,5719540,118,160067,392695744,21/12/2025
25146,5,7,12,24,26,28,2,2718302859,9,7076977,192,121697,365633358,18/12/2025
25145,11,12,15,18,25,32,14,2711897665,15,6220919,89,257216,356306424,16/12/2025
25144,1,8,15,20,26,33,13,2736534730,18,6211544,180,151443,379272340,14/12/2025
25143,2,9,12,13,15,24,3,2766563293,7,8038443,81,328226,357498010,11/12/2025
25142,2,13,15,23,27,31,16,2743073255,3,10000000,79,317297,353205678,09/12/2025
25141,2,4,5,10,12,13,6,2697873796,10,7082448,112,232416,390055596,07/12/2025
25140,1,3,4,12,18,24,5,2690606470,4,9980899,126,197654,362437084,04/12/2025
25139,2,5,17,22,30,33,6,2655816573,3,10000000,142,154433,358264332,02/12/2025
25138,10,13,14,23,24,27,15,2620027948,2,10000000,78,326226,396317254,30/11/2025
25137,2,8,11,23,27,29,5,2563690940,12,6227322,114,161489,364942202,27/11/2025
25136,8,10,14,23,28,32,12,2583189299,43,5467124,101,248593,361034006,25/11/2025
25135,1,2,5,9,25,32,10,2742951835,7,7811499,104,236544,400247838,23/11/2025
25134,3,5,9,13,26,29,12,2723830474,12,6386866,123,169130,374640566,20/11/2025
25133,5,14,17,19,20,33,7,2738063876,21,5571098,148,101292,363914948,18/11/2025
25132,4,8,10,21,23,32,11,2810082951,8,7322334,135,172024,409235610,16/11/2025
25131,3,13,14,18,24,31,3,2798991596,8,7835944,98,289382,385122072,13/11/2025
25130,1,5,8,14,19,23,6,2776600809,14,5638811,183,61088,377466594,11/11/2025
25129,3,4,7,13,20,30,3,2822006563,16,6390891,194,143390,403899176,09/11/2025
25128,2,10,18,19,24,27,1,2840807340,7,6365206,142,84123,371066844,06/11/2025
25127,3,9,15,17,19,28,3,2849527123,8,6934963,128,151169,360915142,04/11/2025
25126,2,12,13,16,19,25,10,2846957929,7,8140985,100,274836,399441700,02/11/2025
25125,3,9,12,13,26,32,9,2821493961,17,5742924,248,63657,358732158,30/10/2025
25124,1,2,18,19,21,33,13,2871762236,14,6708770,154,194178,354991248,28/10/2025
25123,7,9,23,24,25,26,10,2875974569,11,6848170,166,153086,386747886,26/10/2025
25122,16,18,19,20,25,31,13,2875067397,6,8503343,151,174007,363694232,23/10/2025
25121,6,8,10,25,29,30,8,2847262236,13,5876512,174,81858,354466956,21/10/2025
25120,1,2,4,7,13,32,7,2880926922,1,10000000,47,508032,385873150,19/10/2025
25119,6,9,23,26,28,32,11,2819294293,11,6119693,564,27297,364080712,16/10/2025
25118,1,10,11,16,24,26,3,2840423562,6,8065036,80,287347,357347556,14/10/2025
25117,6,8,17,20,25,33,10,2819850462,9,7503776,177,159138,389301568,12/10/2025
25116,2,4,8,24,28,31,9,2802882002,3,7424040,62,146615,363037044,09/10/2025
25115,2,3,8,19,24,30,2,2797883669,39,5465649,604,37583,330722178,07/10/2025
25114,1,20,21,25,26,27,10,2942942799,7,7433630,87,244761,306235982,05/10/2025
25113,8,10,13,15,24,31,16,2931095408,4,10000000,122,242380,376311750,30/09/2025
25112,3,9,11,13,20,32,2,2882384020,4,10000000,118,213163,398243350,28/09/2025
25111,9,14,18,28,31,33,12,2846924292,4,9473106,67,333813,366420958,25/09/2025
25110,1,5,11,14,16,19,8,2817720121,6,7963794,67,331768,364932922,23/09/2025
25109,5,6,9,17,18,31,3,2798817511,12,6182854,190,93383,398851460,21/09/2025
25108,1,9,14,17,22,33,7,2819783316,5,8303235,129,160040,359262232,18/09/2025
25107,2,3,10,15,25,33,13,2799363828,3,10000000,144,173697,352042890,16/09/2025
25106,4,5,17,22,26,30,4,2754326369,8,7761349,265,104201,383828310,14/09/2025
25105,4,7,18,24,26,28,8,2733576679,5,7802184,160,109460,357186846,11/09/2025
25104,2,5,15,16,24,32,16,2720046642,2,10000000,138,204798,348590986,09/09/2025
25103,13,16,21,25,28,31,16,2655260007,3,10000000,116,282173,385480320,07/09/2025
25102,4,9,16,17,18,31,7,2587063782,12,5969509,136,106931,351383918,04/09/2025
25101,5,8,9,10,16,21,5,2615069983,5,8116321,107,182028,350895240,02/09/2025
25100,12,16,17,25,30,31,16,2597220563,11,7099632,107,269812,383791808,31/08/2025
25099,9,11,15,17,22,26,14,2588706689,2,10000000,155,193182,353036232,28/08/2025
25098,5,8,13,17,18,29,2,2518876889,22,5510882,269,52227,348777356,26/08/2025
25097,3,5,16,23,26,31,14,2597968523,2,10000000,178,161344,380958632,24/08/2025
25096,7,9,11,12,16,29,15,2531810580,1,10000000,165,148472,350353036,21/08/2025
25095,15,16,22,23,26,32,4,2468316703,8,7368773,78,303688,347483168,19/08/2025
25094,11,13,17,19,23,29,16,2456203693,8,7778083,196,141738,378464962,17/08/2025
25093,9,11,12,24,25,26,10,2435085847,12,6161412,136,128096,356349402,14/08/2025
25092,2,11,14,17,23,24,12,2456759248,7,7508266,110,199521,350909082,12/08/2025
25091,3,4,17,19,25,27,14,2443475122,8,7525259,114,221513,381527438,10/08/2025
25090,6,11,12,21,27,28,15,2427919422,51,5406061,197,131403,358843770,07/08/2025
25089,4,6,8,18,31,33,5,2625969286,5,8555036,82,270963,346126366,05/08/2025
25088,1,3,13,18,21,25,6,2602087534,4,10000000,68,404098,378870024,03/08/2025
25087,2,6,14,15,24,26,8,2559651509,3,9688475,105,167445,350994188,31/07/2025
25086,2,6,8,10,17,24,6,2535971590,16,5994098,118,168491,345276906,29/07/2025
25085,11,14,15,18,21,24,13,2572231246,17,6339546,93,306079,373432674,27/07/2025
25084,6,8,10,14,24,33,15,2594607446,6,8609555,120,225597,350903250,24/07/2025
25083,10,15,16,17,27,29,12,2565049782,8,7106890,145,145302,352801672,22/07/2025
25082,4,6,9,14,32,33,11,2558698192,4,9506526,120,187771,378156970,20/07/2025
25081,3,6,18,20,23,28,5,2529126398,6,8415835,149,171938,353894972,17/07/2025
25080,3,7,8,10,16,19,5,2502765112,13,6390774,180,125556,350614738,15/07/2025
25079,8,11,14,15,30,32,5,2518044933,6,8447936,107,241677,380647944,13/07/2025
25078,6,15,17,30,32,33,14,2491153983,0,0,111,237198,350559496,10/07/2025
25077,4,7,8,15,20,21,15,2412167034,9,7448353,153,180025,354913968,08/07/2025
25076,2,6,9,12,14,30,8,2396570293,4,7403293,189,63579,380376886,06/07/2025
25075,10,12,14,19,20,21,15,2390134063,12,6293619,175,110881,356433094,03/07/2025
25074,3,4,12,20,32,33,13,2407444608,5,9211242,78,337439,357617458,01/07/2025
25073,2,7,10,27,30,33,11,2374540018,19,5914846,164,132485,388648778,29/06/2025
25072,2,14,17,25,27,29,5,2421739287,8,7489467,121,205741,359396990,26/06/2025
25071,1,12,18,23,25,28,7,2406971013,3,10000000,110,196923,357410052,24/06/2025
25070,2,3,15,21,22,33,6,2371986371,5,8940684,219,112462,388014508,22/06/2025
25069,2,4,19,23,27,30,5,2342801953,3,10000000,93,293223,367456356,19/06/2025
25068,5,7,8,19,20,31,7,2290992555,24,5500308,291,51578,356576372,17/06/2025
25067,1,5,10,17,20,22,5,2377972199,13,6200625,157,124268,389127714,15/06/2025
25066,6,22,24,27,28,30,4,2400049823,10,6441022,94,191625,366359214,12/06/2025
25065,6,10,13,14,15,20,11,2410421705,4,8851267,106,181663,357848508,10/06/2025
25064,2,10,13,22,29,33,16,2388057766,10,7204019,133,207144,389225746,08/06/2025
25063,2,19,21,22,28,30,1,2377447244,12,7110664,77,411168,366105242,05/06/2025
25062,6,8,9,13,25,31,14,2367795314,6,8384899,115,220754,353685018,03/06/2025
25061,6,7,9,10,11,32,9,2341944468,6,7568637,134,143766,366761624,01/06/2025
25060,6,14,18,25,28,30,1,2329561958,2,10000000,149,186489,358070626,29/05/2025
25059,4,10,11,12,13,24,1,2266201070,4,9759733,220,108175,357078086,27/05/2025
25058,2,6,7,9,10,20,6,2233844001,10,6759537,225,97752,393500536,25/05/2025
25057,4,9,15,16,25,30,14,2235456730,22,5814433,869,25773,362960216,22/05/2025
25056,1,2,10,14,28,31,3,2296183528,7,7790128,81,301402,366700300,20/05/2025
25055,2,5,22,27,29,33,12,2277473550,3,10000000,67,411621,396605082,18/05/2025
25054,5,7,10,21,24,27,16,2224737559,1,10000000,176,163217,374131396,15/05/2025
25053,6,9,10,13,30,33,7,2148558912,5,8240120,100,202507,367998390,13/05/2025
25052,6,7,10,17,20,26,9,2129007256,27,5520724,161,109158,390015600,11/05/2025
25051,1,2,3,4,17,22,1,2225343467,12,6678989,194,129818,365959336,08/05/2025
25050,9,12,15,18,22,33,16,2229936825,15,6373049,140,183890,366315720,06/05/2025
25049,3,6,19,27,29,33,11,2248298531,10,6194553,130,114860,359533236,04/05/2025
25048,16,21,22,23,27,31,10,2265448315,1,10000000,57,376639,326832578,01/05/2025
25047,1,14,21,22,23,31,12,2211042881,4,10000000,174,152770,364051920,29/04/2025
25046,2,3,10,16,29,33,1,2171296641,6,9453057,77,433739,399679256,27/04/2025
25045,2,14,19,24,29,33,13,2127821193,1,10000000,68,439210,373242104,24/04/2025
25044,2,3,7,8,14,28,11,2048222162,11,6794761,123,200633,373270898,22/04/2025
25043,3,12,16,19,20,32,13,2048930620,8,7088604,133,157037,409814910,20/04/2025
25042,7,13,19,23,27,33,12,2042981318,4,10000000,169,158989,385795918,17/04/2025
25041,6,10,17,19,25,31,6,2002373802,8,6972893,114,173060,377141604,15/04/2025
25040,2,6,8,9,10,24,11,1998970150,34,5493186,170,123296,399308858,13/04/2025
25039,8,10,12,15,17,23,11,2122857171,5,8314352,111,186618,381434232,10/04/2025
25038,6,19,20,23,26,33,9,2102284821,7,6616319,119,118847,378571560,08/04/2025
25037,3,6,11,20,21,31,2,2106170670,10,7139219,160,167126,406066676,06/04/2025
25036,5,11,13,16,19,32,7,2097342123,3,10000000,82,269951,372292440,03/04/2025
25035,1,8,16,18,25,31,1,2060934078,6,8732214,141,198522,375726786,01/04/2025
25034,5,8,13,14,24,26,12,2029352539,8,7066451,163,126776,400660020,30/03/2025
25033,3,5,18,25,26,33,8,2023890601,11,6214385,101,165324,379779720,27/03/2025
25032,3,8,10,14,16,21,3,2042155440,6,7944765,227,97294,374535064,25/03/2025
25031,1,5,6,8,23,28,1,2023566815,18,6040821,186,125905,419594048,23/03/2025
25030,4,6,7,30,31,33,6,2062046163,5,9287344,113,237131,395500258,20/03/2025
25029,5,15,16,25,30,33,16,2028095174,11,7159104,146,203340,393060268,18/03/2025
25028,4,9,14,15,18,25,15,2017782256,1,10000000,154,193255,417970572,16/03/2025
25027,5,7,8,15,16,23,6,1938498165,13,6419699,211,109337,394720204,13/03/2025
25026,9,10,12,14,19,32,7,1952743893,7,7683139,66,355719,392951650,11/03/2025
25025,12,15,21,23,25,30,2,1936093458,6,8975261,91,327631,429174194,09/03/2025
25024,10,11,22,27,30,32,15,1900501646,6,8868303,169,171670,390568100,06/03/2025
25023,9,12,13,24,25,33,7,1866674645,11,6103914,169,89815,386827864,04/03/2025
25022,11,17,18,20,28,30,10,1888281245,4,10000000,80,372332,439339144,02/03/2025
25021,7,8,16,18,25,32,14,1838921415,21,6057831,226,122867,406699544,27/02/2025
25020,4,11,13,16,26,30,15,1882831619,11,6958943,317,84969,397475096,25/02/2025
25019,5,13,17,18,22,23,11,1878573590,5,9446148,168,165407,426478858,23/02/2025
25018,3,9,18,21,28,29,11,1842439055,14,6438850,149,168992,389691430,20/02/2025
25017,4,12,15,18,28,29,5,1857043294,4,10000000,115,226470,385907866,18/02/2025
25016,2,3,12,16,20,29,14,1818910823,7,8917598,162,211598,422332862,16/02/2025
25015,4,11,15,24,25,33,15,1778497050,25,5807839,344,73386,381850646,13/02/2025
25014,6,7,9,13,21,27,5,1847958110,10,6143205,111,128739,376048608,11/02/2025
25013,4,14,16,23,24,30,14,1866519971,8,7973397,124,239790,400862420,09/02/2025
25012,7,11,13,18,27,31,11,1841105218,6,8641191,132,206885,384392632,06/02/2025
25011,6,13,17,22,24,29,11,1811025553,6,9443761,202,164991,460490078,26/01/2025
25010,4,6,7,16,17,21,8,1767703481,38,5347610,129,127996,385376562,23/01/2025
25009,2,4,11,12,23,25,6,1921378198,14,6272287,334,66661,375791606,21/01/2025
25008,9,14,16,17,25,33,11,1942395126,2,10000000,155,216873,419205612,19/01/2025
25007,7,8,14,18,21,27,11,1861548871,3,10000000,113,197325,388819806,16/01/2025
25006,1,7,8,17,20,22,6,1824655469,16,6058887,328,64566,388340672,14/01/2025
25005,10,16,19,27,28,30,9,1858064417,13,5996460,139,116492,424386010,12/01/2025
25004,3,7,17,27,29,32,4,1887440945,9,6908281,118,181933,391221400,09/01/2025
25003,10,19,20,26,28,29,15,1885210987,7,8424488,135,221957,396515706,07/01/2025
25002,9,12,13,15,22,26,11,1854289576,2,10000000,116,233876,439670530,05/01/2025
25001,2,3,17,18,22,33,16,1792900594,108,5234395,204,155114,404437376,02/01/2025
24151,5,10,16,19,29,32,4,2263285189,14,6744515,193,158181,428356574,31/12/2024
24150,13,14,20,22,26,32,2,2266121359,5,10000000,63,512774,434694410,29/12/2024
24149,3,9,16,17,18,22,16,2219207042,6,8684808,133,207789,411127632,26/12/2024
24148,2,6,15,16,21,23,11,2188407705,7,8367239,85,346627,412346050,24/12/2024
24147,5,11,13,16,21,30,10,2158588347,6,8463788,120,216486,438660552,22/12/2024
24146,2,4,11,22,27,32,10,2131435845,24,5730487,359,61043,413166618,19/12/2024
24145,1,3,16,22,23,30,3,2203223647,11,6873666,121,212916,451419346,17/12/2024
24144,2,9,11,17,20,30,11,2201545229,17,6315172,315,88721,491869822,15/12/2024
24143,2,5,11,22,30,33,10,2225060896,8,7936178,226,129919,463226948,12/12/2024
24142,4,6,13,21,22,25,6,2200464970,14,5840382,178,82621,441190576,10/12/2024
24141,1,2,7,15,24,29,12,2238110251,20,6385169,188,184198,481535824,08/12/2024
24140,4,7,8,17,22,26,15,2261925902,5,9931134,180,171219,459136590,05/12/2024
24139,15,16,20,22,23,29,14,2219122799,11,7433686,97,344981,456605906,03/12/2024
24138,2,7,11,21,27,28,2,2200503777,20,6031367,307,83987,491074898,01/12/2024
24137,4,9,10,19,26,27,12,2243778557,70,5291924,855,29875,446966366,28/11/2024
24136,3,11,15,21,25,26,3,2537583064,8,7126819,131,162352,429233698,26/11/2024
24135,5,11,17,18,30,31,13,2530793029,19,6358348,256,126018,465732500,24/11/2024
24134,2,4,13,16,18,20,16,2554819300,2,10000000,103,347603,439880754,21/11/2024
24133,1,11,15,27,30,33,1,2467409931,22,6215178,128,261073,432267736,19/11/2024
24132,1,4,25,27,28,33,3,2503891643,6,9262921,87,367493,471463176,17/11/2024
24131,4,5,11,15,20,32,13,2463553435,15,6477046,236,117350,435463406,14/11/2024
24130,1,8,12,17,19,24,16,2477625267,9,8258734,135,271561,439889754,12/11/2024
24129,9,10,13,19,24,32,1,2441971585,16,6564961,120,260826,479114118,10/11/2024
24128,1,8,13,18,20,26,16,2453113294,2,10000000,118,275714,445426800,07/11/2024
24127,2,5,13,20,27,32,10,2375510386,5,10000000,165,200294,438566712,05/11/2024
24126,14,18,23,24,26,33,10,2326364768,8,7899383,69,420200,473613616,03/11/2024
24125,1,4,13,18,26,30,3,2302578322,9,7049350,419,55024,351905686,31/10/2024
24124,2,14,15,17,25,30,11,2296856893,4,8675507,80,229719,346613892,29/10/2024
24123,2,15,22,26,30,33,4,2276426310,7,7811149,84,292828,375813786,27/10/2024
24122,5,7,9,16,17,29,15,2257311684,10,6842408,228,101009,352551896,24/10/2024
24121,1,7,10,13,27,33,3,2256645443,12,6509256,68,332924,341159894,22/10/2024
24120,1,5,7,11,18,19,7,2266839986,15,5809161,183,82905,364140764,20/10/2024
24119,2,9,26,27,31,32,14,2308462079,4,10000000,72,421211,343140726,17/10/2024
24118,2,3,4,6,11,15,14,2257480299,5,9295085,64,419441,342882326,15/10/2024
24117,3,12,14,16,29,32,12,2223422878,4,9643552,113,205466,376451952,13/10/2024
24116,1,15,20,22,31,32,3,2192343800,2,10000000,66,377266,352746618,10/10/2024
24115,3,10,11,19,27,28,7,2137644946,29,5193979,178,39504,341744330,08/10/2024
24114,7,11,18,24,27,32,4,2267175046,6,8359466,250,100783,354097454,06/10/2024
24113,4,5,23,24,26,31,11,2241743848,1,10000000,65,352996,377101508,29/09/2024
24112,8,11,16,25,29,32,3,2182909574,9,6945481,163,134274,348744958,26/09/2024
24111,1,4,11,12,22,30,16,2179758898,11,6770241,178,136746,339434250,24/09/2024
24110,4,13,17,23,25,33,14,2181209099,4,10000000,69,376070,368550846,22/09/2024
24109,3,4,24,28,29,33,9,2143362495,9,6920631,72,300098,343699030,19/09/2024
24108,1,8,9,23,24,30,8,2140826873,8,6743322,139,125418,323582976,17/09/2024
24107,1,6,8,13,17,19,9,2142473782,18,5505283,90,126320,354933898,15/09/2024
24106,3,8,11,22,31,33,4,2207462227,11,6945786,208,128627,347018184,12/09/2024
24105,2,5,17,19,29,33,4,2203602195,6,7983113,62,360860,342083742,10/09/2024
24104,5,16,23,24,26,29,4,2184380821,10,6546611,206,93847,373660982,08/09/2024
24103,12,21,23,27,32,33,15,2191849007,8,7570038,115,223481,346931426,05/09/2024
24102,9,15,18,21,22,25,1,2175308161,5,8500888,197,111068,344796788,03/09/2024
24101,8,12,15,17,19,30,8,2152170943,11,6191911,103,159114,374345806,01/09/2024
24100,13,14,19,20,27,30,5,2171115625,3,10000000,79,279912,348781408,29/08/2024
24099,4,12,17,24,26,27,16,2134776394,9,7097651,92,256506,344108040,27/08/2024
24098,3,8,10,20,30,31,2,2127859521,9,7358066,171,155135,381156802,25/08/2024
24097,4,10,12,13,18,30,3,2114497370,3,10000000,40,661419,354395754,22/08/2024
24096,2,4,14,18,23,27,13,2065127017,4,10000000,203,125916,352522568,20/08/2024
24095,4,6,9,14,16,21,3,2028443682,17,5582857,199,62239,385134230,18/08/2024
24094,6,13,17,22,25,27,9,2086195097,57,5000000,273,6000,350072302,15/08/2024
24093,1,5,7,11,12,15,12,2371195097,4,10000000,148,170570,348127806,13/08/2024
24092,3,8,11,12,18,29,5,2335461640,14,6068073,234,79877,370253242,11/08/2024
24091,13,15,16,19,20,24,10,2364340809,2,10000000,88,317304,356693206,08/08/2024
24090,7,11,17,24,31,32,12,2300572454,7,7608042,85,268474,350631612,06/08/2024
24089,3,6,9,15,18,31,1,2285367632,12,6626327,166,146957,380044140,04/08/2024
24088,3,8,10,17,30,32,10,2291698840,3,10000000,135,157988,354401976,01/08/2024
24087,3,9,18,19,20,26,11,2257713590,59,5228549,131,128667,346836290,30/07/2024
24086,17,19,20,23,25,31,2,2515631484,3,10000000,61,341471,369996636,28/07/2024
24085,1,5,15,21,23,27,15,2483142282,5,9820923,106,284252,345948072,25/07/2024
24084,1,8,10,13,19,29,13,2441854586,5,9498987,98,286925,347931710,23/07/2024
24083,3,9,14,29,32,33,15,2404993508,8,7801042,101,277330,378567992,21/07/2024
24082,1,2,13,16,17,29,16,2383370581,3,10000000,89,276317,350123408,18/07/2024
24081,1,6,12,17,23,25,4,2339593701,11,6976154,501,54235,351219750,16/07/2024
24080,6,11,12,27,29,30,13,2334815017,9,7278585,197,130122,375983952,14/07/2024
24079,2,3,6,7,16,26,4,2323420019,10,6615076,324,62310,351442404,11/07/2024
24078,5,9,14,21,22,26,12,2329005428,17,5673644,171,83713,342123330,09/07/2024
24077,1,4,6,14,17,22,8,2382512560,5,7552556,92,173407,369020954,07/07/2024
24076,3,22,24,27,29,32,15,2372414911,2,10000000,80,329957,348856354,04/07/2024
24075,3,5,8,18,22,28,1,2313225143,18,5938531,320,65990,345694980,02/07/2024
24074,7,8,10,22,24,32,7,2356767829,5,7000481,90,138922,375016018,30/06/2024
24073,3,9,12,18,28,30,1,2354261205,4,9082052,288,70868,351823400,27/06/2024
24072,1,14,20,21,23,27,6,2329358625,0,0,96,261609,342963952,25/06/2024
24071,2,8,19,28,30,31,14,2254015200,11,7052822,130,217125,377739850,23/06/2024
24070,4,13,18,20,22,28,5,2246917307,8,7511573,95,264376,355743106,20/06/2024
24069,6,13,20,21,24,32,6,2231662700,12,6305244,121,161807,349312006,18/06/2024
24068,1,2,7,19,20,21,1,2248589639,25,5502857,190,82706,382798116,16/06/2024
24067,1,11,13,17,25,29,3,2339018162,7,7877684,100,251797,359572106,13/06/2024
24066,8,9,12,22,26,32,13,2318622744,16,6258377,168,149806,348630430,11/06/2024
24065,3,5,9,10,19,22,14,2343254145,10,7097933,236,111119,373231796,09/06/2024
24064,6,8,17,18,28,30,5,2335560971,21,5627014,277,59419,365056746,06/06/2024
24063,7,14,16,23,28,32,4,2404350858,10,6922247,245,98073,362508790,04/06/2024
24062,1,7,10,16,18,27,16,2401489046,5,9564773,90,316998,390275626,02/06/2024
24061,1,9,18,22,25,28,2,2363723406,4,10000000,143,179800,364421040,30/05/2024
24060,1,2,6,10,22,28,15,2326589163,9,7094190,122,193111,358843202,28/05/2024
24059,1,3,14,25,31,33,7,2319757937,6,8225609,137,176584,390426128,26/05/2024
24058,8,12,13,17,27,29,13,2296535377,2,10000000,84,303075,369285740,23/05/2024
24057,3,8,17,18,23,31,8,2240160236,18,5596329,384,34941,365625592,21/05/2024
24056,5,18,20,24,25,26,6,2300641915,6,7990254,97,231205,397159810,19/05/2024
24055,2,4,6,7,16,29,3,2281302712,1,10000000,144,208688,377710122,16/05/2024
24054,8,13,20,25,31,32,3,2201149174,5,9020570,242,103837,367543408,14/05/2024
24053,7,14,21,22,28,33,7,2170866334,14,5987819,220,78576,395915432,12/05/2024
24052,7,10,11,15,17,21,3,2202835275,6,8321035,131,190135,373167274,09/05/2024
24051,5,9,13,20,23,28,6,2178038182,15,6101483,203,101738,367939562,07/05/2024
24050,1,3,7,10,22,33,2,2207601984,13,6705264,226,122613,388201440,05/05/2024
24049,12,15,17,23,26,32,11,2211638785,3,10000000,141,147410,330045974,02/05/2024
24048,2,9,15,19,26,28,2,2179284324,7,7702490,114,207428,351928312,30/04/2024
24047,7,8,21,26,29,30,15,2162261379,26,5920995,91,328927,405356264,28/04/2024
24046,2,6,10,11,17,29,15,2226410188,6,8554950,188,141819,382103034,25/04/2024
24045,2,8,19,23,24,26,3,2197753504,13,6266764,334,61631,379451774,23/04/2024
24044,2,6,17,25,32,33,6,2217466686,5,8441962,115,187063,405727312,21/04/2024
24043,4,6,7,14,15,24,8,2195139699,12,6394606,146,143281,379945476,18/04/2024
24042,2,4,5,14,26,32,14,2209117678,1,10000000,46,672336,385020364,16/04/2024
24041,2,9,12,22,25,33,16,2126335214,67,5312395,542,48271,412186810,14/04/2024
24040,11,14,18,19,23,26,2,2403776297,8,7810178,213,131933,386011398,11/04/2024
24039,2,6,12,29,30,31,10,2381952370,12,6639344,138,178189,381702830,09/04/2024
24038,8,10,18,23,27,31,2,2387854012,3,10000000,190,159354,403976694,07/04/2024
24037,1,4,5,6,12,14,13,2327021985,3,10000000,90,294537,356283280,04/04/2024
24036,2,8,9,12,21,31,2,2277496852,10,6513910,206,91863,375133272,02/04/2024
24035,5,7,14,17,22,32,6,2285864323,21,5826032,504,43022,412436132,31/03/2024
24034,2,9,12,19,21,31,4,2343160918,17,6171541,248,100384,385412112,28/03/2024
24033,6,10,11,18,20,32,5,2373391338,4,10000000,117,215911,374362318,26/03/2024
24032,1,3,4,11,12,21,16,2337606504,14,6812502,135,234953,413703736,24/03/2024
24031,9,10,13,25,30,32,2,2337825172,19,5000000,173,6000,401159328,21/03/2024
24030,1,8,22,25,29,33,10,2432825172,3,10000000,76,407930,398025748,19/03/2024
24029,12,18,23,25,28,33,4,2369816985,1,10000000,116,273022,433441094,17/03/2024
24028,3,7,8,11,18,19,5,2284805181,12,6436209,206,104578,400874276,14/03/2024
24027,2,6,13,27,28,32,13,2297410268,9,7752307,296,104606,398514350,12/03/2024
24026,4,7,18,19,20,25,6,2274290656,14,6573568,465,59220,431419382,10/03/2024
24025,8,15,21,22,25,33,13,2283708268,8,7903667,77,377099,399059370,07/03/2024
24024,3,7,21,24,26,30,10,2259827583,10,7196464,276,99477,389179240,05/03/2024
24023,1,10,22,25,28,32,10,2249424817,4,10000000,174,148772,429941270,03/03/2024
24022,2,9,11,14,18,26,6,2211765504,27,5581991,335,58633,388759926,29/02/2024
24021,4,6,16,17,23,24,11,2303552638,8,7305253,182,126662,387567590,27/02/2024
24020,3,8,12,14,17,33,8,2292837056,3,10000000,65,424047,401743532,25/02/2024
24019,5,11,12,16,17,20,8,2240147827,10,6256934,107,146838,362006810,22/02/2024
24018,6,15,17,24,28,29,16,2255582139,9,7077975,224,104362,362234554,20/02/2024
24017,4,17,19,20,25,32,4,2249152255,3,10000000,96,336763,408414594,18/02/2024
24016,7,12,20,24,32,33,4,2182164460,136,5166908,87,326142,398150146,06/02/2024
24015,3,8,17,18,20,30,15,2799740697,7,8302983,254,113783,391425990,04/02/2024
24014,1,2,10,22,24,25,13,2771158275,7,8397008,110,270216,369008560,01/02/2024
24013,1,7,10,14,21,25,7,2740765858,14,6178793,149,138448,368057096,30/01/2024
24012,1,3,7,18,22,28,15,2765382313,7,8677481,138,233173,406461312,28/01/2024
24011,8,12,16,20,27,31,6,2729590794,13,5600516,143,68240,382080084,25/01/2024
24010,11,16,20,21,23,24,4,2773122333,4,10000000,73,399825,372460178,23/01/2024
24009,1,4,7,10,17,23,14,2725560627,4,10000000,118,240959,409759128,21/01/2024
24008,8,20,21,23,27,30,13,2680260839,5,9439349,151,183747,390103204,18/01/2024
24007,4,5,6,7,20,22,15,2644219785,5,9552387,178,159845,391831746,16/01/2024
24006,7,18,20,21,26,32,5,2606624464,11,7265119,98,317810,430067550,14/01/2024
24005,5,6,20,23,25,32,3,2593104612,5,10000000,99,333906,407820678,11/01/2024
24004,9,13,17,18,21,27,4,2543934511,9,7037575,163,140630,397770990,09/01/2024
24003,1,5,8,13,32,33,3,2538504530,12,6749071,116,226173,428830208,07/01/2024
24002,4,9,10,17,19,20,9,2540785162,30,5455071,196,87067,402054502,04/01/2024
24001,3,7,16,26,27,32,16,2653241738,7,8203438,164,170915,397951464,02/01/2024
23151,1,15,16,20,25,27,5,2626575547,10,7807583,112,313346,452958034,31/12/2023
23150,10,17,25,26,30,33,5,2599366995,7,8074962,109,246843,411922624,28/12/2023
23149,2,10,19,24,26,33,15,2575173968,4,10000000,134,217847,405361488,26/12/2023
23148,3,5,7,9,19,20,8,2527599376,39,5414501,424,47657,454223900,24/12/2023
23147,5,6,14,16,19,32,12,2678144078,8,7564467,96,267132,432874498,21/12/2023
23146,2,3,6,11,20,32,9,2661725786,9,6968340,172,128743,449833942,19/12/2023
23145,7,10,21,22,23,24,11,2658009357,8,8328480,195,170691,488324570,17/12/2023
23144,12,16,17,22,25,27,8,2624782779,9,6787498,151,133174,461560620,14/12/2023
23143,5,7,9,16,23,30,15,2625542196,32,5793556,187,169744,460243432,12/12/2023
23142,2,8,20,21,27,33,14,2715709193,3,10000000,130,301470,507406422,10/12/2023
23141,1,8,11,12,21,23,3,2628135529,11,7529897,220,158118,493963074,07/12/2023
23140,3,4,11,14,30,31,5,2606606136,12,7033098,123,247938,480392100,05/12/2023
23139,12,14,19,21,27,31,11,2599513870,7,9460351,133,293444,521719600,03/12/2023
23138,3,22,28,30,31,33,4,2548652101,3,10000000,78,473833,492601986,30/11/2023
23137,3,12,17,19,23,27,11,2467775081,6,8591449,213,126459,492348152,28/11/2023
23136,3,5,10,21,22,26,10,2438516168,21,6073140,240,117374,525192790,26/11/2023
23135,5,6,11,13,28,30,7,2481542330,23,5669924,221,87150,486609550,23/11/2023
23134,5,8,9,17,22,33,4,2554169624,28,5894533,232,134951,484355844,21/11/2023
23133,4,5,10,14,22,25,3,2625290582,17,6512569,306,105039,517770956,19/11/2023
23132,3,9,11,15,25,27,1,2639577950,24,6034708,339,91567,474511672,16/11/2023
23131,6,7,14,20,26,32,1,2691287209,7,9257052,140,266065,466031504,14/11/2023
23130,4,10,17,22,23,32,16,2644338946,3,10000000,261,153869,497696868,12/11/2023
23129,8,9,12,17,32,33,4,2553859029,6,9879535,132,277246,473959588,09/11/2023
23128,7,16,20,21,27,33,1,2503346700,7,7837587,178,139488,381237932,07/11/2023
23127,3,8,19,22,26,32,14,2483723142,13,6891253,253,121473,415967168,05/11/2023
23126,10,24,26,28,29,31,16,2481110827,7,8438994,140,214937,394649530,02/11/2023
23125,11,14,15,27,30,33,4,2449910182,3,10000000,104,253325,386307316,31/10/2023
23124,2,3,17,18,25,30,11,2400872645,8,7192295,207,105908,417825112,29/10/2023
23123,10,13,15,22,29,32,15,2392642136,14,6724880,146,206749,385283048,26/10/2023
23122,7,8,14,18,20,30,5,2396234235,9,6889762,104,204421,383794308,24/10/2023
23121,2,12,16,25,30,31,12,2394462620,8,7805455,105,267186,412907242,22/10/2023
23120,3,8,13,24,27,29,8,2372742600,15,6057696,262,75693,382480862,19/10/2023
23119,1,2,3,19,21,28,15,2404112623,4,10000000,76,392351,379869478,17/10/2023
23118,1,2,11,19,25,29,4,2354656592,9,7221722,400,62485,416077564,15/10/2023
23117,2,11,14,17,18,28,8,2344668961,8,6198467,114,105128,382441836,12/10/2023
23116,2,8,9,13,24,27,12,2358302682,10,6501260,238,78847,373229184,10/10/2023
23115,2,7,16,21,26,27,16,2367018008,13,6684992,123,222610,399381218,08/10/2023
23114,7,9,15,16,17,26,9,2371779513,9,6717188,157,123046,370562742,05/10/2023
23113,1,2,13,18,25,27,3,2374279095,9,7108275,101,234832,373161172,28/09/2023
23112,9,12,13,22,24,31,4,2367099281,13,6599921,176,147720,369828352,26/09/2023
23111,5,6,12,17,20,33,9,2374902077,4,10000000,121,208017,404303630,24/09/2023
23110,2,6,20,25,29,33,16,2339391685,6,8972251,70,425598,375580258,21/09/2023
23109,6,8,10,13,16,28,13,2303849540,3,10000000,221,115585,372318810,19/09/2023
23108,1,3,6,8,18,24,9,2257216493,12,6002668,109,137981,414140392,17/09/2023
23107,3,7,18,25,29,33,14,2284128424,6,7890900,194,111761,377747376,14/09/2023
23106,7,9,10,20,22,24,7,2266428564,4,8594088,140,128360,375981944,12/09/2023
23105,1,3,5,26,30,32,16,2246893587,3,10000000,77,404257,405852212,10/09/2023
23104,10,19,23,25,30,31,12,2183510069,2,10000000,76,311447,371735912,07/09/2023
23103,5,6,13,24,25,29,15,2132500020,3,10000000,103,281418,370559376,05/09/2023
23102,1,9,10,13,21,28,10,2075541857,10,6615741,98,206089,408618502,03/09/2023
23101,1,5,9,15,18,26,4,2081108979,4,10000000,164,182582,370629284,31/08/2023
23100,5,6,12,15,23,25,4,2031278380,19,5762908,243,74564,359711540,29/08/2023
23099,9,11,14,19,27,33,5,2086416405,18,6174885,82,322377,390452378,27/08/2023
23098,2,10,11,14,21,27,11,2118259570,13,6522117,266,92986,362199042,24/08/2023
23097,1,9,14,19,29,30,15,2128843885,13,6311615,225,94727,357725994,22/08/2023
23096,8,11,18,26,31,32,15,2146953645,8,7789981,125,223198,387715200,20/08/2023
23095,3,8,16,17,22,26,11,2125574043,22,5751004,342,60387,357870744,17/08/2023
23094,6,10,12,14,30,31,12,2190138271,13,6482678,62,388605,353863692,15/08/2023
23093,10,21,24,25,27,32,7,2202132520,2,10000000,55,500947,382160878,13/08/2023
23092,3,12,24,25,32,33,13,2139476134,6,8563809,98,272740,357345052,10/08/2023
23091,16,20,22,26,30,32,16,2110673283,8,7716754,69,393732,358375594,08/08/2023
23090,1,2,9,26,30,31,7,2090904684,4,9305795,97,221948,384947064,06/08/2023
23089,8,13,15,27,28,31,11,2063540939,18,5770016,122,142011,354904960,03/08/2023
23088,1,14,18,26,31,33,5,2115425117,11,6088495,98,152722,350096092,01/08/2023
23087,2,9,15,17,28,33,1,2137498144,9,7457024,158,174946,381153750,30/07/2023
23086,8,9,10,22,26,32,12,2121686796,11,6685067,185,125241,357436118,27/07/2023
23085,11,18,23,24,31,33,13,2125713507,6,8156360,97,244048,356240472,25/07/2023
23084,9,13,14,17,19,27,3,2103633553,5,9140598,99,261401,386580634,23/07/2023
23083,7,10,12,16,17,30,12,2071700320,5,7947836,141,130666,360195880,20/07/2023
23082,4,18,19,24,27,30,16,2056167572,13,6130757,144,127602,355121956,18/07/2023
23081,1,11,15,16,22,31,15,2080743000,6,8525084,53,498832,387109286,16/07/2023
23080,1,2,4,9,25,31,8,2052579114,9,7025698,66,345289,363086950,13/07/2023
23079,5,6,9,12,21,22,7,2047443072,44,5140313,219,35238,352893610,11/07/2023
23078,6,8,14,19,30,31,8,2250465082,22,5429023,134,88045,376825490,09/07/2023
23077,7,9,14,22,26,27,1,2334509163,8,7356811,232,101586,351174612,06/07/2023
23076,3,4,15,18,19,22,9,2322659300,8,7228807,92,242261,349981630,04/07/2023
23075,13,15,24,28,30,31,1,2313625531,9,6942068,107,204189,382962350,02/07/2023
23074,2,8,9,18,19,21,3,2310559345,4,9084632,228,89575,358471886,29/06/2023
23073,1,3,15,16,25,32,10,2285628386,5,8830568,64,374078,360075550,27/06/2023
23072,2,6,10,24,25,33,9,2257958066,7,6644229,197,73030,390203400,25/06/2023
23071,5,12,15,19,24,26,6,2261306658,16,5979075,127,154185,335357710,22/06/2023
23070,3,5,25,31,32,33,4,2298227329,0,0,110,248023,358436376,20/06/2023
23069,12,14,17,20,21,26,2,2216379497,6,9116836,129,239350,396617204,18/06/2023
23068,11,12,15,18,29,33,2,2178451698,1,10000000,96,295623,370869162,15/06/2023
23067,1,3,12,19,28,32,14,2103312244,5,9921068,220,139803,364444632,13/06/2023
23066,2,7,8,10,26,31,6,2060647554,18,5976728,175,125579,393592226,11/06/2023
23065,2,14,17,20,26,33,14,2102299471,8,7757758,128,215449,364732942,08/06/2023
23064,1,7,11,12,16,18,4,2081628784,19,5891656,252,84035,358055754,06/06/2023
23063,4,8,17,20,22,27,13,2130039756,4,10000000,172,167578,390718820,04/06/2023
23062,11,19,23,24,26,33,15,2083569496,1,10000000,100,302739,359921314,01/06/2023
23061,1,4,6,11,12,22,15,2002747701,3,10000000,163,169551,365432766,30/05/2023
23060,9,11,17,19,30,31,11,1949837133,6,8459942,108,240273,402713176,28/05/2023
23059,2,6,13,22,27,32,6,1922748082,30,5520970,184,106176,374631364,25/05/2023
23058,10,17,22,26,30,33,11,2029768036,2,9936554,76,162386,372662796,23/05/2023
23057,2,5,10,17,24,32,3,2012616989,21,5868194,202,112822,396913794,21/05/2023
23056,8,14,15,18,23,33,8,2067478767,10,6477200,91,202912,372532958,18/05/2023
23055,3,4,20,23,27,32,13,2076855754,1,10000000,66,376109,370786668,16/05/2023
23054,5,6,9,10,15,26,12,2012386157,8,7183225,610,35790,394464450,14/05/2023
23053,1,7,14,20,27,30,15,2004355202,10,7019136,420,60093,364282626,11/05/2023
23052,3,4,5,8,12,17,6,1998828962,16,5845032,179,94417,358038114,09/05/2023
23051,22,26,29,30,32,33,14,2041647521,2,10000000,95,302734,388332454,07/05/2023
23050,2,7,9,14,22,23,5,1975368056,5,7819387,115,153227,359185180,04/05/2023
23049,5,7,14,23,25,27,2,1961601481,6,7565507,170,113184,328857030,02/05/2023
23048,2,3,10,24,28,30,8,1949270613,16,5884125,158,111914,362109840,30/04/2023
23047,5,7,14,23,31,33,7,1990369107,8,5105543,123,8580,373486114,27/04/2023
23046,6,8,17,25,26,28,3,2028047147,4,9222467,121,174482,364967218,25/04/2023
23045,3,6,12,21,27,28,4,2001600001,14,6523427,240,111083,398638950,23/04/2023
23044,2,8,15,22,24,26,16,2012948026,8,7544791,99,257049,375494004,20/04/2023
23043,5,8,12,20,24,28,10,1996962618,19,5909465,228,94736,370609676,18/04/2023
23042,10,17,20,23,27,30,10,2044443036,10,6650718,224,92116,406450374,16/04/2023
23041,1,6,12,13,15,24,6,2049048265,3,10000000,118,203861,379030400,13/04/2023
23040,9,16,17,24,29,31,8,2006881397,5,9001506,165,151572,372777348,11/04/2023
23039,2,3,9,13,19,28,9,1976860679,5,8903432,191,127730,409186858,09/04/2023
23038,2,9,14,17,31,33,8,1948188487,11,6553875,135,158265,368841578,06/04/2023
23037,8,23,25,26,29,31,12,1956183761,16,5978413,115,170158,357460864,04/04/2023
23036,13,14,18,19,24,30,9,1993133574,24,5566068,271,62664,402105258,02/04/2023
23035,1,4,9,10,20,33,6,2075773039,10,6874671,100,234333,376157550,30/03/2023
23034,2,3,9,11,12,17,15,2074219579,5,9140109,146,177230,371464196,28/03/2023
23033,8,9,13,23,24,26,5,2042293077,5,9565190,240,118885,407044870,26/03/2023
23032,6,19,20,26,28,33,1,2004521709,15,6158718,142,152999,378271328,23/03/2023
23031,7,14,27,29,31,33,5,2031724589,3,10000000,309,83076,377795536,21/03/2023
23030,2,3,7,16,30,31,6,1984712961,7,7680189,78,300662,407635670,19/03/2023
23029,3,7,12,24,28,33,8,1968119308,5,8837568,173,138640,373970632,16/03/2023
23028,5,7,10,17,20,22,14,1940352740,4,10000000,151,205758,378131048,14/03/2023
23027,8,10,22,27,32,33,8,1887143965,5,8409682,88,242164,405939502,12/03/2023
23026,1,18,26,30,31,33,3,1865260832,12,6934784,98,296140,382398740,09/03/2023
23025,4,16,20,21,31,32,14,1861412948,10,6974384,118,209150,383537242,07/03/2023
23024,3,6,9,17,27,28,3,1857117376,21,5993974,487,53576,424465912,05/03/2023
23023,5,8,10,15,24,25,9,1904715322,41,5000000,258,6000,394377912,02/03/2023
23022,10,11,18,19,23,31,3,2109715322,1,10000000,112,229101,393991274,28/02/2023
23021,2,5,6,19,21,27,4,2042737116,21,6115562,186,157438,430229092,26/02/2023
23020,1,12,17,18,26,27,5,2083313411,2,10000000,92,284500,394774502,23/02/2023
23019,6,12,26,28,29,32,15,2024791190,7,8309157,110,263228,399695170,21/02/2023
23018,10,12,17,19,25,31,13,1996089903,1,10000000,380,81771,428078014,19/02/2023
23017,5,11,18,20,26,28,12,1912869860,6,8173990,195,122076,385010210,16/02/2023
23016,14,16,19,23,28,30,3,1890499018,2,10000000,79,296038,363237418,14/02/2023
23015,2,3,14,21,29,32,8,1840337997,10,6277056,195,81862,392727530,12/02/2023
23014,6,7,18,23,27,30,5,1855218930,5,8496068,147,148642,354854954,09/02/2023
23013,6,10,14,22,23,33,13,1832147989,2,10000000,81,313059,351959204,07/02/2023
23012,3,4,7,22,26,30,6,1776074467,14,6444594,270,93631,377681908,05/02/2023
23011,6,7,16,17,21,22,4,1790457577,13,6177691,252,75942,344777252,02/02/2023
23010,4,5,13,18,27,29,12,1813355120,8,6879623,220,85437,335698884,31/01/2023
23009,3,4,19,23,30,32,6,1812003410,2,10000000,225,116912,370445322,29/01/2023
23008,5,13,18,20,26,28,6,1753087580,9,7109708,146,162563,367864780,17/01/2023
23007,5,6,9,22,25,31,3,1745872298,3,10000000,160,134413,357680590,15/01/2023
23006,2,10,12,14,24,26,5,1711353726,13,6407426,109,209822,341187596,12/01/2023
23005,2,6,8,13,14,19,16,1726038229,2,10000000,153,163847,331127174,10/01/2023
23004,1,7,15,16,20,25,16,1670832253,8,7480475,166,149426,362777504,08/01/2023
23003,5,8,18,25,30,32,6,1656261800,8,7009723,112,179439,332514694,05/01/2023
23002,2,6,10,16,18,22,13,1652047889,6,8064366,164,140138,317440920,03/01/2023
23001,9,16,18,22,28,32,2,1631485850,7,7738461,135,177492,349018800,01/01/2023
22150,1,7,11,12,22,28,5,1613770461,9,6598391,203,88580,322732470,29/12/2022
22149,2,22,26,29,32,33,14,1619210281,7,8014411,94,280596,305443962,27/12/2022
22148,2,15,16,17,21,31,14,1596182866,9,7166343,72,338491,328466772,25/12/2022
22147,2,3,7,13,20,30,10,1587565859,17,5619498,148,88948,308727648,22/12/2022
22146,6,7,13,18,26,31,6,1643604313,9,6501941,391,43214,319241960,20/12/2022
22145,3,21,25,30,31,33,11,1651431252,4,10000000,68,373743,366333090,18/12/2022
22144,7,20,22,23,31,32,5,1615187506,11,6900814,65,402095,400859910,15/12/2022
22143,7,8,13,29,30,33,3,1612687877,15,6243187,149,156441,397641696,13/12/2022
22142,1,3,13,16,21,27,3,1636406391,12,5674258,122,82900,440572602,11/12/2022
22141,5,12,13,17,20,27,14,1674155872,21,6324820,135,257603,415110854,08/12/2022
22140,8,9,18,19,20,27,15,1702647485,19,5889308,673,31383,397499610,06/12/2022
22139,6,7,9,16,17,19,14,1751181135,12,7006326,443,67934,421220444,04/12/2022
22138,2,14,19,21,25,28,11,1744972360,2,10000000,67,341021,382295872,01/12/2022
22137,8,21,23,27,28,33,1,1696427005,8,7627191,160,164199,380398430,29/11/2022
22136,8,10,14,15,18,22,8,1678628784,19,5761544,122,148251,412826960,27/11/2022
22135,9,11,13,24,28,32,6,1733838061,12,6964835,143,206101,402652460,24/11/2022
22134,1,5,14,17,24,31,14,1728998506,10,7386723,90,331489,404859714,22/11/2022
22133,5,8,16,17,21,25,12,1713363599,11,7308534,241,131711,457083562,20/11/2022
22132,1,3,18,26,32,33,4,1698530418,4,10000000,88,370814,439981994,17/11/2022
22131,3,5,10,13,19,29,6,1640635486,19,5876981,251,82981,425292626,15/11/2022
22130,2,8,15,17,26,28,12,1689813201,50,5228012,542,26293,446023212,13/11/2022
22129,10,12,14,22,24,27,7,1908461423,7,7828409,102,242633,430007836,10/11/2022
22128,3,12,18,24,27,29,1,1889014542,11,7471238,210,161807,420999886,08/11/2022
22127,3,4,9,10,29,33,13,1869259580,5,10000000,178,210151,455409958,06/11/2022
22126,1,13,15,17,26,33,13,1807038683,6,9507372,151,223876,436137344,03/11/2022
22125,2,3,7,12,20,31,16,1762667038,7,7965155,231,112316,429659904,01/11/2022
22124,5,10,13,18,24,26,1,1740587803,4,10000000,124,234571,383396494,30/10/2022
22123,10,13,16,20,21,25,5,1693327054,8,7557633,637,40151,360850820,27/10/2022
22122,6,8,17,19,24,28,5,1677059125,26,5519812,214,78943,350001646,25/10/2022
22121,12,17,22,27,30,31,2,1769892531,8,8069743,102,300955,380066114,23/10/2022
22120,2,15,19,26,27,29,2,1742358177,43,5486128,288,90727,355500194,20/10/2022
22119,2,5,15,18,26,27,4,1899873541,12,6494901,309,72568,341495720,18/10/2022
22118,2,6,7,11,14,33,8,1910541782,5,7499223,173,90289,374309728,16/10/2022
22117,4,13,17,18,28,29,6,1901177457,11,6083031,166,89708,345578024,13/10/2022
22116,8,14,26,27,30,33,1,1923415752,1,10000000,93,300121,337975208,11/10/2022
22115,6,7,18,20,27,29,9,1849681926,33,5308918,169,75401,359461828,09/10/2022
22114,1,5,15,19,26,29,13,1986647604,12,6667026,241,103756,347069064,06/10/2022
22113,13,14,20,24,27,29,2,1991635746,2,10000000,84,294642,363604180,29/09/2022
22112,3,5,8,17,25,31,1,1937385782,5,9412037,169,163167,348893862,27/09/2022
22111,2,10,11,13,28,31,1,1901720272,3,10000000,160,198653,385923798,25/09/2022
22110,9,13,15,18,20,28,15,1836366779,7,8127543,237,115468,352346658,22/09/2022
22109,4,11,13,19,22,33,11,1811161575,5,8345394,78,268060,349805376,20/09/2022
22108,1,7,13,17,18,31,15,1790162397,13,6708669,269,103218,379260702,18/09/2022
22107,3,9,11,15,19,28,16,1794077479,9,6545730,139,125104,342747048,15/09/2022
22106,17,20,22,23,24,31,1,1800820638,3,10000000,50,555486,336123528,13/09/2022
22105,6,12,13,15,21,23,15,1747497631,4,10000000,85,325048,357410590,11/09/2022
22104,1,8,19,25,26,31,1,1704610228,18,5821410,214,86363,337087306,08/09/2022
22103,6,9,12,14,20,28,10,1753950406,12,6266348,146,130104,331343836,06/09/2022
22102,9,10,12,18,29,32,14,1772160912,6,8618279,137,198080,360805992,04/09/2022
22101,4,16,18,19,27,28,4,1742459306,34,5458579,134,145444,342584116,01/09/2022
22100,2,6,7,15,20,21,15,1869582122,11,6875089,106,243230,338953236,30/08/2022
22099,1,11,23,24,26,32,15,1867860655,8,7480623,256,96899,368635154,28/08/2022
22098,2,3,4,6,21,33,5,1853286941,14,6203690,34,619546,339839938,25/08/2022
22097,4,5,10,13,30,31,14,1876944863,3,10000000,65,421826,339168020,23/08/2022
22096,3,16,17,19,25,33,7,1824688735,50,5337053,94,224104,374401638,21/08/2022
22095,4,13,14,18,20,28,8,2028343930,7,7040114,71,251422,339954958,18/08/2022
22094,6,11,13,16,19,31,2,2024071723,3,10000000,186,111576,333751422,16/08/2022
22093,21,22,24,28,29,32,14,1991811868,2,10000000,58,481689,363673578,14/08/2022
22092,7,10,16,20,21,27,11,1927997908,20,5805294,245,82172,337222664,11/08/2022
22091,8,18,20,22,24,28,10,1983706692,8,6721485,244,70552,335981918,09/08/2022
22090,1,4,25,27,29,30,7,1985834009,7,5764881,98,68292,365943774,07/08/2022
22089,2,7,15,29,31,33,15,2006110048,3,10000000,90,244825,342434670,04/08/2022
22088,3,9,15,17,20,22,6,1970007210,20,5577161,168,85887,340253450,02/08/2022
22087,5,6,9,13,23,25,8,2038263308,6,6065849,129,61967,370042706,31/07/2022
22086,1,4,8,21,23,24,11,2050676797,8,7234563,61,366321,345421240,28/07/2022
22085,7,9,14,31,32,33,13,2041516396,12,6387330,112,185803,341538762,26/07/2022
22084,3,18,23,24,25,32,9,2055734480,5,7928087,97,188665,368808592,24/07/2022
22083,8,12,13,14,19,20,5,2040473284,13,6173323,258,73901,347550570,21/07/2022
22082,4,10,11,23,30,32,14,2063526963,3,10000000,79,316091,347371994,19/07/2022
22081,4,8,11,21,27,30,1,2018613381,5,9188488,186,140742,373064250,17/07/2022
22080,5,12,15,17,18,27,4,1986021667,9,6967330,129,171569,342797508,14/07/2022
22079,1,9,15,17,22,23,16,1982330237,2,10000000,68,408297,341273762,12/07/2022
22078,1,4,5,15,17,31,9,1919037561,6,7387658,69,259528,366650644,10/07/2022
22077,3,17,18,19,20,27,16,1909641199,14,6273517,186,119820,345118818,07/07/2022
22076,8,9,10,13,24,29,2,1930610784,14,6399054,142,172418,342718328,05/07/2022
22075,1,2,4,25,26,30,10,1946747172,6,7912531,78,280051,379959636,03/07/2022
22074,5,7,15,19,29,33,15,1928690407,6,8413181,131,195411,354915638,30/06/2022
22073,6,10,14,15,26,29,12,1902372906,6,8211585,141,170828,352213628,28/06/2022
22072,5,14,15,16,18,32,12,1879381753,7,7505272,95,230748,385506202,26/06/2022
22071,4,7,15,18,29,33,1,1866155263,8,7659663,141,188628,354289328,23/06/2022
22070,4,6,9,27,28,33,2,1847642672,9,7137010,226,106377,356598990,21/06/2022
22069,6,7,13,19,26,29,8,1839751672,20,5516327,216,59760,380359658,19/06/2022
22068,7,12,15,24,26,29,6,1911353650,7,7414434,170,124272,354071622,16/06/2022
22067,1,5,13,21,26,29,15,1899875782,10,6787147,147,151968,347891686,14/06/2022
22066,6,11,14,20,27,30,9,1900729226,33,5152928,281,22449,370987262,12/06/2022
22065,9,14,18,23,28,31,2,2051850948,4,9202821,143,146951,348395414,09/06/2022
22064,4,6,12,13,17,31,16,2025619908,12,6498426,81,277486,340689068,07/06/2022
22063,6,8,9,17,22,31,11,2036171824,20,5417818,181,57709,360023818,05/06/2022
22062,16,18,20,21,23,33,5,2113191829,5,8563331,69,322765,329515310,02/06/2022
22061,1,3,16,18,29,33,6,2089196019,3,10000000,64,389348,331252342,31/05/2022
22060,16,18,19,24,28,32,1,2044441141,3,10000000,80,370919,361140396,29/05/2022
22059,6,9,18,19,29,33,6,1985420373,20,5714126,216,82653,340378840,26/05/2022
22058,6,13,14,23,31,33,1,2046143432,10,6841671,126,182705,336926030,24/05/2022
22057,12,15,20,26,30,33,16,2045497453,3,10000000,78,304574,378857894,22/05/2022
22056,1,6,11,14,17,26,15,2004226992,6,8799261,162,175891,352329270,19/05/2022
22055,2,4,9,26,28,33,3,1971539174,4,9562440,77,296262,350153658,17/05/2022
22054,8,12,21,27,28,33,11,1941352325,21,5000000,92,6000,391678014,15/05/2022
22053,10,14,18,23,27,33,15,2046352325,4,10000000,81,366853,356510652,12/05/2022
22052,7,24,27,29,31,32,15,1997206997,4,10000000,61,467706,359187786,10/05/2022
22051,2,5,11,17,21,33,1,1951616776,5,9343551,114,238133,389679034,08/05/2022
22050,3,5,8,14,27,33,8,1916892944,16,6080345,141,153240,363371278,05/05/2022
22049,2,4,7,18,25,26,10,1949357745,0,0,127,175848,337463590,03/05/2022
22048,5,7,17,20,26,31,14,1882359418,4,10000000,180,165454,357972850,01/05/2022
22047,3,7,8,14,27,30,9,1833014021,21,5625122,128,128199,360230056,28/04/2022
22046,2,11,24,25,27,30,14,1901913181,9,7489274,132,212154,358743356,26/04/2022
22045,3,12,17,18,19,28,4,1885303642,7,7472273,182,118859,389120778,24/04/2022
22044,1,7,8,21,23,29,6,1872712376,11,6476085,123,165009,362459788,21/04/2022
22043,2,17,20,23,25,27,8,1883060805,9,6718875,54,358098,350215018,19/04/2022
22042,5,10,11,21,22,30,13,1885518647,10,7059021,175,147072,376726628,17/04/2022
22041,5,7,21,22,24,29,14,1878895566,4,10000000,57,504454,348280000,14/04/2022
22040,3,12,14,16,31,33,12,1832633915,15,5830283,119,130821,343211044,12/04/2022
22039,2,6,7,10,15,20,5,1873384741,5,9112790,177,145225,375104494,10/04/2022
22038,9,12,13,16,24,32,4,1841833878,5,8932134,67,366803,348860576,07/04/2022
22037,1,10,13,20,22,32,14,1812767035,3,10000000,74,372366,332623306,05/04/2022
22036,2,3,14,16,26,31,2,1760101650,7,8039081,110,241745,362126634,03/04/2022
22035,8,12,13,19,23,25,15,1736599330,8,7126487,169,125827,353577746,31/03/2022
22034,14,17,26,31,32,33,10,1729816605,9,7033420,49,466856,361289854,29/03/2022
22033,5,12,19,22,25,26,5,1724489453,11,6853773,192,132757,392018786,27/03/2022
22032,4,10,11,14,23,32,7,1723412804,7,8228322,54,523107,365937174,24/03/2022
22031,1,10,11,22,26,32,7,1696267600,28,5507246,296,59978,353060708,22/03/2022
22030,12,23,24,26,27,30,5,1797209652,18,5942310,55,385490,376910184,20/03/2022
22029,3,8,10,13,26,32,8,1840565291,10,6314985,105,156545,354275468,17/03/2022
22028,5,11,20,22,23,29,9,1854403191,9,6991710,330,67899,359741624,15/03/2022
22027,14,15,18,19,26,32,9,1850108360,3,10000000,74,270324,407429120,13/03/2022
22026,3,4,10,15,22,24,2,1820096321,10,7519808,129,244167,390646552,10/03/2022
22025,6,19,24,25,28,32,4,1800801596,1,10000000,98,261907,380028752,08/03/2022
22024,7,9,10,14,19,24,15,1733800692,2,10000000,154,187504,412478136,06/03/2022
22023,7,12,17,19,24,25,2,1667173674,9,7444170,98,280580,386299738,03/03/2022
22022,1,7,11,15,17,19,6,1651680455,9,6751389,162,121624,374172850,01/03/2022
22021,3,7,22,24,26,31,14,1653333569,16,6650843,74,446173,413793268,27/02/2022
22020,9,11,14,22,30,32,1,1660696455,1,10000000,52,533809,376104336,24/02/2022
22019,5,6,14,20,21,25,8,1587422145,13,6113016,123,147044,374092592,22/02/2022
22018,7,11,16,17,30,32,16,1612631799,2,10000000,178,169901,392699896,20/02/2022
22017,6,9,24,29,30,32,7,1541904440,5,8716688,162,143390,367332144,17/02/2022
22016,5,10,19,20,29,31,14,1515799969,15,6190322,336,66424,370604868,15/02/2022
22015,6,14,16,27,28,31,7,1541699154,9,6685876,95,199643,387014176,13/02/2022
22014,6,7,13,14,15,27,4,1544973715,7,7794467,469,52135,353937416,10/02/2022
22013,2,3,4,7,10,18,15,1526180218,2,10000000,133,221005,376000418,08/02/2022
22012,4,7,8,29,30,31,1,1457999052,9,7305724,193,134401,432967098,27/01/2022
22011,6,15,23,24,25,33,15,1445932371,4,10000000,125,239630,379627650,25/01/2022
22010,12,18,19,20,21,32,15,1396071026,7,7878499,139,181200,403819420,23/01/2022
22009,4,15,17,19,25,28,16,1375659920,1,10000000,266,112827,381172430,20/01/2022
22008,2,3,7,9,20,21,13,1295623770,3,10000000,132,179611,377713752,18/01/2022
22007,1,20,22,23,25,28,16,1254497537,3,10000000,81,459735,417998504,16/01/2022
22006,3,6,9,15,22,31,2,1172781808,7,7682542,173,135677,389820756,13/01/2022
22005,7,10,12,16,19,31,16,1156142875,2,10000000,74,379503,388503758,11/01/2022
22004,5,19,24,28,30,32,14,1091893203,9,6141105,62,207055,441401912,09/01/2022
22003,2,5,16,17,18,30,6,1108650848,7,7708412,181,130931,410382612,06/01/2022
22002,2,12,21,23,25,31,8,1091513907,9,7295582,134,192726,408646714,04/01/2022
22001,6,13,15,17,20,21,3,1079698248,4,10000000,83,389050,447434510,02/01/2022
21150,9,14,20,21,24,26,4,1022824601,37,5660828,239,127879,456402254,30/12/2021
21149,5,10,15,18,19,32,5,1140585301,8,7864325,103,278089,425925826,28/12/2021
21148,10,12,15,17,19,20,8,1117570138,8,7622855,175,149877,459686850,26/12/2021
21147,5,10,11,13,27,28,9,1099867308,13,6608176,194,134705,457370132,23/12/2021
21146,7,9,21,22,26,32,3,1107375000,6,9424198,103,322150,480619582,21/12/2021
21145,4,7,10,14,16,26,9,1064375720,10,7832457,159,222677,517254362,19/12/2021
21144,2,5,13,15,23,26,7,1036483149,5,9315997,172,156831,483556078,16/12/2021
21143,1,9,11,13,20,29,9,1002138181,41,5571480,158,185369,475857912,14/12/2021
21142,4,7,17,19,20,24,16,1142703731,8,8791842,227,167041,509166454,12/12/2021
21141,1,14,19,23,26,30,10,1099283201,7,8542650,132,234834,483132724,09/12/2021
21140,5,10,16,26,27,33,1,1066087178,20,6366303,694,49218,479975520,07/12/2021
21139,12,14,19,23,24,27,1,1090940461,14,7490724,193,225842,531219172,05/12/2021
21138,11,14,15,16,27,32,9,1065047563,20,5685347,123,139298,486491502,02/12/2021
21137,3,7,10,14,21,24,1,1127353431,19,6420588,274,123134,474456734,30/11/2021
21136,2,6,9,15,19,28,16,1148127692,10,7908192,319,113957,517068910,28/11/2021
21135,3,10,17,19,21,31,4,1118152404,1,10000000,124,303985,486663630,25/11/2021
21134,1,2,16,19,25,31,8,1015069784,11,7491866,109,314340,472467398,23/11/2021
21133,1,3,12,19,27,31,10,994690824,12,7465121,171,216238,511607016,21/11/2021
21132,1,4,6,14,20,28,8,973341811,6,7775391,171,121727,490071244,18/11/2021
21131,8,11,18,19,20,24,1,957547844,6,9453797,116,287961,465860738,16/11/2021
21130,8,9,15,24,26,30,6,914060182,12,6336861,155,129373,398037824,14/11/2021
21129,4,15,21,27,28,29,10,929943762,5,7512285,139,112962,365299936,11/11/2021
21128,5,17,20,21,23,33,4,920399839,3,10000000,66,369015,349441520,09/11/2021
21127,7,15,16,20,27,29,7,877334837,10,6816913,96,236577,365976552,07/11/2021
21126,19,20,23,27,28,31,1,877369730,6,8689696,90,307474,358964852,04/11/2021
21125,14,19,20,23,24,31,9,846489745,4,8898474,84,232052,354978672,02/11/2021
21124,1,3,18,22,29,32,2,823606529,8,7956250,117,252670,394848530,31/10/2021
21123,6,14,15,19,29,31,5,798569016,6,8473913,207,125866,366471258,28/10/2021
21122,4,5,12,15,18,28,7,771249437,5,8231591,91,221949,360872924,26/10/2021
21121,4,5,12,16,22,30,15,751815051,7,7721874,205,116177,390361524,24/10/2021
21120,1,7,8,12,13,18,5,734418962,40,5268563,496,27072,355518696,21/10/2021
21119,3,9,10,11,28,29,13,904876996,15,6354639,356,71346,356935346,19/10/2021
21118,2,6,14,18,20,31,13,923998119,6,8460209,126,205964,386079710,17/10/2021
21117,3,5,17,21,27,33,4,896904658,10,6782803,101,220644,358589610,14/10/2021
21116,6,14,17,18,31,33,6,897877549,3,10000000,46,552161,355338790,12/10/2021
21115,2,10,12,15,24,27,8,851679247,5,7857682,100,178605,380172848,10/10/2021
21114,4,6,8,14,24,27,2,837386111,3,10000000,177,158159,337378334,07/10/2021
21113,4,7,10,22,27,30,2,783403562,12,6380290,231,89629,293434838,05/10/2021
21112,5,6,21,25,28,33,7,797853981,22,5394421,229,47364,370338224,30/09/2021
21111,17,20,22,23,26,28,6,883991506,3,10000000,96,219919,358360092,28/09/2021
21110,10,13,15,24,31,32,2,850654756,5,9736534,246,120338,394569218,26/09/2021
21109,2,3,10,17,20,26,16,810527410,4,9492827,132,170182,366715360,23/09/2021
21108,11,15,18,24,26,32,9,781106313,5,8478207,118,184227,339998838,21/09/2021
21107,2,3,17,19,25,30,1,758280964,7,7867703,151,166174,367139964,19/09/2021
21106,1,4,7,14,30,31,3,738077667,7,8130452,150,182609,364122996,16/09/2021
21105,10,14,15,22,27,32,9,712816451,9,6993977,174,128920,357292170,14/09/2021
21104,1,7,17,20,22,28,15,708465505,6,9475659,101,332350,397369092,12/09/2021
21103,10,13,15,25,29,30,15,664617126,2,10000000,122,233872,369736978,09/09/2021
21102,5,9,15,24,27,30,9,599019763,34,5285653,236,51441,357853464,07/09/2021
21101,2,4,12,22,29,31,1,742311198,6,8682830,107,258142,393612094,05/09/2021
21100,7,9,12,13,14,29,16,711544497,8,7583366,170,151962,364068238,02/09/2021
21099,9,11,17,18,20,27,15,694710436,7,7942916,278,92627,353159630,31/08/2021
21098,1,10,13,18,26,32,5,673059288,4,10000000,141,178834,390403928,29/08/2021
21097,3,11,12,13,25,28,12,637412452,45,5323421,359,50675,355020594,26/08/2021
21096,1,7,11,14,15,26,11,822388985,13,5640531,91,114380,349161898,24/08/2021
21095,8,12,17,24,27,28,13,864489999,4,10000000,140,201541,384516464,22/08/2021
21094,9,11,24,25,28,33,15,819842497,1,10000000,101,273512,353340702,19/08/2021
21093,5,11,15,23,28,33,3,746968208,5,8646623,229,99525,346398722,17/08/2021
21092,2,7,8,10,12,31,3,721827132,4,9066769,154,132037,382276564,15/08/2021
21091,4,6,16,24,26,33,16,697092670,4,10000000,102,258058,352636492,12/08/2021
21090,5,6,12,14,27,28,8,658126685,19,5534608,199,63803,340567382,10/08/2021
21089,1,2,7,13,23,24,12,725193394,51,5338932,659,32787,378094626,08/08/2021
21088,4,12,15,16,19,26,6,932658139,7,7133062,165,113116,339080722,05/08/2021
21087,2,13,16,19,23,24,4,926596691,10,6520555,219,86789,335386836,03/08/2021
21086,6,8,10,14,28,29,1,934781421,1,10000000,123,214082,363965626,01/08/2021
21085,5,6,7,11,14,20,2,865785162,4,9473926,189,118357,343883552,29/07/2021
21084,5,7,9,11,21,28,1,836571971,21,5814345,182,117453,338765612,27/07/2021
21083,4,9,11,25,28,33,4,894543509,25,5173874,276,19686,367542044,25/07/2021
21082,3,6,11,13,26,32,5,1007589655,7,7348639,161,127643,344368726,22/07/2021
21081,1,3,5,18,22,23,1,997378346,4,10000000,135,207725,344437194,20/07/2021
21080,5,8,22,23,24,29,9,953249373,12,6122048,119,141434,376533622,18/07/2021
21079,1,3,10,24,28,29,13,976221781,8,7301888,95,242304,345574370,15/07/2021
21078,4,6,15,26,27,31,12,965580237,6,7800858,132,159139,341551308,13/07/2021
21077,8,15,17,25,27,30,10,949366069,13,6434628,112,208149,377616968,11/07/2021
21076,3,9,21,23,30,32,6,963078086,4,7982765,87,171423,347734992,08/07/2021
21075,12,15,16,21,22,29,1,950267665,2,10000000,55,435092,347517338,06/07/2021
21074,4,5,9,14,25,27,7,898477373,14,5822076,163,88259,382266836,04/07/2021
21073,1,6,18,22,24,25,8,936827442,4,9536636,83,273291,353932932,01/07/2021
21072,1,9,15,16,19,21,15,906924437,3,10000000,105,275206,351515940,29/06/2021
21071,1,7,24,31,32,33,8,850234438,6,7393944,75,239394,384399388,27/06/2021
21070,1,5,11,15,16,29,15,840734349,6,8972728,179,166455,356032100,24/06/2021
21069,6,11,18,20,23,26,5,805184330,5,8297648,130,158540,348547620,22/06/2021
21068,4,14,18,24,31,32,15,784841657,7,8662562,232,138135,381950996,20/06/2021
21067,1,11,19,23,25,29,9,749337326,6,7464865,61,303057,352986918,17/06/2021
21066,2,6,19,26,30,33,15,738667046,14,6436433,145,173362,343529368,15/06/2021
21065,1,4,8,19,29,33,16,753364365,3,10000000,82,384177,362527724,13/06/2021
21064,4,6,8,15,16,18,16,688856687,4,10000000,112,242377,353338262,10/06/2021
21063,4,5,6,9,23,24,9,647417696,16,5000000,106,6000,370142008,08/06/2021
21062,12,13,15,20,22,25,10,727417696,6,8804175,67,425840,405763536,06/06/2021
21061,4,9,12,18,20,23,1,694648802,4,10000000,127,237150,376779952,03/06/2021
21060,10,11,17,20,29,30,15,644294438,6,8356965,163,154461,365484344,01/06/2021
21059,1,9,11,18,32,33,14,618904511,1,10000000,91,397078,407754588,30/05/2021
21058,9,11,13,18,19,28,14,520502015,5,9893453,96,318584,382666074,27/05/2021
21057,5,6,9,17,25,33,16,478217025,6,8882850,179,162689,379559152,25/05/2021
21056,8,21,22,23,29,32,1,444149990,10,7488306,215,144669,410076324,23/05/2021
21055,3,11,12,16,22,28,10,425721551,29,5553793,206,97451,376647950,20/05/2021
21054,7,13,21,22,24,31,2,526556537,4,10000000,83,374991,371689954,18/05/2021
21053,7,10,14,16,24,33,16,473183576,3,10000000,84,355480,398009388,16/05/2021
21052,3,4,6,19,21,30,14,413602410,1,10000000,171,171643,376039676,13/05/2021
21051,8,9,10,19,27,29,15,335549357,10,6796944,309,72691,377624458,11/05/2021
21050,2,9,10,16,25,28,8,336133387,22,5598001,248,66310,403433980,09/05/2021
21049,4,11,13,22,25,32,1,409954275,4,10000000,78,440233,375111072,06/05/2021
21048,4,15,17,22,29,32,3,346939552,2,10000000,64,394580,339198590,04/05/2021
21047,3,7,13,16,24,29,1,291180168,5,9419460,231,119574,367123752,02/05/2021
21046,5,9,13,21,28,33,6,255412592,24,5735971,122,180976,377425810,29/04/2021
21045,1,4,14,15,17,32,2,326838472,6,8717208,86,324175,377279966,27/04/2021
21044,5,7,14,17,26,28,13,295504539,5,10000000,160,213373,418973684,25/04/2021
21043,2,3,17,18,23,24,1,243085282,3,10000000,93,331233,389948810,22/04/2021
21042,5,9,10,22,25,27,8,180671046,26,5498446,275,58907,382918124,20/04/2021
21041,2,9,18,23,26,32,14,275032108,54,5307817,367,56614,415676146,18/04/2021
21040,2,6,7,24,28,29,16,499321280,6,8652104,238,115087,385858982,15/04/2021
21039,2,8,21,24,29,31,13,469061553,7,7814665,105,234555,377513042,13/04/2021
21038,5,7,9,16,18,27,6,449879238,32,5502610,539,37299,401665288,11/04/2021
21037,13,17,19,24,26,30,12,565649555,7,7856624,104,240340,374416372,08/04/2021
21036,1,2,6,11,21,26,11,545659537,12,6690644,137,185107,365524430,06/04/2021
21035,12,14,18,20,26,28,11,549868285,7,7844638,153,162683,382205894,04/04/2021
21034,4,10,12,18,23,25,1,530109002,5,8852481,155,155342,377894218,01/04/2021
21033,2,12,13,14,31,33,6,502137377,7,8001905,98,268027,378842354,30/03/2021
21032,1,5,8,15,16,30,3,479350693,12,6977206,187,158599,421020572,28/03/2021
21031,6,11,21,25,28,31,7,474102879,12,5950364,166,85876,389664660,25/03/2021
21030,8,9,13,27,29,31,5,502740835,7,8232900,143,197817,388490602,23/03/2021
21029,8,10,15,17,22,30,12,475507497,17,5716335,234,65051,413514858,21/03/2021
21028,11,16,23,26,27,33,5,527018817,7,7433674,125,170357,387583114,18/03/2021
21027,5,7,9,16,20,26,8,515170584,23,5339305,391,24948,371997822,16/03/2021
21026,3,5,13,19,20,25,3,608709487,74,5079572,829,8878,415303494,14/03/2021
21025,6,8,14,17,18,30,11,962516400,6,8396506,166,153456,370761350,11/03/2021
21024,1,4,6,10,11,18,2,936474051,5,9223370,139,189899,360465214,09/03/2021
21023,2,21,22,23,27,28,11,903402709,4,9744205,85,279070,397987234,07/03/2021
21022,10,15,17,25,31,32,6,871216452,3,10000000,84,266346,361605820,04/03/2021
21021,4,8,17,24,28,33,13,834097039,19,5979263,155,150048,350734702,02/03/2021
21020,1,3,6,7,9,11,2,877930510,19,6085156,505,51034,385685036,28/02/2021
21019,12,16,17,24,28,29,8,916231105,6,6344519,104,96960,351320330,25/02/2021
21018,2,8,14,23,25,32,6,924046536,3,10000000,128,193330,352299530,23/02/2021
21017,9,15,18,29,32,33,2,879807720,6,8959033,116,255972,442443732,21/02/2021
21016,3,8,9,13,15,18,10,844483666,16,6134153,192,118140,447622614,07/02/2021
21015,6,14,16,26,28,29,7,874580915,6,7672352,93,215512,373264066,04/02/2021
21014,4,15,21,25,29,33,6,860487095,3,10000000,96,270821,365029152,02/02/2021
21013,6,9,12,16,27,31,6,812490648,17,5756403,169,95109,403024326,31/01/2021
21012,3,6,14,18,20,26,1,862128803,17,5854248,218,83269,365486356,28/01/2021
21011,5,10,16,23,27,33,14,907192691,18,5425200,228,41960,358439884,26/01/2021
21010,1,4,11,19,32,33,5,976145268,7,8060622,129,207600,394795416,24/01/2021
21009,2,4,7,24,25,32,13,952228282,4,10000000,57,502273,367324734,21/01/2021
21008,1,5,7,14,18,33,7,906339544,4,8728131,86,216751,358122646,19/01/2021
21007,2,4,12,21,25,32,16,885330100,3,10000000,104,298114,389232822,17/01/2021
21006,6,8,22,24,25,26,1,822318331,10,7377222,194,153171,367900704,14/01/2021
21005,7,9,14,26,30,31,4,806944718,14,6353946,76,311764,359757108,12/01/2021
21004,2,3,7,8,17,22,15,824817771,2,10000000,208,145638,396531778,10/01/2021
21003,6,9,16,18,22,29,11,753939585,5,9406368,136,202498,360514540,07/01/2021
21002,6,10,13,25,26,32,11,718352017,10,7105919,185,142291,374374440,05/01/2021
21001,2,3,13,18,20,31,11,710439245,10,7034106,126,201796,411170524,03/01/2021
20134,2,9,10,20,22,26,1,704501324,48,5382786,275,83517,399565532,31/12/2020
20133,3,19,22,23,27,29,7,893973468,3,10000000,99,283877,370330222,29/12/2020
20132,1,4,11,12,14,23,4,839661890,5,10000000,106,309129,425174496,27/12/2020
20131,8,19,22,26,27,30,7,791358796,10,6733037,139,155848,394370394,24/12/2020
20130,8,9,11,14,17,29,16,793700272,9,7096662,160,147421,405085034,22/12/2020
20129,1,2,5,15,28,33,4,786807887,14,6613195,116,243370,428354318,20/12/2020
20128,8,10,15,16,23,26,10,794699858,14,6055174,137,134785,395094864,17/12/2020
20127,1,4,18,19,26,31,7,824075658,9,6838584,183,113027,385288238,15/12/2020
20126,3,7,12,14,23,28,11,823570698,33,5506107,337,61949,423827948,13/12/2020
20125,5,12,16,26,30,31,13,942641447,8,8008557,162,185713,403248064,10/12/2020
20124,16,18,19,20,29,33,12,916453174,3,10000000,53,485568,394367604,08/12/2020
20123,1,3,18,19,26,29,3,869247735,5,10000000,106,343394,442277628,06/12/2020
20122,12,15,17,24,26,31,15,810048147,7,8506055,484,63384,416050434,03/12/2020
20121,2,4,6,21,25,29,3,777556587,5,9656537,91,319817,425615038,01/12/2020
20120,1,2,3,4,9,10,12,738529199,28,5529239,535,34623,470788664,29/11/2020
20119,1,9,22,28,32,33,15,837777744,12,6880004,117,241026,432978556,26/11/2020
20118,11,13,19,26,30,33,5,835737606,4,10000000,114,262410,419968358,24/11/2020
20117,7,8,9,10,16,27,7,785993086,19,5762819,225,80519,460145954,22/11/2020
20116,5,6,14,16,19,27,10,841135768,9,6979667,172,129484,434234564,19/11/2020
20115,1,4,12,20,25,32,2,837138988,2,10000000,114,291499,435736254,17/11/2020
20114,1,5,11,24,30,32,3,757446327,16,6478657,171,172942,476450128,15/11/2020
20113,1,3,7,10,22,32,11,772385388,7,5279749,114,21472,436471868,12/11/2020
20112,2,9,12,17,28,32,5,802000209,14,6657801,263,110309,426910448,10/11/2020
20111,6,9,17,22,24,26,16,808174858,3,10000000,106,365368,459469274,08/11/2020
20110,2,6,9,14,22,25,4,721987721,9,6744907,102,192453,365150166,05/11/2020
20109,6,13,16,20,23,32,13,723801259,23,5708816,133,153221,358593188,03/11/2020
20108,10,12,15,17,23,32,5,793968638,18,5973588,123,178095,398129794,01/11/2020
20107,3,9,11,24,25,28,16,835776030,5,9250245,185,143589,372099740,29/10/2020
20106,2,4,11,15,18,28,10,802335158,14,5906931,123,129034,362151946,27/10/2020
20105,6,14,19,20,22,24,1,837418291,6,8700739,117,237226,399513718,25/10/2020
20104,4,8,10,16,27,29,9,806356097,9,6582593,102,174550,371069028,22/10/2020
20103,4,9,10,22,28,32,8,812186919,13,6122197,136,134086,363566614,20/10/2020
20102,9,10,19,25,26,29,8,837068374,73,5028416,472,6000,385810668,18/10/2020
20101,10,17,24,25,28,30,15,1196363693,7,8298609,109,264796,360073112,15/10/2020
20100,1,7,15,16,20,23,7,1167865459,9,6279386,119,120950,352785364,13/10/2020
20099,5,6,11,12,15,30,12,1181200651,7,7301898,258,78068,390640850,11/10/2020
20098,6,8,11,22,25,33,2,1171889114,7,8077008,172,156533,347585130,08/10/2020
20097,2,8,21,25,26,30,10,1147656700,22,5489356,418,32194,352372566,06/10/2020
20096,1,20,23,26,27,32,15,1228050661,8,8190972,57,559819,356787262,29/09/2020
20095,3,9,16,17,20,26,2,1197849256,6,7745143,283,72751,387062108,27/09/2020
20094,10,15,17,27,29,31,8,1182554395,2,10000000,57,248955,357043412,24/09/2020
20093,4,5,10,13,15,19,15,1159982996,4,10000000,110,261408,364874692,22/09/2020
20092,1,6,12,18,22,24,3,1113718036,6,8324368,160,155829,394714558,20/09/2020
20091,1,9,11,12,16,19,16,1088865952,11,6771891,120,203029,362307424,17/09/2020
20090,2,21,23,26,31,32,6,1090266240,6,8569539,43,622594,357200726,15/09/2020
20089,2,14,16,21,29,30,10,1061368833,11,7200974,113,267817,388734662,13/09/2020
20088,1,6,12,26,29,30,12,1049789346,14,6377823,175,137782,359763320,10/09/2020
20087,11,15,20,23,25,33,10,1066743130,5,7940558,44,417692,351393474,08/09/2020
20086,2,4,6,15,24,27,6,1051310454,7,7452652,117,183424,383150704,06/09/2020
20085,1,2,5,9,19,24,16,1039096893,3,10000000,135,175949,349243256,03/09/2020
20084,3,7,16,17,23,30,7,997837500,15,5641465,265,45386,340223360,01/09/2020
20083,1,19,25,26,30,31,12,1046377044,7,7916189,96,265798,375628538,30/08/2020
20082,2,8,11,17,21,30,9,1025240399,22,5094481,320,8119,339738944,27/08/2020
20081,1,5,13,14,27,33,15,1129524256,11,7057769,108,261984,341884184,25/08/2020
20080,14,15,18,22,31,33,1,1122276717,2,10000000,70,397581,375199530,23/08/2020
20079,5,12,20,21,22,29,14,1058784536,6,8578055,183,146641,347031342,20/08/2020
20078,3,11,14,16,21,32,4,1029746619,1,10000000,76,347407,339766446,18/08/2020
20077,3,10,16,21,25,27,12,960537693,27,5841121,326,87079,376430570,16/08/2020
20076,10,15,16,18,20,27,6,1033084399,8,6895903,82,231207,346015916,13/08/2020
20075,3,11,13,20,24,30,16,1031374526,1,10000000,143,155685,342593198,11/08/2020
20074,4,8,9,13,19,33,12,974585503,5,8629293,107,211991,375478220,09/08/2020
20073,5,7,11,13,27,29,3,949682723,8,7005129,129,155436,344984126,06/08/2020
20072,6,8,10,15,17,26,4,945569865,7,7525472,104,212479,335806408,04/08/2020
20071,9,11,12,13,22,23,8,931954524,12,6156653,133,130449,363190440,02/08/2020
20070,1,2,4,6,19,21,15,953784945,23,5829067,100,238356,343442594,30/07/2020
20069,3,9,10,13,18,26,4,1016346427,7,7827856,99,249936,343151528,28/07/2020
20068,12,16,21,26,27,32,10,996910195,17,5430373,128,71448,376630286,26/07/2020
20067,4,7,9,23,27,30,8,1061790227,10,6979941,140,176780,353153516,23/07/2020
20066,2,9,13,17,26,28,7,1057341835,15,6006277,137,137720,352149702,21/07/2020
20065,9,15,18,21,23,26,8,1090832907,5,8838315,89,269544,381062334,19/07/2020
20064,1,3,7,21,27,32,1,1063056063,1,10000000,77,351356,356057386,16/07/2020
20063,12,15,16,22,29,32,14,991892696,3,10000000,103,289264,357076054,14/07/2020
20062,10,14,17,22,26,27,5,932509919,5,8901954,94,259438,391827962,12/07/2020
20061,8,17,24,26,27,31,4,903858043,1,10000000,91,281269,366447904,09/07/2020
20060,5,9,14,20,24,30,8,837071557,38,5238209,554,20424,356937202,07/07/2020
20059,2,4,10,17,22,25,14,1002178704,4,10000000,190,147308,386807160,05/07/2020
20058,1,3,11,12,19,26,7,958212978,18,5569985,136,94299,356052050,02/07/2020
20057,9,14,21,23,26,32,3,1019998705,3,10000000,113,193145,349147892,30/06/2020
20056,2,5,8,12,26,31,14,984522456,17,6280167,186,146255,380233782,28/06/2020
20055,1,5,7,23,28,30,12,1009674637,14,5761052,198,67264,327140694,25/06/2020
20054,3,10,19,25,26,31,2,1050374135,11,6596678,210,104544,338817016,23/06/2020
20053,2,14,15,16,32,33,1,1057074616,19,6277278,360,84264,381666534,21/06/2020
20052,2,8,13,29,32,33,15,1085336824,2,10000000,53,568303,352815504,18/06/2020
20051,3,6,8,11,19,28,8,1014976572,23,5442583,268,47478,342968302,16/06/2020
20050,4,9,17,20,32,33,15,1101983169,5,9664099,90,323895,379409292,14/06/2020
20049,1,7,9,12,18,22,4,1062851807,7,7652110,140,165756,355402476,11/06/2020
20048,12,14,18,23,30,32,2,1046798674,6,8364818,75,336481,351604616,09/06/2020
20047,4,10,17,19,28,32,1,1021279165,10,7200661,140,196487,382084220,07/06/2020
20046,13,19,25,26,27,32,8,1010760962,7,6855509,87,186617,350122868,04/06/2020
20045,2,3,15,21,22,33,16,1010042406,16,6075531,115,187048,348295556,02/06/2020
20044,7,8,16,17,19,24,7,1042719025,10,6803090,107,210641,379328476,31/05/2020
20043,1,11,24,25,27,30,7,1043134035,5,7928059,64,285943,360394276,28/05/2020
20042,2,6,7,11,14,31,3,1027873219,5,8415115,98,217800,345472844,26/05/2020
20041,6,7,16,22,24,25,13,1005915378,2,10000000,102,255217,372422582,24/05/2020
20040,1,6,12,16,19,21,4,947818891,5,8416563,92,232103,341533118,21/05/2020
20039,2,9,10,11,16,29,2,925841149,9,6952125,166,132297,341609556,19/05/2020
20038,1,6,7,18,23,24,15,922526038,15,6276646,317,75511,374760420,17/05/2020
20037,1,4,11,13,17,24,15,944864355,6,6810277,65,208878,350126486,14/05/2020
20036,7,9,16,22,24,32,6,944994783,3,10000000,104,204187,346455736,12/05/2020
20035,10,14,24,25,28,33,11,911288358,4,9777104,97,246242,371811232,10/05/2020
20034,2,8,15,16,26,32,3,878740204,11,6780706,182,134531,340793680,07/05/2020
20033,7,10,12,21,31,32,1,879873846,4,10000000,97,263480,320555362,05/05/2020
20032,3,11,13,14,15,26,13,843200936,11,6588951,135,161837,338904002,03/05/2020
20031,2,5,9,15,16,27,9,850135149,14,5603722,310,34081,323903392,30/04/2020
20030,17,18,21,29,30,32,3,896891829,1,10000000,74,322591,327786632,28/04/2020
20029,1,12,18,20,30,32,5,835276431,7,7432574,63,337857,364268814,26/04/2020
20028,5,6,15,18,26,32,8,823449380,7,7465464,153,140998,323795596,23/04/2020
20027,12,13,14,24,25,28,6,810989197,3,10000000,112,211713,324196702,21/04/2020
20026,1,4,9,18,19,31,6,769853394,3,10000000,106,181297,349633986,19/04/2020
20025,1,9,10,15,20,29,2,742200788,4,9977229,156,159526,321611812,16/04/2020
20024,10,13,27,28,29,31,8,707451262,8,7028971,94,215848,317568426,14/04/2020
20023,4,5,20,21,30,33,8,702813893,6,7277843,107,159661,340318270,12/04/2020
20022,2,10,20,22,25,30,2,695229480,8,6761570,97,181605,311416184,09/04/2020
20021,2,6,14,16,27,31,7,696474938,5,7581452,116,139086,296655800,07/04/2020
20020,1,6,9,13,15,22,14,685979970,4,9871526,91,267666,310764432,05/04/2020
20019,15,19,27,28,30,33,3,652393178,7,7437091,60,355409,293920314,02/04/2020
20018,5,7,8,11,17,22,13,640479172,8,6340865,188,71322,287194532,31/03/2020
20017,2,4,7,15,20,27,4,650980126,15,5992154,127,146479,295712918,29/03/2020
20016,5,6,8,17,24,27,7,685053744,12,5979822,89,165138,260860736,26/03/2020
20015,8,9,22,24,30,33,1,712719613,1,10000000,60,337347,255551054,24/03/2020
20014,2,7,8,10,12,16,7,661997100,5,6947355,66,184408,261933168,22/03/2020
20013,2,8,10,20,21,30,14,660220960,4,7500138,184,67938,215545590,19/03/2020
20012,4,13,14,23,26,31,9,652719440,3,8598462,112,120484,198501652,17/03/2020
20011,4,5,7,17,18,29,1,638032121,8,6079680,67,161146,176331724,15/03/2020
20010,11,14,22,27,31,32,9,654279153,2,8485717,42,207483,142522854,12/03/2020
20009,3,6,8,14,19,26,12,645107708,16,6003258,253,79308,405733380,21/01/2020
20008,1,4,6,10,11,28,16,680964320,17,6202629,262,97541,395048088,19/01/2020
20007,5,12,17,20,25,31,10,709741377,38,5371408,269,65583,358035962,16/01/2020
20006,3,4,5,10,16,32,9,860929224,20,5735328,363,50642,361697316,14/01/2020
20005,11,16,17,22,26,32,4,920486146,8,7446888,224,109236,400642476,12/01/2020
20004,2,15,17,27,32,33,3,906654598,7,7900679,189,134290,370826158,09/01/2020
20003,9,17,26,29,30,32,3,885816521,16,6237758,134,184740,368960938,07/01/2020
20002,4,9,14,15,16,29,11,911355134,16,6188650,194,122541,410784878,05/01/2020
20001,2,15,23,26,29,30,2,939054504,4,10000000,113,275836,388311860,02/01/2020
19151,2,6,9,18,24,26,14,885545850,8,8200266,121,264484,405999712,31/12/2019
19150,2,9,14,22,27,29,2,855139985,9,7571049,158,183065,424037140,29/12/2019
19149,1,6,27,28,31,33,7,836506504,16,6041786,120,173631,401837358,26/12/2019
19148,9,10,13,20,26,27,8,870667904,42,5386963,179,113495,412835082,24/12/2019
19147,1,9,12,14,23,27,12,1035973571,10,7003459,120,208693,428843148,22/12/2019
19146,1,4,10,12,30,32,14,1030878448,4,10000000,82,411505,400822952,19/12/2019
19145,1,8,13,17,18,19,16,969648184,15,6299971,145,168099,404721396,17/12/2019
19144,2,12,15,19,27,30,3,991024359,13,6951733,276,114911,448943976,15/12/2019
19143,5,13,15,16,26,32,9,986249870,11,6396823,471,40777,421054466,12/12/2019
19142,8,14,24,27,29,33,9,998995951,14,5681439,72,165627,429455474,10/12/2019
19141,10,13,14,15,17,33,14,1042760527,2,10000000,101,317944,466103236,08/12/2019
19140,2,4,9,11,14,22,5,966423413,25,5699960,187,116972,421874374,05/12/2019
19139,8,14,20,23,30,33,11,1043301115,4,10000000,87,370721,420684332,03/12/2019
19138,2,6,12,30,31,32,11,986542917,15,6123356,221,95307,455574142,01/12/2019
19137,7,10,13,19,23,31,6,1015204480,27,5601120,230,88207,414318454,28/11/2019
19136,12,14,15,17,29,33,12,1105571297,7,7822924,50,494011,411048748,26/11/2019
19135,3,6,10,11,27,33,3,1086229996,4,10000000,145,227222,448749008,24/11/2019
19134,1,4,6,22,29,30,3,1027388308,7,8383006,99,299003,424644500,21/11/2019
19133,3,7,16,21,24,31,7,997265432,10,7387274,163,183073,412973230,19/11/2019
19132,4,6,11,14,19,33,7,981615374,7,8159750,141,196083,443878462,17/11/2019
19131,9,17,19,20,24,31,4,955790186,12,6956355,195,150488,413548024,14/11/2019
19130,1,7,9,11,24,32,16,951230446,15,6791765,151,222487,418172282,12/11/2019
19129,3,4,7,9,15,26,7,952320130,20,5800136,360,55565,442669038,10/11/2019
19128,3,8,12,16,17,19,8,1008312621,9,6051317,118,100231,342336168,07/11/2019
19127,2,6,7,12,17,24,10,1027292513,15,5970153,227,80133,338393664,05/11/2019
19126,2,14,17,29,32,33,16,1062273688,8,7151842,81,265659,369776508,03/11/2019
19125,2,11,12,26,27,29,3,1054933143,8,7374072,253,93836,342491160,31/10/2019
19124,4,9,30,31,32,33,1,1042703541,14,6175971,153,134506,337939626,29/10/2019
19123,2,6,8,17,28,30,6,1067428638,19,5596004,366,38675,360609038,27/10/2019
19122,4,10,15,19,21,23,2,1131287397,4,10000000,117,226282,334989390,24/10/2019
19121,2,6,15,21,30,31,2,1091862134,15,6185649,138,161093,334748934,22/10/2019
19120,10,12,27,31,32,33,3,1117954087,5,8898140,85,286627,361613906,20/10/2019
19119,4,20,22,24,26,33,7,1089354655,9,6158337,73,178510,332545590,17/10/2019
19118,12,14,15,25,28,31,4,1105685807,6,8013754,142,159177,329400746,15/10/2019
19117,3,5,11,28,32,33,1,1085958852,5,9637937,135,214719,358734764,13/10/2019
19116,1,8,9,13,16,33,1,1047187205,7,8062689,146,183551,336502106,10/10/2019
19115,4,10,11,14,15,29,5,1023230427,8,7126357,137,155208,354033692,08/10/2019
19114,2,4,9,11,12,30,1,1016450569,4,10000000,180,167444,372847052,29/09/2019
19113,1,5,19,21,25,33,15,966030310,5,8717723,118,196913,339648916,26/09/2019
19112,3,12,14,17,23,27,1,939911612,6,8762335,173,163107,335430712,24/09/2019
19111,7,18,20,22,24,33,1,907833069,6,9138179,82,378492,371095278,22/09/2019
19110,1,18,22,26,27,28,8,869553104,8,7132577,89,239615,345297696,19/09/2019
19109,3,6,7,17,28,31,10,862636404,5,8306978,218,94810,339057352,17/09/2019
19108,7,13,19,22,25,32,13,842165456,13,6413151,110,208761,361553454,15/09/2019
19107,2,6,8,23,27,32,2,856645293,2,10000000,54,475645,326852234,12/09/2019
19106,2,14,22,27,30,33,14,799590658,3,10000000,65,385201,330410652,10/09/2019
19105,2,13,15,17,26,33,1,754476375,6,8463242,85,305580,365092568,08/09/2019
19104,1,5,16,17,18,24,10,727332881,7,6848206,120,134765,336503558,05/09/2019
19103,4,12,14,21,27,29,12,726754909,2,10000000,101,268873,334444954,03/09/2019
19102,3,8,12,16,20,32,12,665286304,18,5786187,198,89339,365310214,01/09/2019
19101,1,4,9,21,31,33,5,716370043,4,6477614,77,95948,336008906,29/08/2019
19100,1,4,12,13,30,32,8,720116287,2,10000000,60,404624,334319180,27/08/2019
19099,7,14,22,23,27,30,8,667283924,26,5524776,185,92190,355328056,25/08/2019
19098,3,11,12,14,17,26,9,759762439,4,9535306,136,166739,334187522,22/08/2019
19097,3,5,18,24,25,31,9,729874065,5,7465772,98,157255,328319954,20/08/2019
19096,5,7,12,18,27,32,11,720969696,48,5399584,310,77338,355103324,18/08/2019
19095,2,5,14,19,21,28,1,908224516,3,10000000,95,236670,327102912,15/08/2019
19094,5,10,12,18,19,27,6,870773310,8,6822140,301,60536,318739184,13/08/2019
19093,5,7,8,9,20,22,2,870686214,27,5590139,629,31664,343851622,11/08/2019
19092,9,17,27,28,32,33,8,961868391,6,6573767,67,176168,325113036,08/08/2019
19091,7,10,21,24,29,32,11,965901226,2,10000000,94,260518,321773688,06/08/2019
19090,2,3,6,8,14,22,4,912434874,2,10000000,93,289490,355808718,04/08/2019
19089,2,4,14,16,20,22,11,851666935,7,6961515,104,165031,321183320,01/08/2019
19088,13,14,15,21,23,29,13,848907760,18,5697370,77,203777,320442344,30/07/2019
19087,4,5,7,9,21,30,4,904387916,5,9423734,99,279276,348495228,28/07/2019
19086,16,22,24,26,28,31,6,868561562,11,6364807,120,156384,318423888,25/07/2019
19085,1,4,14,18,24,29,4,882276151,12,6519571,61,373665,322387974,23/07/2019
19084,4,8,14,18,20,27,3,892130280,15,5979203,300,61200,356282880,21/07/2019
19083,6,15,17,26,28,31,3,926738145,10,6795196,118,190169,329029762,18/07/2019
19082,7,16,19,22,24,28,2,927370251,5,8270886,91,224648,328221990,16/07/2019
19081,5,24,27,29,31,32,10,907395563,5,8910511,58,421391,359862504,14/07/2019
19080,3,6,8,20,24,32,7,878626031,7,6502641,80,164351,333601616,11/07/2019
19079,1,3,6,9,19,31,16,884700186,15,6163816,156,139881,324952306,09/07/2019
19078,1,17,27,29,31,33,12,911692755,14,6369078,199,120396,358699764,07/07/2019
19077,9,11,13,18,21,22,15,928983242,1,10000000,118,221011,331156004,04/07/2019
19076,12,15,19,20,29,32,14,860745165,4,10000000,84,299030,327737064,02/07/2019
19075,5,8,20,22,31,33,3,825389586,2,10000000,69,329031,356452390,30/06/2019
19074,12,21,27,29,31,33,4,777279978,4,10000000,51,558701,339313032,27/06/2019
19073,1,2,6,12,16,18,8,731798593,17,5684254,146,99591,334373706,25/06/2019
19072,2,9,13,15,22,30,15,784809688,10,6995170,155,160900,366310328,23/06/2019
19071,1,8,19,24,29,30,4,779942491,22,5832271,371,61691,338921834,20/06/2019
19070,6,15,18,19,24,32,9,839590047,3,10000000,103,182464,335727814,18/06/2019
19069,6,11,16,19,21,25,1,813208375,8,7285184,226,101114,370103190,16/06/2019
19068,3,14,20,24,26,33,10,802934315,6,8093762,64,362550,331635522,13/06/2019
19067,4,6,8,11,30,33,11,781887228,5,7973990,110,168976,330381956,11/06/2019
19066,1,14,17,20,22,32,4,765994853,6,8522847,86,307225,354505682,09/06/2019
19065,6,9,11,15,20,26,10,737867862,10,6616248,317,63732,327400036,06/06/2019
19064,12,20,24,25,30,33,12,743421022,4,9064360,92,220889,331639006,04/06/2019
19063,1,14,19,22,29,31,16,718713061,5,9289366,91,294599,361222550,02/06/2019
19062,7,13,16,23,26,30,1,684734277,7,8340699,161,181559,339468976,30/05/2019
19061,3,17,19,24,27,31,12,655425812,6,8443688,80,322845,335296666,28/05/2019
19060,3,4,14,20,23,27,1,628604946,2,10000000,118,246389,367103342,26/05/2019
19059,4,5,7,9,16,18,6,561383166,2,10000000,125,162165,345567246,23/05/2019
19058,7,8,12,21,23,27,12,520571254,20,5260714,127,51321,339299672,21/05/2019
19057,4,5,6,8,13,18,16,606231938,7,8216242,127,221591,372560948,19/05/2019
19056,13,14,17,19,21,29,1,579319269,1,10000000,78,245905,351267630,16/05/2019
19055,1,6,11,15,19,31,10,531777347,2,10000000,61,368485,350070872,14/05/2019
19054,7,10,11,15,24,26,11,484344441,8,6741103,132,131901,376075414,12/05/2019
19053,4,16,22,25,29,31,8,486040155,12,5969643,109,133437,345533966,09/05/2019
19052,3,6,9,13,16,19,16,514041918,153,5117604,2295,9800,342251970,07/05/2019
19051,8,9,10,13,15,28,9,1229559631,13,5503869,120,68232,371316762,05/05/2019
19050,4,6,10,11,21,23,2,1276546288,13,6136790,100,184728,311858860,02/05/2019
19049,3,10,13,22,23,28,15,1300906020,9,6552485,205,85197,333775314,30/04/2019
19048,3,7,10,12,18,29,10,1307482004,8,7251672,153,147168,379210874,28/04/2019
19047,3,11,18,25,30,33,14,1297945208,1,10000000,388,69165,349665886,25/04/2019
19046,2,12,16,22,25,32,6,1227436396,17,5847483,132,136431,349236650,23/04/2019
19045,1,6,17,19,27,31,14,1272816559,7,8172099,83,334408,380577960,21/04/2019
19044,6,14,16,17,23,29,7,1246753637,12,5956414,188,76309,350579948,18/04/2019
19043,1,6,12,13,24,32,13,1275191954,2,10000000,99,249954,345296562,16/04/2019
19042,15,17,19,22,25,26,4,1220955571,4,10000000,132,195373,376134240,14/04/2019
19041,2,9,13,23,24,26,16,1183587505,2,10000000,103,274965,347145834,11/04/2019
19040,5,6,9,18,23,31,11,1118623191,8,6661238,159,104480,335974062,09/04/2019
19039,6,7,11,14,27,32,8,1122075950,11,6258711,136,127259,363128750,07/04/2019
19038,9,12,21,27,29,30,5,1138999919,10,6243868,101,153944,335328036,04/04/2019
19037,1,7,12,14,18,25,10,1154793537,12,6514774,213,106674,344923376,02/04/2019
19036,2,10,13,16,23,32,8,1164805979,21,5000000,85,6000,383547756,31/03/2019
19035,1,5,7,9,10,20,16,1269805979,11,7034000,233,120032,354951028,28/03/2019
19034,9,11,15,22,24,26,3,1263277472,10,6957743,103,237590,354652922,26/03/2019
19033,9,15,19,21,23,29,15,1259439534,22,6000111,224,122781,385168218,24/03/2019
19032,4,8,9,13,28,33,4,1308932812,6,8788636,228,124626,353034100,21/03/2019
19031,3,13,15,18,21,33,16,1276420305,5,9429639,119,232649,358344316,19/03/2019
19030,4,5,7,10,12,22,16,1240512761,17,6202265,196,130347,392415448,17/03/2019
19029,8,11,17,23,32,33,10,1269306832,6,8343406,83,302115,358515950,14/03/2019
19028,4,19,22,26,29,30,11,1244140628,11,6380332,165,115027,356878622,12/03/2019
19027,2,6,8,10,11,17,13,1257385558,9,7407292,223,121444,393236612,10/03/2019
19026,3,13,15,19,20,27,14,1242805065,5,6689534,74,201135,345714892,07/03/2019
19025,15,16,21,27,30,33,4,1246342879,5,9479664,74,378350,345714892,05/03/2019
19024,1,8,23,25,28,29,10,1209747493,8,6940962,99,196056,384117562,03/03/2019
19023,1,10,14,15,18,31,13,1207046316,13,6088193,336,52628,353488994,28/02/2019
19022,3,7,11,21,30,33,7,1233143388,19,5503206,169,70716,338829860,26/02/2019
19021,2,5,7,8,20,27,4,1301850849,6,8810224,214,133535,370839306,24/02/2019
19020,2,12,13,23,27,28,12,1268982145,11,6275977,233,75299,330603914,21/02/2019
19019,3,11,17,18,24,25,6,1285383840,24,5530875,268,59426,326400930,19/02/2019
19018,4,11,18,19,26,32,4,1370346090,8,7473244,364,67946,349743310,17/02/2019
19017,4,5,24,28,30,33,9,1355934705,3,9404407,50,330330,312764888,14/02/2019
19016,5,7,9,11,19,25,5,1334598348,11,6236511,157,108293,314659700,12/02/2019
19015,11,15,16,20,24,31,4,1352193873,13,6477986,181,132692,386508326,03/02/2019
19014,1,2,3,14,19,33,3,1364355844,7,7683510,168,139766,327526362,31/01/2019
19013,5,7,14,16,18,21,1,1347698265,4,10000000,77,363158,332648408,29/01/2019
19012,7,10,21,23,31,33,14,1303808580,2,10000000,55,472600,370443836,27/01/2019
19011,10,13,19,21,24,30,7,1245829570,4,8829188,72,265915,340431350,24/01/2019
19010,2,4,5,8,11,30,2,1223708496,15,5753329,178,79353,336769874,22/01/2019
19009,1,7,10,22,31,32,15,1267633646,12,7191309,122,269423,376873348,20/01/2019
19008,2,6,9,13,28,32,12,1255320435,4,9716477,86,274213,342498692,17/01/2019
19007,6,10,14,15,19,23,15,1223439184,9,7306482,198,131050,340543166,15/01/2019
19006,1,5,10,19,26,28,12,1211353738,32,5514887,96,214536,375825296,13/01/2019
19005,21,22,26,28,31,32,7,1326043660,11,6133650,68,229230,343365078,10/01/2019
19004,8,12,16,19,26,32,3,1346750738,8,7428584,222,109395,338080388,08/01/2019
19003,13,17,20,21,22,27,1,1333321882,5,9635283,129,224577,373728002,06/01/2019
19002,4,5,6,8,9,18,11,1294586730,9,7273230,129,198246,345144344,03/01/2019
19001,6,10,13,15,32,33,15,1283324272,14,6657038,147,197266,341453440,01/01/2019
18153,1,7,17,23,25,31,11,1289528301,4,10000000,133,205313,363663410,30/12/2018
18152,4,14,16,23,28,29,3,1247608325,20,5479653,168,71376,342935808,27/12/2018
18151,5,15,19,25,26,29,15,1321227399,4,9708849,203,115981,345353380,25/12/2018
18150,6,8,15,19,20,31,5,1289430060,15,6255214,270,87167,377320206,23/12/2018
18149,1,7,8,10,12,24,1,1312652452,12,6743951,212,123392,353364860,20/12/2018
18148,3,6,18,19,21,31,1,1315102044,11,6665301,210,109037,346743178,18/12/2018
18147,3,15,17,23,27,30,11,1319726677,11,6875712,102,252853,378419434,16/12/2018
18146,2,10,11,17,18,29,16,1317986374,13,6395974,157,144487,345409226,13/12/2018
18145,3,9,13,22,23,25,6,1333080271,21,5598712,172,91373,349376292,11/12/2018
18144,8,13,17,18,20,27,13,1403504611,1,10000000,117,241814,387956028,09/12/2018
18143,4,6,15,28,32,33,14,1328627871,16,6480336,117,253048,373157016,06/12/2018
18142,5,8,10,11,27,28,11,1343493083,16,5856527,242,70787,390581690,04/12/2018
18141,11,14,16,18,24,33,4,1385805866,2,10000000,115,248604,416166816,02/12/2018
18140,1,15,20,22,25,28,14,1320037180,0,0,103,318026,386006162,29/11/2018
18139,11,18,20,23,31,32,15,1221766906,10,7121941,82,323466,380559364,27/11/2018
18138,1,10,25,27,30,32,9,1213413511,3,10000000,67,453502,412013682,25/11/2018
18137,3,5,11,15,20,23,9,1152259559,10,6284256,141,113852,379485292,22/11/2018
18136,10,12,15,25,26,27,14,1166942493,6,8548933,149,178637,377111910,20/11/2018
18135,1,3,6,10,11,29,16,1138385085,4,10000000,133,234150,406719454,18/11/2018
18134,3,16,18,31,32,33,12,1084959009,11,6833164,297,84868,377767366,15/11/2018
18133,2,4,11,12,18,32,13,1084505788,3,10000000,65,361738,374106026,13/11/2018
18132,1,2,9,10,15,22,6,1043966776,12,6627168,104,234687,408709916,11/11/2018
18131,21,22,24,31,32,33,1,1050270214,2,10000000,125,244689,383809176,08/11/2018
18130,5,12,17,18,24,28,12,978511798,17,6072806,841,27107,374274632,06/11/2018
18129,2,4,6,16,18,19,16,1013358099,7,8728266,117,278823,418290398,04/11/2018
18128,6,7,8,19,22,23,2,976588973,11,7226364,300,102041,388471822,01/11/2018
18127,2,5,6,7,11,15,12,964241444,13,6414968,202,113827,383266268,30/10/2018
18126,1,6,8,9,14,22,5,978656335,8,7588766,138,187591,415778246,28/10/2018
18125,3,10,11,14,15,32,2,961703467,3,10000000,54,598926,391293382,25/10/2018
18124,9,13,14,19,22,25,2,894677451,4,9291791,127,168968,378069006,23/10/2018
18123,13,21,24,27,31,32,1,867467741,6,9217817,115,275075,410429482,21/10/2018
18122,5,7,20,22,30,32,10,827873755,31,5238879,230,40245,327644802,18/10/2018
18121,6,8,14,19,23,25,11,962509317,11,6468429,142,142189,321305376,16/10/2018
18120,3,4,18,26,27,33,1,973089335,5,9561820,185,154115,357215818,14/10/2018
18119,3,13,14,16,25,27,12,935364310,10,6043410,117,111475,328321394,11/10/2018
18118,8,12,21,22,27,31,9,956670540,7,6907203,140,119200,322015414,09/10/2018
18117,8,11,15,17,23,25,5,954956874,6,7824932,189,112100,340052040,07/10/2018
18116,5,14,17,22,23,28,15,938345496,44,5308473,320,53018,281786404,04/10/2018
18115,1,13,19,24,26,29,11,1121020227,1,10000000,52,243906,273986534,02/10/2018
18114,1,7,15,16,20,27,14,1092970758,6,7981155,203,110141,336072030,30/09/2018
18113,1,6,9,16,25,26,9,1073781687,11,5895165,208,59175,314160394,27/09/2018
18112,5,8,18,25,26,31,4,1101702921,11,6090396,154,97356,302328982,25/09/2018
18111,1,7,14,24,25,28,8,1123718442,11,5565493,143,54374,320180512,23/09/2018
18110,11,13,16,21,22,23,2,1161612266,2,10000000,66,389022,307066624,20/09/2018
18109,10,11,18,23,31,33,15,1104585752,4,8282094,69,237832,306989720,18/09/2018
18108,5,13,18,21,26,30,2,1088482714,22,5859675,179,132073,322147946,16/09/2018
18107,1,2,5,12,20,22,1,1146472338,6,8438555,139,185533,317508712,13/09/2018
18106,4,18,19,24,25,26,10,1119736168,4,8430179,125,137207,312096980,11/09/2018
18105,4,5,13,18,19,25,1,1102004192,17,6257964,150,178211,343324268,09/09/2018
18104,2,3,6,19,25,29,1,1128194345,5,8635318,158,143802,312637426,06/09/2018
18103,2,9,15,22,23,24,16,1103208722,7,7746753,111,216523,314574584,04/09/2018
18102,2,6,11,19,21,28,5,1085333716,4,8922949,163,120335,340812198,02/09/2018
18101,1,3,14,26,29,33,9,1062181270,5,7864370,70,255747,308676480,30/08/2018
18100,2,11,14,15,29,33,2,1047796176,3,10000000,91,234630,309533260,28/08/2018
18099,3,7,8,14,25,32,6,1013742168,12,6102840,242,68357,339383254,26/08/2018
18098,6,10,11,20,29,32,13,1037348433,9,7336982,125,210328,314746902,23/08/2018
18097,1,2,17,20,25,28,13,1024508131,1,10000000,38,607210,313501772,21/08/2018
18096,1,5,9,20,28,32,12,965286126,23,5556088,150,106583,338691852,19/08/2018
18095,10,11,12,21,26,33,9,1045113520,4,8780501,87,217270,320539494,16/08/2018
18094,4,7,16,20,24,30,5,1023528004,0,0,148,137747,314204036,14/08/2018
18093,4,18,20,21,29,33,7,962368068,3,10000000,78,304804,341609166,12/08/2018
18092,6,10,16,19,24,33,16,921043817,1,10000000,95,269198,318819890,09/08/2018
18091,6,11,13,17,25,32,7,854322188,4,8999907,81,246907,315853082,07/08/2018
18090,1,2,4,10,14,23,7,830323212,12,5776285,85,136991,340370390,05/08/2018
18089,6,9,12,14,18,27,14,864705795,5,9128194,172,150007,312432712,02/08/2018
18088,3,5,12,29,30,32,14,832943120,8,7319478,69,336156,315199378,31/07/2018
18087,1,5,10,16,18,31,3,821914596,3,10000000,74,382259,348603358,29/07/2018
18086,2,7,17,21,23,26,16,767052918,18,5839185,109,173226,322631262,26/07/2018
18085,4,10,25,26,30,33,6,815513264,8,6541028,88,175116,322576362,24/07/2018
18084,5,6,8,12,22,24,3,821610647,13,6216121,249,79365,347865554,22/07/2018
18083,4,9,18,21,32,33,3,843134325,11,6964663,126,214397,323565026,19/07/2018
18082,6,12,14,20,22,24,9,838703256,8,6895145,140,135367,319081284,17/07/2018
18081,1,2,12,16,20,26,3,837010055,5,9113851,154,166958,349698540,15/07/2018
18080,4,7,13,20,29,33,3,805444602,6,8230212,128,189270,325310442,12/07/2018
18079,14,15,17,22,24,29,13,782146094,2,10000000,77,347163,327442428,10/07/2018
18078,3,10,14,17,18,30,12,721951374,6,7550329,204,93762,358569878,08/07/2018
18077,2,5,9,15,20,24,10,709870938,7,7421960,109,194423,327832004,05/07/2018
18076,3,7,8,15,29,30,13,698248210,22,5565528,363,42843,327873252,03/07/2018
18075,7,9,12,13,22,24,11,774033783,17,5972248,120,172168,356378720,01/07/2018
18074,9,11,14,20,27,30,9,813581190,9,6057912,120,99179,327800026,28/06/2018
18073,2,9,14,15,16,23,10,832397856,8,7236302,104,215029,329645754,26/06/2018
18072,11,16,19,22,25,30,8,823199206,19,5128649,101,30251,372281494,24/06/2018
18071,2,5,6,13,16,19,3,911477268,9,6963036,110,200765,348880396,21/06/2018
18070,4,9,15,16,19,27,10,907892115,13,6439454,138,169500,339461364,19/06/2018
18069,6,13,17,19,23,31,12,921431615,5,8350663,126,166203,355213336,17/06/2018
18068,8,10,17,20,27,30,1,900360000,3,10000000,225,106134,332649368,14/06/2018
18067,1,4,9,12,15,18,5,858719248,8,7355099,122,193040,324647042,12/06/2018
18066,9,16,17,19,22,26,10,846907070,10,6805079,195,115710,357968382,10/06/2018
18065,1,4,6,14,28,33,1,847267386,6,8384489,123,206371,329937636,07/06/2018
18064,2,5,10,11,17,21,5,821423304,12,6202837,149,121091,329557586,05/06/2018
18063,5,6,10,16,20,25,12,841729671,27,5291294,315,31210,358387608,03/06/2018
18062,2,18,19,24,25,33,11,955101072,6,8244701,109,223259,326938646,31/05/2018
18061,9,10,11,12,18,23,7,931563495,15,5915270,213,80569,332550974,29/05/2018
18060,4,8,13,25,30,31,10,968808575,5,8071749,111,172958,364451892,27/05/2018
18059,4,6,8,13,22,32,11,951572015,5,7926005,69,265036,335528070,24/05/2018
18058,7,12,13,16,26,31,7,936339437,11,6534486,120,175826,328678478,22/05/2018
18057,5,15,17,19,20,30,13,944921232,9,7219690,193,129386,360079018,20/05/2018
18056,1,3,6,20,21,26,1,934983896,7,7536477,187,118685,332042280,17/05/2018
18055,7,9,10,12,22,26,7,921156717,39,5382270,131,142257,328077816,15/05/2018
18054,4,6,18,22,25,33,16,1075158284,4,10000000,86,305357,364343470,13/05/2018
18053,1,4,10,11,14,27,6,1036375992,8,7086603,104,200634,336743448,10/05/2018
18052,3,5,6,9,15,32,14,1030470724,4,9373437,104,210261,335132016,08/05/2018
18051,5,7,20,23,27,31,4,1002362910,5,9213527,146,180373,362286900,06/05/2018
18050,1,2,4,10,18,19,7,969426906,7,7360984,146,141497,332612986,03/05/2018
18049,1,3,4,11,19,23,2,958977957,7,7858532,88,284229,308606382,01/05/2018
18048,1,12,20,25,30,31,2,938951220,4,9801124,76,315863,347082070,29/04/2018
18047,6,7,12,16,22,25,7,906138855,9,6936514,102,213586,340211348,26/04/2018
18046,10,13,14,18,20,31,3,903210136,2,10000000,100,256483,341414200,24/04/2018
18045,3,4,6,25,26,30,1,846265053,3,6904812,82,87110,381384846,22/04/2018
18044,5,9,12,17,27,30,6,845550354,22,5550276,643,23534,351490126,19/04/2018
18043,1,4,6,8,21,24,7,922258638,6,7386066,93,192424,350595736,17/04/2018
18042,6,10,21,28,29,31,12,912888550,14,6113405,163,119537,373384922,15/04/2018
18041,7,8,20,23,24,32,13,940022436,4,9960334,64,387526,342614774,12/04/2018
18040,1,3,8,13,18,23,16,905458752,11,6625737,283,78989,341719534,10/04/2018
18039,8,12,18,19,23,32,3,911280204,6,8202095,168,142950,368394896,08/04/2018
18038,15,23,24,25,28,29,9,888445635,5,7607731,75,217310,303245456,05/04/2018
18037,1,6,7,8,27,30,10,877589328,12,6218823,137,133447,336334062,03/04/2018
18036,8,17,24,26,28,33,4,897368156,4,10000000,117,231790,375931002,01/04/2018
18035,7,10,11,17,23,28,15,856009608,6,8809507,289,98862,350309396,29/03/2018
18034,1,5,11,22,23,26,15,823152736,8,7560160,122,209849,348544506,27/03/2018
18033,4,19,20,22,28,33,6,806829198,3,10000000,88,289516,376360408,25/03/2018
18032,21,22,23,24,25,32,6,760396749,3,10000000,127,179511,351194914,22/03/2018
18031,2,16,18,19,27,30,14,722002755,3,10000000,116,224837,345048756,20/03/2018
18030,13,14,20,21,25,33,7,673759355,1,10000000,98,260810,388492136,18/03/2018
18029,1,2,9,14,22,25,5,607081200,5,8926329,85,288700,349939456,15/03/2018
18028,3,8,11,14,18,23,16,578094167,7,7676997,220,106471,352015830,13/03/2018
18027,2,7,9,14,18,28,5,561561972,6,8250400,144,169291,386579026,11/03/2018
18026,4,7,12,14,26,32,4,537930372,6,8313468,75,331346,341958742,08/03/2018
18025,4,13,16,19,21,25,14,513258146,1,10000000,83,350024,341614936,06/03/2018
18024,11,19,22,26,31,32,2,436102047,9,7481039,81,344588,373443496,04/03/2018
18023,12,15,16,21,26,29,16,419696331,3,10000000,159,164899,339395846,01/03/2018
18022,7,14,19,21,22,23,3,371039376,6,8201615,111,216325,333617132,27/02/2018
18021,3,4,6,11,23,28,14,348212718,3,10000000,216,116432,364661036,25/02/2018
18020,6,9,10,14,28,30,5,302764704,33,5489962,212,95334,322991340,22/02/2018
18019,3,11,12,16,21,23,9,423300648,8,6663708,80,207963,353382992,13/02/2018
18018,2,12,13,18,25,27,7,426699072,12,6383135,214,96948,364855490,11/02/2018
18017,3,6,11,26,30,32,12,441055600,5,8695830,68,339690,341808336,08/02/2018
18016,1,11,12,18,25,27,16,415237924,4,9593701,98,234372,338462386,06/02/2018
18015,11,15,20,21,26,33,15,384707208,6,7652271,172,115651,372995620,04/02/2018
18014,9,12,20,24,28,31,7,370944726,17,5970693,103,200264,341965074,01/02/2018
18013,6,8,13,15,22,33,6,410564826,9,7002470,99,227553,338322260,30/01/2018
18012,11,12,13,19,26,28,12,406003688,8,7195022,129,170156,367108128,28/01/2018
18011,3,10,21,23,27,33,11,397713208,8,7356371,138,170751,336871794,25/01/2018
18010,1,8,17,20,21,22,3,385873044,6,8085375,71,325919,351327690,23/01/2018
18009,5,10,17,23,26,32,7,364964347,17,5477449,221,45908,384256808,21/01/2018
18008,5,9,10,12,17,19,13,427643568,11,6571365,144,150043,359785672,18/01/2018
18007,13,14,20,25,27,31,12,435109760,8,7274011,132,172273,354279554,16/01/2018
18006,2,7,8,9,17,29,11,425081503,11,6856113,172,148381,387617618,14/01/2018
18005,2,20,21,28,31,33,6,423934061,1,10000000,68,371062,354961030,11/01/2018
18004,14,18,19,26,30,31,11,358237373,13,6082556,55,319846,349304820,09/01/2018
18003,1,14,16,17,20,31,4,384536000,5,10000000,167,191008,388121442,07/01/2018
18002,7,18,24,29,31,33,16,338840952,3,10000000,94,319928,351610618,04/01/2018
18001,1,8,11,26,28,31,4,278621134,22,5825255,191,118819,367348082,02/01/2018
17154,5,9,13,15,18,26,5,338693168,11,7280114,141,222351,414241024,31/12/2017
17153,7,11,12,13,18,19,16,324719716,4,10000000,165,190901,372349292,28/12/2017
17152,6,10,23,25,26,29,5,270223240,8,7027612,129,157179,367326916,26/12/2017
17151,2,5,7,9,11,27,16,265615770,6,8891264,171,170669,410102286,24/12/2017
17150,6,14,19,20,21,23,8,231409917,9,6900101,82,260684,382821120,21/12/2017
17149,5,8,15,20,27,30,13,229382406,67,5031231,1126,6000,389703152,19/12/2017
17148,4,7,11,14,29,32,12,558628074,18,6272562,274,104498,419003890,17/12/2017
17147,3,7,20,21,25,31,14,585636222,3,10000000,131,255096,397012632,14/12/2017
17146,1,19,25,26,27,33,10,515383281,21,5802209,252,83563,409358700,12/12/2017
17145,2,6,12,17,25,28,12,574055706,31,5380151,458,32163,434698744,10/12/2017
17144,3,14,16,20,31,32,9,696647832,8,6316343,54,243767,394649686,07/12/2017
17143,4,6,9,14,20,29,14,707688280,13,6687672,164,167223,383967718,05/12/2017
17142,8,13,14,18,23,33,6,712354014,6,7643652,149,133069,417715258,03/12/2017
17141,1,6,7,11,13,15,5,698733752,4,7854635,78,182989,374075240,30/11/2017
17140,21,22,25,28,29,30,8,687332768,16,6035870,83,249607,376479116,28/11/2017
17139,2,14,20,24,28,32,16,721754472,6,9828398,92,393619,409744564,26/11/2017
17138,1,17,24,28,32,33,2,672085896,6,9039634,79,383509,377937674,23/11/2017
17137,5,10,20,23,26,31,3,635431923,7,7917073,146,174824,376184186,21/11/2017
17136,3,7,10,18,21,24,12,614278265,19,5952821,216,104766,401556928,19/11/2017
17135,1,6,7,14,18,26,16,659493336,8,7923669,147,198889,378825098,16/11/2017
17134,4,5,11,14,28,32,4,635172616,13,6040990,99,170869,365781644,14/11/2017
17133,6,15,17,18,23,30,11,662957197,7,8327342,223,130557,400247724,12/11/2017
17132,2,3,5,9,13,28,11,633905850,6,8820665,139,206151,377852842,09/11/2017
17131,1,7,10,11,26,27,11,600864875,25,5513378,131,122466,367788616,07/11/2017
17130,5,13,14,23,25,31,2,690570120,5,10000000,211,161007,401382016,05/11/2017
17129,5,6,9,14,21,33,2,638652615,3,10000000,116,229558,334351058,02/11/2017
17128,2,6,13,22,29,31,8,588766113,13,5186374,111,27284,323872230,31/10/2017
17127,14,15,21,24,27,32,12,647103220,4,9376343,63,347328,351381232,29/10/2017
17126,1,16,17,21,27,30,16,618963440,8,7757297,63,437666,328800104,26/10/2017
17125,1,14,23,25,29,30,3,598302894,6,7793201,133,157511,324821104,24/10/2017
17124,2,6,11,26,28,29,3,582215080,8,6981077,126,157228,352610564,22/10/2017
17123,4,5,6,11,21,31,10,578631376,16,5768364,237,64840,327467830,19/10/2017
17122,11,20,21,22,24,27,15,624823324,4,9322578,52,415632,323216212,17/10/2017
17121,11,18,19,22,24,32,7,597274960,5,7294152,136,105429,344520506,15/10/2017
17120,8,10,15,19,23,28,16,590730365,5,9211061,192,137078,319254526,12/10/2017
17119,9,16,21,25,26,31,14,557828271,11,6673237,127,181157,311293858,10/10/2017
17118,8,9,15,22,30,33,16,562212840,12,6730422,123,211027,339910326,08/10/2017
17117,1,2,8,11,14,21,9,565108899,3,8633236,53,257068,277103412,05/10/2017
17116,2,14,20,22,30,32,2,550134702,9,6537998,85,203558,270066216,03/10/2017
17115,4,10,11,25,30,31,1,557069238,6,8233631,128,189470,322048056,01/10/2017
17114,6,12,13,15,18,26,13,533714324,4,9187872,89,235273,321554260,28/09/2017
17113,4,6,16,27,29,33,5,507647724,4,8403060,75,226870,316223542,26/09/2017
17112,3,10,14,16,22,23,11,490214060,2,10000000,76,292461,346255520,24/09/2017
17111,5,10,17,19,29,32,12,443532928,16,5921674,99,186196,317976914,21/09/2017
17110,1,3,12,15,19,23,14,482979264,3,10000000,68,377100,316936062,19/09/2017
17109,8,14,16,18,21,23,16,436050760,4,10000000,96,296384,349302018,17/09/2017
17108,7,12,14,15,17,20,1,390692040,6,8141359,113,208497,320774192,14/09/2017
17107,8,9,15,17,30,32,6,368859616,19,5814695,202,95787,319335446,12/09/2017
17106,12,15,20,25,27,31,2,421291764,4,10000000,82,306613,346574690,10/09/2017
17105,3,6,7,12,25,26,7,385864894,29,5091000,254,12987,314223620,07/09/2017
17104,1,14,15,20,23,30,14,523607612,2,10000000,93,265208,310263038,05/09/2017
17103,1,21,23,25,31,33,1,469614348,9,7401779,64,422187,347478996,03/09/2017
17102,4,8,10,14,18,20,11,455170324,14,5682901,150,79671,315963272,31/08/2017
17101,1,4,11,28,31,32,16,498878630,2,10000000,51,548154,313219868,29/08/2017
17100,4,7,8,18,23,24,2,435010976,16,6241187,117,212168,343590604,27/08/2017
17099,2,5,6,16,28,29,4,460398735,27,5455945,142,108367,310565530,24/08/2017
17098,4,19,22,27,30,33,1,561544774,14,5401390,93,75530,314009676,22/08/2017
17097,5,10,18,19,30,31,3,616091250,10,6980859,183,135304,348913966,20/08/2017
17096,2,6,11,12,19,29,6,611617622,14,6270042,165,134701,322973284,17/08/2017
17095,9,10,12,19,22,29,16,632720984,14,6159602,332,61123,317203922,15/08/2017
17094,8,11,13,19,28,31,6,658076283,9,6630843,128,143335,341689810,13/08/2017
17093,7,8,9,15,22,27,12,662712921,39,5290308,238,59464,308248758,10/08/2017
17092,10,18,19,29,32,33,9,826577324,4,9605819,131,175794,308876342,08/08/2017
17091,5,7,10,23,28,29,3,795913308,4,8923729,141,139139,337138076,06/08/2017
17090,1,7,10,16,22,33,9,772752284,4,8842613,84,228726,312174318,03/08/2017
17089,11,12,13,16,23,25,12,750483542,2,10000000,69,328347,314842050,01/08/2017
17088,7,9,18,22,23,29,6,702515540,10,6725767,406,53133,346380162,30/07/2017
17087,3,6,13,14,19,28,6,705056937,13,5785674,105,121592,316090948,27/07/2017
17086,3,5,6,13,20,22,7,741969095,5,7211165,73,189312,313250840,25/07/2017
17085,1,5,6,16,25,30,9,736565578,7,6315240,148,77759,340676888,23/07/2017
17084,1,5,11,20,22,24,2,746247204,9,7021235,98,232029,314750766,20/07/2017
17083,3,8,14,20,24,26,12,741221637,13,6005980,161,101535,305712986,18/07/2017
17082,14,18,21,25,28,29,10,770257854,9,6764976,120,165466,340327376,16/07/2017
17081,3,5,14,25,26,30,5,771574680,4,7764217,134,103142,311169340,13/07/2017
17080,1,12,16,20,22,24,8,761168290,10,6418690,103,172171,309113400,11/07/2017
17079,3,7,14,23,25,27,8,772154315,5,7420610,107,141390,338568770,09/07/2017
17078,5,7,18,19,22,24,16,763870919,7,7387529,160,130568,308678006,06/07/2017
17077,1,2,4,15,17,22,14,752910976,4,9715359,93,253513,310153396,04/07/2017
17076,1,4,8,9,14,15,13,721042021,7,7321488,115,176634,346391726,02/07/2017
17075,1,3,6,19,21,29,7,711353370,7,6363935,90,132604,320592160,29/06/2017
17074,2,6,16,23,30,31,2,720097616,16,6194147,548,43582,312167868,27/06/2017
17073,3,6,16,23,26,30,14,747555120,9,7099806,173,136548,347269730,25/06/2017
17072,6,11,14,23,26,30,2,740584900,11,6667226,94,243876,321195342,22/06/2017
17071,2,3,6,14,31,32,3,745151312,4,10000000,51,494080,322489468,20/06/2017
17070,1,6,14,22,25,26,12,709557056,4,9143511,92,225190,357559628,18/06/2017
17069,2,11,12,23,29,31,5,683978436,3,10000000,98,198460,326172358,15/06/2017
17068,2,6,10,22,30,31,15,655631053,7,8099564,102,265894,320912348,13/06/2017
17067,1,3,4,10,18,29,4,630964440,10,7036216,131,194295,356270498,11/06/2017
17066,1,4,6,17,19,26,3,624968496,8,7075823,103,201536,329821920,08/06/2017
17065,2,5,8,10,12,21,7,619300374,14,5907122,181,87705,320800086,06/06/2017
17064,2,10,16,22,24,28,15,654376180,5,9001480,158,158286,351655222,04/06/2017
17063,12,16,20,22,25,31,4,624355820,4,10000000,246,102608,307572084,01/06/2017
17062,1,7,22,24,26,31,10,588631018,2,10000000,50,413968,292747704,30/05/2017
17061,6,7,12,20,26,27,11,546535704,22,5719289,236,83815,327891234,28/05/2017
17060,5,10,13,24,26,31,4,613018696,4,9226054,113,186993,320553910,25/05/2017
17059,4,8,9,15,19,25,9,586532102,26,5191242,222,27997,306145516,23/05/2017
17058,1,9,13,22,28,32,11,702858272,8,7035961,111,183419,338794650,21/05/2017
17057,18,20,22,23,30,31,16,698067117,9,6821373,71,288597,314697362,18/05/2017
17056,13,14,18,19,21,28,6,697988120,8,7367832,184,128686,317424132,16/05/2017
17055,7,12,13,20,24,31,5,685895820,20,5718169,109,164717,342200872,14/05/2017
17054,2,3,9,23,28,33,8,746396522,2,10000000,73,227292,315730948,11/05/2017
17053,4,9,11,15,29,31,6,716619576,6,7534369,77,246854,316559816,09/05/2017
17052,7,8,18,24,29,31,7,704802480,5,8409592,182,117087,346847224,07/05/2017
17051,2,5,9,15,24,25,11,682920580,10,6175841,194,75762,315667040,04/05/2017
17050,10,12,20,24,27,29,7,700584945,5,8309640,64,323207,308163776,02/05/2017
17049,1,8,14,15,20,29,10,680077398,7,7636512,113,204154,326777700,30/04/2017
17048,5,8,9,14,15,19,7,664324529,11,5831308,107,106827,317465116,27/04/2017
17047,2,5,8,10,32,33,2,694177440,6,7801881,181,116100,313845556,25/04/2017
17046,4,13,14,23,26,32,10,677946402,6,7608231,95,205912,348845228,23/04/2017
17045,5,7,16,20,21,25,5,664910592,4,9399507,99,222197,320562564,20/04/2017
17044,8,16,19,21,31,32,6,636516015,15,6015002,81,234954,318935018,18/04/2017
17043,8,13,16,23,27,31,8,669647148,4,8333883,170,98055,348879160,16/04/2017
17042,1,2,4,7,10,23,4,652974432,8,7650480,69,384127,326995938,13/04/2017
17041,4,10,13,15,22,27,4,634663869,21,5832574,114,191711,322450520,11/04/2017
17040,15,19,23,28,29,33,4,691582671,13,5740931,82,146830,359413424,09/04/2017
17039,2,4,12,14,17,24,15,730094377,1,10000000,109,255711,330405710,06/04/2017
17038,1,4,8,13,24,27,5,656476865,5,8797176,191,124253,310673636,04/04/2017
17037,11,15,20,22,25,30,5,629265693,7,7634270,102,225979,346434206,02/04/2017
17036,1,2,5,10,24,27,15,613555992,4,10000000,134,212654,340257990,30/03/2017
17035,1,6,14,24,28,32,12,568068720,16,5671583,164,81900,342022594,28/03/2017
17034,4,7,8,19,32,33,13,618519064,8,7191847,146,150126,373962682,26/03/2017
17033,5,7,15,20,23,30,15,610298424,12,6829933,205,133897,346477046,23/03/2017
17032,5,8,15,24,27,31,11,609910623,63,5000000,284,6000,346410188,21/03/2017
17031,6,10,16,26,27,29,3,924910650,30,5458217,344,49951,377406752,19/03/2017
17030,1,7,9,20,23,30,2,1037107695,5,9250716,81,327987,350487064,16/03/2017
17029,2,15,21,23,25,30,10,1003660344,4,9172154,53,393599,343011048,14/03/2017
17028,7,8,12,13,22,30,9,977766651,9,6700085,152,125828,377657484,12/03/2017
17027,2,4,11,14,27,30,5,980689536,3,9954368,76,244458,344767540,09/03/2017
17026,3,10,12,19,27,30,8,954816000,30,5346265,385,33727,338217710,07/03/2017
17025,2,15,16,17,22,32,7,1076249141,11,6246929,176,97416,372684176,05/03/2017
17024,9,21,25,26,29,31,13,1093529538,6,8107050,120,194190,342020216,02/03/2017
17023,1,3,4,11,18,22,14,1072263213,3,10000000,108,223769,337872226,28/02/2017
17022,2,6,15,16,18,32,15,1029761908,4,10000000,63,452069,370988738,26/02/2017
17021,2,5,10,22,32,33,9,984320688,16,6097279,115,190831,329896520,23/02/2017
17020,4,8,10,12,31,33,10,1016040400,4,8928802,87,225793,321450250,21/02/2017
17019,4,6,8,12,23,25,8,992823572,4,8296217,111,148478,362828374,19/02/2017
17018,1,2,3,17,25,31,9,976565180,5,7041328,91,140201,332385048,16/02/2017
17017,3,7,8,10,22,23,12,973496920,5,7986377,120,155540,329086094,14/02/2017
17016,5,8,16,22,27,29,2,957434232,12,6237727,222,83630,349767606,12/02/2017
17015,1,8,9,14,17,32,1,976589244,4,9713530,101,233343,314977594,09/02/2017
17014,6,8,18,20,23,31,13,944740410,5,8280828,144,142397,307538720,07/02/2017
17013,8,11,28,29,31,33,6,924629020,10,6997500,99,252209,377878424,05/02/2017
17012,10,11,14,15,16,24,7,919697751,9,7016617,80,283586,329120186,26/01/2017
17011,10,11,12,23,26,29,16,914786466,11,6835064,229,110184,318019266,24/01/2017
17010,5,8,19,25,28,30,7,914275770,30,5251359,231,40805,350388682,22/01/2017
17009,2,6,8,9,15,29,14,1043538642,9,6976497,145,153348,318286702,19/01/2017
17008,7,13,15,27,28,29,13,1039620330,10,6455001,165,110227,318368112,17/01/2017
17007,2,4,5,24,26,33,15,1049607797,7,8376630,62,476540,358098002,15/01/2017
17006,2,4,8,26,29,33,8,1019607668,4,6946576,70,139041,327823184,12/01/2017
17005,6,11,12,22,23,30,5,1018195332,14,6083962,204,92986,328457210,10/01/2017
17004,5,13,17,26,27,30,7,1046462778,18,5946813,294,72460,361243290,08/01/2017
17003,1,4,8,15,27,32,16,1089595542,3,10000000,80,305874,328263696,05/01/2017
17002,15,19,23,24,25,32,3,1046185700,4,10000000,67,391374,333473696,03/01/2017
17001,9,11,14,20,25,26,15,1007519355,9,7522351,184,154219,376155592,01/01/2017
16153,7,9,16,24,25,29,6,990091165,5,7932287,247,74197,342438226,29/12/2016
16152,2,8,9,16,20,22,7,974772214,17,5986457,247,84867,338973816,27/12/2016
16151,6,11,16,20,22,33,7,1013655324,11,6923271,130,203422,375311070,25/12/2016
16150,2,4,5,9,13,21,5,1010476368,22,5849327,140,166832,350741078,22/12/2016
16149,3,20,23,26,32,33,7,1069092085,5,7413987,77,195940,342258704,20/12/2016
16148,1,2,11,20,26,30,14,1060899760,10,7088635,158,165240,381634232,18/12/2016
16147,4,14,18,28,31,32,12,1053462300,5,8475931,113,192252,341474648,15/12/2016
16146,3,7,15,16,17,23,10,1030668248,8,7329207,133,175128,344859752,13/12/2016
16145,1,3,7,12,19,20,6,1019425688,8,6264341,157,80531,398955964,11/12/2016
16144,4,10,12,27,32,33,5,1031610174,14,6201501,86,244491,372346108,08/12/2016
16143,6,9,23,24,25,33,13,1055352355,5,9007647,143,175159,378923738,06/12/2016
16142,1,10,17,21,23,30,12,1025247212,11,6818174,85,294116,407120242,04/12/2016
16141,4,13,15,17,21,24,15,1025247440,7,8186439,106,263031,371798444,01/12/2016
16140,1,2,5,17,26,32,10,998908480,16,5846950,84,201654,360447386,29/11/2016
16139,1,6,19,26,28,30,3,1041642655,5,9936561,94,328228,395456724,27/11/2016
16138,7,16,20,24,25,30,7,998764932,12,6052114,160,98635,350229764,24/11/2016
16137,1,6,9,10,15,32,14,1024045140,4,9970303,90,276127,339962622,22/11/2016
16136,2,7,10,20,27,29,3,989371808,8,7561764,117,218954,396457052,20/11/2016
16135,2,8,10,18,20,33,12,973012992,24,5536282,172,93537,353219786,17/11/2016
16134,11,12,13,14,18,33,13,1057618368,8,7841027,107,265516,356409344,15/11/2016
16133,15,16,21,22,27,33,15,1035115770,26,5803188,242,107866,397601552,13/11/2016
16132,5,8,13,19,27,28,7,1107687796,37,5063186,358,8163,349399364,10/11/2016
16131,4,10,18,19,25,27,2,1286258608,4,9353816,112,194366,341425796,08/11/2016
16130,3,17,21,23,27,28,1,1258366632,8,7792864,88,317370,389013348,06/11/2016
16129,5,6,8,21,31,33,14,1236923614,2,10000000,107,263616,356293078,03/11/2016
16128,4,9,11,17,26,27,13,1172302677,17,6039764,216,102291,346505806,01/11/2016
16127,7,12,17,26,29,31,16,1208693682,3,10000000,127,219909,377635784,30/10/2016
16126,2,6,12,17,18,19,10,1154908300,4,10000000,182,141981,347402822,27/10/2016
16125,1,6,8,20,27,30,3,1117386530,10,5815990,94,108509,346147358,25/10/2016
16124,9,15,21,24,27,32,10,1144946805,5,8691225,120,192251,370331346,23/10/2016
16123,7,9,12,14,20,27,16,1119192450,3,10000000,191,104821,305299416,20/10/2016
16122,15,22,23,24,28,29,8,1089129612,6,7245796,96,175452,305059324,18/10/2016
16121,2,3,10,23,25,28,9,1082073970,5,8817083,106,225063,340006950,16/10/2016
16120,2,5,6,21,25,28,9,1054589076,6,7457159,139,132580,309329228,13/10/2016
16119,9,19,21,30,31,32,4,1044045944,4,9261565,353,60362,302415052,11/10/2016
16118,9,14,22,23,31,33,14,1017168724,4,10000000,97,293175,338792784,09/10/2016
16117,3,10,14,17,28,33,2,971854560,12,6037315,167,93172,281128494,06/10/2016
16116,7,18,20,23,27,31,13,997623156,6,7593721,52,374094,268669114,04/10/2016
16115,6,8,20,22,26,27,9,984826752,13,6239088,62,324761,307770194,02/10/2016
16114,5,16,20,22,27,29,9,1005529350,21,5225680,103,57515,300350554,29/09/2016
16113,1,11,16,17,20,26,14,1097496306,6,7750731,95,217162,301675518,27/09/2016
16112,6,12,14,15,18,25,12,1082109240,8,6869523,105,178049,339124224,25/09/2016
16111,2,4,7,14,15,32,4,1080979719,3,10000000,68,362286,310894592,22/09/2016
16110,5,7,28,31,32,33,8,1037073225,5,7249839,55,255663,306664040,20/09/2016
16109,9,11,15,16,27,33,5,1031137928,8,6719240,93,184864,339043452,18/09/2016
16108,2,3,7,8,19,26,16,1033314654,6,7828306,174,121909,278530656,15/09/2016
16107,6,11,18,26,27,32,1,1016647606,13,6252404,230,88485,295842288,13/09/2016
16106,4,5,13,22,25,30,4,1036874166,6,8341196,119,210579,329967722,11/09/2016
16105,8,10,19,27,28,31,16,1011744422,13,6419550,153,150769,304435234,08/09/2016
16104,5,9,11,18,30,31,4,1025995488,2,10000000,72,319307,304391928,06/09/2016
16103,1,5,13,19,24,27,11,977024997,13,5957211,116,134092,334526552,04/09/2016
16102,5,8,10,14,17,30,13,1007804693,7,6951119,339,50360,304528374,01/09/2016
16101,1,3,19,24,32,33,1,1005245634,3,10000000,45,555671,303829992,30/08/2016
16100,3,10,22,23,27,29,4,960230040,4,9565716,87,262397,335027586,28/08/2016
16099,1,11,21,23,27,33,6,930007164,4,8811192,111,171675,300016648,25/08/2016
16098,2,8,25,29,31,32,6,908084049,3,9434877,63,263980,296350008,23/08/2016
16097,6,13,25,26,28,31,1,886496310,9,6754677,101,195446,327274678,21/08/2016
16096,6,13,14,21,22,24,16,888068045,5,8412890,110,193914,296887214,18/08/2016
16095,1,5,9,12,18,32,12,866140800,7,7075631,73,248791,297413702,16/08/2016
16094,6,7,10,12,18,31,10,861184896,4,8445845,83,207581,324311584,14/08/2016
16093,6,9,15,17,25,27,9,843280596,18,5501160,131,86077,298416216,11/08/2016
16092,2,13,15,23,24,29,6,908473144,19,5173091,97,42380,299992386,09/08/2016
16091,4,8,14,22,23,28,7,994429110,17,5986530,226,92760,329710234,07/08/2016
16090,2,13,17,20,21,26,7,1033308810,23,5443624,164,77769,294008068,04/08/2016
16089,1,3,14,30,31,32,8,1120249570,10,5749899,48,195286,288232376,02/08/2016
16088,3,14,16,18,25,33,15,1149627355,5,8643396,79,288243,320354148,31/07/2016
16087,2,3,10,11,14,21,12,1124530659,3,10000000,84,223543,288396896,28/07/2016
16086,9,10,11,12,15,32,5,1098197736,6,7936358,62,355204,286788850,26/07/2016
16085,1,12,19,20,21,25,16,1079747823,7,7380661,245,85023,319888112,24/07/2016
16084,2,4,12,18,24,26,5,1068920080,5,7742405,101,169703,288778286,21/07/2016
16083,9,16,17,24,30,31,4,1056212003,7,7237320,99,197743,291921542,19/07/2016
16082,6,12,14,15,17,20,9,1048143580,10,6151036,89,161662,323658370,17/07/2016
16081,2,6,15,25,30,32,7,1066490094,3,9665516,73,239666,288505018,14/07/2016
16080,1,16,17,24,25,32,14,1042999580,4,9610776,88,261975,288372472,12/07/2016
16079,1,3,10,12,24,28,2,1012281038,2,10000000,101,261205,322821956,10/07/2016
16078,2,4,8,23,26,29,2,953135832,6,8017845,65,348212,296681554,07/07/2016
16077,1,9,17,19,20,29,10,933341379,3,8718169,93,149926,294629008,05/07/2016
16076,7,8,13,22,30,32,1,917666478,6,8474321,112,232655,331977974,03/07/2016
16075,1,3,6,16,29,32,7,890340179,0,0,65,267736,295574016,30/06/2016
16074,6,10,11,12,20,25,12,838131500,62,5187134,154,94175,297584738,28/06/2016
16073,9,11,12,15,16,20,13,1116225045,5,7942362,80,229872,327032018,26/06/2016
16072,5,16,19,22,24,25,2,1100767568,2,10000000,79,250250,290670126,23/06/2016
16071,19,21,26,28,29,32,1,1061458288,4,10000000,83,312118,293734448,21/06/2016
16070,3,6,11,18,23,29,1,1023740893,7,7993400,264,99213,326894102,19/06/2016
16069,8,10,11,20,21,27,11,1001117928,6,7393248,168,106841,300232584,16/06/2016
16068,8,19,23,28,31,32,1,991629338,2,10000000,58,374629,295768168,14/06/2016
16067,9,13,18,20,27,31,4,946443820,5,8650159,117,194987,327487486,12/06/2016
16066,3,7,13,18,19,20,5,921254130,10,5930886,207,56212,275334312,09/06/2016
16065,13,16,22,25,26,27,14,945654750,2,10000000,87,249643,298326848,07/06/2016
16064,3,12,14,17,19,26,3,900497807,11,6487602,116,176332,332534594,05/06/2016
16063,16,17,18,23,28,32,7,910497831,0,0,83,179989,304409952,02/06/2016
16062,12,13,15,18,19,21,9,865680358,2,10000000,116,144808,305198008,31/05/2016
16061,5,6,8,18,20,32,8,835286844,21,5446101,127,92206,340147518,29/05/2016
16060,4,5,22,26,29,32,8,914524470,15,5000000,47,6000,320540202,26/05/2016
16059,4,11,12,20,25,28,15,989524476,9,7152757,153,158290,322601954,24/05/2016
16058,3,5,18,20,24,32,11,981243730,2,10000000,130,221092,357296334,22/05/2016
16057,7,12,19,22,23,26,11,915017488,11,6474964,256,79221,325499780,19/05/2016
16056,3,4,8,11,16,18,14,925399830,6,8206646,180,133610,326490562,17/05/2016
16055,5,6,10,16,22,26,11,902490160,11,6427695,232,84615,350383284,15/05/2016
16054,6,11,16,19,28,32,4,914302376,8,7321796,204,113813,324349586,12/05/2016
16053,2,8,10,12,29,31,1,903222855,5,8788619,165,143508,320149454,10/05/2016
16052,1,6,13,19,24,28,16,876129336,12,6940346,218,133510,353216208,08/05/2016
16051,1,2,4,9,15,33,12,872097902,2,10000000,58,392706,324257380,05/05/2016
16050,9,12,24,28,29,30,2,823767052,4,9301768,116,185421,308889140,03/05/2016
16049,6,8,13,14,22,27,10,796447605,15,5991728,172,108109,330279014,01/05/2016
16048,3,8,13,14,15,30,4,830538816,6,8287686,115,214414,329538828,28/04/2016
16047,2,5,8,15,17,22,16,806292000,5,8760984,172,136663,324937604,26/04/2016
16046,7,20,25,26,27,30,14,779578465,0,0,90,306830,364459490,24/04/2016
16045,4,9,12,17,30,32,3,696734182,1,10000000,86,289626,336323174,21/04/2016
16044,1,3,10,12,18,30,1,632010456,6,8428587,147,174927,335979238,19/04/2016
16043,5,14,20,26,30,33,12,605438772,6,7763996,88,235567,364494720,17/04/2016
16042,7,14,17,23,26,31,9,589832826,11,6077332,129,114831,334864386,14/04/2016
16041,12,17,18,21,22,24,4,612243516,3,10000000,98,252093,330501352,12/04/2016
16040,3,13,19,20,23,26,3,568128108,12,6812115,167,162764,365246422,10/04/2016
16039,1,3,7,18,19,27,16,568328305,5,9538029,189,150067,335090614,07/04/2016
16038,3,12,13,22,28,29,3,530930396,4,10000000,182,139400,325081790,05/04/2016
16037,6,15,26,31,32,33,16,494817840,3,10000000,97,293695,350165940,03/04/2016
16036,3,4,7,9,20,22,3,439352386,2,10000000,116,232827,348368584,31/03/2016
16035,4,13,19,20,26,29,11,378328346,11,6488004,187,109412,343407218,29/03/2016
16034,3,15,21,22,23,28,15,388316232,1,10000000,107,316678,380415644,27/03/2016
16033,6,17,18,20,27,29,15,296662312,2,10000000,119,245863,338637474,24/03/2016
16032,8,12,14,15,21,27,15,228889010,5,9626020,154,187744,339342300,22/03/2016
16031,3,8,10,19,26,33,3,190281234,13,6468063,191,124900,385818800,20/03/2016
16030,10,14,19,22,25,29,12,202797966,98,5069845,552,15500,351985986,17/03/2016
16029,12,15,18,20,21,27,15,673974740,5,9326970,99,273167,347727124,15/03/2016
16028,6,8,12,21,25,29,1,639478896,7,8456171,282,107239,370238316,13/03/2016
16027,11,13,15,17,19,31,5,607947604,4,9925874,213,115630,337818690,10/03/2016
16026,4,9,12,28,30,33,1,573762988,0,0,77,331168,329158276,08/03/2016
16025,4,11,12,17,24,30,12,497263041,19,5788878,420,44609,379126514,06/03/2016
16024,2,5,7,14,18,31,13,551044179,9,6751185,157,125483,344808140,03/03/2016
16023,3,6,10,19,25,29,7,552702346,14,6248533,235,92975,337590682,01/03/2016
16022,4,9,19,22,23,30,7,574633808,8,7138951,163,131224,370206784,28/02/2016
16021,9,11,13,22,24,26,5,567576885,5,8805503,172,138281,330776764,25/02/2016
16020,1,2,10,12,22,24,10,540251214,3,10000000,109,221318,317041006,23/02/2016
16019,6,13,16,17,23,30,10,497880207,51,5193713,231,53459,354746834,21/02/2016
16018,12,13,14,17,21,25,4,725711885,5,8773854,81,291192,316712952,18/02/2016
16017,5,6,8,20,22,30,5,698821392,12,6145307,189,90897,293890064,16/02/2016
16016,1,20,22,24,25,26,16,721026255,5,8896964,91,267648,316931514,14/02/2016
16015,1,2,14,22,25,26,7,692442990,5,8614366,87,259652,346224370,04/02/2016
16014,2,8,10,18,20,27,7,667745460,45,5259960,113,129405,321027466,02/02/2016
16013,7,12,21,22,26,31,1,860575404,3,10000000,100,299317,370420948,31/01/2016
16012,7,12,14,16,27,32,15,800780176,2,10000000,87,263012,336562836,28/01/2016
16011,3,8,10,15,22,29,12,752133812,43,5379006,232,87808,332990472,26/01/2016
16010,2,4,12,14,19,25,6,922316332,14,6423339,121,205854,359088730,24/01/2016
16009,10,14,24,25,27,32,4,937517775,3,10000000,71,348717,341116278,21/01/2016
16008,2,15,24,29,32,33,2,893240990,5,8931046,73,336562,355411856,19/01/2016
16007,5,12,14,20,27,29,6,864189106,11,6279407,155,113495,398316866,17/01/2016
16006,13,16,18,20,28,31,12,880487026,2,10000000,93,299879,357519610,14/01/2016
16005,11,14,18,20,31,33,14,816820648,56,5280769,55,357342,347622842,12/01/2016
16004,8,10,17,22,25,33,12,1053582237,9,7069276,299,77857,376467244,10/01/2016
16003,1,10,14,23,26,28,1,1047367656,12,6751087,170,154507,351825302,07/01/2016
16002,9,14,17,20,24,30,16,1049581785,5,8790536,231,102557,343096096,05/01/2016
16001,6,13,16,18,20,22,13,1022461915,5,9582130,154,185963,388445976,03/01/2016
15154,7,9,11,15,18,25,7,984457630,13,6389418,120,188150,364605498,31/12/2015
15153,8,11,15,22,27,29,3,999785925,15,6165149,143,152773,348341018,29/12/2015
15152,11,18,19,21,29,32,12,1026723516,14,6193104,102,204699,392322240,27/12/2015
15151,5,6,8,23,31,32,11,1050789000,5,8865922,74,326513,350309390,24/12/2015
15150,1,3,8,11,29,31,13,1022632570,1,10000000,225,106234,333813118,22/12/2015
15149,9,10,20,21,22,33,9,960924480,40,5301535,340,44343,368458204,20/12/2015
15148,9,13,14,22,26,27,7,1127755566,18,5603016,298,45529,330278892,17/12/2015
15147,8,9,16,23,24,30,5,1187906265,29,5490089,181,63623,331495570,15/12/2015
15146,16,17,21,28,30,32,15,1307571540,3,15000000,73,404824,368273034,13/12/2015
15145,7,8,15,19,20,24,13,1248915010,14,11042866,143,127623,327973844,10/12/2015
15144,1,4,7,15,28,32,16,1278764676,6,13347680,110,228250,330530758,08/12/2015
15143,13,15,19,20,21,32,4,1253527944,6,13732678,75,373267,363104978,06/12/2015
15142,13,17,19,20,22,25,11,1221938746,2,15000000,66,339541,326956020,03/12/2015
15141,3,8,19,25,27,28,2,1174709536,8,11187578,173,68646,329544366,01/12/2015
15140,6,20,28,29,30,31,12,1188582820,5,13972740,131,189539,363959858,29/11/2015
15139,1,10,13,18,25,27,9,1158957645,5,11728461,91,118712,323569236,26/11/2015
15138,1,2,8,16,19,24,11,1160191307,11,11032096,108,131401,317036346,24/11/2015
15137,14,22,23,27,28,31,12,1183970392,2,15000000,74,312975,357991902,22/11/2015
15136,2,5,12,23,28,29,1,1134489732,3,15000000,183,143147,332169672,19/11/2015
15135,1,12,14,18,26,32,7,1085902032,6,12239746,85,197624,323653256,17/11/2015
15134,2,5,14,19,27,31,4,1078946224,4,15000000,198,137589,359304970,15/11/2015
15133,2,3,13,20,22,24,15,1037218347,3,15000000,78,325494,318320120,12/11/2015
15132,3,5,11,28,30,33,1,991052692,7,12829235,72,343830,324697916,10/11/2015
15131,10,12,13,19,22,26,3,971589906,7,12572255,100,225072,352871146,08/11/2015
15130,6,14,15,16,17,22,10,957074000,5,13469588,179,121144,329910968,05/11/2015
15129,5,8,11,16,18,27,4,934367160,2,15000000,122,177273,330274852,03/11/2015
15128,1,3,8,11,22,28,6,889484982,17,6078953,188,121956,353929358,01/11/2015
15127,7,10,19,22,27,33,6,924043914,18,8214795,99,162453,323385694,29/10/2015
15126,10,11,15,20,23,29,12,978661552,11,11422859,290,67463,321292184,27/10/2015
15125,5,13,22,27,30,33,10,990620057,7,7002860,69,253985,342693238,25/10/2015
15124,2,3,5,12,18,27,1,987064991,11,6650569,117,193977,314656346,22/10/2015
15123,5,8,9,12,22,28,7,992135264,8,6960182,263,74531,312976520,20/10/2015
15122,5,7,11,16,22,25,7,989011240,14,5486082,178,47789,340964698,18/10/2015
15121,1,3,20,21,28,29,12,1040297060,4,9842976,69,350940,311696404,15/10/2015
15120,16,21,24,26,27,29,16,1007024322,1,10000000,136,143440,306978816,13/10/2015
15119,2,8,10,18,23,31,8,958500564,6,7323016,112,155559,336177996,11/10/2015
15118,1,4,11,21,23,31,12,950170804,11,6660657,52,439116,302094780,08/10/2015
15117,4,11,12,18,26,32,12,954935922,3,10000000,85,242823,276307776,06/10/2015
15116,4,6,15,23,26,28,11,923015828,7,7393402,153,136877,298345670,04/10/2015
15115,1,7,8,14,24,32,3,911942840,10,5332324,114,36439,275624372,01/10/2015
15114,4,7,9,13,21,26,1,952803917,13,6206821,259,75717,297013542,29/09/2015
15113,1,5,7,8,19,27,12,974660050,7,7964833,177,146566,337101348,27/09/2015
15112,1,3,10,19,20,27,11,952587008,4,8273625,126,129905,306859802,24/09/2015
15111,8,14,16,18,20,30,12,936577124,7,7615667,142,161176,307364620,22/09/2015
15110,5,7,16,17,22,23,4,921225536,11,6534179,189,111613,340689020,20/09/2015
15109,1,8,9,16,32,33,13,929816615,7,7968426,132,196770,317531670,17/09/2015
15108,2,12,19,22,24,27,15,907674399,9,6645746,136,136137,309769258,15/09/2015
15107,7,14,16,18,21,25,8,911942185,7,6913101,96,174371,337547646,13/09/2015
15106,1,3,4,23,31,32,13,910114980,6,7715174,84,242426,305793682,10/09/2015
15105,9,10,16,19,20,26,12,895314612,12,6067588,180,88965,304229202,08/09/2015
15104,9,18,21,23,25,26,1,920084183,0,0,87,317906,332604432,06/09/2015
15103,6,8,13,26,30,32,14,837110700,3,9692574,138,127515,284270680,03/09/2015
15102,7,9,12,14,21,23,6,813396960,5,6521873,107,88894,300065068,01/09/2015
15101,8,16,22,24,28,29,5,817471200,8,6617853,133,121643,333057658,30/08/2015
15100,2,3,11,17,19,21,8,821878422,2,10000000,107,154789,302573068,27/08/2015
15099,6,7,10,11,14,22,9,792191150,5,6792739,91,123127,297598058,25/08/2015
15098,6,9,13,26,27,33,1,792540978,3,10000000,145,187136,329104206,23/08/2015
15097,9,12,14,20,26,27,4,741136594,11,6333323,827,22168,298570222,20/08/2015
15096,6,16,17,23,24,31,7,755803560,10,6195096,100,149387,294260644,18/08/2015
15095,4,15,21,28,30,31,4,772938425,5,8725465,76,306370,325059832,16/08/2015
15094,1,4,6,13,16,17,10,746713280,5,7135415,85,157015,295713760,13/08/2015
15093,1,3,13,21,25,31,8,742351320,4,7438046,97,125672,292493392,11/08/2015
15092,9,15,19,21,26,27,1,735532810,5,9035361,359,70253,318089362,09/08/2015
15091,5,7,17,19,22,31,11,705046588,4,9088608,105,194695,285818388,06/08/2015
15090,10,12,14,22,25,33,15,680071900,2,10000000,50,499546,282983042,04/08/2015
15089,12,14,19,27,28,29,1,625139856,3,10000000,94,258676,311873350,02/08/2015
15088,2,12,20,24,29,31,9,582193066,13,6015726,41,402574,287667610,30/07/2015
15087,9,15,16,19,20,28,11,610880852,1,10000000,136,132818,280174514,28/07/2015
15086,5,6,8,16,18,22,12,566691000,6,7078639,115,135563,308129834,26/07/2015
15085,2,8,25,27,28,29,5,562393449,3,10000000,100,225652,285325214,23/07/2015
15084,15,18,20,22,28,29,15,524697570,2,10000000,69,313379,281884996,21/07/2015
15083,6,7,16,18,29,32,5,479827975,17,5885655,235,80085,315704384,19/07/2015
15082,2,8,9,14,28,30,7,523423566,6,6293747,97,100032,288017344,16/07/2015
15081,13,20,22,26,28,31,13,532076736,6,7344875,62,283654,278500218,14/07/2015
15080,14,17,25,27,28,30,2,523386294,6,8449609,122,212066,314150596,12/07/2015
15079,9,14,15,20,26,32,11,496467738,18,5184871,157,26494,291775556,09/07/2015
15078,3,7,20,22,26,29,2,577316625,3,10000000,139,152281,291936416,07/07/2015
15077,1,6,8,10,13,27,16,543815196,3,10000000,63,423405,324775100,05/07/2015
15076,1,9,10,19,23,27,9,493791571,17,5282081,167,35893,294088268,02/07/2015
15075,6,11,13,19,21,32,4,565604258,2,10000000,88,274170,292719690,30/06/2015
15074,4,7,21,25,26,29,8,513223352,2,10000000,79,261460,320107256,28/06/2015
15073,1,2,17,22,26,27,4,471257280,5,8090468,103,187528,293054328,25/06/2015
15072,1,3,5,20,21,31,5,453763345,5,7815743,82,214614,293363242,23/06/2015
15071,8,18,20,28,29,31,8,440046866,14,5327923,121,47426,308073950,21/06/2015
15070,1,7,13,19,21,29,15,497421825,5,8752485,105,223362,294607168,18/06/2015
15069,1,13,17,18,23,30,15,470825144,8,7071611,108,191815,292089158,16/06/2015
15068,6,15,18,21,26,27,10,465249696,8,7021659,188,107535,326767662,14/06/2015
15067,2,5,8,24,25,31,14,460773196,13,6415492,163,141115,296388770,11/06/2015
15066,5,8,11,17,24,28,16,475169355,5,8176228,255,77848,295073100,09/06/2015
15065,8,10,14,19,26,29,12,456496222,7,7823453,127,194529,326011866,07/06/2015
15064,11,12,14,17,23,27,1,437144743,7,7430580,163,130475,298850352,04/06/2015
15063,1,7,9,16,22,32,12,425356078,7,7072680,183,99103,291740962,02/06/2015
15062,9,14,15,18,21,26,16,420456986,2,10000000,88,280083,323470788,31/05/2015
15061,6,18,22,26,32,33,4,366514881,3,10000000,82,289341,300873544,28/05/2015
15060,1,3,18,27,31,32,13,325336905,5,7855899,76,234860,294398362,26/05/2015
15059,2,6,9,16,25,32,14,311068287,3,10000000,64,446676,327035284,24/05/2015
15058,2,9,10,18,19,20,15,255306348,9,6861751,229,91461,302422308,21/05/2015
15057,9,20,24,25,26,32,4,254227996,4,9523674,69,327802,298048220,19/05/2015
15056,1,7,8,16,18,20,14,224467579,7,7629173,120,191710,333455694,17/05/2015
15055,1,10,15,18,19,28,2,208855998,6,7550060,102,187504,308523870,14/05/2015
15054,1,2,7,10,22,26,7,196780010,10,6362719,82,207731,305342532,12/05/2015
15053,3,7,17,22,32,33,10,209305224,9,7062590,265,87562,337772948,10/05/2015
15052,2,4,11,16,25,26,12,203256114,17,5756703,85,189175,312855530,07/05/2015
15051,4,10,24,26,28,32,9,252880206,3,9394471,107,154011,311895918,05/05/2015
15050,3,9,12,16,17,31,4,231625820,4,8472759,82,211753,330490908,03/05/2015
15049,7,12,14,17,20,23,5,213425469,9,6471007,83,199383,304091626,30/04/2015
15048,13,16,17,22,25,27,10,222018030,13,5759356,61,202287,314318648,28/04/2015
15047,2,3,20,24,26,27,9,259871028,12,5599825,68,132314,353219880,26/04/2015
15046,5,7,10,14,23,31,1,300076800,2,10000000,81,310399,324849386,23/04/2015
15045,1,5,13,22,30,31,7,244649655,5,7425169,110,137793,317791860,21/04/2015
15044,2,3,4,13,14,16,2,236303584,44,5156691,170,50694,361973072,19/04/2015
15043,11,12,15,24,26,27,15,437343962,11,6547831,66,322464,333265010,16/04/2015
15042,9,10,19,21,23,32,8,445522068,18,5598638,138,97604,328582874,14/04/2015
15041,4,9,11,17,21,25,6,505889468,17,5645612,226,60704,355451862,12/04/2015
15040,13,16,18,27,30,32,16,560707072,4,9819869,54,446284,320385120,09/04/2015
15039,1,13,15,26,29,30,12,527688511,7,7136054,85,219887,304495842,07/04/2015
15038,5,6,11,12,14,33,14,521569463,1,10000000,81,307915,330881502,05/04/2015
15037,5,7,12,18,28,31,3,456745930,0,0,232,102953,311121894,02/04/2015
15036,4,6,16,17,26,33,3,385090460,5,8932993,122,201485,314978372,31/03/2015
15035,1,8,9,22,24,33,3,356011799,13,6360697,226,97837,354232116,29/03/2015
15034,12,13,17,18,20,27,13,372366860,5,8430978,201,106684,319035578,26/03/2015
15033,3,6,21,29,31,32,5,350190906,2,10000000,93,169838,316147976,24/03/2015
15032,11,14,16,18,29,32,16,322806048,6,8138892,98,240221,356881788,22/03/2015
15031,1,5,7,22,26,32,11,301014330,10,6554899,113,172002,322648288,19/03/2015
15030,8,11,14,15,16,26,7,308254584,6,7887970,104,208267,313853770,17/03/2015
15029,7,14,15,19,21,28,7,290603075,7,7243174,109,180071,350574266,15/03/2015
15028,4,7,10,26,27,28,14,282421976,8,7403315,292,82305,318360502,12/03/2015
15027,5,7,9,16,26,29,7,269549046,26,5000000,147,6000,313056664,10/03/2015
15026,2,13,17,21,22,33,13,399549056,16,6166894,131,178151,346132854,08/03/2015
15025,10,11,12,15,27,32,14,428205689,0,0,89,249092,301966294,05/03/2015
15024,9,11,16,18,23,24,10,361697874,6,7884587,83,260655,297320432,03/03/2015
15023,8,9,10,13,29,30,1,344102175,9,7263666,297,85744,371421794,01/03/2015
15022,4,7,10,16,23,25,10,333076429,7,7943574,242,106430,428626486,26/02/2015
15021,14,15,16,17,27,28,8,311412624,16,5736340,147,100182,369500210,17/02/2015
15020,1,4,7,19,22,23,4,359013634,7,7958367,175,147918,404738304,15/02/2015
15019,2,6,11,19,25,26,4,337065060,12,6636421,213,115240,363865754,12/02/2015
15018,6,9,12,14,28,29,9,343063140,10,6306199,207,78876,356589678,10/02/2015
15017,13,18,20,25,27,33,12,357142667,7,8393437,73,406747,405548808,08/02/2015
15016,2,6,10,15,17,31,13,326819010,10,6855593,96,241613,370190678,05/02/2015
15015,1,7,20,24,25,33,4,325790184,6,8041259,94,242653,369504840,03/02/2015
15014,2,12,16,19,27,30,11,305609400,72,5079945,634,11348,413004748,01/02/2015
15013,8,9,24,25,26,29,1,649780284,12,6841461,155,178205,371312910,29/01/2015
15012,3,5,22,23,29,31,6,649012056,21,5752465,91,217057,370574586,27/01/2015
15011,4,14,15,17,18,20,15,710557160,5,12000000,100,365932,448888738,25/01/2015
15010,1,2,3,8,21,31,9,650777351,7,8682598,78,252855,408876968,22/01/2015
15009,4,7,14,17,21,25,14,642387330,13,7600598,171,174033,406130598,20/01/2015
15008,4,7,10,16,20,22,3,641915910,6,10114138,146,177096,441162104,18/01/2015
15007,1,7,9,17,20,33,8,615032608,8,8148741,96,197785,396557494,15/01/2015
15006,1,10,11,29,31,33,13,613260305,7,9466873,156,170417,381704996,13/01/2015
15005,7,10,16,17,18,32,15,589772988,7,10254852,142,235774,434233966,11/01/2015
15004,2,14,15,16,23,24,10,551117080,5,10408414,84,253602,391871604,08/01/2015
15003,10,15,20,23,24,31,15,529251380,5,10593703,98,229190,389418150,06/01/2015
15002,7,15,16,25,28,32,5,504837957,13,7372062,152,171355,445131362,04/01/2015
15001,1,7,9,16,20,23,6,512536696,8,8455559,125,176444,389811558,01/01/2015
14152,8,13,15,20,21,25,12,504014400,12,7133222,99,196953,403970126,30/12/2014
14151,4,5,8,11,21,27,8,521118039,13,6578931,195,67475,436728282,28/12/2014
14150,3,8,14,22,24,32,9,557171217,9,7717144,161,112222,393965122,25/12/2014
14149,7,9,10,15,19,33,1,562421886,2,15000000,154,222360,386664128,23/12/2014
14148,1,2,5,12,15,16,13,479691558,9,8710675,133,219887,425097618,21/12/2014
14147,6,7,22,26,31,32,10,460352344,4,12241950,93,254943,385071740,18/12/2014
14146,1,6,13,20,29,32,1,428190888,3,13333333,100,329347,383982986,16/12/2014
14145,10,12,13,23,26,29,11,359386704,9,8297945,142,173252,428104998,14/12/2014
14144,3,5,6,9,10,27,14,350262546,6,10122305,191,135692,379438954,11/12/2014
14143,3,12,18,20,25,26,16,323244502,14,6998852,197,114111,375707362,09/12/2014
14142,6,21,22,23,25,28,13,343788680,5,12000000,100,318025,419262206,07/12/2014
14141,8,9,11,16,21,24,10,298381028,22,6335444,168,144194,374573402,04/12/2014
14140,6,10,11,14,17,33,6,355086600,5,9914504,102,178584,369928040,02/12/2014
14139,1,14,15,20,25,29,11,340012160,10,8062601,102,252769,416872552,30/11/2014
14138,4,6,13,29,31,33,13,333290635,5,11482317,126,222337,379450576,27/11/2014
14137,3,6,9,11,25,29,9,296658774,27,5906822,223,53162,377779080,25/11/2014
14136,3,16,19,27,31,32,10,405577188,1,15000000,112,247269,419949224,23/11/2014
14135,2,4,11,13,25,33,1,332494676,4,12500000,210,147183,380304722,20/11/2014
14134,5,16,22,23,26,28,2,279769385,7,10031378,124,254230,374813426,18/11/2014
14133,13,14,16,23,30,31,13,245415332,4,12006712,125,180268,417287252,16/11/2014
14132,5,6,14,15,18,33,8,215841500,5,9132195,81,164521,372487192,13/11/2014
14131,5,17,21,22,28,32,14,211523816,7,10041712,211,149834,396591384,11/11/2014
14130,1,2,10,24,30,33,10,176970840,3,13333333,77,344673,402591108,09/11/2014
14129,5,8,9,20,28,32,2,127351182,7,6428571,207,120794,359082268,06/11/2014
14128,5,7,8,17,18,24,14,87337680,10,6000000,180,122362,358520804,04/11/2014
14127,2,10,12,21,23,27,12,71262030,15,5666666,189,94735,405427926,02/11/2014
14126,6,11,16,17,22,27,1,92547000,28,6067086,425,58466,374635140,30/10/2014
14125,10,11,15,26,31,32,6,177881270,5,10893985,84,289731,369171242,28/10/2014
14124,2,17,20,24,31,33,4,149338971,3,8333333,72,452439,414603564,26/10/2014
14123,1,6,11,17,28,33,5,66611994,31,5504877,447,43767,374248054,23/10/2014
14122,6,9,11,16,20,29,11,178571232,16,5951266,156,121957,372450634,21/10/2014
14121,1,2,13,22,28,30,9,216715500,15,6326521,265,93857,414246034,19/10/2014
14120,1,7,12,16,23,28,4,236996485,23,5924705,375,70894,380941988,16/10/2014
14119,6,13,17,20,26,29,9,293508896,16,5570537,138,82686,374297910,14/10/2014
14118,5,7,15,18,26,30,3,348405240,15,6427135,328,81581,412610364,12/10/2014
14117,5,10,17,25,28,29,4,364535919,9,7417293,316,86058,376251864,09/10/2014
14116,9,10,14,15,19,29,16,349707904,8,7738382,178,153841,355472106,07/10/2014
14115,1,9,10,11,13,32,3,329463486,107,5206826,176,157176,393986920,05/10/2014
14114,2,7,23,30,32,33,10,803604936,4,7655494,64,207460,336622164,02/10/2014
14113,12,14,28,31,32,33,7,794394502,2,10000000,61,329010,376332046,30/09/2014
14112,1,15,16,21,24,30,3,754185552,16,5556035,150,74138,438774340,28/09/2014
14111,2,8,17,20,22,28,2,809720000,5,10000000,86,386831,391471380,25/09/2014
14110,1,8,11,13,19,30,6,759917456,4,9300795,143,150377,384948858,23/09/2014
14109,2,5,11,15,19,28,2,732608704,16,6744502,304,114769,437600916,21/09/2014
14108,3,8,9,20,23,28,2,735850612,14,6392168,357,68243,393047674,18/09/2014
14107,11,14,17,22,25,27,16,752252140,5,9244289,117,226724,387176276,16/09/2014
14106,9,14,17,18,21,25,15,718893160,4,10000000,124,257862,422052940,14/09/2014
14105,14,16,17,19,27,32,4,662968446,6,9151943,67,464769,379715550,11/09/2014
14104,2,6,12,19,27,28,13,624461375,5,9351116,372,73103,358170510,09/09/2014
14103,3,8,9,10,18,33,4,589633520,8,7120349,179,118455,396768732,07/09/2014
14102,14,16,21,24,28,31,13,582985842,3,10000000,80,346223,368749750,04/09/2014
14101,16,18,20,23,24,32,7,529892270,2,10000000,61,420623,359712392,02/09/2014
14100,1,6,9,10,14,16,11,472918194,3,10000000,90,260404,401949134,31/08/2014
14099,1,5,10,11,13,32,14,432609020,4,10000000,47,565778,358086522,28/08/2014
14098,2,13,17,20,29,31,7,392834215,5,8502424,77,284287,353151800,26/08/2014
14097,7,13,24,25,27,32,15,369675882,3,10000000,148,196578,390727104,24/08/2014
14096,12,14,17,19,22,24,8,312395240,4,9824585,86,280499,357432576,21/08/2014
14095,5,6,8,14,22,31,8,279324805,5,7265534,134,105668,348187212,19/08/2014
14094,1,10,18,20,23,29,1,273173708,2,10000000,79,363453,394513356,17/08/2014
14093,2,8,9,10,20,29,5,207035236,23,5209398,205,29366,361310882,14/08/2014
14092,3,13,18,19,22,26,7,308790808,8,6633423,185,88293,355694942,12/08/2014
14091,1,5,12,19,27,29,14,312855494,7,8264071,148,192977,395683536,10/08/2014
14090,5,9,11,19,24,32,13,285022119,17,5909390,201,96141,361007810,07/08/2014
14089,4,6,14,17,27,30,9,327508140,15,5545146,145,70493,349996988,05/08/2014
14088,3,6,11,14,16,29,15,380020836,4,10000000,100,261555,378895304,03/08/2014
14087,6,18,22,23,32,33,6,341554266,6,8003802,89,253129,346294212,31/07/2014
14086,2,4,10,12,14,30,8,321991524,6,8140814,147,160245,342885520,29/07/2014
14085,1,2,11,19,23,29,8,300168090,15,6219107,106,215644,383964576,27/07/2014
14084,1,6,9,10,13,25,8,324879900,6,7345069,107,164374,348439746,24/07/2014
14083,5,6,19,21,23,33,12,316186254,6,7954331,111,199616,342671260,22/07/2014
14082,2,4,20,25,26,29,11,297439788,6,8166275,90,263856,376072870,20/07/2014
14081,8,14,22,24,27,29,10,275196240,6,8256141,88,277512,345588442,17/07/2014
14080,5,14,16,17,25,30,7,251469908,1,10000000,254,83090,339602048,15/07/2014
14079,2,7,16,22,27,28,2,198155300,7,8316463,168,172732,371546996,13/07/2014
14078,2,3,5,6,9,17,7,169313373,9,6628498,112,163576,340877252,10/07/2014
14077,8,9,12,15,19,22,10,174008032,8,6647934,140,117709,335080206,08/07/2014
14076,6,10,12,17,18,33,11,177753477,3,10000000,76,324412,375634222,06/07/2014
14075,3,9,11,22,27,29,6,133787352,24,5641067,169,113799,341705034,03/07/2014
14074,1,3,6,13,30,31,12,211476892,1,10000000,88,239871,333005878,01/07/2014
14073,1,12,16,20,30,33,2,158150815,5,5000000,79,382345,368813894,29/06/2014
14072,1,3,7,13,19,32,16,92535036,3,5000000,106,243820,324184472,26/06/2014
14071,2,4,12,17,22,25,14,30000000,34,3043574,432,43988,332837230,24/06/2014
14070,1,7,9,19,28,29,7,46472150,25,5398171,199,62526,381932126,22/06/2014
14069,5,12,17,19,25,30,11,144097840,10,6146408,218,65734,344427596,19/06/2014
14068,4,12,13,22,27,29,16,162571614,3,5000000,122,235536,333498724,17/06/2014
14067,1,6,7,17,18,23,6,91365232,16,6218687,203,120067,369752334,15/06/2014
14066,2,5,15,17,18,21,16,117743004,3,5000000,89,308573,326106482,12/06/2014
14065,3,4,5,8,10,22,6,50353786,14,5000000,131,174687,331291864,10/06/2014
14064,2,9,15,16,29,32,14,51701734,14,5000000,287,76848,362553032,08/06/2014
14063,3,8,17,21,22,31,16,55534992,8,5000000,224,97522,318559312,05/06/2014
14062,6,9,15,24,25,26,9,30000000,58,1557886,396,22689,324555900,03/06/2014
14061,2,14,17,27,28,31,8,63402256,16,5000000,210,105096,348086982,01/06/2014
14060,3,5,14,18,25,33,6,77191491,1,5000000,156,104288,332537430,29/05/2014
14059,5,8,12,13,23,25,13,33384288,14,5000000,192,117768,332914310,27/05/2014
14058,2,3,12,13,14,25,11,35549494,38,5136638,213,30471,395239936,25/05/2014
14057,2,4,12,18,23,31,8,211270800,6,8117313,92,254128,357051002,22/05/2014
14056,1,11,18,20,28,29,1,189835134,6,8207897,117,205634,355820816,20/05/2014
14055,2,9,14,19,21,30,4,166904832,8,6995330,141,141512,399255230,18/05/2014
14054,1,4,5,11,29,30,14,163007572,14,6152102,331,73094,362404232,15/05/2014
14053,14,17,19,22,26,31,2,192683993,1,10000000,80,385716,357050160,13/05/2014
14052,9,13,15,28,30,33,8,130683658,14,5815978,152,112733,388520458,11/05/2014
14051,10,16,19,21,23,24,13,172124407,7,8087544,69,469843,355097144,08/05/2014
14050,3,17,23,25,26,32,13,153092388,6,7990218,117,230016,356974970,06/05/2014
14049,6,7,16,17,23,32,6,138239115,15,6218403,176,155761,395100460,04/05/2014
14048,6,9,16,17,24,25,16,167548980,10,6699431,209,121968,328158768,01/05/2014
14047,8,10,11,12,19,29,15,175063188,6,8550289,231,138322,367083108,29/04/2014
14046,2,10,11,17,18,22,10,151808850,10,6137017,121,140952,407325576,27/04/2014
14045,2,4,9,11,19,22,15,173383408,22,5886964,128,228670,375431708,24/04/2014
14044,4,9,21,27,28,33,12,234600372,4,9396243,136,193951,373074342,22/04/2014
14043,2,5,9,14,24,33,9,210637936,16,5583245,118,118626,415843112,20/04/2014
14042,12,15,20,25,28,33,14,267308119,0,0,90,415420,373018334,17/04/2014
14041,7,11,16,18,21,22,2,180069774,2,10000000,93,324163,365242842,15/04/2014
14040,3,4,6,11,12,15,8,129726387,9,6499969,119,170164,406009192,13/04/2014
14039,3,11,15,19,20,31,7,140977080,5,5000000,274,110166,363687932,10/04/2014
14038,4,7,22,23,24,33,16,95544036,9,5000000,111,293443,356364376,08/04/2014
14037,6,13,14,24,25,30,7,64542096,18,5872936,261,90303,385617546,06/04/2014
14036,1,7,8,9,11,22,3,115259940,30,5349374,351,44791,378585748,03/04/2014
14035,7,8,9,17,32,33,6,239056900,10,6852544,199,139639,385901784,01/04/2014
14034,1,3,4,8,25,31,6,242743280,20,5471886,102,138790,432189956,30/03/2014
14033,5,13,23,28,32,33,12,319148956,17,5965697,303,81271,403193612,27/03/2014
14032,1,2,14,22,29,33,7,363106803,3,10000000,94,281203,397424848,25/03/2014
14031,4,10,16,17,21,27,14,331429504,16,6710711,368,111568,443595958,23/03/2014
14030,12,18,19,23,24,30,10,343001056,8,7352776,208,135737,396594924,20/03/2014
14029,2,7,14,16,21,29,14,335945528,8,8317056,137,290545,396072528,18/03/2014
14028,6,16,21,27,30,32,5,309604392,8,7421842,72,403640,435709368,16/03/2014
14027,8,10,14,16,30,31,1,301167546,2,10000000,75,494198,384105632,13/03/2014
14026,1,2,5,6,11,23,14,234682846,2,10000000,135,249376,376888174,11/03/2014
14025,1,5,10,14,16,30,16,176129274,3,10000000,96,463736,420328670,09/03/2014
14024,8,10,16,20,23,30,9,102252288,24,5494247,288,61780,380942014,06/03/2014
14023,7,9,13,17,21,22,10,192597457,13,6506941,178,165086,379325720,04/03/2014
14022,4,6,7,10,21,26,16,208621864,8,7916237,110,318134,422477050,02/03/2014
14021,8,10,15,17,22,29,12,190297125,9,6781386,119,202090,376012996,27/02/2014
14020,9,14,17,23,24,25,15,195215928,4,10000000,118,312907,369800298,25/02/2014
14019,2,10,15,19,20,21,7,149062025,5,6752686,95,138369,409381396,23/02/2014
14018,13,17,18,21,30,33,15,152153450,5,5000000,51,738936,366787508,20/02/2014
14017,4,6,7,14,25,26,10,89220000,24,5330216,218,54531,354286552,18/02/2014
14016,2,3,7,13,21,24,8,189407019,3,10000000,106,265652,394728698,16/02/2014
14015,2,11,19,30,32,33,9,153702230,11,6247355,101,203775,345827928,13/02/2014
14014,4,9,19,22,25,29,15,174399960,10,6994695,128,233753,340281006,11/02/2014
14013,5,9,13,15,17,21,13,174532572,12,6357176,127,192355,447850102,09/02/2014
14012,1,8,11,19,21,24,8,193817286,6,7572430,79,293061,364615256,28/01/2014
14011,9,10,13,14,21,32,2,185230836,7,7928774,120,256267,400827700,26/01/2014
14010,5,7,8,20,31,33,11,168977284,2,10000000,207,127770,359922428,23/01/2014
14009,8,9,19,20,25,32,16,127264176,6,5000000,229,108965,348408848,21/01/2014
14008,5,14,16,21,29,30,12,99040432,8,5000000,189,182182,392135484,19/01/2014
14007,8,10,12,14,18,28,14,58697890,13,5000000,198,137874,346606050,16/01/2014
14006,3,4,7,17,21,27,14,30000000,70,4194362,296,81603,369941458,14/01/2014
14005,15,18,23,27,32,33,4,237244320,6,9383724,77,512383,414088906,12/01/2014
14004,1,4,19,22,24,25,15,201488460,5,9580091,113,303988,373155800,09/01/2014
14003,6,10,11,28,30,33,12,169237320,6,7804024,147,171674,363993362,07/01/2014
14002,4,21,23,31,32,33,4,157176954,6,8403112,105,291695,408021124,05/01/2014
14001,3,9,15,20,27,29,1,136130274,3,5000000,139,251264,371341368,02/01/2014
13154,7,11,14,19,24,29,5,69636912,16,5625000,182,172542,382836786,31/12/2013
13153,8,11,13,18,28,33,10,76364070,6,6666666,116,282133,394373774,29/12/2013
13152,4,6,14,16,18,29,5,30000000,28,2774257,213,75813,353968798,26/12/2013
13151,3,9,10,19,28,33,9,30000000,45,5051762,391,31951,376460226,24/12/2013
13150,1,15,16,25,26,29,10,188178865,5,11579919,93,369348,409001896,22/12/2013
13149,9,18,25,26,30,32,11,155929878,9,8188009,117,239642,369490424,19/12/2013
13148,6,11,12,14,17,22,1,154199665,5,11973853,120,310865,354333120,17/12/2013
13147,2,15,16,17,19,30,8,117026496,18,6544074,132,202197,400947352,15/12/2013
13146,8,20,25,30,32,33,1,162543128,4,7500000,147,261336,404451866,12/12/2013
13145,6,10,13,16,23,24,15,92904565,13,5769230,237,105672,364933776,10/12/2013
13144,5,7,12,19,27,31,2,99467508,12,5833333,308,106753,406764784,08/12/2013
13143,12,18,21,22,27,32,11,82747368,8,6250000,90,280224,364973022,05/12/2013
13142,11,12,14,20,22,29,14,63900184,8,6250000,119,266147,356100256,03/12/2013
13141,3,4,5,25,30,31,4,30000000,25,4151240,180,40462,409703546,01/12/2013
13140,1,5,12,13,21,22,10,76786944,4,7500000,125,228983,359556480,28/11/2013
13139,7,8,11,13,21,27,8,30000000,25,4905577,184,89406,372082440,26/11/2013
13138,4,15,16,24,27,28,3,74254260,10,6000000,161,194166,402650432,24/11/2013
13137,4,17,19,23,24,27,10,51312261,27,5953328,420,56213,379293130,21/11/2013
13136,4,6,14,16,18,26,6,116962560,12,7096267,139,163545,369164734,19/11/2013
13135,9,23,24,25,29,31,12,139074525,5,7000000,113,309968,406720240,17/11/2013
13134,1,17,18,19,25,29,10,82346272,16,6687967,118,216196,372289714,14/11/2013
13133,4,7,12,19,22,25,1,119827596,12,7671892,248,133443,361709328,12/11/2013
13132,20,21,22,23,25,27,12,124670825,25,6197955,176,170018,420848208,10/11/2013
13131,4,6,12,17,19,26,9,199798632,18,6291307,130,152810,388319260,07/11/2013
13130,1,3,15,16,31,33,8,256689792,12,7637890,115,282452,385080972,05/11/2013
13129,5,6,10,14,27,31,14,262553088,4,12500000,144,299336,418710844,03/11/2013
13128,7,13,17,19,25,31,8,201975928,8,8483315,156,171793,381844688,31/10/2013
13127,2,3,13,20,22,33,14,197309615,5,11767862,216,165550,376726836,29/10/2013
13126,4,10,19,27,31,33,16,162711340,5,12000000,155,247917,408866622,27/10/2013
13125,4,6,8,18,25,28,16,123047728,8,9047241,308,108983,372984566,24/10/2013
13124,3,9,15,23,25,30,7,107102896,8,5000000,140,186561,347249642,22/10/2013
13123,1,2,6,11,17,25,2,86159328,12,5000000,109,277152,385822278,20/10/2013
13122,7,10,13,15,26,27,11,75670240,10,5000000,173,161020,345544080,17/10/2013
13121,4,5,6,7,25,27,7,60671480,5,5000000,155,135981,337100116,15/10/2013
13120,5,6,13,18,23,31,11,36491411,47,5263001,447,41480,404684072,13/10/2013
13119,5,15,20,22,26,32,9,240588702,9,6880734,83,305902,357071040,10/10/2013
13118,2,3,17,22,32,33,16,243272184,6,8693827,93,357467,343511272,08/10/2013
13117,9,12,13,24,27,33,16,217864773,19,6129010,232,138693,368579726,06/10/2013
13116,12,15,21,26,32,33,7,259236778,2,10000000,148,194817,312633700,03/10/2013
13115,3,12,16,17,18,27,8,211959722,13,6116365,122,178435,319974332,01/10/2013
13114,4,6,17,21,23,33,7,240677850,5,10000000,97,389940,398506774,29/09/2013
13113,4,7,11,17,24,33,9,202421233,7,7162340,147,154452,353992568,26/09/2013
13112,1,6,12,13,22,31,7,199580280,12,6452204,77,339476,344881702,24/09/2013
13111,1,2,3,6,8,33,13,216014150,22,5988146,252,129400,401502238,22/09/2013
13110,15,17,18,21,29,32,13,271666100,4,9320948,56,462958,341867256,19/09/2013
13109,9,23,24,27,29,32,8,248456620,5,7299549,103,167442,351155742,17/09/2013
13108,16,21,22,28,31,32,5,244712259,3,10000000,60,488705,384725718,15/09/2013
13107,7,9,11,17,28,31,11,206293472,7,7784397,120,243634,349907348,12/09/2013
13106,9,11,23,30,31,32,6,192566520,4,8223793,77,251204,344715810,10/09/2013
13105,1,11,23,27,31,32,9,180328590,5,8502830,70,375303,380197404,08/09/2013
13104,1,2,4,15,17,28,11,161543208,4,10000000,88,351414,339771188,05/09/2013
13103,2,4,9,13,18,20,7,129386045,5,8329891,111,224992,329389008,03/09/2013
13102,2,4,5,6,8,16,3,112762404,12,6847743,142,234220,374113680,01/09/2013
13101,5,7,9,23,27,32,1,117330108,4,7726709,83,197111,339246710,29/08/2013
13100,4,8,11,14,16,20,11,110063013,0,0,61,370237,324850520,27/08/2013
13099,5,11,20,21,26,31,3,57365841,13,5000000,173,150911,359490506,25/08/2013
13098,7,15,18,19,20,26,14,61447820,28,5506770,291,73142,333979300,22/08/2013
13097,5,14,17,22,23,25,7,165973926,3,10000000,152,175954,326153582,20/08/2013
13096,1,2,22,28,29,30,15,133568694,9,7504350,112,301863,364530978,18/08/2013
13095,1,6,15,19,28,29,10,122220820,5,5000000,144,183210,321839422,15/08/2013
13094,2,4,14,18,20,22,7,85662203,11,5984697,113,143783,320217972,13/08/2013
13093,1,2,8,26,29,31,14,113583018,2,5000000,111,325606,345826922,11/08/2013
13092,7,11,15,21,26,31,6,39250888,8,5000000,103,204927,311052518,08/08/2013
13091,4,14,24,25,28,31,10,30000000,22,3362188,61,308909,308670790,06/08/2013
13090,2,5,11,23,24,29,8,30000000,46,3882974,154,13183,372773264,04/08/2013
13089,4,8,12,19,21,25,13,173879650,14,6155652,210,115565,337088774,01/08/2013
13088,9,15,20,21,22,24,14,203431818,3,10000000,119,265091,332225112,30/07/2013
13087,2,13,19,23,24,28,5,159824838,6,7813525,121,209270,364306204,28/07/2013
13086,2,4,11,13,16,26,11,147621963,3,10000000,80,311029,326453274,25/07/2013
13085,2,8,12,14,16,32,16,119563094,7,8042847,135,236665,330145456,23/07/2013
13084,5,7,9,11,20,21,3,101313260,10,6976187,136,217961,373588034,21/07/2013
13083,5,6,12,14,19,23,9,101908566,18,5326203,225,39144,338036388,18/07/2013
13082,4,13,14,20,22,30,6,177229420,5,8012017,178,126910,326611872,16/07/2013
13081,1,4,10,13,21,31,13,164579200,4,10000000,122,273751,359745012,14/07/2013
13080,10,11,12,23,28,32,16,126651295,5,8444709,103,250828,327918824,11/07/2013
13079,7,13,17,19,22,26,13,108592428,12,6446471,102,255259,320512624,09/07/2013
13078,3,5,17,18,26,27,15,125198288,8,5000000,223,143305,355637236,07/07/2013
13077,9,14,23,24,26,29,3,90631848,31,5415508,186,103877,333114166,04/07/2013
13076,14,23,24,26,29,30,3,213429920,1,10000000,43,750283,326689120,02/07/2013
13075,4,6,9,25,30,33,14,148151453,0,0,47,656915,358276246,30/06/2013
13074,3,6,8,14,19,32,3,76109739,3,5000000,101,253083,320654782,27/06/2013
13073,2,9,13,17,20,28,11,31466432,19,5000000,185,99780,324559238,25/06/2013
13072,2,8,11,14,19,33,9,83394408,2,5000000,144,183800,351392580,23/06/2013
13071,5,12,21,23,26,28,9,31637441,11,5000000,173,70271,311914552,20/06/2013
13070,2,3,9,10,28,30,6,58271360,13,5000000,152,178396,296577242,18/06/2013
13069,7,16,17,18,30,33,6,30000000,105,2083167,190,187552,369339396,16/06/2013
13068,2,7,13,20,25,27,6,135584520,10,6912312,203,141303,329872238,13/06/2013
13067,1,4,9,15,22,30,6,137776720,16,5889617,163,130986,309743864,11/06/2013
13066,1,3,16,17,20,32,7,182192048,8,6025818,96,128227,368087166,09/06/2013
13065,7,18,19,23,29,30,2,201675690,5,9309082,165,195867,334460176,06/06/2013
13064,1,9,13,22,25,32,12,172812165,5,9400977,72,458435,328102052,04/06/2013
13063,10,15,18,20,23,31,12,142799949,3,5000000,84,380751,354390256,02/06/2013
13062,1,6,7,19,22,27,2,83172610,2,5000000,102,265431,313979568,30/05/2013
13061,5,6,7,12,13,18,12,30000000,43,3509802,830,20959,335064726,28/05/2013
13060,5,7,10,13,19,20,15,110329152,8,5000000,206,106307,368726696,26/05/2013
13059,3,10,18,24,27,29,9,99230450,11,5562668,134,69283,339381758,23/05/2013
13058,8,11,17,21,23,24,5,138757060,13,6573318,243,126253,338075776,21/05/2013
13057,13,16,19,23,26,28,5,152624208,6,7927462,146,180460,367207180,19/05/2013
13056,3,12,25,26,28,29,16,138712270,5,8816637,88,325281,330573576,16/05/2013
13055,8,18,19,22,27,32,6,116004306,6,7991149,97,277529,328924474,14/05/2013
13054,3,4,8,14,21,28,14,101137064,14,5000000,202,172767,367209526,12/05/2013
13053,3,12,13,22,30,33,14,89705790,5,5000000,132,215385,327360018,09/05/2013
13052,6,7,14,21,22,24,13,48367032,8,5000000,104,240523,320719928,07/05/2013
13051,8,12,15,19,28,29,2,30000000,33,5479124,450,61706,377856082,05/05/2013
13050,3,7,13,18,22,25,3,116018802,9,7054027,228,121620,331969178,02/05/2013
13049,10,13,14,16,21,32,14,114803190,2,5000000,41,727853,295889902,30/04/2013
13048,10,13,17,28,30,32,4,55171877,37,5456927,119,213104,379712106,28/04/2013
13047,1,8,11,17,27,30,12,167906106,6,8654750,116,283558,347274348,25/04/2013
13046,3,16,19,20,24,26,6,143084851,7,8147262,95,347855,352094234,23/04/2013
13045,6,7,8,14,23,31,12,123007759,7,7557675,138,194605,389847482,21/04/2013
13044,3,5,11,18,26,28,6,113248452,12,6411138,337,75372,355471956,18/04/2013
13043,3,6,14,15,17,25,16,130914304,16,5481602,247,46795,358568922,16/04/2013
13042,1,8,12,13,15,33,3,191650228,7,8484594,131,279299,396763590,14/04/2013
13041,2,10,12,17,23,24,5,165669831,3,10000000,295,88126,358260706,11/04/2013
13040,2,4,10,12,17,30,10,135009567,11,6144278,125,151044,352650578,09/04/2013
13039,1,2,14,15,24,29,6,158541908,7,8030721,94,338538,390740078,07/04/2013
13038,9,10,12,14,15,19,11,140504290,5,8453347,95,272632,328400842,04/04/2013
13037,2,15,18,27,28,32,14,122337450,6,7287992,157,131158,350336028,02/04/2013
13036,4,5,9,27,29,31,13,118017567,9,7536121,182,188118,393497514,31/03/2013
13035,1,14,15,17,26,30,2,105954843,3,5000000,78,405085,351498872,28/03/2013
13034,6,15,20,22,26,33,9,47229360,8,5000000,83,273693,339315898,26/03/2013
13033,5,6,13,17,19,28,1,34224132,44,5355031,567,41326,397248028,24/03/2013
13032,4,21,25,29,30,33,3,185170708,2,10000000,68,438576,365616360,21/03/2013
13031,3,13,14,15,21,33,3,135583170,10,6553055,125,186366,365951410,19/03/2013
13030,7,14,18,25,26,29,6,146756785,7,7771195,140,207839,405193314,17/03/2013
13029,6,7,10,19,23,29,12,133260864,12,6611365,473,61320,367189222,14/03/2013
13028,7,8,14,25,26,28,13,144919914,6,7577370,149,155680,363477764,12/03/2013
13027,1,2,4,12,21,24,12,136259354,11,6848640,126,242083,401897672,10/03/2013
13026,4,11,14,15,22,31,11,140421744,4,9397355,95,277727,357237076,07/03/2013
13025,16,17,18,24,25,30,8,116448192,27,5431843,126,138806,365053994,05/03/2013
13024,4,5,13,23,27,30,9,222298732,17,5847975,191,113211,397860528,03/03/2013
13023,3,6,15,18,30,32,5,271259788,4,10000000,145,215645,359844386,28/02/2013
13022,2,4,7,9,15,20,7,238299864,6,6902732,79,216766,349104140,26/02/2013
13021,1,6,17,19,26,31,11,239758883,7,7342133,104,236465,386291388,24/02/2013
13020,1,7,8,12,16,21,1,233771560,5,9109602,145,212565,337611102,21/02/2013
13019,1,2,5,16,20,26,6,207401535,5,8107555,93,250609,316958200,19/02/2013
13018,2,8,13,28,29,30,5,193557090,10,6796488,273,98708,364752666,17/02/2013
13017,4,6,12,30,31,32,9,198644874,3,10000000,93,291681,339247106,07/02/2013
13016,2,5,6,12,14,28,5,165350088,12,5755587,99,137379,327207104,05/02/2013
13015,5,6,7,11,13,18,15,202682481,3,10000000,158,222295,377989410,03/02/2013
13014,2,4,5,17,19,20,8,150729380,20,5786249,235,100372,348187310,31/01/2013
13013,5,6,13,19,22,28,9,211416895,19,5961726,259,105827,351745408,29/01/2013
13012,6,14,17,22,28,29,2,260734911,3,10000000,144,270305,389114476,27/01/2013
13011,3,12,17,24,27,29,9,199912372,11,6118580,113,163332,350274074,24/01/2013
13010,1,9,11,17,32,33,12,224151420,5,9286306,74,434422,347709230,22/01/2013
13009,1,4,9,13,16,23,2,195572596,4,9535536,100,272132,383674016,20/01/2013
13008,3,8,17,21,25,32,15,170217234,6,8240712,311,93782,341795384,17/01/2013
13007,2,9,15,22,26,32,1,151606540,2,7500000,148,228327,341246158,15/01/2013
13006,9,10,13,17,22,30,13,82757304,8,5625000,178,176778,374366198,13/01/2013
13005,1,13,14,25,31,32,12,49335143,11,5454545,117,251894,339352226,10/01/2013
13004,6,10,16,20,27,32,8,35567995,17,5294117,152,61143,337097616,08/01/2013
13003,22,23,26,27,28,33,9,98882604,4,6250000,90,271770,367773688,06/01/2013
13002,1,16,18,22,28,30,12,61810900,4,6250000,63,352455,303822912,03/01/2013
13001,6,8,14,15,24,25,6,30000000,20,5250000,271,71485,309153922,01/01/2013
12154,5,7,12,16,28,32,4,72256070,5,6000000,137,210394,349475260,30/12/2012
12153,4,5,11,21,27,28,10,30000000,14,5218719,167,97678,315610858,27/12/2012
12152,10,12,18,22,28,29,7,30000000,36,5621438,220,118444,327454924,25/12/2012
12151,5,14,24,25,26,32,1,154841736,8,8354668,109,300513,362492002,23/12/2012
12150,9,11,17,23,24,26,7,140248364,4,6250000,92,323576,325835512,20/12/2012
12149,1,5,13,25,26,32,13,90787310,2,7500000,116,261529,314338172,18/12/2012
12148,3,6,11,17,21,31,7,30000000,64,1702451,1293,8158,373006912,16/12/2012
12147,2,12,15,23,24,32,9,79342832,8,5625000,170,98430,330613366,13/12/2012
12146,1,5,7,13,29,32,13,80298625,5,6000000,107,143273,320313400,11/12/2012
12145,5,20,26,27,28,33,3,69528065,5,6000000,112,246918,349657358,09/12/2012
12144,3,10,12,13,27,30,4,30000000,25,2617222,125,104333,326127870,06/12/2012
12143,7,8,18,25,30,32,6,30000000,12,5416666,130,192233,322260704,04/12/2012
12142,5,18,22,28,29,31,6,30000000,13,5384615,80,194319,355971618,02/12/2012
12141,3,5,8,19,20,27,9,34662735,27,5520780,211,64415,331745670,29/11/2012
12140,14,18,27,30,31,33,15,147010059,9,7807514,188,161709,328890054,27/11/2012
12139,8,19,21,24,28,31,15,141340986,6,5833333,62,527982,359675456,25/11/2012
12138,1,7,16,17,19,21,14,94959540,4,6250000,109,240023,322213636,22/11/2012
12137,1,2,4,6,13,17,7,53913486,6,5833333,34,679581,323374784,20/11/2012
12136,2,7,8,17,21,28,11,30000000,37,5152273,155,131940,370704246,18/11/2012
12135,2,5,7,8,11,17,16,137915685,5,9567828,96,278736,334488518,15/11/2012
12134,2,5,6,7,13,23,15,118317829,1,10000000,84,247841,331006688,13/11/2012
12133,1,8,11,20,21,29,2,74740968,9,5555555,210,95178,364736358,11/11/2012
12132,7,12,16,17,21,25,10,73103371,11,5454545,92,154721,332827106,08/11/2012
12131,6,18,19,26,28,32,12,94889844,21,5443751,207,31295,334407788,06/11/2012
12130,1,3,15,20,22,31,3,189092919,3,11666666,59,516973,355629806,04/11/2012
12129,1,7,9,17,21,29,1,147922890,2,7500000,92,349761,331737426,01/11/2012
12128,5,9,12,29,30,31,5,82840707,9,5555555,135,123151,322643800,30/10/2012
12127,1,9,11,21,26,32,8,89047863,9,6592189,95,147311,373363120,28/10/2012
12126,3,5,12,15,23,24,7,110723595,15,6201040,169,115523,336798500,25/10/2012
12125,8,12,13,26,29,33,1,153184560,20,5994892,244,91585,337488334,23/10/2012
12124,6,7,21,25,27,33,11,215939945,5,10607733,158,218721,369201172,21/10/2012
12123,8,10,16,25,28,33,9,183343281,11,6971496,78,320893,334799840,18/10/2012
12122,12,13,19,22,28,29,11,196627122,6,9088351,100,292951,325004070,16/10/2012
12121,1,7,8,20,23,24,11,177801852,6,8592913,124,260775,355530542,14/10/2012
12120,1,4,20,24,28,29,16,153908152,2,5000000,77,358751,311866338,11/10/2012
12119,12,20,25,26,27,28,13,99452500,50,5378327,85,333818,321919326,09/10/2012
12118,5,6,7,12,15,28,11,302161536,12,6323576,166,143520,352094796,07/10/2012
12117,13,15,18,20,24,28,9,322454248,8,6519376,108,168819,285909300,04/10/2012
12116,3,21,26,29,31,32,3,332066730,3,10000000,44,585802,270974690,02/10/2012
12115,3,8,20,24,26,32,14,301924301,7,7829580,86,345472,330478202,30/09/2012
12114,1,6,11,26,27,29,15,287406651,3,10000000,115,257150,323638620,27/09/2012
12113,3,6,9,13,18,32,6,248404494,13,6229646,162,148012,321721194,25/09/2012
12112,8,15,20,21,27,31,6,273440988,34,5340317,203,85498,365453898,23/09/2012
12111,2,9,10,20,22,31,13,414514056,3,10000000,127,255332,334284550,20/09/2012
12110,3,7,10,13,22,32,9,368850496,16,6037754,218,114248,327652012,18/09/2012
12109,2,12,24,26,29,31,3,407340330,6,8882032,93,375680,366377520,16/09/2012
12108,1,9,12,13,19,28,13,379109848,8,6996216,139,172335,329301702,13/09/2012
12107,11,12,15,24,25,31,9,379185521,13,5878349,127,134864,325537564,11/09/2012
12106,13,14,20,22,23,32,16,415639168,7,8568525,72,520409,368837242,09/09/2012
12105,6,13,14,15,17,30,4,388189976,8,7054909,110,224171,332112822,06/09/2012
12104,4,5,9,10,19,28,3,387091800,20,5685538,176,116853,326123048,04/09/2012
12103,4,9,11,14,32,33,2,452814888,6,8999742,80,449971,364812438,02/09/2012
12102,13,25,27,28,29,30,15,422818756,4,10000000,122,263044,330626818,30/08/2012
12101,9,12,17,18,20,33,2,387938748,4,9975906,61,489433,332762926,28/08/2012
12100,5,7,15,18,25,33,10,358179682,7,6032184,150,72252,365221470,26/08/2012
12099,8,12,15,16,21,27,16,375116456,8,7359922,137,206708,334215270,23/08/2012
12098,2,12,19,26,29,31,9,367918020,12,5725876,107,122109,328680072,21/08/2012
12097,5,8,13,14,19,22,6,406141750,14,6077210,240,94255,362228722,19/08/2012
12096,4,7,11,16,29,33,7,438439386,11,5599637,124,79790,324279054,16/08/2012
12095,17,24,27,28,29,30,2,476949363,3,9886677,92,239022,324870412,14/08/2012
12094,6,9,14,16,23,33,15,455299281,3,10000000,120,298085,360208214,12/08/2012
12093,3,5,19,21,24,33,13,401835325,5,7499648,68,275696,324000944,09/08/2012
12092,6,13,17,18,28,32,3,395589720,10,6440282,218,99101,323643554,07/08/2012
12091,1,5,7,8,19,21,16,409582663,7,7372003,198,125788,363226218,05/08/2012
12090,2,13,20,25,29,30,11,403072608,8,7610296,67,467515,329354360,02/08/2012
12089,3,7,10,13,14,25,11,390866674,11,6358624,111,201957,323395064,31/07/2012
12088,3,5,23,24,27,31,15,408504504,6,8755663,122,277057,363501734,29/07/2012
12087,3,10,11,13,14,22,9,382169550,5,6777043,125,106622,333397892,26/07/2012
12086,8,9,13,15,22,23,8,384956516,14,5617453,209,62040,329772984,24/07/2012
12085,5,17,24,30,31,33,5,433345662,9,7047060,108,255882,365440332,22/07/2012
12084,2,10,20,26,28,29,14,432286812,6,8614316,100,325288,340543862,19/07/2012
12083,4,9,14,15,26,33,4,408072063,7,7834196,180,165328,337785246,17/07/2012
12082,2,4,11,18,22,29,6,393473628,9,7521170,269,126527,376633434,15/07/2012
12081,2,5,10,24,25,29,6,381747300,22,5655466,232,93234,335807634,12/07/2012
12080,4,9,14,15,16,27,3,455696645,17,5719094,181,101308,333462942,10/07/2012
12079,6,7,12,24,30,33,12,510135120,4,10000000,127,302348,373462380,08/07/2012
12078,8,15,22,24,28,33,12,460539066,6,8669544,90,366954,339534852,05/07/2012
12077,2,4,13,18,26,28,12,435495895,5,8435718,79,326175,337698126,03/07/2012
12076,11,18,22,27,29,30,15,417549411,3,10000000,81,358552,379484266,01/07/2012
12075,4,6,22,23,29,32,11,379783084,23,5747971,77,335129,351962062,28/06/2012
12074,15,16,18,19,28,32,8,451774750,5,8878517,70,415555,354427342,26/06/2012
12073,4,7,9,10,17,27,5,428293280,8,6717072,169,121922,383664428,24/06/2012
12072,2,3,7,9,13,30,6,433951832,2,10000000,96,329595,349310588,21/06/2012
12071,3,4,19,21,22,23,8,380122544,8,6606573,104,185373,359591294,19/06/2012
12070,2,3,4,24,31,32,11,387991070,10,6343817,121,166588,403726842,17/06/2012
12069,8,10,11,18,20,29,6,404395639,19,5767697,250,87517,363763394,14/06/2012
12068,5,17,22,26,32,33,10,462930039,117,5181964,120,266122,379754544,12/06/2012
12067,4,5,10,21,26,30,16,994705580,10,7001929,181,165905,415404644,10/06/2012
12066,1,2,9,26,29,33,12,994657342,7,8529512,158,234556,389067662,07/06/2012
12065,8,10,18,19,27,31,14,967890880,16,6540348,152,243212,396002414,05/06/2012
12064,5,10,11,16,23,24,11,986276964,12,6653804,135,220507,444563890,03/06/2012
12063,2,10,17,19,24,27,12,996662843,11,6604802,95,278728,420166696,31/05/2012
12062,2,13,16,17,20,31,7,1007530788,4,5573816,102,33753,422402826,29/05/2012
12061,3,8,11,12,14,18,14,1021792620,5,10000000,136,285981,451440342,27/05/2012
12060,7,10,13,16,17,29,1,981041268,1,10000000,155,265113,394479944,24/05/2012
12059,4,13,21,22,26,31,1,895158438,6,9270173,205,187471,389786618,22/05/2012
12058,3,6,15,20,25,26,4,861105840,4,10000000,204,182415,416752864,20/05/2012
12057,3,5,19,21,27,31,4,814275846,3,10000000,143,256611,367753954,17/05/2012
12056,4,7,14,17,26,31,10,758653203,11,6590332,193,135961,363402618,15/05/2012
12055,4,6,13,20,24,28,1,769919052,4,10000000,110,296460,396120110,13/05/2012
12054,6,14,18,20,30,33,14,733827565,5,8743780,64,438724,356190234,10/05/2012
12053,4,15,22,25,27,33,4,712030309,1,10000000,140,238588,342378036,08/05/2012
12052,2,3,5,6,20,24,4,644091290,5,9086512,104,294700,383696656,06/05/2012
12051,2,12,14,17,30,31,9,618009885,5,8525197,116,227922,340256786,03/05/2012
12050,7,13,15,17,19,24,11,598944924,6,8434603,98,315422,319513602,01/05/2012
12049,4,12,13,19,20,32,2,577425876,6,8684491,95,349057,370994838,29/04/2012
12048,1,5,14,22,24,30,10,552158516,7,7348060,86,286681,352087342,26/04/2012
12047,6,7,11,16,32,33,11,546067464,6,7522813,85,267121,346381150,24/04/2012
12046,4,12,19,20,23,33,6,538225270,10,6536548,209,110278,391900112,22/04/2012
12045,8,11,20,21,27,30,9,549811570,7,7320363,165,147659,356502588,19/04/2012
12044,6,9,10,14,22,25,3,544205207,7,8299647,123,281677,356462184,17/04/2012
12043,2,9,11,21,26,33,3,521461388,14,6362767,152,188277,394668460,15/04/2012
12042,5,6,11,19,24,28,16,543764552,8,7761863,225,147299,353943408,12/04/2012
12041,8,11,15,20,24,32,2,528527286,6,8680361,77,430172,356306648,10/04/2012
12040,3,8,9,22,25,31,10,503321868,18,5689869,211,88277,391299304,08/04/2012
12039,1,2,5,13,22,29,8,562277750,5,8333889,68,367708,343264490,05/04/2012
12038,9,10,11,15,19,33,16,545604136,4,9950939,102,291231,323004056,03/04/2012
12037,5,14,19,24,28,33,9,516094744,4,10000000,165,213492,393044730,01/04/2012
12036,2,11,13,18,19,26,9,473900100,12,5572405,110,93666,360667728,29/03/2012
12035,9,11,12,21,24,26,5,516727952,16,5926804,132,168509,358931126,27/03/2012
12034,2,3,8,23,32,33,16,559655765,5,10000000,140,271705,399671360,25/03/2012
12033,2,3,15,16,17,27,4,520898790,15,6337398,388,77555,367684820,22/03/2012
12032,1,2,10,17,22,24,4,545746332,2,10000000,50,608921,364723646,20/03/2012
12031,4,16,22,24,27,31,3,494705544,4,10000000,108,370142,405489418,18/03/2012
12030,9,10,17,18,21,31,8,441429534,9,6076022,133,109220,360021696,15/03/2012
12029,4,7,15,25,26,28,3,462219036,4,10000000,135,228393,363574384,13/03/2012
12028,10,15,20,21,28,30,11,430275054,6,8433553,142,217619,408320996,11/03/2012
12027,4,16,22,25,30,31,12,408771750,1,10000000,72,440655,367033234,08/03/2012
12026,3,7,9,15,24,25,16,344741670,2,10000000,107,325028,364748574,06/03/2012
12025,3,8,9,17,25,27,6,283592844,12,6210008,226,96372,403316356,04/03/2012
12024,4,12,19,21,25,28,13,307292592,24,5678189,289,84480,364173592,01/03/2012
12023,5,9,15,23,24,33,2,386601237,9,7038702,216,127418,365582932,28/02/2012
12022,4,8,12,24,26,27,4,385730443,7,7204483,180,128594,397040802,26/02/2012
12021,1,15,16,18,22,30,3,382151985,3,10000000,45,671342,367729098,23/02/2012
12020,3,8,12,18,23,29,11,341661021,19,5758512,354,61066,363324150,21/02/2012
12019,7,14,18,20,22,30,16,400631707,7,8150045,130,254426,400412500,19/02/2012
12018,3,5,6,22,26,32,15,380505912,4,10000000,78,466381,361743346,16/02/2012
12017,6,9,14,19,25,28,10,335624562,26,5647487,237,106548,360962760,14/02/2012
12016,2,5,12,17,22,25,8,423537888,16,5793774,278,68527,391806944,12/02/2012
12015,1,3,6,10,21,23,15,471786918,3,10000000,77,317628,344966404,09/02/2012
12014,1,2,5,16,28,30,12,444719580,59,5208873,112,165047,332394836,07/02/2012
12013,6,8,24,29,30,32,13,708910740,10,7153653,164,196980,382213084,05/02/2012
12012,15,17,18,20,23,27,1,705069412,2,10000000,75,337508,330682334,02/02/2012
12011,4,14,15,16,20,26,5,666005385,15,5501852,212,53262,322471622,31/01/2012
12010,1,3,13,19,25,26,10,722185940,4,9684099,112,250933,350707306,29/01/2012
12009,4,16,24,26,27,33,11,695344944,7,7738273,76,279630,371864904,19/01/2012
12008,1,12,20,23,24,29,8,694925145,5,9838366,108,266553,349794196,17/01/2012
12007,10,17,19,27,28,32,4,671945560,5,10692340,88,399915,386798560,15/01/2012
12006,2,22,25,29,32,33,8,638291299,17,6108129,127,163443,365269490,12/01/2012
12005,7,9,18,27,31,33,6,688695791,7,8838231,102,321582,373157878,10/01/2012
12004,1,5,10,11,21,23,16,669026740,4,11250000,153,222629,422246096,08/01/2012
12003,3,6,8,24,29,31,9,629548166,26,5307916,165,27325,376556854,05/01/2012
12002,2,3,7,9,10,32,13,752033556,17,6568417,101,321729,369663804,03/01/2012
12001,1,4,5,9,15,17,6,782875794,6,9494234,110,299528,433902388,01/01/2012
11153,5,8,9,10,20,25,13,757962272,16,6856586,282,131411,403874136,29/12/2011
11152,4,10,11,12,21,26,13,776198815,7,9253543,285,130393,394544922,27/12/2011
11151,7,11,16,19,31,33,10,749261802,6,9932855,190,194187,428101842,25/12/2011
11150,8,10,12,15,22,27,13,717768968,8,8289213,215,148700,385439474,22/12/2011
11149,4,5,6,7,23,31,16,704484700,1,15000000,225,160785,365612730,20/12/2011
11148,5,14,22,23,25,26,14,630072378,6,9214741,105,289835,403588782,18/12/2011
11147,4,8,12,17,18,30,10,609351248,16,6570947,275,109828,369715120,15/12/2011
11146,11,23,26,28,32,33,10,639013370,5,9194616,163,146991,367466864,13/12/2011
11145,2,4,14,15,26,30,4,624080666,11,7107438,249,109529,399835362,11/12/2011
11144,1,2,9,10,16,24,3,633626105,7,8950812,78,435686,365097322,08/12/2011
11143,7,8,12,14,15,30,16,611986880,4,11250000,90,375290,359074808,06/12/2011
11142,12,15,16,26,29,31,2,573175899,3,11666666,83,381361,395266644,04/12/2011
11141,2,4,6,19,24,29,11,529318827,9,7264264,192,120143,353185652,01/12/2011
11140,4,18,20,22,27,29,6,535872860,5,9666056,53,518781,349582200,29/11/2011
11139,8,20,24,27,30,31,3,515047152,6,9646035,72,476587,387797344,27/11/2011
11138,1,5,15,24,28,32,7,487856614,7,8512034,252,116572,348154674,24/11/2011
11137,2,11,18,23,30,33,13,473896000,5,8768592,128,162222,340607254,22/11/2011
11136,2,4,6,20,22,31,7,464288592,4,11250000,86,355324,375968636,20/11/2011
11135,12,13,17,20,25,26,12,432986892,3,11666666,62,419705,335103670,17/11/2011
11134,1,2,6,7,30,31,10,402269556,12,6641721,84,262511,337761116,15/11/2011
11133,12,14,20,21,25,31,16,425517897,7,9338759,75,507426,376474284,13/11/2011
11132,2,5,12,13,25,33,7,397089600,10,6654309,138,125468,340242582,10/11/2011
11131,2,7,9,17,21,25,1,418231870,5,9961151,131,226783,329212830,08/11/2011
11130,7,14,18,23,25,32,15,393717483,3,11666666,86,330170,368707538,06/11/2011
11129,7,10,11,21,23,26,6,357463184,8,7444093,120,181909,336342794,03/11/2011
11128,9,11,14,17,19,23,12,361081322,7,7458146,109,167986,330310278,01/11/2011
11127,16,19,22,23,27,29,11,365563744,8,7434426,93,233474,366718126,30/10/2011
11126,3,7,13,18,23,26,16,369375226,2,12500000,198,165315,329809254,27/10/2011
11125,3,10,15,24,27,32,8,312999380,10,6233335,117,94017,322501850,25/10/2011
11124,9,18,19,26,31,32,16,344665993,7,8751022,123,259233,356985192,23/10/2011
11123,1,4,5,14,19,28,16,326523090,3,11666666,155,211230,329433846,20/10/2011
11122,10,12,18,26,27,31,3,280128023,7,7026731,142,149863,307852112,18/10/2011
11121,4,14,22,25,32,33,2,279660224,2,10000000,39,783201,342602202,16/10/2011
11120,4,14,17,28,30,33,7,228388853,11,5309612,107,47744,307300204,13/10/2011
11119,9,12,14,19,28,32,1,274874502,3,10000000,81,368865,310270074,11/10/2011
11118,5,6,11,14,20,21,10,235158912,6,7692874,163,148686,346558714,09/10/2011
11117,8,10,19,26,28,30,4,224765796,3,10000000,180,125558,284670324,06/10/2011
11116,1,7,11,12,17,27,5,202031320,20,5629502,135,139889,270660014,04/10/2011
11115,7,8,9,12,17,33,16,270556202,2,10000000,123,220636,306169962,02/10/2011
11114,1,14,15,16,30,32,9,227233590,6,6713165,75,205579,297745236,29/09/2011
11113,6,10,11,25,32,33,5,231536104,4,8965249,84,283232,301463604,27/09/2011
11112,3,5,16,18,23,24,15,211883612,4,10000000,194,172756,335373070,25/09/2011
11111,1,3,5,20,25,27,4,173682690,5,8307736,76,326421,301379048,22/09/2011
11110,12,14,21,26,28,33,12,157335982,1,10000000,46,572431,291747572,20/09/2011
11109,1,3,9,15,16,33,15,105894980,5,5000000,92,364237,319837948,18/09/2011
11108,2,17,22,26,29,33,10,52705268,4,5000000,72,254198,282794584,15/09/2011
11107,4,9,16,17,22,29,15,30000000,36,4981416,428,39730,287460888,13/09/2011
11106,2,11,12,14,24,32,14,139653840,5,5000000,118,238145,313930786,11/09/2011
11105,4,6,23,25,27,28,1,99084564,6,5000000,163,159989,292666602,08/09/2011
11104,9,10,16,20,25,29,9,68235192,24,5474058,193,88425,300386562,06/09/2011
11103,4,5,10,13,15,16,12,159791712,8,6857389,77,289463,334043508,04/09/2011
11102,1,5,13,21,27,31,11,162643920,12,5904141,116,140297,303886824,01/09/2011
11101,6,10,19,23,29,31,6,195519685,5,8187546,100,239065,295906364,30/08/2011
11100,7,11,21,23,31,32,5,180675360,5,8933494,138,213776,323046340,28/08/2011
11099,10,12,13,21,26,27,14,156506688,3,10000000,61,442666,287051218,25/08/2011
11098,3,7,20,21,22,32,5,123500432,2,5000000,51,525704,283485974,23/08/2011
11097,9,17,19,20,21,26,16,70941649,19,6047982,108,276551,323418670,21/08/2011
11096,1,4,7,13,14,19,15,116162472,4,5000000,106,250390,288032952,18/08/2011
11095,3,7,8,10,23,24,5,74232601,19,5762690,126,172513,293229282,16/08/2011
11094,9,11,12,17,18,19,5,133004802,14,5977783,124,165592,329858052,14/08/2011
11093,4,7,11,13,23,30,9,168782368,16,5714665,112,153142,300330150,11/08/2011
11092,5,10,17,26,31,32,4,220195756,4,9755247,107,266649,296160020,09/08/2011
11091,9,15,21,23,28,30,3,192643284,4,9469900,81,331103,330377834,07/08/2011
11090,2,5,14,18,21,25,16,167944280,2,10000000,76,358554,302158754,04/08/2011
11089,1,2,11,24,29,30,12,124360665,11,6333194,96,229142,299010020,02/08/2011
11088,3,9,17,20,21,29,4,142697808,8,7293508,154,178714,327675114,31/07/2011
11087,2,3,4,5,18,28,1,136827640,10,6784021,119,224876,296896504,28/07/2011
11086,6,7,9,12,17,24,9,142227111,113,5140840,110,217023,334074814,26/07/2011
11085,3,6,11,21,24,31,10,667439560,10,6706303,221,115812,371696466,24/07/2011
11084,9,10,12,16,18,32,15,674781990,5,8954854,68,436197,348473896,21/07/2011
11083,7,16,18,24,28,29,6,650346305,7,7466947,95,272662,346077740,19/07/2011
11082,7,16,17,20,25,26,4,642174720,16,6165379,179,156252,388800864,17/07/2011
11081,6,14,19,23,25,32,12,675559532,4,9466253,128,209355,347690264,14/07/2011
11080,2,7,9,25,31,32,9,650897000,10,7059178,77,401138,348447154,12/07/2011
11079,3,14,15,16,24,29,5,649417535,5,8972101,81,367787,391447400,10/07/2011
11078,3,5,13,20,22,29,9,624766272,13,6220044,101,235553,365761038,07/07/2011
11077,1,7,8,15,26,29,10,650114820,10,6846344,131,211413,366916974,05/07/2011
11076,6,19,21,26,32,33,13,653956218,1,10000000,96,338515,382839880,03/07/2011
11075,7,9,10,12,31,32,13,588128854,2,10000000,64,424849,343341640,30/06/2011
11074,2,21,26,28,29,32,1,544684626,6,8431330,29,1064895,344333482,28/06/2011
11073,3,4,5,12,17,21,14,523214664,7,8337482,127,275933,362922526,26/06/2011
11072,1,6,10,11,18,27,12,499808730,6,8651991,107,307176,313897806,23/06/2011
11071,1,2,15,22,28,30,2,475028862,3,10000000,57,503040,310534104,21/06/2011
11070,1,3,5,12,21,28,12,438124428,7,7305934,219,110558,342264942,19/06/2011
11069,2,13,16,18,24,30,12,432770570,5,8645764,105,260411,308628372,16/06/2011
11068,3,7,10,15,19,24,10,412198518,6,7432612,148,147929,296012586,14/06/2011
11067,17,19,20,24,25,27,12,405709326,3,10000000,69,475534,321776484,12/06/2011
11066,4,6,14,17,30,32,12,359148246,3,9265251,52,369108,284641290,09/06/2011
11065,4,16,23,25,27,29,3,342158860,1,10000000,59,457220,276483886,07/06/2011
11064,3,6,7,29,30,33,2,289214904,6,7943823,117,226447,308305132,05/06/2011
11063,4,6,13,15,18,19,5,275057552,7,6522591,60,266453,286784814,02/06/2011
11062,4,8,9,10,29,30,3,283412196,12,6304967,162,144996,292576106,31/05/2011
11061,2,3,8,13,19,21,3,304263180,20,5353158,116,91334,329490066,29/05/2011
11060,10,11,13,21,27,31,1,386605260,4,8731087,81,276376,294946664,26/05/2011
11059,24,26,27,29,31,33,16,369294390,6,8536118,92,345924,297661236,24/05/2011
11058,7,18,22,30,32,33,6,346252616,8,6359405,83,196540,321880622,22/05/2011
11057,4,6,20,21,26,33,2,359064498,2,10000000,57,496468,293874448,19/05/2011
11056,13,16,19,20,23,25,10,313034238,6,7758288,59,420755,294519332,17/05/2011
11055,8,13,16,17,29,32,16,301659908,4,9104892,95,259256,323409932,15/05/2011
11054,8,11,16,17,22,33,8,280610991,3,10000000,94,264816,290127160,12/05/2011
11053,3,6,10,12,22,30,15,252527907,3,10000000,216,128883,282819042,10/05/2011
11052,4,5,8,19,27,28,8,217570635,9,6421631,201,95482,314222356,08/05/2011
11051,1,7,11,14,15,16,14,230583935,5,8890877,65,448947,289337386,05/05/2011
11050,4,5,19,22,28,29,15,206947968,6,7975173,141,189904,276013398,03/05/2011
11049,1,11,17,18,27,31,14,192320366,2,10000000,188,160377,298097446,01/05/2011
11048,10,14,18,25,26,27,15,141967976,0,0,65,431415,280257800,28/04/2011
11047,4,13,23,25,27,33,14,76536648,3,5000000,78,332883,278338352,26/04/2011
11046,9,17,18,26,29,30,8,30951895,15,5000000,241,106511,322849314,24/04/2011
11045,2,16,17,20,26,32,8,30057041,13,5000000,69,293096,296409720,21/04/2011
11044,3,14,16,26,27,31,9,46868535,9,5000000,144,80571,289688506,19/04/2011
11043,4,13,14,17,25,31,4,64796400,75,5102262,259,44418,358996258,17/04/2011
11042,5,13,15,17,19,21,15,420622284,6,8528152,107,296760,321302904,14/04/2011
11041,4,10,12,13,30,32,13,397699998,3,10000000,93,365678,308500156,12/04/2011
11040,5,11,14,24,26,28,13,348347810,5,9765244,77,464147,345011574,10/04/2011
11039,3,7,10,16,24,29,13,313782252,6,7352520,188,112620,311094814,07/04/2011
11038,2,14,15,19,23,24,12,308494455,3,10000000,92,257225,289140916,05/04/2011
11037,1,3,4,6,17,25,11,283276620,10,5749002,106,105990,330231608,03/04/2011
11036,2,11,20,22,24,31,5,314551555,5,7633326,114,173245,315826494,31/03/2011
11035,13,14,18,20,27,31,2,306634971,3,10000000,96,247614,311694488,29/03/2011
11034,13,14,17,19,24,31,8,281169434,7,7028354,44,484039,345909126,27/03/2011
11033,2,8,12,13,19,29,4,280673240,8,6390297,212,78696,307522678,24/03/2011
11032,3,5,7,13,14,15,15,292867289,13,6071368,230,90833,302968920,22/03/2011
11031,16,17,24,28,29,32,12,323047830,1,10000000,52,578418,336612714,20/03/2011
11030,2,9,19,24,25,33,10,262866360,20,5521757,145,107949,304099208,17/03/2011
11029,1,4,9,10,20,31,7,336778491,7,7001758,98,214474,298361906,15/03/2011
11028,1,4,5,14,16,17,1,336747720,6,9019020,148,244399,341754088,13/03/2011
11027,13,18,21,22,25,26,1,306462410,5,8584210,105,256015,304417422,10/03/2011
11026,7,8,17,19,21,26,12,286659780,10,6029723,296,52181,301792690,08/03/2011
11025,8,25,26,31,32,33,9,310916704,4,8040679,80,228050,335345846,06/03/2011
11024,5,7,10,19,26,31,14,300509912,8,7059861,194,127414,293532026,03/03/2011
11023,2,3,6,21,22,25,5,299312679,3,10000000,71,376757,280592202,01/03/2011
11022,2,7,14,16,17,21,5,266896557,9,7171073,51,574695,317202954,27/02/2011
11021,1,2,14,18,25,31,8,263047410,9,6156360,226,69074,287463484,24/02/2011
11020,12,16,17,19,24,30,5,282029310,5,7997931,51,440872,278341148,22/02/2011
11019,2,4,12,19,32,33,16,269555166,3,10000000,51,629967,309122016,20/02/2011
11018,13,15,18,28,30,33,1,224589050,7,6956754,98,209652,273159286,17/02/2011
11017,2,6,15,23,26,33,8,225345842,2,10000000,141,116332,258279824,15/02/2011
11016,3,4,16,17,22,29,13,207072515,5,8474497,107,243539,282026694,13/02/2011
11015,3,6,13,26,27,29,7,188641296,9,5803866,110,98656,254777566,10/02/2011
11014,5,7,10,11,23,26,16,215554297,7,7010883,156,135347,264496608,01/02/2011
11013,1,3,13,16,21,22,8,215363832,8,6495969,41,437844,288823754,30/01/2011
11012,7,8,11,13,15,26,13,225444452,4,9366150,124,211265,260393668,27/01/2011
11011,1,12,18,19,21,24,10,201782950,10,5829648,73,170475,255418250,25/01/2011
11010,1,4,5,9,15,19,13,231041745,9,6680151,118,192220,286472328,23/01/2011
11009,17,18,23,24,25,26,4,238238346,3,9130252,90,206512,264626108,20/01/2011
11008,10,12,13,17,24,31,15,222261453,3,10000000,50,508546,259069374,18/01/2011
11007,1,9,17,24,26,31,5,192931056,6,8274578,96,306991,292948810,16/01/2011
11006,1,3,5,13,16,18,5,173812378,2,10000000,95,280087,265273552,13/01/2011
11005,6,9,12,14,20,22,13,131726338,1,10000000,109,225893,258389670,11/01/2011
11004,4,6,8,10,13,26,5,79273990,2,7500000,119,213471,283728968,09/01/2011
11003,13,14,21,22,23,27,4,30000000,14,5060062,50,6000,272943652,06/01/2011
11002,6,8,12,17,28,33,5,65840887,7,5714285,102,188201,270533954,04/01/2011
11001,3,9,20,24,26,32,10,56048886,9,5555555,76,215612,290720992,02/01/2011
10153,3,6,12,19,30,31,13,62813580,15,5333333,124,166902,287732956,30/12/2010
10152,4,9,17,21,25,31,1,89523115,11,5454545,244,104789,283747722,28/12/2010
10151,2,13,14,17,19,26,14,84862932,6,5833333,99,329655,315507700,26/12/2010
10150,2,17,18,23,29,30,6,38712480,12,5416666,104,135559,287200078,23/12/2010
10149,2,7,8,16,25,30,9,35816650,25,5644091,210,79302,300479738,21/12/2010
10148,1,3,7,18,23,27,12,133060932,36,5348781,1162,9754,338741658,19/12/2010
10147,2,8,15,18,24,30,3,294170505,15,6220672,342,58377,295337382,16/12/2010
10146,1,17,18,22,25,32,1,335895280,5,9246109,174,139918,300076660,14/12/2010
10145,3,21,24,27,28,31,8,320318914,2,12500000,71,288304,326191770,12/12/2010
10144,2,3,8,15,19,21,11,292556540,4,9853292,77,280776,301323048,09/12/2010
10143,9,16,18,26,30,31,14,276523611,3,11666666,54,469096,298251128,07/12/2010
10142,2,16,18,23,26,27,10,247417472,4,8627723,78,182901,330364770,05/12/2010
10141,2,3,7,18,23,27,6,243640236,6,8326377,177,126764,297319014,02/12/2010
10140,1,12,13,18,26,29,15,236244572,4,10996134,51,558368,296121968,30/11/2010
10139,11,13,18,20,26,31,9,208783224,4,9962095,121,122087,319407618,28/11/2010
10138,1,21,23,24,26,30,5,204162271,0,0,34,758379,280036566,25/11/2010
10137,7,9,10,13,19,33,6,143997526,2,12500000,89,278245,275941138,23/11/2010
10136,4,10,23,24,26,33,10,106215220,1,10000000,62,532393,305525370,21/11/2010
10135,4,10,13,25,26,30,10,34195595,23,5297997,221,12583,279317018,18/11/2010
10134,9,15,16,22,27,28,6,144560712,6,8737757,105,248950,274898772,16/11/2010
10133,3,9,17,21,26,32,1,130994343,9,7167515,320,68004,302743538,14/11/2010
10132,2,10,12,18,24,33,15,139725230,5,9409521,75,340952,277931070,11/11/2010
10131,5,6,15,16,19,26,6,122106216,12,6773623,185,91487,275057550,09/11/2010
10130,1,2,7,15,21,31,16,153897490,1,10000000,97,319244,301606730,07/11/2010
10129,4,8,14,25,28,32,16,86641823,0,0,100,242750,263068470,04/11/2010
10128,4,11,19,20,24,28,12,30000000,19,3960319,132,130669,264631266,02/11/2010
10127,1,4,8,17,25,33,1,30000000,58,1965524,385,7879,308473622,31/10/2010
10126,3,13,18,20,27,28,5,101922030,7,7634455,108,186683,272220524,28/10/2010
10125,6,7,13,23,28,29,9,103319060,5,6000000,146,123255,266084300,26/10/2010
10124,2,6,8,11,12,25,2,86330028,12,5416666,192,120496,303307488,24/10/2010
10123,6,12,15,18,29,32,10,92347814,13,6045656,109,118259,278792718,21/10/2010
10122,2,9,12,16,25,27,6,135863964,4,9452052,113,170020,270548316,19/10/2010
10121,8,11,13,18,25,30,15,123843444,2,7500000,116,213340,288389490,17/10/2010
10120,1,2,5,6,10,29,16,76099293,3,6666666,41,638668,260841502,14/10/2010
10119,7,17,25,27,30,31,9,30000000,19,4556886,165,91392,260972766,12/10/2010
10118,5,8,11,13,15,25,5,46394658,14,5000000,126,146226,278863970,10/10/2010
10117,1,8,20,22,24,28,1,43404219,9,5000000,92,209822,232007386,07/10/2010
10116,5,9,10,20,22,26,7,43362216,54,5160604,113,115123,236885436,05/10/2010
10115,1,22,24,25,29,33,15,291680631,0,0,55,472154,254889502,03/10/2010
10114,1,8,11,15,17,25,1,231087438,6,7655762,63,379394,249642432,30/09/2010
10113,5,10,15,18,20,28,10,221251005,3,9840811,256,85092,245484314,28/09/2010
10112,1,8,18,24,29,30,16,199944920,1,10000000,124,233013,276435492,26/09/2010
10111,4,7,8,13,17,18,10,142526411,0,0,58,316937,223004690,23/09/2010
10110,1,3,12,24,26,27,1,99634210,13,6109055,74,292251,230609584,21/09/2010
10109,4,15,18,25,29,32,15,128589910,10,6609946,80,301864,270100048,19/09/2010
10108,2,4,8,20,23,24,7,138341254,2,10000000,36,537525,240681452,16/09/2010
10107,8,12,15,17,22,33,16,113189084,1,5000000,39,675424,237514142,14/09/2010
10106,2,6,8,15,26,29,16,56725410,5,5000000,141,157220,263785876,12/09/2010
10105,1,8,9,19,21,31,11,30000000,24,3821830,199,10730,244881210,09/09/2010
10104,7,17,23,24,27,32,2,86741347,11,6337176,90,245149,248944388,07/09/2010
10103,6,9,14,17,20,33,9,104968990,7,6263648,81,163806,278768450,05/09/2010
10102,4,11,16,20,22,29,10,117855152,4,7821835,61,277557,243505778,02/09/2010
10101,4,9,18,21,25,26,6,109636800,5,5000000,93,260370,245688390,31/08/2010
10100,1,6,12,22,23,26,8,78136487,13,5556707,110,98689,271091664,29/08/2010
10099,3,4,17,24,27,30,6,125043492,2,5000000,220,87599,240688192,26/08/2010
10098,1,3,8,16,29,33,7,90075708,6,5000000,63,151361,235404960,24/08/2010
10097,10,16,18,21,24,26,1,97825621,1,5000000,61,447735,263433286,22/08/2010
10096,7,12,21,23,24,28,3,39097968,16,5000000,97,162426,235984000,19/08/2010
10095,9,11,16,17,25,27,14,52335356,4,5000000,65,287312,226093634,17/08/2010
10094,3,5,7,27,31,32,10,28759580,10,5000000,63,325937,250015372,15/08/2010
10093,9,10,19,28,32,33,6,30846725,11,5000000,115,96323,214376608,12/08/2010
10092,3,13,19,27,28,30,2,30000000,55,5059590,161,122638,235395046,10/08/2010
10091,6,13,16,20,22,24,16,232206160,10,6604879,77,312638,266211592,08/08/2010
10090,1,6,10,15,25,31,14,242084181,3,9127741,198,93812,232731512,05/08/2010
10089,7,8,9,16,23,26,1,226126120,8,6737515,110,189547,239719796,03/08/2010
10088,5,6,15,23,27,30,12,231375816,14,5665586,100,139773,264168238,01/08/2010
10087,1,8,16,17,25,30,10,278080281,9,6047398,107,132148,235879868,29/07/2010
10086,5,21,28,29,30,31,8,299513812,1,10000000,42,521690,243138962,27/07/2010
10085,1,8,12,13,24,27,8,258388125,25,5240937,518,17442,275602494,25/07/2010
10084,2,10,14,18,20,30,3,368329515,5,7534175,57,333444,243838210,22/07/2010
10083,2,20,21,22,23,31,12,361652319,3,9608061,41,505762,239182242,20/07/2010
10082,1,8,13,14,27,31,2,342091855,7,7290600,226,106421,266766152,18/07/2010
10081,2,3,9,24,26,27,5,337006341,3,8487219,68,230771,242647146,15/07/2010
10080,8,10,13,14,16,23,16,325852197,3,7536015,71,160733,241525992,13/07/2010
10079,8,11,12,14,18,22,2,321832084,4,8911652,112,209552,269970928,11/07/2010
10078,1,3,9,11,17,23,12,302715558,6,6117079,119,84484,240635560,08/07/2010
10077,2,8,14,20,21,24,9,315959373,3,8298992,48,309280,233330914,06/07/2010
10076,1,12,14,29,31,32,15,306216932,2,10000000,63,429638,249655268,04/07/2010
10075,5,9,12,13,15,22,14,263060130,5,7155502,107,151086,229619238,01/07/2010
10074,2,10,17,18,19,29,15,261116352,9,6333999,177,101745,236056644,29/06/2010
10073,1,16,20,23,27,31,2,276101361,3,10000000,29,799430,263364832,27/06/2010
10072,6,8,22,23,30,31,1,252006552,3,10000000,187,128045,235231488,24/06/2010
10071,5,13,14,17,20,26,1,226135872,3,10000000,96,244610,232948886,22/06/2010
10070,8,13,23,27,31,33,7,201343140,6,7609408,117,200723,254342696,20/06/2010
10069,12,14,20,22,24,32,11,192202020,2,10000000,90,236947,225582108,17/06/2010
10068,3,13,18,20,23,28,13,162443021,13,5520849,176,57707,215863382,15/06/2010
10067,1,7,10,14,21,25,1,210515402,2,10000000,109,206067,258825118,13/06/2010
10066,1,3,21,22,31,32,7,178105520,2,10000000,100,178320,237425002,10/06/2010
10065,2,7,8,17,30,32,12,156497436,4,8173982,59,322777,234372332,08/06/2010
10064,8,14,25,26,30,31,11,144757616,8,6189007,73,195453,259371022,06/06/2010
10063,2,6,10,17,23,24,3,160977474,6,7472177,110,202269,236083458,03/06/2010
10062,11,13,15,20,31,33,3,153894811,1,10000000,42,426010,235535320,01/06/2010
10061,2,4,16,19,22,26,12,122145796,4,8973590,55,433482,261848018,30/05/2010
10060,1,8,15,18,22,27,9,102409895,5,6356897,77,132165,239669684,27/05/2010
10059,1,9,11,12,18,30,10,110448675,3,5000000,51,234366,232718404,25/05/2010
10058,1,4,11,17,19,29,12,97559109,3,5000000,68,208588,258079782,23/05/2010
10057,5,11,12,19,25,32,5,79463070,18,5563147,286,53164,241998022,20/05/2010
10056,1,2,3,8,13,32,7,144121435,5,5165998,28,44463,243521976,18/05/2010
10055,2,3,13,19,20,23,8,167046450,10,5671204,92,109435,265950816,16/05/2010
10054,1,6,8,12,14,25,6,200266356,6,6853284,76,219467,240532550,13/05/2010
10053,3,22,24,27,28,30,14,202467090,3,9027621,48,377589,233188676,11/05/2010
10052,1,2,19,23,27,29,10,187259932,4,8567740,39,548883,254114154,09/05/2010
10051,4,17,23,27,28,32,3,171582525,9,6277878,42,410746,229638378,06/05/2010
10050,7,21,22,26,28,30,11,187830266,2,10000000,61,247476,217484954,04/05/2010
10049,1,6,10,26,27,28,2,172606158,2,10000000,54,382909,238207928,02/05/2010
10048,1,6,8,10,23,33,2,144359586,3,9219875,100,189894,227901710,29/04/2010
10047,3,10,13,20,21,32,15,127710520,4,7493402,83,180245,230736816,27/04/2010
10046,11,12,21,23,27,32,5,122776494,2,5000000,66,390865,257876882,25/04/2010
10045,2,3,4,13,20,29,1,72583137,11,5000000,130,168873,235205392,22/04/2010
10044,3,9,21,23,27,31,5,76358160,15,5614558,125,110620,237978418,20/04/2010
10043,4,10,19,22,28,33,4,128312224,4,8592437,139,155069,265889144,18/04/2010
10042,3,6,11,20,31,32,10,112387849,7,6778234,92,202950,231323160,15/04/2010
10041,3,5,13,19,25,29,12,116268750,6,7371377,170,125543,232591320,13/04/2010
10040,12,19,24,25,30,32,11,110698090,5,7223074,73,228398,257165686,11/04/2010
10039,8,17,21,23,25,32,12,107909662,1,5000000,49,452518,226833664,08/04/2010
10038,1,6,7,11,13,16,1,61171668,9,5000000,47,337438,226161590,06/04/2010
10037,3,16,19,21,24,26,6,69165892,1,5000000,35,469441,247240280,04/04/2010
10036,6,13,14,28,29,30,8,35828200,10,5000000,157,111545,229557916,01/04/2010
10035,9,10,11,18,19,21,10,44965300,10,5000000,78,168141,228911294,30/03/2010
10034,6,11,13,22,25,32,12,64363617,3,5000000,106,199583,252670562,28/03/2010
10033,8,10,11,12,25,29,9,30000000,14,4049593,85,134593,224347302,25/03/2010
10032,8,18,21,28,29,33,8,30000000,35,3918553,193,11922,236489598,23/03/2010
10031,5,7,13,24,25,28,4,131780112,12,5992687,202,88457,267151062,21/03/2010
10030,3,6,10,16,25,31,5,161999500,4,7131891,114,112204,239533728,18/03/2010
10029,1,5,14,16,17,22,3,160680592,8,5814767,57,171530,236373590,16/03/2010
10028,1,3,6,12,16,32,12,184385240,2,10000000,149,171010,256691698,14/03/2010
10027,3,4,15,25,26,30,13,144930639,7,6670788,141,124420,234693930,11/03/2010
10026,2,4,5,8,19,22,12,150691839,3,9333700,65,300025,220382336,09/03/2010
10025,4,5,7,10,13,25,11,133189084,7,7212487,107,217113,248648212,07/03/2010
10024,7,16,26,27,29,31,14,129470556,4,7968284,58,307063,224928938,04/03/2010
10023,2,9,11,22,24,27,11,119787710,7,6672242,67,262067,220109148,02/03/2010
10022,1,2,18,29,31,32,2,125523464,4,8889822,76,307091,245991044,28/02/2010
10021,2,9,16,17,19,25,4,106625245,5,5000000,81,193059,217152080,25/02/2010
10020,5,6,14,22,24,26,9,95136920,20,5256329,40,192247,215066270,23/02/2010
10019,2,10,22,24,26,27,6,182320448,2,10000000,68,289063,234815252,21/02/2010
10018,11,28,29,30,32,33,2,156455688,3,10000000,88,264090,229188092,11/02/2010
10017,1,3,6,11,12,23,11,132229206,9,5795697,52,206575,221450104,09/02/2010
10016,2,8,10,12,30,33,16,159326008,8,6748009,83,252724,254137478,07/02/2010
10015,1,4,16,21,23,28,6,164365828,0,0,77,264935,228269280,04/02/2010
10014,1,3,7,14,26,28,2,116765796,3,5000000,86,211634,225210868,02/02/2010
10013,1,2,3,16,18,23,12,89297775,25,5454472,171,99664,263984534,31/01/2010
10012,2,8,13,14,25,33,10,185893268,11,6160856,129,148481,242397004,28/01/2010
10011,7,8,14,22,24,30,7,208969710,2,10000000,53,358125,241790928,26/01/2010
10010,7,8,12,15,22,26,8,184681539,19,5000000,119,6000,268314736,24/01/2010
10009,1,9,13,21,24,32,6,279681540,10,6064506,109,146491,243000026,21/01/2010
10008,5,7,13,15,18,30,14,303068871,3,10000000,61,439347,244041538,19/01/2010
10007,14,22,27,28,30,33,14,270535038,3,10000000,111,272829,273993220,17/01/2010
10006,3,5,7,13,14,18,5,229872250,10,6586154,94,173322,245619296,14/01/2010
10005,3,5,6,8,17,18,14,252718396,7,7631341,105,191705,239722776,12/01/2010
10004,1,12,13,16,23,28,7,254169908,4,8947527,53,305380,262213890,10/01/2010
10003,14,22,26,27,28,31,4,247194639,3,11666666,66,341210,236297494,07/01/2010
10002,3,6,7,23,30,33,13,224648194,2,12500000,47,504191,230644990,05/01/2010
10001,7,17,18,27,29,32,13,189355152,7,7777040,95,227988,260561792,03/01/2010
9154,1,7,12,14,18,25,16,188256928,4,10286648,91,266152,250550710,31/12/2009
9153,6,7,8,20,21,25,10,167890446,9,6910151,277,66018,238623826,29/12/2009
9152,3,4,19,21,27,28,5,182412036,6,7609404,96,166506,262814730,27/12/2009
9151,6,8,10,16,25,30,14,185770965,5,8618552,212,92637,242662946,24/12/2009
9150,4,6,7,16,19,20,4,178039060,2,12500000,68,364290,240949072,22/12/2009
9149,1,3,16,18,22,29,4,140238365,5,8942051,64,344771,260445758,20/12/2009
9148,6,12,15,22,29,32,10,128462721,3,6666666,117,186633,234965094,17/12/2009
9147,6,8,10,18,22,32,16,92511843,3,6666666,126,157863,229746022,15/12/2009
9146,3,9,16,20,22,33,15,61100095,7,5714285,89,250148,265187498,13/12/2009
9145,3,5,11,15,26,33,11,44152572,12,5416666,133,89619,238886876,10/12/2009
9144,1,5,10,17,18,29,12,76340805,5,6000000,87,233539,234614110,08/12/2009
9143,5,9,11,17,23,28,10,53932326,22,5589957,214,55928,266083890,06/12/2009
9142,7,11,15,19,20,24,13,113984610,10,6453692,142,100742,240043572,03/12/2009
9141,2,13,21,28,29,31,9,140142300,15,5601525,77,78367,237668962,01/12/2009
9140,4,5,11,18,22,33,12,205085084,1,15000000,71,265203,257453092,29/11/2009
9139,1,5,15,17,27,29,2,171149654,2,12500000,77,252451,235679662,26/11/2009
9138,4,7,14,26,32,33,14,145792626,7,7125713,46,322173,229193984,24/11/2009
9137,8,12,14,15,17,21,1,156092638,2,12500000,42,660489,250971196,22/11/2009
9136,1,4,14,22,30,33,1,111364688,2,7500000,44,579230,222662662,19/11/2009
9135,1,3,14,19,30,33,16,61897032,9,5555555,129,150384,218222340,17/11/2009
9134,3,5,12,15,28,33,6,61631400,10,5500000,65,135164,246133544,15/11/2009
9133,5,9,13,18,20,32,1,91131470,5,6000000,200,102387,219891024,12/11/2009
9132,4,14,15,21,23,30,7,68350516,13,6351887,130,145090,227359216,10/11/2009
9131,16,23,25,26,32,33,5,101914158,2,7500000,44,532882,265379234,08/11/2009
9130,2,3,7,12,13,30,11,57204927,3,6666666,80,168182,235462772,05/11/2009
9129,6,7,16,17,24,25,7,40810780,20,5250000,169,6000,231824092,03/11/2009
9128,5,8,15,16,26,32,1,110810788,2,7500000,162,161171,261066840,01/11/2009
9127,2,11,12,14,15,16,4,59888052,14,6094998,98,158112,243177980,29/10/2009
9126,3,5,6,10,19,23,15,104063082,6,7984966,101,191729,235506694,27/10/2009
9125,6,7,8,22,26,27,12,101788576,8,6416421,93,102118,262970658,25/10/2009
9124,3,4,22,23,28,30,10,125960139,9,6872428,65,273504,249561480,22/10/2009
9123,9,13,20,22,25,28,14,141330492,3,9629280,83,160623,237742194,20/10/2009
9122,7,14,16,27,29,32,1,134110885,5,9178537,154,154798,266208716,18/10/2009
9121,2,4,6,10,25,30,9,119379168,8,6755661,72,188443,239496416,15/10/2009
9120,1,2,8,12,16,30,16,136765954,2,10000000,60,375490,222194270,13/10/2009
9119,6,7,10,12,15,21,5,104197248,1,5000000,55,383355,232178172,11/10/2009
9118,12,16,25,26,27,31,5,30000000,93,4090714,43,375949,215790310,08/10/2009
9117,5,9,15,21,26,31,13,342716160,8,6172798,147,95738,202883414,06/10/2009
9116,5,17,21,25,27,32,14,359260188,7,6847139,53,365942,221054568,04/10/2009
9115,2,9,13,15,19,24,3,361935248,1,10000000,61,271087,198302256,01/10/2009
9114,3,5,11,12,31,32,11,333350496,9,5957982,182,71059,222577144,29/09/2009
9113,4,12,20,25,28,29,16,356795904,8,6736407,126,165372,250863766,27/09/2009
9112,6,7,18,24,30,32,9,362067750,6,6808630,55,295957,227610064,24/09/2009
9111,2,4,7,14,15,25,15,364938288,3,9392222,48,411770,224881094,22/09/2009
9110,4,10,13,15,19,30,14,346996620,2,10000000,105,206890,245158100,20/09/2009
9109,5,6,7,14,25,28,1,316308525,0,0,78,270395,220168836,17/09/2009
9108,4,10,17,28,32,33,2,267096455,5,6951813,78,187674,215736244,15/09/2009
9107,7,8,20,23,28,29,5,267698792,4,7435433,70,208751,239917960,13/09/2009
9106,1,2,15,18,20,29,4,263344464,4,7902193,48,362774,218443162,10/09/2009
9105,2,8,10,16,27,30,15,254322534,2,10000000,103,179197,208614594,08/09/2009
9104,20,22,26,29,30,32,16,231255420,5,7881551,39,554144,233718766,06/09/2009
9103,6,11,17,20,23,24,9,220236030,10,6155287,53,326968,215101390,03/09/2009
9102,3,5,7,8,14,31,10,241353840,7,6413323,63,235553,211207990,01/09/2009
9101,1,2,5,10,19,24,14,251620680,0,0,112,200147,235272092,30/08/2009
9100,2,11,17,27,30,33,11,199315403,7,6103224,75,154451,213445814,27/08/2009
9099,8,9,18,20,25,29,9,215008974,18,5061042,243,6782,215841514,25/08/2009
9098,3,14,15,20,23,30,2,302262070,11,5963743,265,60006,234823318,23/08/2009
9097,7,13,24,26,28,32,14,330759140,4,8784477,50,454137,209714238,20/08/2009
9096,1,26,27,31,32,33,3,312914368,2,10000000,93,220923,209639476,18/08/2009
9095,8,9,14,28,31,33,15,284973985,0,0,39,518605,226862140,16/08/2009
9094,3,16,22,25,26,33,14,237780876,3,9982212,90,249110,207069924,13/08/2009
9093,1,11,20,31,32,33,1,215414283,21,5425961,198,67766,209331254,11/08/2009
9092,2,6,7,14,18,31,8,298051302,6,6638823,66,223475,233413914,09/08/2009
9091,3,8,11,14,25,29,4,303468948,4,8563606,168,127271,211875120,06/08/2009
9090,7,9,14,20,23,30,14,287832879,3,8498567,137,114916,206728590,04/08/2009
9089,2,3,7,11,19,32,4,276593622,2,10000000,58,324301,230854186,02/08/2009
9088,4,7,11,15,16,17,2,252704834,0,0,78,239246,204688536,30/07/2009
9087,6,11,13,20,28,32,6,209161942,2,10000000,40,396256,201493798,28/07/2009
9086,11,12,13,18,23,32,11,192178002,3,8701558,47,354404,222559596,26/07/2009
9085,4,8,12,17,20,30,3,179416312,8,6613174,93,208151,201602548,23/07/2009
9084,4,9,11,20,32,33,13,187152834,2,10000000,53,369239,198945272,21/07/2009
9083,2,8,12,18,24,28,4,161490252,11,5930022,361,42507,219733470,19/07/2009
9082,11,15,18,21,27,29,2,190914628,2,10000000,52,325220,200877058,16/07/2009
9081,4,5,6,25,29,30,3,171454521,1,10000000,56,276678,198933210,14/07/2009
9080,1,11,13,25,32,33,6,145301904,4,8152908,48,394113,220533638,12/07/2009
9079,2,9,16,21,30,31,13,133772824,1,5000000,122,159349,200470322,09/07/2009
9078,5,7,12,14,15,20,13,93411342,2,5000000,88,203218,196218272,07/07/2009
9077,1,9,14,16,28,32,16,61683808,4,5000000,75,295336,216463266,05/07/2009
9076,9,18,19,25,28,31,6,30000000,29,4834333,98,164828,202715574,02/07/2009
9075,1,13,15,17,20,30,5,102504840,1,5000000,53,313978,198114500,30/06/2009
9074,5,10,16,19,23,28,13,68676204,28,5157893,296,22403,223339000,28/06/2009
9073,9,16,17,18,22,27,14,167623664,16,5000000,103,6000,208376662,25/06/2009
9072,1,3,12,20,21,29,4,247623670,7,6825455,40,479182,211601456,23/06/2009
9071,4,5,23,26,31,32,6,250678205,5,7345798,40,439837,231131078,21/06/2009
9070,1,2,9,10,21,31,10,246355720,4,8232130,42,461732,219945468,18/06/2009
9069,3,5,12,18,21,23,2,234034416,7,6519767,157,101640,218479274,16/06/2009
9068,6,11,18,20,25,30,5,242438490,10,6237692,213,87161,241709362,14/06/2009
9067,4,10,16,23,28,30,5,261496188,12,5722715,168,77433,219034212,11/06/2009
9066,2,15,19,24,31,32,4,299814732,4,8624059,34,639539,218893000,09/06/2009
9065,8,12,20,22,30,33,2,308574135,5,6633932,63,194515,242812406,07/06/2009
9064,1,2,14,23,28,29,15,313149980,4,8216973,66,292452,226247318,04/06/2009
9063,2,5,11,26,30,32,16,300980246,0,0,47,441806,210071776,02/06/2009
9062,10,19,20,21,23,32,10,252528787,7,6545986,120,135273,239346092,31/05/2009
9061,10,11,13,16,19,30,3,260474031,1,10000000,32,619956,202235730,28/05/2009
9060,7,13,17,26,32,33,4,224183916,2,10000000,40,481222,214031372,26/05/2009
9059,3,7,13,23,27,30,11,199269816,2,10000000,184,111929,236158050,24/05/2009
9058,5,8,10,15,23,26,9,171214875,13,5536087,150,69691,211477696,21/05/2009
9057,5,7,10,14,17,25,11,218792028,6,6995326,180,99766,209587496,19/05/2009
9056,4,9,10,18,29,32,8,218862140,5,7371213,66,269456,232354314,17/05/2009
9055,3,4,18,22,24,29,11,214221969,3,9920244,69,320885,213511884,14/05/2009
9054,16,17,23,26,31,32,11,192320136,6,6301530,73,160462,212918588,12/05/2009
9053,7,12,18,19,22,28,4,202797176,4,8260566,239,81855,231922796,10/05/2009
9052,9,11,15,19,21,30,8,190191519,9,6107335,66,226500,215699408,07/05/2009
9051,6,10,13,16,21,23,7,210276470,5,6740625,69,189198,211832930,05/05/2009
9050,13,21,24,29,30,32,4,213518652,3,9117209,35,529355,223078776,03/05/2009
9049,9,12,14,20,30,31,6,197639586,3,7189995,45,218999,204405802,30/04/2009
9048,3,7,11,15,17,31,1,196214620,4,8812747,85,269135,210372082,28/04/2009
9047,6,8,11,15,21,22,16,178087150,5,7616787,99,198241,236616310,26/04/2009
9046,16,20,21,26,29,30,9,170377314,3,6958577,37,238205,212241096,23/04/2009
9045,3,4,6,23,30,32,1,170687987,0,0,39,610799,210992934,21/04/2009
9044,11,14,16,18,26,30,1,115105218,2,5000000,50,451122,229851250,19/04/2009
9043,4,9,10,15,18,26,7,72474230,5,5000000,110,118977,211334106,16/04/2009
9042,8,16,22,23,27,30,11,66936596,2,5000000,79,144584,207877744,14/04/2009
9041,1,8,23,26,28,33,8,50284857,9,5000000,45,186380,229731450,12/04/2009
9040,4,7,10,20,26,30,12,45714888,21,5192140,246,24603,212931272,09/04/2009
9039,5,12,14,15,21,27,3,110627535,3,5000000,81,240200,207130808,07/04/2009
9038,12,13,15,23,28,32,5,80229620,20,5727829,52,419901,229578934,05/04/2009
9037,2,6,15,18,20,31,3,143838132,1,10000000,59,310400,213602348,02/04/2009
9036,6,9,18,23,32,33,7,111106317,7,7019955,69,307384,215060184,31/03/2009
9035,6,15,21,26,29,31,5,110757102,6,6870427,87,193492,236221934,29/03/2009
9034,9,12,18,21,22,26,7,112700695,5,7490582,107,174573,214772934,26/03/2009
9033,7,8,13,14,29,30,6,106568418,6,7230425,125,160590,212148538,24/03/2009
9032,9,11,12,19,27,32,6,103112040,3,5000000,102,166998,231465250,22/03/2009
9031,1,2,3,15,30,33,1,78366498,6,5000000,66,280483,220305014,19/03/2009
9030,8,14,24,26,28,32,7,65172024,8,5000000,56,6000,218775106,17/03/2009
9029,12,13,15,22,23,29,13,105172029,3,5000000,65,303161,243921424,15/03/2009
9028,3,6,12,15,23,26,10,74192493,41,5071025,258,16930,212975332,12/03/2009
9027,2,7,11,16,27,32,6,271912458,19,5332508,153,61937,210676594,10/03/2009
9026,11,15,17,18,20,30,16,351118314,6,7138180,73,263611,232338570,08/03/2009
9025,10,20,22,23,26,33,11,349045602,3,7817434,23,551237,208731366,05/03/2009
9024,1,3,17,23,30,33,12,342914844,3,7053240,51,181168,208357346,03/03/2009
9023,1,6,7,15,24,30,8,342515538,3,9640233,67,311657,229895788,01/03/2009
9022,5,8,9,10,11,18,8,322713790,5,7060480,69,223965,212225776,26/02/2009
9021,1,4,5,17,24,27,9,321957786,3,7808857,52,243074,207029170,24/02/2009
9020,3,5,7,10,19,23,13,315891352,4,8177396,65,293298,231854880,22/02/2009
9019,6,17,19,20,26,27,4,304117385,0,0,76,199574,193303346,19/02/2009
9018,2,5,6,19,27,30,15,268726136,4,7919150,78,224550,194471112,17/02/2009
9017,6,14,15,19,25,26,8,259534635,5,6522888,70,163166,214067758,15/02/2009
9016,2,7,13,16,20,33,3,265498528,8,6224936,85,172932,193953514,12/02/2009
9015,2,4,6,15,17,32,5,280999811,1,10000000,37,363667,185426162,10/02/2009
9014,3,6,9,14,15,18,2,259603164,4,7669580,70,228821,209566064,08/02/2009
9013,4,8,9,21,26,27,9,252907356,4,5788248,118,40080,182623460,05/02/2009
9012,5,11,14,17,18,28,1,265024872,4,7452727,80,183954,175832284,03/02/2009
9011,2,4,13,14,18,23,15,260497594,2,10000000,55,313218,189123128,01/02/2009
9010,3,10,17,19,20,24,2,240301198,0,0,100,190442,189703670,22/01/2009
9009,8,15,21,30,31,33,2,195864714,2,10000000,35,532256,181279024,20/01/2009
9008,4,15,16,22,32,33,2,172397120,4,7918908,99,176903,207103370,18/01/2009
9007,1,5,12,23,25,26,15,163208038,7,6471456,42,367864,185060730,15/01/2009
9006,6,12,18,20,26,33,2,172457546,2,10000000,80,225466,184731320,13/01/2009
9005,1,3,8,15,17,21,13,150370376,8,6796756,76,204750,213622966,11/01/2009
9004,3,11,13,17,28,31,3,164435256,8,6480108,84,140015,196964008,08/01/2009
9003,2,3,6,15,25,30,2,184833086,1,14000000,45,440649,191963484,06/01/2009
9002,10,14,17,25,29,33,14,148564860,5,8488140,143,140986,214099642,04/01/2009
9001,4,21,23,24,30,31,4,139963106,1,14000000,36,532741,188339912,01/01/2009
8154,2,5,7,21,22,26,8,105212795,5,5800000,89,385272,187460204,30/12/2008
8153,1,4,18,21,24,30,16,115517390,2,7000000,40,308487,203192356,28/12/2008
8152,1,4,6,22,26,30,8,96725236,4,6000000,46,595105,185010624,25/12/2008
8151,6,8,10,14,17,19,6,104993154,6,5666666,45,666297,178836934,23/12/2008
8150,4,19,22,24,29,32,2,122143128,2,7000000,41,1277867,199701670,21/12/2008
8149,10,14,22,28,29,33,2,109689174,6,5666666,43,1134582,192954686,18/12/2008
8148,3,5,9,22,26,28,9,118780453,1,9000000,56,310897,184713626,16/12/2008
8147,7,8,14,22,26,33,2,116318904,2,7000000,38,545598,201725324,14/12/2008
8146,7,8,17,19,31,32,10,77942543,7,5571428,79,321260,186410548,11/12/2008
8145,7,13,18,22,26,29,2,102065593,7,5571428,102,273718,178220662,09/12/2008
8144,2,5,10,27,29,33,15,125100184,4,6000000,41,542117,194035022,07/12/2008
8143,12,17,18,19,26,27,6,93237655,5,5800000,85,201163,175828406,04/12/2008
8142,5,6,10,13,17,28,15,110909554,7,5571428,127,338950,181220636,02/12/2008
8141,3,13,20,25,29,33,15,127460973,1,9000000,40,517491,198694026,30/11/2008
8140,7,14,16,29,30,31,14,84161756,7,5571428,38,654845,182798276,27/11/2008
8139,8,9,19,23,25,26,7,108497139,3,6333333,47,346806,180577258,25/11/2008
8138,7,14,19,23,25,32,4,116511474,6,5666666,44,641195,197283238,23/11/2008
8137,1,4,24,28,29,33,9,134420368,4,6000000,21,1184051,178412318,20/11/2008
8136,5,9,10,12,18,28,2,143763910,1,9000000,104,399078,175281498,18/11/2008
8135,5,14,15,16,19,21,15,130976410,2,7000000,51,394669,199297252,16/11/2008
8134,10,15,19,20,28,32,2,94010770,5,5800000,84,198098,184911938,13/11/2008
8133,8,11,16,19,24,26,11,80183554,11,5363636,79,6000,180872408,11/11/2008
8132,9,13,16,25,27,33,8,135183556,2,7000000,95,403285,196454404,09/11/2008
8131,2,12,15,18,22,32,8,128764083,7,5571428,59,84310,174029788,06/11/2008
8130,1,12,18,28,30,32,6,161632234,2,7000000,37,920672,181993644,04/11/2008
8129,1,3,18,24,25,32,15,157033001,1,9000000,100,474507,197717092,02/11/2008
8128,1,5,19,20,27,33,5,141696972,4,6000000,52,666618,181169198,30/10/2008
8127,5,8,19,22,27,30,13,146840901,3,6333333,163,260688,181580160,28/10/2008
8126,4,11,12,14,20,30,13,143629960,4,6000000,47,716752,198648614,26/10/2008
8125,10,11,12,15,26,29,9,149192508,4,6000000,41,663639,180560840,23/10/2008
8124,1,7,10,13,21,22,3,157531410,2,7000000,69,497852,182202870,21/10/2008
8123,10,11,15,16,25,29,2,152809210,2,7000000,83,563171,200338784,19/10/2008
8122,2,8,11,14,19,26,15,142776382,2,7000000,134,255530,183419190,16/10/2008
8121,2,22,23,27,31,32,6,138101604,2,5000000,19,1604854,159325560,14/10/2008
8120,10,11,22,24,26,33,2,135033500,1,5000000,42,939166,177325446,12/10/2008
8119,5,7,9,15,24,29,7,123128505,3,5000000,45,752625,159160812,09/10/2008
8118,4,9,16,27,31,33,1,123613595,1,5000000,43,610599,151771380,07/10/2008
8117,3,5,7,10,14,33,7,117361114,2,5000000,54,424953,159338244,05/10/2008
8116,3,7,21,22,24,29,14,117526488,3,5000000,88,367605,131959380,02/10/2008
8115,2,12,13,14,17,18,6,118662496,2,5000000,35,407174,135827902,30/09/2008
8114,4,9,20,24,25,31,14,95409920,4,5000000,69,209059,164160014,28/09/2008
8113,6,9,10,12,17,22,9,81751350,10,5000000,58,96933,154570240,25/09/2008
8112,5,13,14,19,22,23,6,129341859,0,0,38,400764,147917738,23/09/2008
8111,17,18,21,25,31,32,6,93807436,2,5000000,23,570142,165394226,21/09/2008
8110,10,16,22,23,29,31,2,73209813,1,5000000,35,387331,150162970,18/09/2008
8109,4,7,9,16,21,28,10,46577706,14,5000000,142,128141,149534090,16/09/2008
8108,9,10,15,17,23,30,12,108779387,1,5000000,70,393483,161811898,14/09/2008
8107,6,13,18,22,27,32,4,101974896,4,5000000,94,151765,145917756,11/09/2008
8106,14,19,25,27,29,30,15,88687594,1,5000000,24,554695,145583846,09/09/2008
8105,5,17,19,27,28,32,2,62624640,6,5000000,41,22026,166483810,07/09/2008
8104,3,6,8,17,24,31,1,90517482,2,5000000,101,130068,146186834,04/09/2008
8103,1,12,16,18,22,33,4,69864603,3,5000000,29,570948,145961956,02/09/2008
8102,3,7,12,21,25,32,5,46230420,6,5000000,106,123498,163061174,31/08/2008
8101,9,17,21,26,28,30,4,45685017,9,5000000,32,310781,146389400,28/08/2008
8100,8,14,17,21,27,28,14,67480016,8,5000000,121,95945,143116762,26/08/2008
8099,10,15,16,22,23,24,7,80391500,7,5000000,68,219458,161894814,24/08/2008
8098,6,7,10,11,15,30,1,80570714,1,5000000,55,246653,141788216,21/08/2008
8097,3,6,8,9,16,17,13,53916840,5,5000000,30,331418,139512854,19/08/2008
8096,6,8,12,24,27,31,14,55717575,1,5000000,83,207401,155836508,17/08/2008
8095,3,8,14,21,28,29,3,20550733,11,5000000,108,77441,141671626,14/08/2008
8094,1,4,15,16,23,28,14,51035380,0,0,45,281661,138848472,12/08/2008
8093,4,10,12,16,26,28,7,21460880,10,5000000,84,112206,155710670,10/08/2008
8092,1,3,18,27,28,30,5,39468357,9,5000000,43,317610,147648912,07/08/2008
8091,3,12,14,23,31,32,10,52601487,3,5000000,38,221471,144363788,05/08/2008
8090,2,7,14,18,19,24,1,47964342,3,5000000,96,158323,161612270,03/08/2008
8089,3,6,11,16,22,27,11,27499936,16,5000000,192,76120,152919280,31/07/2008
8088,1,6,8,16,17,23,5,101236320,4,5000000,40,459958,145378764,29/07/2008
8087,1,7,26,29,30,31,6,113351325,5,5000000,59,436243,165513430,27/07/2008
8086,4,5,10,26,27,30,12,127320587,1,5000000,37,621321,149218680,24/07/2008
8085,1,4,12,20,24,29,15,122468200,2,5000000,29,536348,147121156,22/07/2008
8084,4,7,13,20,29,30,16,96175310,5,5000000,133,189582,164902436,20/07/2008
8083,7,8,9,18,29,32,9,110369093,1,5000000,59,247765,148998496,17/07/2008
8082,4,8,10,12,21,26,9,81260097,3,5000000,52,197009,145747052,15/07/2008
8081,2,12,13,18,25,31,4,72356284,13,5000000,182,69494,164515530,13/07/2008
8080,4,14,22,25,29,32,14,131935706,2,5000000,37,492087,147833964,10/07/2008
8079,3,4,5,10,20,32,9,134132604,3,5000000,56,566270,146233386,08/07/2008
8078,6,13,16,26,30,33,1,135542103,3,5000000,29,1335903,163038372,06/07/2008
8077,4,12,22,26,30,33,9,133938729,3,5000000,27,1304849,150267928,03/07/2008
8076,2,5,7,11,13,18,11,133839763,1,5000000,44,479564,149452982,01/07/2008
8075,1,8,14,18,22,30,3,129796542,1,5000000,32,1075819,165190272,29/06/2008
8074,1,11,15,19,20,24,9,120042441,0,0,38,423597,144760564,26/06/2008
8073,1,9,13,22,28,33,8,82483486,2,5000000,39,304078,145507408,24/06/2008
8072,1,5,10,18,22,30,9,64812320,2,5000000,70,239511,161487324,22/06/2008
8071,1,6,21,26,27,28,9,35692188,6,5000000,52,78843,149342332,19/06/2008
8070,5,6,12,15,18,33,13,56125892,0,0,25,534798,143853670,17/06/2008
8069,5,8,17,20,26,30,10,24929340,10,5000000,76,100421,160540160,15/06/2008
8068,5,7,17,23,27,29,7,37121202,3,5000000,66,137177,146064510,12/06/2008
8067,10,11,15,19,26,33,13,30995856,3,5000000,35,89194,139167536,10/06/2008
8066,7,12,21,22,29,30,8,38711673,11,5000000,92,40917,157257472,08/06/2008
8065,5,13,15,19,30,31,5,84928072,4,5000000,69,99560,148339068,05/06/2008
8064,1,2,7,9,12,18,12,101983920,6,5000000,43,315561,142377766,03/06/2008
8063,5,9,11,14,16,17,15,126168572,2,5000000,48,338979,155226836,01/06/2008
8062,6,8,13,17,24,27,15,98202858,2,5000000,59,209838,137719710,29/05/2008
8061,1,2,5,12,26,31,6,79315110,1,5000000,14,597977,133881926,27/05/2008
8060,6,7,8,17,30,32,3,64781184,3,5000000,34,372017,152605692,25/05/2008
8059,2,6,15,29,31,32,16,50267824,0,0,29,441643,138178008,22/05/2008
8058,1,12,21,27,29,31,11,20383306,7,5000000,79,64077,133093020,20/05/2008
8057,19,20,21,26,28,30,8,23571670,5,5000000,32,86441,157009320,18/05/2008
8056,8,13,22,23,25,30,7,42117390,6,5000000,65,204040,143711520,15/05/2008
8055,11,16,19,23,26,31,4,41171283,3,5000000,44,352317,140054516,13/05/2008
8054,2,6,16,17,20,25,7,20000000,9,3914695,58,45912,166384318,11/05/2008
8053,6,12,19,20,21,27,4,29018768,8,5000000,175,69791,150163792,08/05/2008
8052,2,10,17,23,29,31,10,40520662,13,5000000,311,25083,150880684,06/05/2008
8051,1,4,8,10,13,33,11,87318515,5,5000000,32,859298,168795820,04/05/2008
8050,1,11,19,24,26,27,3,100533855,5,5000000,39,804589,143428932,01/05/2008
8049,3,10,12,13,19,25,4,112085727,3,5000000,63,462285,156554264,29/04/2008
8048,11,18,21,27,30,32,1,114604014,6,5000000,66,615835,177125564,27/04/2008
8047,9,12,13,14,20,22,10,127184673,3,5000000,30,801660,159224658,24/04/2008
8046,15,16,18,24,28,33,15,131877614,1,5000000,21,1545289,154575398,22/04/2008
8045,1,10,13,21,29,32,4,122970012,2,5000000,81,184637,166853172,20/04/2008
8044,5,7,9,20,26,29,9,98073492,4,5000000,63,424742,154045626,17/04/2008
8043,3,10,16,22,27,33,14,106605432,2,5000000,38,882912,152620756,15/04/2008
8042,3,4,9,11,12,24,1,102226580,4,5000000,168,195001,172844294,13/04/2008
8041,8,11,20,22,23,27,4,108186443,1,5000000,29,846000,153107854,10/04/2008
8040,6,13,22,25,27,28,9,102671865,3,5000000,29,408310,147866454,08/04/2008
8039,1,7,10,13,22,29,1,90042831,3,5000000,80,50875,167098814,06/04/2008
8038,3,9,10,11,15,19,13,95546028,4,5000000,38,791535,156472902,03/04/2008
8037,1,12,22,24,28,31,6,102655300,4,5000000,34,434430,155799266,01/04/2008
8036,2,6,13,18,23,28,16,116325030,5,5000000,218,203750,175839426,30/03/2008
8035,7,11,14,17,18,29,16,122288881,1,5000000,48,275718,157220200,27/03/2008
8034,3,5,9,11,21,29,9,96408435,15,5000000,123,95490,159514754,25/03/2008
8033,12,17,18,30,31,33,4,166374754,1,5000000,37,889464,180595348,23/03/2008
8032,5,14,16,21,23,28,13,157270392,0,0,61,674067,160439648,20/03/2008
8031,3,6,11,15,21,31,13,139648344,3,5000000,79,428603,158624334,18/03/2008
8030,6,15,18,19,20,28,11,140137059,3,5000000,44,706783,179312028,16/03/2008
8029,1,9,14,22,29,32,12,141809150,2,5000000,44,648987,161219452,13/03/2008
8028,1,13,21,26,29,32,10,139571098,1,5000000,40,596676,160518620,11/03/2008
8027,15,18,19,23,24,26,13,134342360,0,0,37,1090747,174009958,09/03/2008
8026,5,17,19,27,29,32,3,117046228,4,5000000,42,655496,152462456,06/03/2008
8025,8,16,17,18,19,21,14,125247286,2,5000000,48,776713,153154654,04/03/2008
8024,11,20,21,26,28,30,13,119269174,2,5000000,30,1274035,170256022,02/03/2008
8023,8,16,18,25,26,32,2,112888712,4,5000000,82,340936,153560364,28/02/2008
8022,12,18,20,24,28,32,5,120907235,0,0,59,582138,144863010,26/02/2008
8021,9,12,19,20,26,28,15,106187436,3,5000000,95,162540,160910474,24/02/2008
8020,3,10,13,15,28,30,3,85157728,8,5000000,207,55424,146348748,21/02/2008
8019,2,9,11,17,27,31,5,98387535,5,5000000,103,186536,141971234,19/02/2008
8018,2,5,6,23,26,33,13,115153263,1,5000000,23,1837353,157186176,17/02/2008
8017,2,5,7,17,20,22,2,102042212,2,5000000,50,204744,132359640,14/02/2008
8016,3,12,14,21,29,33,13,88155385,0,0,22,682967,140568370,05/02/2008
8015,6,8,11,16,29,33,3,53096396,0,0,46,309151,150230862,03/02/2008
8014,3,9,11,17,21,31,14,19914148,9,5000000,195,54756,135835312,31/01/2008
8013,2,8,15,16,22,28,10,30000000,15,3412718,144,6000,134411428,29/01/2008
8012,3,4,5,16,20,30,13,51190784,8,5000000,54,64572,154610224,27/01/2008
8011,2,14,17,21,30,32,3,53054681,1,5000000,21,572544,142739106,24/01/2008
8010,3,8,11,17,21,27,9,30000000,26,4174608,196,70179,146738458,22/01/2008
8009,9,21,29,30,31,32,16,102644740,2,5000000,39,378221,165349862,20/01/2008
8008,2,15,16,23,26,27,7,78226614,6,5000000,43,139470,150661200,17/01/2008
8007,1,13,17,22,23,30,11,94233045,3,5000000,26,323095,145532348,15/01/2008
8006,1,14,16,18,22,27,14,89631944,1,5000000,35,449100,165907668,13/01/2008
8005,3,5,15,22,24,25,15,57955436,2,5000000,93,154623,154340740,10/01/2008
8004,4,8,22,23,27,29,8,34402240,5,5000000,40,309247,154299042,08/01/2008
8003,6,8,11,13,17,19,12,30539172,18,5000000,76,6000,175940428,06/01/2008
8002,3,4,18,22,25,29,9,90539172,6,5000000,66,333886,153610222,03/01/2008
8001,2,4,7,9,14,29,3,111094951,1,5000000,53,255048,143343976,01/01/2008
7153,1,4,19,20,25,31,15,84553908,1,5000000,79,175924,169633854,30/12/2007
7152,11,17,21,29,30,33,8,57125181,1,5000000,33,348920,156184910,27/12/2007
7151,1,6,10,11,23,25,2,35258288,8,5000000,73,85530,153939934,25/12/2007
7150,3,5,11,13,19,24,5,60689682,2,5000000,78,109277,166649572,23/12/2007
7149,1,17,19,22,28,30,3,50801224,2,5000000,23,573935,149288714,20/12/2007
7148,3,9,16,17,23,28,7,30000000,59,2056918,169,6000,158818618,18/12/2007
7147,3,7,18,24,26,27,4,121358164,4,5000000,74,518958,179005766,16/12/2007
7146,4,18,22,24,26,30,9,124899782,2,5000000,41,435816,158863498,13/12/2007
7145,8,9,11,12,25,31,11,127241856,4,5000000,44,635342,156683190,11/12/2007
7144,8,14,23,25,28,32,16,135261122,2,5000000,59,755978,178734532,09/12/2007
7143,1,6,22,23,24,26,4,126145669,1,5000000,22,659666,152332662,06/12/2007
7142,11,20,25,26,27,30,8,97282809,0,0,35,454144,148389454,04/12/2007
7141,2,3,4,6,17,31,8,60194361,3,5000000,33,344227,166050194,02/12/2007
7140,1,5,16,21,22,26,11,48688880,4,5000000,54,153538,143598644,29/11/2007
7139,6,10,12,14,16,22,6,49342984,22,5136363,62,398223,147362270,27/11/2007
7138,2,3,15,17,19,25,16,128761636,0,0,85,225264,167481164,25/11/2007
7137,3,7,8,18,20,22,3,84084091,7,5428571,74,250230,148358822,22/11/2007
7136,1,2,18,21,25,29,14,111148212,4,6500000,26,1037600,148075802,20/11/2007
7135,1,11,16,26,31,33,16,119586385,0,0,32,520476,159526566,18/11/2007
7134,1,4,10,13,18,25,15,80724144,1,8000000,47,204686,141752438,15/11/2007
7133,3,6,7,11,13,33,10,63276884,11,5545454,64,146497,145163392,13/11/2007
7132,1,9,16,21,22,23,5,114258687,0,0,33,493963,155862750,11/11/2007
7131,3,5,7,16,22,27,5,76223517,3,6000000,29,482884,139489488,08/11/2007
7130,3,5,9,11,27,31,4,58548310,5,5600000,98,102980,134915286,06/11/2007
7129,5,7,20,21,22,30,8,30000000,12,5174527,93,18159,152215698,04/11/2007
7128,9,10,19,21,27,31,5,55153745,1,8000000,45,226896,130058308,01/11/2007
7127,6,9,13,16,24,28,11,36329644,17,5176470,78,107679,131706110,30/10/2007
7126,9,10,19,23,26,31,9,71731920,15,5600000,124,256852,170508318,28/10/2007
7125,3,5,18,20,27,33,1,133082056,0,0,71,209498,137439952,25/10/2007
7124,3,7,13,16,19,32,16,98375173,0,0,41,132333,131087996,23/10/2007
7123,1,13,15,23,28,32,2,85715304,2,6500000,19,731480,149864730,21/10/2007
7122,4,7,19,24,26,32,9,63286341,7,5428571,80,3000,130402942,18/10/2007
7121,3,10,21,22,27,28,6,78286342,1,11000000,28,273868,125337786,16/10/2007
7120,6,7,11,12,18,25,1,65393593,0,0,38,399175,136778106,14/10/2007
7119,3,8,11,13,25,31,12,30000000,23,4336379,58,96366,124850416,11/10/2007
7118,4,10,16,18,25,32,15,83695185,5,6200000,48,337528,124978730,09/10/2007
7117,3,7,9,10,26,32,1,101751738,0,0,31,453098,132239116,07/10/2007
7116,3,5,7,11,17,27,13,68977594,7,5857142,85,54097,113457608,04/10/2007
7115,1,5,10,16,20,26,2,93248246,0,0,53,179214,108125704,02/10/2007
7114,5,12,15,24,27,33,5,71085396,12,5250000,167,85934,143109004,30/09/2007
7113,4,18,23,25,26,31,10,124934931,1,8000000,26,920265,124724404,27/09/2007
7112,7,11,14,16,25,32,11,119680548,1,11000000,38,787142,128550874,25/09/2007
7111,2,9,10,12,13,17,11,111861375,0,0,20,1300881,136651412,23/09/2007
7110,2,4,7,15,24,28,3,100710964,4,5750000,41,537061,119714108,20/09/2007
7109,1,4,7,8,13,14,4,111274026,2,6500000,50,236126,117653172,18/09/2007
7108,3,7,12,13,20,33,2,93725910,3,6000000,77,152404,136419830,16/09/2007
7107,2,8,9,18,24,28,10,81343980,6,5500000,38,458107,118762906,13/09/2007
7106,12,18,21,24,25,29,8,103883381,1,8000000,20,449537,113328304,11/09/2007
7105,2,7,10,17,23,29,14,87904974,6,5500000,111,118271,134273360,09/09/2007
7104,2,8,12,14,20,32,4,87272631,3,5000000,30,143346,108150420,06/09/2007
7103,7,9,25,27,30,32,1,92238351,0,0,26,231424,102844920,04/09/2007
7102,4,6,8,18,20,33,11,78198594,2,5000000,27,357551,119528600,02/09/2007
7101,15,16,18,21,22,30,14,65672848,2,5000000,19,395654,103261246,30/08/2007
7100,8,18,27,29,30,32,6,58132155,5,5000000,43,155404,100804514,28/08/2007
7099,3,4,14,27,31,33,5,47539875,5,5000000,61,107731,115727006,26/08/2007
7098,2,3,5,11,19,20,12,57206046,3,5000000,45,133942,103284906,23/08/2007
7097,4,8,13,18,26,30,11,58142076,12,5000000,48,3000,99828090,21/08/2007
7096,9,10,20,22,30,32,8,88142080,2,5000000,31,130944,116298698,19/08/2007
7095,1,6,8,18,29,32,7,88670436,4,5000000,54,355094,101322650,16/08/2007
7094,3,5,18,19,24,32,2,100452531,3,5000000,41,260788,100279716,14/08/2007
7093,5,10,13,15,19,29,2,90503771,1,5000000,142,74077,115267274,12/08/2007
7092,14,18,22,23,24,33,9,70959546,1,5000000,33,202684,100547190,09/08/2007
7091,2,11,17,30,31,32,7,60352834,2,5000000,25,131448,98640430,07/08/2007
7090,5,11,13,27,30,31,2,62685021,1,5000000,49,170474,114857394,05/08/2007
7089,3,7,8,15,19,28,3,48194132,11,5000000,102,29588,99074148,02/08/2007
7088,2,4,10,28,29,33,6,66151984,1,5000000,22,181737,97931132,31/07/2007
7087,1,3,4,5,8,21,9,61822770,1,5000000,34,126630,115648010,29/07/2007
7086,5,8,14,22,27,29,16,56776770,3,5000000,67,128618,102347618,26/07/2007
7085,2,12,17,19,29,30,12,51669400,4,5000000,48,82188,101375038,24/07/2007
7084,6,10,12,14,20,27,10,52464240,4,5000000,29,39972,117091964,22/07/2007
7083,11,14,18,20,21,26,5,49759465,5,5000000,37,130511,100264804,19/07/2007
7082,5,15,17,18,25,32,15,63491988,7,5000000,46,50719,101473624,17/07/2007
7081,9,14,15,19,24,33,13,93048135,5,5000000,58,153855,120651274,15/07/2007
7080,1,8,16,18,19,29,4,97226409,7,5000000,125,122770,105252328,12/07/2007
7079,3,4,14,20,21,25,14,125649416,1,5000000,41,520603,103249956,10/07/2007
7078,4,6,7,23,25,32,1,121501677,3,5000000,23,1180581,121749606,08/07/2007
7077,6,8,14,21,28,29,2,124864516,2,5000000,68,406934,107569632,05/07/2007
7076,6,12,15,16,20,31,2,123005273,0,0,29,915367,106329426,03/07/2007
7075,13,16,17,22,30,32,3,111628560,2,5000000,34,405157,125477334,01/07/2007
7074,8,13,15,25,27,28,3,89486080,5,5000000,47,134179,108638452,28/06/2007
7073,5,9,11,19,28,31,2,99771100,4,5000000,55,170097,109359702,26/06/2007
7072,2,4,8,13,14,33,16,97941980,5,5000000,40,309521,131085768,24/06/2007
7071,1,6,14,21,30,31,9,94053292,4,5000000,37,458628,116647272,21/06/2007
7070,6,8,15,17,18,30,12,106780760,4,5000000,54,216939,114811644,19/06/2007
7069,3,4,11,12,14,32,12,99446444,4,5000000,17,1608504,137143568,17/06/2007
7068,11,18,19,22,23,28,1,107727339,1,5000000,24,917601,109334584,14/06/2007
7067,6,11,13,17,21,23,11,103289153,1,5000000,27,180464,106213796,12/06/2007
7066,5,11,16,24,32,33,8,96919886,1,5000000,49,162504,122787844,10/06/2007
7065,4,7,19,21,25,31,7,83340246,6,5000000,69,111732,106720024,07/06/2007
7064,2,6,9,16,21,23,16,110036169,1,5000000,23,832290,107504678,05/06/2007
7063,10,15,17,24,26,28,12,106832163,3,5000000,48,336876,124445210,03/06/2007
7062,8,17,20,29,30,33,9,114902128,2,5000000,30,645101,106979026,31/05/2007
7061,1,6,7,11,20,23,5,116607972,0,0,25,1100484,107509478,29/05/2007
7060,1,2,8,16,19,29,5,104817064,1,5000000,42,504606,122877416,27/05/2007
7059,1,3,4,6,7,29,14,100734154,0,0,12,682067,107668468,24/05/2007
7058,7,8,10,13,25,27,7,81636258,6,5000000,85,66899,106118326,22/05/2007
7057,5,11,18,19,20,21,9,98367957,3,5000000,27,207459,125193540,20/05/2007
7056,14,17,21,29,31,32,12,110967359,1,5000000,26,755103,111070368,17/05/2007
7055,2,6,11,22,28,29,2,107553346,2,5000000,66,151514,109364728,15/05/2007
7054,1,3,16,18,23,28,5,94220186,1,5000000,35,258619,126641628,13/05/2007
7053,10,13,16,17,18,27,11,78099634,2,5000000,19,257540,109175190,10/05/2007
7052,2,3,7,8,26,29,7,76681988,2,5000000,25,3000,107460952,08/05/2007
7051,3,14,16,26,27,33,13,86681988,6,5000000,30,700308,128364720,06/05/2007
7050,1,5,8,13,18,25,2,107678022,3,5000000,87,283895,105495070,03/05/2007
7049,4,14,18,19,31,33,2,112092768,2,5000000,39,266617,109032730,01/05/2007
7048,2,11,12,15,17,28,12,97830540,5,5000000,56,514587,136379094,29/04/2007
7047,2,4,16,18,23,30,6,110480448,3,5000000,57,423890,119916622,26/04/2007
7046,2,6,7,9,19,26,14,115125408,4,5000000,54,418909,119427296,24/04/2007
7045,1,12,18,21,28,30,10,125430648,2,5000000,71,342722,136615924,22/04/2007
7044,9,13,20,21,24,32,8,125002097,1,5000000,47,595146,124340438,19/04/2007
7043,3,8,10,11,14,30,5,118014140,4,5000000,39,442055,122386058,17/04/2007
7042,3,13,16,19,32,33,8,130625495,0,0,27,512540,142691830,15/04/2007
7041,1,3,9,11,26,31,12,124694666,1,5000000,47,357548,121205882,12/04/2007
7040,13,14,15,19,24,30,10,122492627,0,0,45,225097,118331436,10/04/2007
7039,6,7,19,24,27,29,1,98857405,5,5000000,82,365276,143011060,08/04/2007
7038,3,11,14,19,21,30,5,111020550,3,5000000,26,542876,119984574,05/04/2007
7037,10,11,16,23,31,33,16,119971358,0,0,12,2560488,116812284,03/04/2007
7036,3,14,21,23,30,31,10,106803130,1,5000000,18,1503449,134541242,01/04/2007
7035,1,4,8,12,29,31,6,100205090,2,5000000,15,644973,114653702,29/03/2007
7034,2,9,12,14,23,25,16,87631008,0,0,61,203755,114516916,27/03/2007
7033,3,4,11,17,18,28,9,58629880,8,5000000,103,63259,134912082,25/03/2007
7032,4,8,16,24,30,32,16,83426623,7,5000000,50,547154,119343222,22/03/2007
7031,4,6,10,12,19,31,1,106701892,2,5000000,41,523185,117363182,20/03/2007
7030,3,16,21,22,27,30,4,107508776,2,5000000,51,532195,133913730,18/03/2007
7029,6,8,9,11,19,21,10,105876498,2,5000000,64,163953,113666804,15/03/2007
7028,3,8,13,20,29,30,11,91392725,5,5000000,69,401850,116965154,13/03/2007
7027,2,3,9,22,24,27,11,104509442,0,0,25,384335,128748636,11/03/2007
7026,1,4,14,16,26,29,10,82089880,2,5000000,51,190431,109462504,08/03/2007
7025,3,16,18,22,23,26,3,69428520,5,5000000,50,60274,104560512,06/03/2007
7024,8,9,17,25,27,32,6,87396552,3,5000000,52,160316,121542842,04/03/2007
7023,3,7,13,17,32,33,2,82944858,1,5000000,38,249351,112284838,01/03/2007
7022,2,4,7,10,18,27,10,65835680,8,5000000,52,75427,107756880,27/02/2007
7021,3,6,9,11,25,31,13,96683828,4,5000000,30,702017,113756430,25/02/2007
7020,5,10,16,20,28,31,14,107657897,1,5000000,86,158412,126700040,15/02/2007
7019,4,11,16,23,29,31,14,80869806,3,5000000,210,42416,115956594,13/02/2007
7018,1,12,18,20,21,26,11,75085794,7,5000000,77,75628,133609680,11/02/2007
7017,5,9,10,24,25,32,14,96497853,3,5000000,46,204843,114012860,08/02/2007
7016,1,18,20,22,26,33,5,89511352,8,5000000,35,606616,116998640,06/02/2007
7015,3,4,8,18,22,30,15,120412106,2,5000000,72,402014,139341652,04/02/2007
7014,1,13,16,20,24,26,9,118007099,2,5000000,33,3000,115219742,01/02/2007
7013,5,15,18,27,29,32,5,128007099,1,5000000,45,503340,115053692,30/01/2007
7012,3,5,7,21,26,28,4,123299827,1,5000000,26,1008596,134084158,28/01/2007
7011,3,10,15,25,28,33,16,117061179,1,5000000,24,448604,115841486,25/01/2007
7010,3,8,14,17,30,32,5,96939315,3,5000000,37,473881,115335536,23/01/2007
7009,2,4,14,15,25,27,15,104424915,3,5000000,78,335629,132693662,21/01/2007
7008,1,4,5,18,19,25,10,108205308,2,5000000,38,277235,116492752,18/01/2007
7007,4,12,15,17,22,32,14,93623739,3,5000000,31,285097,111917406,16/01/2007
7006,6,10,14,22,26,27,11,88001697,7,5000000,82,225684,130460716,14/01/2007
7005,1,5,6,16,24,30,12,115070485,1,5000000,28,749879,113427606,11/01/2007
7004,3,7,10,13,25,33,10,111071937,3,5000000,38,492547,109946044,09/01/2007
7003,5,9,11,12,22,27,15,118050456,2,5000000,98,290628,129783464,07/01/2007
7002,5,6,14,20,21,22,1,115844064,1,5000000,45,597946,112130528,04/01/2007
7001,2,4,9,10,20,26,14,109312240,1,5000000,40,177955,107551896,02/01/2007
6154,7,14,18,20,30,33,13,97703100,4,5000000,34,266652,141112320,31/12/2006
6153,1,7,11,20,30,33,10,96548648,2,5000000,26,301012,116654792,28/12/2006
6152,1,14,20,25,27,31,15,103194508,2,5000000,29,1041182,119601334,26/12/2006
6151,1,3,4,6,16,22,8,100254102,3,5000000,29,615107,138410226,24/12/2006
6150,8,9,12,18,25,27,12,107609196,3,5000000,84,139737,115993740,21/12/2006
6149,2,3,5,11,15,32,15,117578658,3,5000000,34,707455,115306168,19/12/2006
6148,4,8,12,13,23,29,1,122270018,2,5000000,64,217466,132637320,17/12/2006
6147,1,4,15,17,27,31,1,99795009,3,5000000,62,370362,116514674,14/12/2006
6146,3,9,13,23,28,30,5,104953950,3,5000000,62,320250,115654738,12/12/2006
6145,2,7,23,26,28,31,7,111444436,2,5000000,33,482201,132458778,10/12/2006
6144,4,10,13,16,22,29,6,114624730,0,0,29,680134,114335670,07/12/2006
6143,1,15,20,29,31,32,8,106171634,1,5000000,19,485697,112319084,05/12/2006
6142,10,16,19,22,26,27,16,89639025,5,5000000,50,203586,129524666,03/12/2006
6141,16,18,22,23,25,31,11,90887284,4,5000000,18,370644,113085938,30/11/2006
6140,1,8,11,18,19,23,5,95320228,4,5000000,46,266864,113078350,28/11/2006
6139,7,8,14,21,23,25,5,86676824,1,5000000,62,196882,131547148,26/11/2006
6138,4,9,11,17,18,26,8,63194512,8,5000000,65,67243,117330686,23/11/2006
6137,10,14,17,21,27,31,9,101321304,7,5000000,31,311918,114978368,21/11/2006
6136,11,15,17,21,22,24,5,132177251,1,5000000,33,818438,134814524,19/11/2006
6135,4,19,21,22,23,31,4,125602187,1,5000000,11,1716242,117256018,16/11/2006
6134,10,13,18,26,28,30,12,122511330,3,5000000,26,873091,117122256,14/11/2006
6133,4,6,20,25,29,31,3,127782601,0,5000000,29,818588,132260424,12/11/2006
6132,6,14,22,26,30,33,1,117608722,0,5000000,19,1622556,112975272,09/11/2006
6131,3,4,9,22,26,33,1,104396474,0,5000000,30,405028,109252010,07/11/2006
6130,1,12,21,22,30,32,2,76044452,2,5000000,36,359427,127450422,05/11/2006
6129,9,14,18,22,27,29,12,55852518,18,5000000,192,26041,114763814,02/11/2006
6128,4,15,21,30,31,33,5,113709638,2,5000000,27,796808,112378664,31/10/2006
6127,3,4,11,17,19,30,1,114489426,1,5000000,68,438646,132007038,29/10/2006
6126,2,8,13,16,24,33,9,106706025,5,5000000,32,482761,112001142,26/10/2006
6125,15,19,23,30,32,33,6,125085299,0,5000000,23,490879,108541420,24/10/2006
6124,12,13,14,18,31,32,13,98741457,3,5000000,33,297035,126512484,22/10/2006
6123,2,3,20,25,28,32,6,90869747,0,5000000,29,367862,109186124,19/10/2006
6122,4,5,6,8,22,24,3,65977722,6,5000000,26,237450,106944306,17/10/2006
6121,3,4,6,27,31,33,6,81572370,0,5000000,20,476445,121563190,15/10/2006
6120,6,8,14,15,24,33,9,59338240,16,5000000,45,535799,106800148,12/10/2006
6119,1,2,14,20,27,30,2,109004982,3,5000000,18,1231277,104253630,10/10/2006
6118,1,3,7,8,10,30,5,114506559,1,5000000,38,596583,120456838,08/10/2006
6117,6,14,20,22,23,26,9,109790770,0,0,27,405065,102567054,05/10/2006
6116,5,16,21,22,32,33,9,84271636,4,5000000,19,361855,98613202,03/10/2006
6115,1,10,20,26,28,29,15,88229360,8,5000000,26,1028289,124883314,01/10/2006
6114,8,10,14,20,27,29,16,116771282,2,5000000,38,692343,108934344,28/09/2006
6113,5,14,17,18,28,33,2,115495976,4,5000000,43,394984,107572058,26/09/2006
6112,4,9,13,15,31,33,11,128216984,2,5000000,24,980404,125399344,24/09/2006
6111,1,8,11,16,17,22,15,128132828,2,5000000,57,182723,108913454,21/09/2006
6110,9,12,14,18,27,33,13,133669148,0,5000000,37,773666,109867074,19/09/2006
6109,1,5,17,18,23,26,13,121401005,1,5000000,55,370962,126119150,17/09/2006
6108,2,6,8,20,24,30,9,117656898,6,5000000,39,277380,109119888,14/09/2006
6107,1,6,8,13,17,30,7,143020688,4,5000000,52,154753,104721686,12/09/2006
6106,2,12,14,19,28,33,10,159571905,3,5000000,43,557517,125436850,10/09/2006
6105,5,12,14,15,20,31,1,164297659,0,5000000,24,1014084,107101384,07/09/2006
6104,3,7,22,27,28,31,11,153867079,1,5000000,27,874675,103600434,05/09/2006
6103,12,14,15,25,28,31,6,148745838,1,5000000,33,575983,121181078,03/09/2006
6102,1,4,13,19,20,24,11,145599783,0,5000000,29,518500,101870248,31/08/2006
6101,9,12,20,26,27,28,16,139155564,3,5000000,34,758071,103642530,29/08/2006
6100,1,11,18,26,30,32,3,142398104,0,5000000,26,584046,121377382,27/08/2006
6099,9,12,18,23,24,27,5,136601442,3,5000000,37,482798,104632276,24/08/2006
6098,6,7,10,11,18,23,16,143945640,2,5000000,49,549882,106596798,22/08/2006
6097,11,14,15,20,26,27,12,142398104,0,5000000,36,572103,121243358,20/08/2006
6096,1,5,9,13,18,33,14,133571360,0,5000000,92,267777,104405910,17/08/2006
6095,1,3,17,20,21,29,16,123013291,0,0,22,864569,102008350,15/08/2006
6094,15,16,17,18,24,33,13,114861640,1,5000000,22,811407,118981520,13/08/2006
6093,2,12,16,18,19,23,5,112211224,0,5000000,27,887535,103069550,10/08/2006
6092,2,8,11,16,20,21,14,101941173,1,5000000,27,258645,100741394,08/08/2006
6091,7,8,12,21,22,24,7,90646515,1,5000000,45,132297,117308110,06/08/2006
6090,2,11,15,20,23,29,11,81755244,3,5000000,59,76048,96271594,03/08/2006
6089,1,13,16,18,19,22,1,86285876,2,5000000,32,334131,94591130,01/08/2006
6088,3,11,20,24,25,26,1,71337415,5,5000000,27,440665,114786458,30/07/2006
6087,4,5,8,9,12,30,5,68575468,2,5000000,32,168530,100404616,27/07/2006
6086,4,6,10,24,26,31,6,65991876,3,5000000,43,143785,100268238,25/07/2006
6085,2,6,18,21,24,25,8,66565353,3,5000000,30,206442,113841824,23/07/2006
6084,1,12,17,21,25,28,12,67114345,5,5000000,24,336630,95796786,21/07/2006
6083,7,9,18,19,26,29,10,73263015,7,5000000,66,117378,94698606,18/07/2006
6082,3,13,15,23,28,29,9,90186744,8,5000000,86,268455,110771614,16/07/2006
6081,14,16,18,21,22,32,4,120292242,1,5000000,31,675680,94879564,13/07/2006
6080,15,17,20,22,26,29,9,116315344,1,5000000,8,1186155,95689488,11/07/2006
6079,6,11,13,17,20,32,8,99173775,3,5000000,53,335220,113367343,09/07/2006
6078,3,5,17,22,31,33,12,106559472,2,5000000,45,175213,96331128,06/07/2006
6077,8,9,12,13,19,33,9,98162082,0,5000000,21,126635,95566810,04/07/2006
6076,4,10,17,21,29,32,14,91956935,7,5000000,48,311573,111315098,02/07/2006
6075,10,21,22,23,25,33,11,120547424,1,5000000,18,617881,98135212,29/06/2006
6074,1,3,15,19,25,33,4,120780908,0,5000000,22,947798,97994678,27/06/2006
6073,5,13,16,18,27,29,12,111844608,4,5000000,74,239569,113616244,25/06/2006
6072,2,3,5,20,21,24,8,124246824,0,5000000,14,1392994,97222706,22/06/2006
6071,5,11,12,19,29,31,1,115888856,2,5000000,46,492513,98069610,20/06/2006
6070,2,3,11,13,20,27,2,116179310,2,5000000,49,500622,117810232,18/06/2006
6069,5,16,20,22,29,30,8,115666244,1,5000000,18,915305,103486846,15/06/2006
6068,3,7,10,14,30,33,10,113605314,2,5000000,40,405240,101776294,13/06/2006
6067,7,8,11,16,17,24,13,116658336,0,5000000,36,767837,119304720,11/06/2006
6066,6,8,11,18,30,33,5,104811700,1,5000000,22,910445,105113854,08/06/2006
6065,4,8,17,28,29,30,13,101227502,2,5000000,39,185992,105179330,06/06/2006
6064,3,12,14,21,24,28,11,94302188,4,5000000,76,235189,120208036,04/06/2006
6063,4,5,15,21,23,24,8,106641730,2,5000000,18,1163529,101449632,01/06/2006
6062,18,22,23,24,26,30,1,107665930,0,5000000,16,1092218,103173418,30/05/2006
6061,5,13,17,19,25,30,11,100176429,3,5000000,45,590525,119567188,28/05/2006
6060,5,15,19,23,30,32,14,103787721,1,5000000,33,349952,103935570,25/05/2006
6059,5,10,15,17,27,29,11,81841407,3,5000000,60,112186,100396304,23/05/2006
6058,1,12,22,23,24,25,14,81135276,2,5000000,50,179208,116033720,21/05/2006
6057,3,4,17,18,21,31,8,70227630,3,5000000,30,349585,99929702,18/05/2006
6056,11,13,15,21,23,25,8,60756660,10,5000000,76,98163,103929956,16/05/2006
6055,4,5,28,29,31,33,11,93348960,5,5000000,29,499253,119895110,14/05/2006
6054,3,5,7,10,28,30,4,112143957,3,5000000,47,384564,103152448,11/05/2006
6053,1,11,17,27,28,31,2,119397726,7,5000000,59,326729,100676240,09/05/2006
6052,11,24,26,27,30,32,3,146136139,1,5000000,27,932096,118886736,07/05/2006
6051,2,6,7,17,27,30,16,140350449,1,5000000,30,536806,97800512,04/05/2006
6050,2,6,12,15,25,31,7,138448657,1,5000000,39,148511,94915860,02/05/2006
6049,6,10,12,13,17,20,3,140966397,3,5000000,29,1026295,123714924,30/04/2006
6048,9,13,19,25,29,32,12,143211009,3,5000000,20,471352,108892170,27/04/2006
6047,2,17,20,22,28,32,3,154170844,2,5000000,20,1241270,109048914,25/04/2006
6046,13,18,23,29,31,32,8,153531387,3,5000000,22,804865,128175586,23/04/2006
6045,6,7,10,14,20,21,4,160942652,0,0,53,435162,109852122,20/04/2006
6044,2,10,18,21,30,31,5,151058247,0,0,24,783393,107026164,18/04/2006
6043,5,12,13,16,23,32,3,143000486,2,5000000,36,863576,125637310,16/04/2006
6042,3,16,23,26,28,31,11,139676741,1,5000000,7,2094597,105723260,13/04/2006
6041,3,10,16,18,21,28,4,138392950,2,5000000,49,447691,105725214,11/04/2006
6040,15,22,25,26,28,33,3,138991437,0,5000000,20,1638243,123352566,09/04/2006
6039,16,19,22,28,31,32,3,124949353,1,5000000,18,1067405,106258396,06/04/2006
6038,2,14,17,19,22,30,10,121715084,2,5000000,32,510825,101996466,04/04/2006
6037,2,12,23,24,25,32,14,124709476,1,5000000,59,489240,124438394,02/04/2006
6036,4,7,10,16,17,21,9,117338673,1,5000000,38,535680,109841862,30/03/2006
6035,3,9,13,21,27,29,13,113614740,2,5000000,117,217115,107522946,28/03/2006
6034,2,10,15,16,17,33,13,112727952,4,5000000,38,599172,128871804,26/03/2006
6033,15,20,22,23,27,31,6,122970002,0,0,5,4333749,111163226,23/03/2006
6032,5,18,20,24,26,31,9,113683396,4,5000000,24,501510,110906190,21/03/2006
6031,3,10,12,16,31,32,14,128524999,0,0,16,2063012,124118424,19/03/2006
6030,8,13,15,17,20,32,14,114378629,0,0,21,430496,104007536,16/03/2006
6029,3,4,7,9,14,19,8,93284310,3,5000000,28,241349,101076256,14/03/2006
6028,5,7,14,16,17,27,4,92516142,3,5000000,40,119296,115594746,12/03/2006
6027,6,8,11,14,16,27,15,96381836,2,5000000,27,491533,105074006,09/03/2006
6026,1,2,18,22,29,32,3,100694096,2,5000000,19,817165,101697504,07/03/2006
6025,3,4,17,19,24,32,5,104040034,2,5000000,26,393494,114242160,05/03/2006
6024,2,7,9,11,21,27,6,90168028,2,5000000,43,210920,99899450,02/03/2006
6023,4,13,14,19,23,28,8,0,6,5000000,32,134491,94622606,28/02/2006
6022,2,3,4,13,16,27,13,98963672,0,0,17,226645,109077186,26/02/2006
6021,1,2,5,20,21,22,9,89973418,2,5000000,26,154309,94454936,23/02/2006
6020,5,9,21,23,26,29,6,90611991,1,5000000,39,192527,93253284,21/02/2006
6019,4,6,13,22,26,32,7,0,2,5000000,21,363375,105480332,19/02/2006
6018,1,13,14,17,24,26,5,70286614,0,0,17,319169,87008450,16/02/2006
6017,3,4,8,31,32,33,2,57626236,2,5000000,28,272007,89616926,14/02/2006
6016,1,7,13,17,23,30,16,49855100,2,5000000,105,80023,103427620,12/02/2006
6015,2,3,9,15,29,32,3,40249445,5,5000000,22,238219,88355360,09/02/2006
6014,6,14,26,29,32,33,7,53020860,2,5000000,12,476176,82668894,07/02/2006
6013,1,5,6,12,16,21,11,49687923,1,5000000,30,252361,84977250,05/02/2006
6012,9,11,13,27,31,33,10,37022589,3,5000000,28,299265,101562774,26/01/2006
6011,5,7,8,14,27,31,11,32470552,2,5000000,28,190875,89227522,24/01/2006
6010,4,6,12,19,27,29,8,30000000,17,3878424,93,55595,110089308,22/01/2006
6009,5,6,8,20,26,30,6,53869004,4,5000000,51,77187,91943224,19/01/2006
6008,3,5,9,18,28,32,16,64683656,9,5000000,117,44871,91800142,17/01/2006
6007,4,16,18,27,32,33,7,77433748,2,5000000,22,505261,111611858,15/01/2006
6006,8,21,22,23,26,32,14,61496982,3,5000000,14,410559,95871778,12/01/2006
6005,3,19,20,24,26,27,11,63085358,2,5000000,20,220721,95099522,10/01/2006
6004,4,8,17,27,28,31,7,62785044,7,5000000,61,108151,110726140,08/01/2006
6003,2,4,5,6,16,20,12,82391486,1,5000000,11,122071,97626902,05/01/2006
6002,7,13,16,21,26,28,9,82549305,5,5000000,34,410238,94624640,03/01/2006
6001,1,12,15,19,21,28,3,101571550,2,5000000,21,574119,108083372,01/01/2006
5153,4,5,7,21,26,29,1,83439714,1,5000000,16,599961,97908590,29/12/2005
5152,1,5,12,14,21,27,3,66041168,8,5000000,46,125562,94543810,27/12/2005
5151,4,11,12,13,19,30,5,92564091,3,5000000,56,306547,112380820,25/12/2005
5150,3,7,10,14,18,20,2,100206958,1,5000000,54,168054,94339478,22/12/2005
5149,11,16,21,23,25,32,7,84032106,2,5000000,27,240638,93699080,20/12/2005
5148,3,15,17,23,24,29,13,78871896,3,5000000,47,128950,107658676,18/12/2005
5147,6,7,15,27,28,30,10,79730381,0,5000000,27,254520,92151598,15/12/2005
5146,7,11,19,20,24,28,2,63695577,3,5000000,39,178025,91683000,13/12/2005
5145,3,7,8,17,20,28,15,62495300,5,5000000,64,155464,107763236,11/12/2005
5144,1,8,14,15,19,27,9,64279302,3,5000000,33,133265,93615492,08/12/2005
5143,3,10,15,17,20,32,8,69017880,3,5000000,16,203430,89833786,06/12/2005
5142,7,10,12,17,22,29,5,76423134,6,5000000,33,187066,107920884,04/12/2005
5141,3,5,8,12,16,19,15,92018980,4,5000000,55,365466,98736818,01/12/2005
5140,4,6,7,8,12,17,7,103404410,1,5000000,17,513416,97816778,29/11/2005
5139,2,7,20,23,32,33,10,104663808,4,5000000,19,969256,113954368,27/11/2005
5138,3,5,6,11,20,22,13,116771293,0,5000000,34,711240,99148234,24/11/2005
5137,3,9,15,23,25,33,12,106407506,2,5000000,36,418224,94838566,22/11/2005
5136,5,14,16,18,25,27,13,109954896,2,5000000,46,461424,110922040,20/11/2005
5135,1,5,13,15,21,25,11,110858234,2,5000000,15,1640271,98055380,17/11/2005
5134,4,13,14,18,26,30,1,110313635,0,0,27,748334,96024468,15/11/2005
5133,1,7,14,16,18,25,11,101654338,2,5000000,108,179142,112647856,13/11/2005
5132,2,4,10,18,27,29,15,103362613,0,0,22,410337,94130152,10/11/2005
5131,2,7,10,11,12,24,3,82298616,1,5000000,47,180197,92470384,08/11/2005
5130,3,5,9,15,20,25,16,67536960,6,5000000,104,71573,107409392,06/11/2005
5129,5,10,14,20,27,33,3,80168399,1,5000000,40,162779,92402414,03/11/2005
5128,2,4,14,23,29,33,15,49975632,7,5000000,23,322811,90364038,01/11/2005
5127,4,6,11,14,23,25,12,67651420,2,5000000,22,255201,100319936,30/10/2005
5126,2,8,13,19,25,26,9,34551075,13,5000000,148,38281,89725146,27/10/2005
5125,6,14,18,28,31,32,3,86331035,5,5000000,10,666520,87866546,25/10/2005
5124,5,6,10,19,31,33,11,95778891,3,5000000,34,307490,100141228,23/10/2005
5123,11,12,13,17,18,25,7,106298320,4,5000000,32,259425,88748762,20/10/2005
5122,1,4,7,14,30,32,9,122740488,1,5000000,11,1208075,86580310,18/10/2005
5121,1,7,20,25,31,32,12,122045276,1,5000000,9,2028854,98424618,16/10/2005
5120,1,6,13,18,30,32,14,119219696,0,0,15,1228306,85309164,13/10/2005
5119,1,7,11,18,20,22,2,111323443,1,5000000,73,111502,84606492,11/10/2005
5118,4,9,12,15,26,31,16,97330794,3,5000000,113,182783,100005930,09/10/2005
5117,6,17,22,27,28,32,3,103478865,1,5000000,34,560505,88046422,06/10/2005
5116,4,6,8,14,15,30,10,100311500,2,5000000,14,754577,82761716,04/10/2005
5115,3,12,18,23,30,33,2,105784038,2,5000000,27,253743,100744056,02/10/2005
5114,6,7,10,15,21,27,6,99798190,2,5000000,20,331878,83220546,29/09/2005
5113,15,18,20,22,26,27,3,94310536,4,5000000,11,1277858,84045660,27/09/2005
5112,4,12,22,28,29,30,16,108286349,0,5000000,24,289808,96648022,25/09/2005
5111,3,7,15,16,19,29,9,92057094,1,5000000,24,352552,84986902,22/09/2005
5110,7,10,16,19,24,25,9,77314136,2,5000000,24,226174,80799964,20/09/2005
5109,3,5,13,15,17,31,4,74648356,1,5000000,17,481344,95781382,18/09/2005
5108,3,10,12,24,29,30,6,60555032,4,5000000,24,58549,84723006,15/09/2005
5107,9,10,20,24,25,26,11,77276274,3,5000000,35,155211,84794920,13/09/2005
5106,1,11,13,24,26,31,13,79600650,6,5000000,35,280048,99286104,11/09/2005
5105,4,15,23,30,32,33,3,105399928,2,5000000,14,1329397,87687830,08/09/2005
5104,2,4,21,23,30,33,9,107423543,1,5000000,7,2629258,87523934,06/09/2005
5103,4,7,16,18,23,30,7,104535767,7,5000000,72,126282,101882938,04/09/2005
5102,2,5,6,14,24,31,12,135639051,0,0,7,2925056,85261292,01/09/2005
5101,9,16,19,21,22,24,12,126863883,0,5000000,17,556092,83203780,30/08/2005
5100,2,4,9,14,16,31,3,122812351,0,5000000,19,539079,98607066,28/08/2005
5099,10,13,16,22,24,31,9,98913156,3,5000000,12,571848,84539242,25/08/2005
5098,12,15,19,22,31,33,1,110972222,2,5000000,18,1092290,82354218,23/08/2005
5097,5,10,23,27,28,30,15,112545980,4,5000000,19,721778,95744622,21/08/2005
5096,4,5,17,18,26,33,4,126668644,1,5000000,28,706729,85977004,18/08/2005
5095,9,12,18,21,28,29,5,123187891,0,0,27,544433,81902156,16/08/2005
5094,3,5,9,23,27,33,3,116888019,0,0,16,551141,92955416,14/08/2005
5093,4,6,17,23,25,29,14,96312056,2,5000000,61,69396,81066546,11/08/2005
5092,8,13,19,26,28,31,10,96434568,4,5000000,25,564955,82564864,09/08/2005
5091,1,11,12,15,26,27,13,110381478,2,5000000,28,531091,95665834,07/08/2005
5090,1,9,21,25,29,32,3,114008382,1,5000000,10,1818482,82913536,04/08/2005
5089,5,19,20,23,26,31,12,111214886,0,0,25,295526,79337620,02/08/2005
5088,1,3,7,18,20,24,7,93975816,1,5000000,27,166791,90904986,31/07/2005
5087,8,9,15,16,23,26,8,88467922,1,5000000,37,138211,79213276,28/07/2005
5086,7,11,12,24,27,29,12,81535680,5,5000000,61,102588,77364602,26/07/2005
5085,8,9,13,14,20,22,12,91933970,1,5000000,47,183980,89568388,24/07/2005
5084,1,2,7,15,19,20,3,76757496,8,5000000,28,259736,78941520,21/07/2005
5083,3,5,9,14,16,30,13,99788079,3,5000000,25,311628,76251350,19/07/2005
5082,1,7,11,14,19,20,12,0,1,5000000,40,190475,90397368,17/07/2005
5081,2,4,10,12,26,30,3,98671500,2,5000000,37,320589,78229226,14/07/2005
5080,1,12,14,26,27,32,16,103587874,1,5000000,27,643523,77732422,12/07/2005
5079,3,9,20,24,25,28,5,101141394,2,5000000,24,631232,90690486,10/07/2005
5078,3,11,15,20,26,32,11,104648720,1,5000000,24,645412,78597462,07/07/2005
5077,8,17,22,24,32,33,16,103010197,1,5000000,25,669880,76776232,05/07/2005
5076,4,9,11,22,25,28,13,100832903,1,5000000,45,158361,89406860,03/07/2005
5075,11,13,14,16,18,31,14,89204914,2,5000000,14,272458,77727922,30/06/2005
5074,6,9,18,20,26,29,9,90304588,4,5000000,26,361794,77117314,28/06/2005
5073,1,6,8,9,18,20,1,106273162,2,5000000,29,286379,91231396,26/06/2005
5072,6,10,19,20,24,33,11,96894783,3,5000000,38,21832,79624618,23/06/2005
5071,4,8,12,14,16,22,10,111539233,0,0,15,990023,76440970,21/06/2005
5070,3,4,8,14,16,26,4,105174796,2,5000000,21,996769,93029490,19/06/2005
5069,7,9,21,24,31,33,12,106203875,0,0,17,366567,77421708,16/06/2005
5068,1,8,10,13,25,33,13,91663380,3,5000000,20,725217,76931454,14/06/2005
5067,3,12,16,20,21,26,16,100447230,2,5000000,40,558777,91360150,12/06/2005
5066,2,4,10,11,25,28,5,100868190,2,5000000,30,434345,78834656,09/06/2005
5065,12,16,17,21,22,23,16,105283750,2,5000000,17,388567,78406326,07/06/2005
5064,10,18,23,27,30,32,8,99870563,1,5000000,22,466791,91725346,05/06/2005
5063,2,11,13,18,22,30,4,100469382,2,5000000,14,438861,78062342,02/06/2005
5062,2,7,11,12,20,23,7,96133228,4,5000000,32,466418,78069394,31/05/2005
5061,5,9,14,21,23,24,1,109736636,0,0,20,1008543,91763234,29/05/2005
5060,9,12,21,25,31,33,13,101091978,3,5000000,17,475322,80020874,26/05/2005
5059,7,11,14,18,24,29,7,97237525,5,5000000,63,116437,78358206,24/05/2005
5058,4,6,10,21,25,26,10,119093702,1,5000000,36,513002,93045298,22/05/2005
5057,5,6,10,15,30,31,13,116178805,1,5000000,20,785821,79892628,19/05/2005
5056,12,17,19,27,29,31,9,114443196,4,5000000,46,286780,76174508,17/05/2005
5055,5,20,22,30,32,33,9,128789536,2,5000000,20,1131743,93309308,15/05/2005
5054,5,13,17,18,21,29,14,129088876,1,5000000,34,357090,81854430,12/05/2005
5053,4,7,10,14,27,29,9,128885553,3,5000000,25,557747,76967356,10/05/2005
5052,1,2,14,17,30,32,1,137909685,1,5000000,20,948843,90275684,08/05/2005
5051,3,6,14,19,20,21,2,134776738,1,5000000,43,390536,72706272,05/05/2005
5050,2,9,12,20,26,32,13,132579703,0,0,23,482146,68676002,03/05/2005
5049,2,3,8,10,25,27,12,127827112,1,5000000,9,1699155,87276712,01/05/2005
5048,6,7,8,10,16,28,2,126273226,0,0,29,475072,80188244,28/04/2005
5047,2,3,5,7,8,27,15,120368756,0,0,22,503687,77150922,26/04/2005
5046,9,16,18,20,22,24,5,115619699,1,5000000,23,398531,91639786,24/04/2005
5045,1,7,10,15,18,20,10,99231829,0,0,19,344638,77512424,21/04/2005
5044,1,6,16,17,18,22,9,83952868,0,0,32,154565,70627418,19/04/2005
5043,4,5,6,7,8,32,5,72411962,7,5000000,14,1104258,91903906,17/04/2005
5042,11,16,21,26,27,30,15,100786410,2,5000000,24,692125,79192448,14/04/2005
5041,2,11,16,23,24,29,3,103667406,3,5000000,36,475611,78144480,12/04/2005
5040,1,12,21,24,30,32,13,111329404,1,5000000,14,504218,89311042,10/04/2005
5039,2,16,18,19,21,29,9,99858268,2,5000000,18,833197,78209132,07/04/2005
5038,4,7,11,20,27,28,16,103430748,2,5000000,69,96679,76754210,05/04/2005
5037,7,12,14,22,24,32,16,97865355,1,5000000,25,203021,88843416,03/04/2005
5036,12,19,20,21,26,31,15,91022448,0,0,21,261216,76548738,31/03/2005
5035,12,16,21,28,29,30,14,78222863,1,5000000,15,380320,73995036,29/03/2005
5034,5,17,18,25,28,32,9,69911648,8,5000000,54,92891,92625150,27/03/2005
5033,7,8,12,14,19,20,7,107761872,0,0,10,736814,76996234,24/03/2005
5032,5,15,19,20,25,29,3,90569540,4,5000000,52,236720,75420852,22/03/2005
5031,4,10,16,20,23,32,7,105294059,1,5000000,44,164801,88181316,20/03/2005
5030,1,5,9,14,22,28,5,93374391,3,5000000,34,426512,78215814,17/03/2005
5029,2,14,21,22,27,30,14,102159495,0,0,12,382633,73015078,15/03/2005
5028,4,9,22,25,26,32,10,91445748,1,5000000,18,348551,83942448,13/03/2005
5027,1,3,4,6,21,32,15,81806582,1,5000000,12,515914,74896882,10/03/2005
5026,6,12,14,20,25,26,7,72360968,1,5000000,24,233554,72124158,08/03/2005
5025,1,7,10,11,13,32,7,64281922,1,5000000,18,262426,83986854,06/03/2005
5024,5,9,14,27,31,32,13,58260000,4,5000000,37,121881,72808046,03/03/2005
5023,10,15,19,20,21,25,12,67737564,4,5000000,20,299602,70112088,01/03/2005
5022,8,10,12,21,32,33,4,73756112,8,5000000,52,255743,87869528,27/02/2005
5021,2,6,24,26,30,31,16,108056690,0,0,5,3363844,74925080,24/02/2005
5020,14,16,19,20,25,29,5,100848451,1,5000000,27,437221,71772338,22/02/2005
5019,6,11,12,13,19,22,8,100789176,1,5000000,17,697155,80017318,20/02/2005
5018,1,3,6,22,23,25,6,100709900,1,5000000,22,275425,70853674,17/02/2005
5017,2,6,10,25,27,31,3,91571416,2,5000000,17,370427,69139166,16/02/2005
5016,1,5,6,12,16,30,15,86877775,0,0,27,284047,85896264,06/02/2005
5015,4,8,9,16,17,29,15,68982783,1,5000000,43,128879,71767638,03/02/2005
5014,13,19,21,23,30,32,5,61051878,3,5000000,18,388781,70400450,01/02/2005
5013,7,8,16,19,20,24,6,59723073,9,5000000,62,45678,85862110,30/01/2005
5012,2,3,6,16,22,31,5,98114924,2,5000000,50,259107,73524782,27/01/2005
5011,9,11,13,15,22,30,15,102562630,1,5000000,15,448184,70934662,25/01/2005
5010,8,10,11,18,25,26,1,91876180,5,5000000,65,197430,86560850,23/01/2005
5009,2,17,22,27,29,31,14,111376322,1,5000000,11,1351424,74072772,20/01/2005
5008,11,19,22,27,32,33,11,110005324,1,5000000,26,467915,72041750,18/01/2005
5007,7,15,17,20,23,33,15,109791408,2,5000000,15,609348,86322510,16/01/2005
5006,2,4,5,15,21,31,16,98464204,2,5000000,14,1311121,74203108,13/01/2005
5005,5,9,20,26,28,33,15,100597478,2,5000000,61,115589,70647958,11/01/2005
5004,1,4,8,9,22,23,3,94145228,4,5000000,42,407984,87357176,09/01/2005
5003,9,12,15,19,22,31,16,106801512,6,5000000,26,533517,74532408,06/01/2005
5002,6,9,20,26,28,33,14,130856606,1,5000000,28,452441,69161632,04/01/2005
5001,1,7,8,23,27,28,14,130427310,0,0,24,646669,82345328,02/01/2005
4122,3,11,14,22,24,31,15,123775848,2,5000000,33,486144,73723296,30/12/2004
4121,7,13,16,18,30,32,10,126900373,1,5000000,17,869790,71029820,28/12/2004
4120,7,8,18,21,27,32,10,125563326,2,5000000,24,301953,87000158,26/12/2004
4119,6,9,18,20,25,33,6,132457522,0,0,26,534892,74319134,23/12/2004
4118,3,4,7,12,30,31,15,126497296,1,5000000,17,947167,73120372,21/12/2004
4117,1,3,7,14,24,25,7,124596504,1,5000000,16,1144836,88600982,19/12/2004
4116,1,3,5,8,14,33,3,121746200,0,0,15,1066624,76958968,16/12/2004
4115,2,16,20,30,31,33,1,114889326,0,0,9,2009002,73673592,14/12/2004
4114,1,6,9,17,21,22,1,107140316,2,5000000,14,1414166,90387406,13/12/2004
4113,8,10,23,25,31,32,7,108655316,1,5000000,20,772711,78297556,10/12/2004
4112,9,13,15,21,26,33,6,107032078,2,5000000,65,149274,73167518,07/12/2004
4111,11,16,18,20,26,31,2,112873711,1,5000000,24,330521,85650300,05/12/2004
4110,14,19,20,21,22,31,11,99364513,0,0,15,177326,75845326,02/12/2004
4109,6,8,10,17,30,31,14,93158097,0,0,18,356350,70969916,30/11/2004
4108,8,13,14,27,28,31,12,78191360,10,5000000,197,86652,87178712,28/11/2004
4107,1,8,12,13,18,20,7,120875381,1,5000000,38,231321,73766690,25/11/2004
4106,10,15,23,26,28,29,12,122108140,1,5000000,7,2510254,73170708,23/11/2004
4105,7,9,10,21,23,30,12,118645698,0,0,25,716515,88083126,21/11/2004
4104,7,11,17,18,24,29,5,110968746,17,5000000,360,3000,77680562,18/11/2004
4103,2,3,5,9,16,21,2,196836811,1,5000000,11,2233639,78484502,16/11/2004
4102,3,9,12,15,28,32,1,201836811,0,0,33,904658,94949994,14/11/2004
4101,2,9,14,19,25,26,15,201836811,1,5000000,23,783612,70744348,11/11/2004
4100,6,8,9,14,24,33,15,199112633,1,5000000,17,986012,68740958,09/11/2004
4099,5,10,21,22,26,33,2,196928828,0,0,16,1181297,80866870,07/11/2004
4098,3,12,13,25,26,31,3,188828501,1,5000000,21,690280,70521134,04/11/2004
4097,10,19,20,26,29,31,14,187615974,1,5000000,45,333498,67373290,02/11/2004
4096,1,4,12,16,20,30,15,186184209,0,0,22,750677,80026728,31/10/2004
4095,19,22,27,28,30,32,1,179106388,1,5000000,17,1091834,71852542,28/10/2004
4094,5,9,10,13,24,25,8,176151596,2,5000000,26,218775,67261634,26/10/2004
4093,11,14,20,27,32,33,5,183713811,0,0,8,1982298,79237088,24/10/2004
4092,1,4,8,13,28,31,2,176917360,0,0,16,810320,68711350,21/10/2004
4091,9,13,14,21,30,33,1,171360880,0,0,18,965766,65871134,19/10/2004
4090,1,18,20,24,32,33,12,163910685,0,0,6,2313362,78631066,17/10/2004
4089,14,17,20,25,28,30,14,157962040,0,0,23,722868,67942334,14/10/2004
4088,2,10,19,22,24,32,14,150836622,0,0,8,2182694,63311248,12/10/2004
4087,1,3,7,8,25,26,14,143538240,2,5000000,32,591425,79731102,10/10/2004
4086,10,13,18,19,25,27,1,145427257,1,5000000,19,872438,64152202,07/10/2004
4085,3,8,11,29,30,32,1,143323114,0,0,12,954919,58608118,05/10/2004
4084,1,4,8,11,21,25,14,138412100,4,5000000,26,389647,71287498,03/10/2004
4083,14,16,27,28,30,33,6,154070313,0,0,13,1315451,67740048,30/09/2004
4082,3,20,24,27,29,30,15,146741369,1,5000000,10,1529187,66973086,28/09/2004
4081,3,5,21,24,27,32,6,145187708,0,0,23,767719,80066860,26/09/2004
4080,3,8,20,23,24,26,16,137620187,1,5000000,19,853987,70123190,23/09/2004
4079,7,13,14,17,19,30,3,135666293,0,0,18,729441,63685518,21/09/2004
4078,4,5,10,21,24,26,5,130039170,0,0,19,908012,79354040,19/09/2004
4077,8,9,10,14,16,26,7,122645357,0,0,23,776019,69121428,16/09/2004
4076,3,5,13,17,25,31,7,114996022,0,0,46,349631,63859190,14/09/2004
4075,7,18,21,26,27,28,7,108103291,1,5000000,15,619355,78991502,12/09/2004
4074,5,6,15,19,26,29,13,109121720,1,5000000,48,207663,68096176,09/09/2004
4073,2,7,13,16,23,28,16,109849792,2,5000000,48,183324,61137370,07/09/2004
4072,8,15,18,28,30,33,14,116078545,0,0,17,934154,77849352,05/09/2004
4071,3,8,16,17,21,29,6,109272560,2,5000000,71,219926,67283612,02/09/2004
4070,10,12,21,22,30,33,6,112580527,1,5000000,24,299066,57522300,31/08/2004
4069,2,11,15,20,22,29,5,114504412,0,0,32,410711,75514566,29/08/2004
4068,2,8,11,13,24,31,15,108871802,2,5000000,19,755308,65964386,26/08/2004
4067,1,6,7,13,16,32,4,112721435,0,0,10,1337767,52451144,24/08/2004
4066,5,13,20,23,24,25,3,106988146,1,5000000,12,1302870,79363542,22/08/2004
4065,13,14,27,29,32,33,8,105287670,2,5000000,12,216249,81729668,19/08/2004
4064,14,15,18,20,27,31,4,114175530,0,0,13,1146778,80884374,15/08/2004
4063,7,10,13,16,27,28,7,107786334,3,5000000,17,848571,80827418,12/08/2004
4062,1,12,25,27,28,29,13,116603885,1,5000000,29,326365,80873918,08/08/2004
4061,13,16,19,20,23,33,9,117547628,0,0,14,1077100,83100610,05/08/2004
4060,3,5,11,24,27,28,15,111085027,1,5000000,24,605377,82300446,01/08/2004
4059,4,7,11,19,23,26,10,109858285,2,5000000,60,224576,81550264,29/07/2004
4058,1,8,11,12,27,31,12,114083452,0,0,63,201748,78945786,25/07/2004
4057,5,21,23,25,28,32,4,108636240,1,5000000,12,1315559,78588992,22/07/2004
4056,1,20,21,25,29,30,2,106870504,4,5000000,34,545416,82258324,18/07/2004
4055,6,8,19,25,29,32,7,118923004,1,5000000,20,588686,82803812,15/07/2004
4054,9,11,14,16,27,28,11,118877124,1,5000000,29,367126,79867882,11/07/2004
4053,2,3,4,9,24,25,2,119314262,0,0,22,904837,80917678,08/07/2004
4052,1,12,14,15,17,29,9,110782937,0,0,9,940139,78771600,04/07/2004
4051,2,3,9,10,15,29,11,91039998,0,0,18,131177,77098174,01/07/2004
4050,6,7,19,21,25,29,2,85530529,0,0,38,186723,79279672,27/06/2004
4049,11,12,14,16,25,29,9,68974336,1,5000000,14,653747,82759940,24/06/2004
4048,8,9,11,16,17,29,9,52618600,8,5000000,58,22182,82446706,20/06/2004
4047,1,7,8,11,27,31,6,89616524,4,5000000,48,244307,83699424,17/06/2004
4046,7,15,16,22,23,32,14,104590772,2,5000000,66,127119,84024020,13/06/2004
4045,1,12,18,26,27,28,13,95014377,3,5000000,40,230868,87139276,10/06/2004
4044,2,6,7,12,31,32,5,106056639,3,5000000,46,296656,88925916,06/06/2004
4043,4,9,10,21,22,24,10,115208260,4,5000000,79,191620,88243112,03/06/2004
4042,6,10,13,17,18,21,2,128720530,0,0,27,496684,86844222,30/05/2004
4041,8,10,17,22,25,29,14,122973176,0,0,16,972814,87199902,27/05/2004
4040,7,17,19,20,21,29,11,116302448,1,5000000,57,237397,88282398,23/05/2004
4039,10,16,18,25,26,29,3,115503169,1,5000000,24,817420,89037042,20/05/2004
4038,11,16,17,25,28,29,7,112095419,1,5000000,40,208689,88138308,16/05/2004
4037,3,4,11,17,20,26,5,113517880,1,5000000,36,444811,88267394,13/05/2004
4036,2,13,17,18,26,30,1,111655069,0,0,28,873751,91493038,09/05/2004
4035,2,8,26,27,30,32,16,101170056,2,5000000,31,215369,80558094,06/05/2004
4034,2,7,13,20,27,30,14,95591664,4,5000000,57,277001,87333028,02/05/2004
4033,1,4,8,9,19,20,1,108824910,2,5000000,43,455920,95181550,29/04/2004
4032,2,5,8,11,15,31,13,100422948,4,5000000,45,205219,95382618,25/04/2004
4031,3,6,19,20,21,24,11,116465139,0,0,6,2699793,93249470,22/04/2004
4030,1,7,9,17,26,31,5,109522812,0,0,38,230374,85809328,18/04/2004
4029,9,13,20,22,24,32,5,89096304,3,5000000,27,303664,88313002,15/04/2004
4028,1,2,3,5,10,22,12,84965472,2,5000000,17,454282,91292310,11/04/2004
4027,1,5,9,10,18,32,11,76945600,5,5000000,13,140007,89134080,08/04/2004
4026,4,10,14,18,28,32,15,97698720,3,5000000,65,288106,92237208,04/04/2004
4025,7,8,10,24,29,33,4,104672888,4,5000000,43,448930,96888986,01/04/2004
4024,1,13,21,23,25,32,6,116399749,0,0,5,4193612,86812198,28/03/2004
4023,1,8,14,17,19,30,3,107413438,0,0,11,640203,76833710,25/03/2004
4022,3,10,14,19,20,30,6,90981552,3,5000000,54,123266,75568694,21/03/2004
4021,5,9,11,17,26,27,10,90449922,0,0,26,149876,73472684,18/03/2004
4020,1,2,9,22,28,31,4,81357402,0,0,22,383227,72242026,14/03/2004
4019,5,10,11,23,24,32,4,61685052,2,5000000,34,162057,70336884,11/03/2004
4018,2,5,6,8,28,30,6,58828522,2,5000000,25,170738,66466596,07/03/2004
4017,5,12,14,15,25,31,9,58868782,1,5000000,30,113119,64576288,04/03/2004
4016,4,7,8,28,30,32,5,55950410,0,0,27,175330,64489348,29/02/2004
4015,1,3,5,18,22,23,13,44904613,1,5000000,17,408345,67256520,26/02/2004
4014,3,7,11,17,20,26,12,33706890,5,5000000,39,80776,63952992,22/02/2004
4013,12,14,21,29,30,32,13,51356236,0,0,19,235560,64366718,19/02/2004
4012,1,7,27,30,31,33,8,40913054,2,5000000,12,412102,63403910,15/02/2004
4011,1,4,13,23,28,30,3,39374173,0,0,3,2060121,64816706,12/02/2004
4010,6,7,8,13,14,19,15,24953322,6,5000000,75,51996,63960828,08/02/2004
4009,1,9,10,16,22,24,11,45853850,1,5000000,15,146095,62089966,05/02/2004
4008,1,7,10,22,32,33,13,45740516,4,5000000,26,107774,56569688,01/02/2004
4007,4,12,17,20,25,28,9,59202185,1,5000000,18,285137,55455670,29/01/2004
4006,4,12,18,20,23,32,6,52226422,0,0,22,221349,70062020,18/01/2004
4005,9,11,13,16,17,18,7,40863816,7,5000000,37,152099,67960088,15/01/2004
4004,10,19,22,23,25,29,9,62732577,3,5000000,11,418708,68221230,11/01/2004
4003,3,5,6,17,26,33,8,66985730,5,5000000,36,103614,68220442,08/01/2004
4002,10,12,18,22,30,31,11,83282112,4,5000000,18,120446,68295172,04/01/2004
4001,1,2,3,7,10,25,7,98223369,0,0,13,280673,66703336,01/01/2004
3089,18,19,21,26,27,33,16,89709599,7,5000000,8,850524,67728980,28/12/2003
3088,3,10,21,22,24,33,12,121793517,0,0,16,716822,64097276,25/12/2003
3087,2,3,4,5,24,28,13,116878160,0,0,5,3594732,66127570,21/12/2003
3086,5,12,16,18,26,30,13,109175163,1,5000000,61,165565,64581496,18/12/2003
3085,1,4,11,12,19,27,14,109846806,2,5000000,60,193412,62490224,14/12/2003
3084,2,6,7,10,17,33,3,114873334,0,0,16,884515,62314966,11/12/2003
3083,1,3,14,18,26,28,1,108808082,1,5000000,21,300693,59695084,07/12/2003
3082,7,17,18,19,30,31,14,99074100,1,5000000,57,79100,61740044,04/12/2003
3081,1,2,14,26,29,30,7,93553782,3,5000000,5,1831603,62508530,30/11/2003
3080,9,20,24,25,28,30,10,104628920,2,5000000,7,1703441,61168028,27/11/2003
3079,12,15,22,23,26,31,4,109518597,1,5000000,9,1511476,61225192,23/11/2003
3078,7,12,23,26,29,30,11,108688617,1,5000000,13,203664,61385292,20/11/2003
3077,4,12,16,22,24,25,6,112553918,0,0,14,860527,59628070,16/11/2003
3076,1,13,16,18,20,29,2,107390751,0,0,18,315389,58283200,13/11/2003
3075,16,17,19,22,31,33,11,94144383,1,5000000,8,131969,52503898,09/11/2003
3074,2,12,19,22,27,32,1,96680954,2,5000000,20,716074,59866792,06/11/2003
3073,2,12,14,21,23,30,13,100543175,1,5000000,19,214492,57551772,02/11/2003
3072,3,6,8,11,19,27,11,96034020,3,5000000,33,356840,63510334,30/10/2003
3071,9,11,12,14,15,33,11,105987271,0,0,11,1081461,55288802,26/10/2003
3070,1,2,4,17,18,19,8,100888955,1,5000000,23,150657,48248338,23/10/2003
3069,7,11,16,19,26,28,11,97803661,0,0,8,645369,45227392,19/10/2003
3068,9,19,25,27,32,33,11,85756772,2,5000000,8,528680,46972102,16/10/2003
3067,5,11,12,13,27,31,10,85888068,3,5000000,25,119829,48192830,12/10/2003
3066,3,7,8,20,24,32,14,93898014,0,0,15,223915,45124280,09/10/2003
3065,6,15,16,17,30,33,11,86060981,1,5000000,6,727659,41948818,05/10/2003
3064,4,6,8,12,15,30,1,80873748,0,0,30,136752,40925392,02/10/2003
3063,5,8,9,14,21,33,11,71301051,0,0,20,214032,45643734,28/09/2003
3062,1,6,12,19,20,32,14,61312881,0,0,10,315799,40972030,25/09/2003
3061,3,5,20,21,28,32,2,53944234,0,0,32,121525,38065358,21/09/2003
3060,2,4,6,17,21,28,11,44870316,0,0,8,313476,35595266,18/09/2003
3059,2,3,5,6,18,30,4,39018764,0,0,9,343115,33611668,14/09/2003
3058,9,11,16,28,32,33,2,31813344,0,0,5,604367,31985104,11/09/2003
3057,18,19,24,25,30,31,16,24762391,1,5000000,14,210292,32781224,07/09/2003
3056,8,17,21,26,28,29,7,22892844,1,5000000,3,557563,32664536,04/09/2003
3055,6,13,16,21,28,31,16,23989902,0,0,5,326254,29508178,31/08/2003
3054,2,5,9,21,31,33,12,20183598,1,5000000,2,1283543,29449334,28/08/2003
3053,15,19,20,21,28,29,13,19193731,0,0,13,219777,29854724,24/08/2003
3052,1,12,13,23,30,31,11,12527152,0,0,8,211730,28371758,21/08/2003
3051,4,13,15,17,24,27,1,8574843,0,0,6,398203,24831800,17/08/2003
3050,2,8,17,23,24,26,13,3000000,7,3102519,39,6099,28450710,14/08/2003
3049,3,6,7,13,24,25,15,21162598,1,5000000,17,123834,27734490,10/08/2003
3048,10,12,20,28,30,31,9,21250495,1,5000000,5,435436,27557888,07/08/2003
3047,3,17,26,28,32,33,16,21170406,3,5000000,2,1248515,28355638,03/08/2003
3046,7,8,10,11,17,26,11,30344002,0,0,27,94062,27144542,31/07/2003
3045,3,7,14,15,17,32,3,24418051,0,0,8,338069,26657064,27/07/2003
3044,2,5,9,16,32,33,15,18107421,0,0,13,172168,26537776,24/07/2003
3043,2,8,10,19,20,32,13,12884963,0,0,5,397757,27416990,20/07/2003
3042,3,5,7,10,15,20,7,8244457,1,5000000,14,134358,26607702,17/07/2003
3041,2,3,17,18,24,25,11,8855427,3,5000000,11,173844,28265402,13/07/2003
3040,4,5,6,12,14,23,16,19393421,1,5000000,1,2387025,27328054,10/07/2003
3039,3,5,23,24,27,32,3,18823695,1,5000000,1,2561669,27694202,06/07/2003
3038,5,7,8,24,25,27,16,17846466,1,5000000,13,99827,26782590,03/07/2003
3037,9,14,17,18,26,32,7,19818362,2,5000000,39,15867,26257640,29/06/2003
3036,7,21,24,25,27,28,15,28374435,1,5000000,10,198146,25054376,26/06/2003
3035,3,4,5,8,10,11,8,28751013,0,0,7,283666,25179768,22/06/2003
3034,8,13,14,16,23,25,14,24117797,0,0,6,282596,22899946,19/06/2003
3033,1,7,14,20,27,30,10,20161441,0,0,11,190786,22266754,15/06/2003
3032,4,11,25,27,29,30,13,15264588,0,0,4,395475,20115568,12/06/2003
3031,11,17,20,22,28,32,1,11573486,0,0,6,309489,18101608,08/06/2003
3030,2,6,13,14,23,27,7,7240631,0,0,1,1744457,16765384,05/06/2003
3029,2,7,15,26,29,32,10,3170231,1,5000000,9,50236,17515374,01/06/2003
3028,6,13,16,20,28,32,7,7115273,1,5000000,24,45749,17442014,29/05/2003
3027,1,11,14,17,27,28,15,9553276,1,5000000,7,201150,17626250,25/05/2003
3026,8,13,15,26,29,31,16,11267818,0,0,4,307845,16245314,22/05/2003
3025,1,5,11,13,14,27,12,8394596,1,5000000,2,660222,16536260,18/05/2003
3024,2,7,15,17,22,30,14,10313559,0,0,11,77596,15035104,15/05/2003
3023,1,10,20,22,26,31,2,8321908,1,5000000,2,797994,15374822,11/05/2003
3022,2,7,11,12,14,32,8,9597935,0,0,1,1066947,13869188,08/05/2003
3021,14,15,18,25,26,30,1,7108391,1,5000000,0,0,13537342,04/05/2003
3020,7,10,25,26,27,32,4,8846550,5,5000000,3,327334,14670860,01/05/2003
3019,4,8,12,13,16,33,9,31555212,0,0,9,115834,15159580,27/04/2003
3018,5,16,19,20,25,28,13,29122692,0,0,3,456246,14339392,24/04/2003
3017,5,8,18,23,25,31,6,25928966,0,0,1,1444433,14451270,20/04/2003
3016,11,17,28,30,31,33,6,22558622,0,0,0,0,13098324,17/04/2003
3015,4,11,19,25,26,32,13,18393824,0,0,6,202003,13460134,13/04/2003
3014,3,5,7,8,21,31,2,15565779,0,0,2,522168,12476130,10/04/2003
3013,8,13,17,21,23,32,12,13128993,0,0,4,348491,12611880,06/04/2003
3012,2,12,16,17,27,30,12,9876408,1,5000000,6,155762,12307262,03/04/2003
3011,4,5,11,12,30,32,15,12695728,0,0,1,808052,12782494,30/03/2003
3010,1,2,8,13,17,24,13,10810274,1,5000000,3,272604,12402130,27/03/2003
3009,5,9,18,20,22,30,9,13902044,0,0,2,106869,12386072,23/03/2003
3008,5,8,9,14,17,23,8,13403319,0,0,6,29815,11696278,20/03/2003
3007,1,9,19,21,23,26,7,12985898,1,5000000,3,254459,12124030,16/03/2003
3006,1,3,10,21,26,27,6,16204682,0,0,2,412254,10919658,13/03/2003
3005,4,6,15,17,30,31,16,14280829,0,0,4,260153,10661438,09/03/2003
3004,4,6,7,10,13,25,3,11852729,0,0,3,281578,9517794,06/03/2003
3003,1,7,10,23,28,32,16,9881677,0,0,2,332369,8917960,02/03/2003
3002,4,9,19,20,21,26,12,8330621,0,0,2,264332,7398870,27/02/2003
3001,10,11,12,13,26,28,11,2097070,0,0,1,898744,10307806,23/02/2003
