期号,开奖日期,销售额,奖池,一等奖注数,一等奖单注奖金
04001,2004-11-14,,0.0,1,50000
04002,2004-11-16,,0.0,3,50000
04003,2004-11-19,,0.0,4,50000
04004,2004-11-21,,0.0,0,50000
04005,2004-11-22,,0.0,4,50000
04006,2004-11-23,,0.0,0,50000
04007,2004-11-24,,0.0,1,50000
04008,2004-11-25,,0.0,0,50000
04009,2004-11-26,,0.0,2,50000
04010,2004-11-27,,0.0,0,50000
04011,2004-11-28,,0.0,1,50000
04012,2004-11-29,,0.0,0,50000
04013,2004-11-30,,0.0,0,50000
04014,2004-12-01,,0.0,1,50000
04015,2004-12-02,,0.0,1,50000
04016,2004-12-03,,0.0,0,50000
04017,2004-12-04,,0.0,1,50000
04018,2004-12-05,,0.0,0,50000
04019,2004-12-06,,0.0,1,50000
04020,2004-12-07,,0.0,0,50000
04021,2004-12-08,,0.0,0,50000
04022,2004-12-09,,0.0,1,50000
04023,2004-12-10,,0.0,0,50000
04024,2004-12-11,,0.0,0,50000
04025,2004-12-12,,0.0,1,50000
04026,2004-12-13,,0.0,0,50000
04027,2004-12-14,,0.0,1,50000
04028,2004-12-15,,0.0,1,50000
04029,2004-12-16,,0.0,2,50000
04030,2004-12-17,,0.0,2,50000
04031,2004-12-18,,0.0,2,50000
04032,2004-12-19,,0.0,2,50000
04033,2004-12-20,,0.0,0,50000
04034,2004-12-21,,0.0,0,50000
04035,2004-12-22,,0.0,0,50000
04036,2004-12-23,,0.0,0,50000
04037,2004-12-24,,0.0,3,50000
04038,2004-12-25,,0.0,0,50000
04039,2004-12-26,,0.0,1,50000
04040,2004-12-27,,0.0,2,50000
04041,2004-12-28,,0.0,1,50000
04042,2004-12-29,,0.0,3,50000
04043,2004-12-30,,0.0,0,50000
04044,2004-12-31,,0.0,3,50000
05001,2005-01-01,,0.0,2,50000
05002,2005-01-02,,0.0,1,50000
05003,2005-01-03,,0.0,8,100000
05004,2005-01-04,,0.0,1,100000
05005,2005-01-05,,0.0,5,100000
05006,2005-01-06,,0.0,2,100000
05007,2005-01-07,,0.0,4,100000
05008,2005-01-08,,0.0,16,100000
05009,2005-01-09,,0.0,0,100000
05010,2005-01-10,,0.0,6,100000
05011,2005-01-11,,0.0,5,100000
05012,2005-01-12,,0.0,1,100000
05013,2005-01-13,,0.0,2,100000
05014,2005-01-14,,0.0,2,100000
05015,2005-01-15,,0.0,16,100000
05016,2005-01-16,,0.0,1,100000
05017,2005-01-17,,0.0,4,100000
05018,2005-01-18,,0.0,4,100000
05019,2005-01-19,,0.0,4,100000
05020,2005-01-20,,0.0,14,100000
05021,2005-01-21,,0.0,3,100000
05022,2005-01-22,,0.0,8,100000
05023,2005-01-23,,0.0,5,100000
05024,2005-01-24,,0.0,57,100000
05025,2005-01-25,,0.0,3,100000
05026,2005-01-26,,0.0,13,100000
05027,2005-01-27,,0.0,3,100000
05028,2005-01-28,,0.0,9,100000
05029,2005-01-29,,0.0,12,100000
05030,2005-01-30,,0.0,6,100000
05031,2005-01-31,,0.0,2,100000
05032,2005-02-01,,0.0,17,100000
05033,2005-02-02,,0.0,3,100000
05034,2005-02-03,,0.0,10,100000
05035,2005-02-04,,0.0,8,100000
05036,2005-02-05,,0.0,18,100000
05037,2005-02-06,,0.0,4,100000
05038,2005-02-07,,0.0,7,100000
05039,2005-02-08,,0.0,5,100000
05040,2005-02-16,,0.0,0,100000
05041,2005-02-17,,0.0,3,100000
05042,2005-02-18,,0.0,7,100000
05043,2005-02-19,,0.0,3,100000
05044,2005-02-20,,0.0,6,100000
05045,2005-02-21,,0.0,2,100000
05046,2005-02-22,,0.0,7,100000
05047,2005-02-23,,0.0,1,100000
05048,2005-02-24,,0.0,54,100000
05049,2005-02-25,,0.0,0,100000
05050,2005-02-26,,0.0,5,100000
05051,2005-02-27,,0.0,23,100000
05052,2005-02-28,,0.0,5,100000
05053,2005-03-01,,0.0,9,100000
05054,2005-03-02,,0.0,19,100000
05055,2005-03-03,,0.0,4,100000
05056,2005-03-04,,0.0,10,100000
05057,2005-03-05,,0.0,13,100000
05058,2005-03-06,,0.0,4,100000
05059,2005-03-07,,0.0,8,100000
05060,2005-03-08,,0.0,2,100000
05061,2005-03-09,,0.0,33,100000
05062,2005-03-10,,0.0,5,100000
05063,2005-03-11,,0.0,9,100000
05064,2005-03-12,,0.0,5,100000
05065,2005-03-13,,0.0,5,100000
05066,2005-03-14,,0.0,12,100000
05067,2005-03-15,,0.0,5,100000
05068,2005-03-16,,0.0,12,100000
05069,2005-03-17,,0.0,2,100000
05070,2005-03-18,,0.0,4,100000
05071,2005-03-19,,0.0,6,100000
05072,2005-03-20,,0.0,11,100000
05073,2005-03-21,,0.0,9,100000
05074,2005-03-22,,0.0,12,100000
05075,2005-03-23,,0.0,3,100000
05076,2005-03-24,,0.0,3,100000
05077,2005-03-25,,0.0,1,100000
05078,2005-03-26,,0.0,3,100000
05079,2005-03-27,,0.0,7,100000
05080,2005-03-28,,0.0,10,100000
05081,2005-03-29,,0.0,5,100000
05082,2005-03-30,,0.0,3,100000
05083,2005-03-31,,0.0,11,100000
05084,2005-04-01,,0.0,3,100000
05085,2005-04-02,,0.0,2,100000
05086,2005-04-03,,0.0,14,100000
05087,2005-04-04,,0.0,4,100000
05088,2005-04-05,,0.0,20,100000
05089,2005-04-06,,0.0,26,100000
05090,2005-04-07,,0.0,17,100000
05091,2005-04-08,,0.0,4,100000
05092,2005-04-09,,0.0,14,100000
05093,2005-04-10,,0.0,30,100000
05094,2005-04-11,,0.0,13,100000
05095,2005-04-12,,0.0,48,100000
05096,2005-04-13,,0.0,6,100000
05097,2005-04-14,,0.0,28,100000
05098,2005-04-15,,0.0,8,100000
05099,2005-04-16,,0.0,3,100000
05100,2005-04-17,,0.0,20,100000
05101,2005-04-18,,0.0,16,100000
05102,2005-04-19,,0.0,9,100000
05103,2005-04-20,,0.0,8,100000
05104,2005-04-21,,0.0,10,100000
05105,2005-04-22,,0.0,17,100000
05106,2005-04-23,,0.0,29,100000
05107,2005-04-24,,0.0,3,100000
05108,2005-04-25,,0.0,9,100000
05109,2005-04-26,,0.0,9,100000
05110,2005-04-27,,0.0,6,100000
05111,2005-04-28,,0.0,8,100000
05112,2005-04-29,,0.0,5,100000
05113,2005-04-30,,0.0,4,100000
05114,2005-05-01,,0.0,1,100000
05115,2005-05-02,,0.0,7,100000
05116,2005-05-03,,0.0,17,100000
05117,2005-05-04,,0.0,4,100000
05118,2005-05-05,,0.0,2,100000
05119,2005-05-06,,0.0,2,100000
05120,2005-05-07,,0.0,7,100000
05121,2005-05-08,,0.0,7,100000
05122,2005-05-09,,0.0,5,100000
05123,2005-05-10,,0.0,7,100000
05124,2005-05-11,,0.0,20,100000
05125,2005-05-12,,0.0,6,100000
05126,2005-05-13,,0.0,5,100000
05127,2005-05-14,,0.0,14,100000
05128,2005-05-15,,0.0,4,100000
05129,2005-05-16,,0.0,23,100000
05130,2005-05-17,,0.0,6,100000
05131,2005-05-18,,0.0,1,100000
05132,2005-05-19,,0.0,6,100000
05133,2005-05-20,,0.0,18,100000
05134,2005-05-21,,0.0,9,100000
05135,2005-05-22,,0.0,4,100000
05136,2005-05-23,,0.0,36,100000
05137,2005-05-24,,0.0,30,100000
05138,2005-05-25,,0.0,28,100000
05139,2005-05-26,,0.0,13,100000
05140,2005-05-27,,0.0,14,100000
05141,2005-05-28,,0.0,10,100000
05142,2005-05-29,,0.0,15,100000
05143,2005-05-30,,0.0,4,100000
05144,2005-05-31,,0.0,14,100000
05145,2005-06-01,,0.0,9,100000
05146,2005-06-02,,0.0,6,100000
05147,2005-06-03,,0.0,17,100000
05148,2005-06-04,,0.0,4,100000
05149,2005-06-05,,0.0,8,100000
05150,2005-06-06,,0.0,17,100000
05151,2005-06-07,,0.0,4,100000
05152,2005-06-08,,0.0,8,100000
05153,2005-06-09,,0.0,5,100000
05154,2005-06-10,,0.0,6,100000
05155,2005-06-11,,0.0,23,100000
05156,2005-06-12,,0.0,5,100000
05157,2005-06-13,,0.0,5,100000
05158,2005-06-14,,0.0,4,100000
05159,2005-06-15,,0.0,15,100000
05160,2005-06-16,,0.0,28,100000
05161,2005-06-17,,0.0,13,100000
05162,2005-06-18,,0.0,10,100000
05163,2005-06-19,,0.0,36,100000
05164,2005-06-20,,0.0,5,100000
05165,2005-06-21,,0.0,35,100000
05166,2005-06-22,,0.0,22,100000
05167,2005-06-23,,0.0,10,100000
05168,2005-06-24,,0.0,10,100000
05169,2005-06-25,,0.0,20,100000
05170,2005-06-26,,0.0,4,100000
05171,2005-06-27,,0.0,3,100000
05172,2005-06-28,,0.0,19,100000
05173,2005-06-29,,0.0,9,100000
05174,2005-06-30,,0.0,6,100000
05175,2005-07-01,,0.0,1,100000
05176,2005-07-02,,0.0,4,100000
05177,2005-07-03,,0.0,24,100000
05178,2005-07-04,,0.0,4,100000
05179,2005-07-05,,0.0,8,100000
05180,2005-07-06,,0.0,9,100000
05181,2005-07-07,,0.0,7,100000
05182,2005-07-08,,0.0,17,100000
05183,2005-07-09,,0.0,14,100000
05184,2005-07-10,,0.0,23,100000
05185,2005-07-11,,0.0,2,100000
05186,2005-07-12,,0.0,21,100000
05187,2005-07-13,,0.0,16,100000
05188,2005-07-14,,0.0,15,100000
05189,2005-07-15,,0.0,9,100000
05190,2005-07-16,,0.0,4,100000
05191,2005-07-17,,0.0,13,100000
05192,2005-07-18,,0.0,12,100000
05193,2005-07-19,,0.0,11,100000
05194,2005-07-20,,0.0,8,100000
05195,2005-07-21,,0.0,8,100000
05196,2005-07-22,,0.0,6,100000
05197,2005-07-23,,0.0,8,100000
05198,2005-07-24,,0.0,1,100000
05199,2005-07-25,,0.0,2,100000
05200,2005-07-26,,0.0,18,100000
05201,2005-07-27,,0.0,11,100000
05202,2005-07-28,,0.0,5,100000
05203,2005-07-29,,0.0,3,100000
05204,2005-07-30,,0.0,27,100000
05205,2005-07-31,,0.0,7,100000
05206,2005-08-01,,0.0,29,100000
05207,2005-08-02,,0.0,45,100000
05208,2005-08-03,,0.0,6,100000
05209,2005-08-04,,0.0,21,100000
05210,2005-08-05,,0.0,13,100000
05211,2005-08-06,,0.0,19,100000
05212,2005-08-07,,0.0,14,100000
05213,2005-08-08,,0.0,23,100000
05214,2005-08-09,,0.0,15,100000
05215,2005-08-10,,0.0,6,100000
05216,2005-08-11,,0.0,14,100000
05217,2005-08-12,,0.0,12,100000
05218,2005-08-13,,0.0,6,100000
05219,2005-08-14,,0.0,2,100000
05220,2005-08-15,,0.0,5,100000
05221,2005-08-16,,0.0,2,100000
05222,2005-08-17,,0.0,10,100000
05223,2005-08-18,,0.0,26,100000
05224,2005-08-19,,0.0,7,100000
05225,2005-08-20,,0.0,5,100000
05226,2005-08-21,,0.0,73,100000
05227,2005-08-22,,0.0,11,100000
05228,2005-08-23,,0.0,23,100000
05229,2005-08-24,,0.0,16,100000
05230,2005-08-25,,0.0,5,100000
05231,2005-08-26,,0.0,9,100000
05232,2005-08-27,,0.0,8,100000
05233,2005-08-28,,0.0,16,100000
05234,2005-08-29,,0.0,11,100000
05235,2005-08-30,,0.0,30,100000
05236,2005-08-31,,0.0,38,100000
05237,2005-09-01,,0.0,1,100000
05238,2005-09-02,,0.0,50,100000
05239,2005-09-03,,0.0,14,100000
05240,2005-09-04,,0.0,21,100000
05241,2005-09-05,,0.0,18,100000
05242,2005-09-06,,0.0,37,100000
05243,2005-09-07,,0.0,9,100000
05244,2005-09-08,,0.0,35,100000
05245,2005-09-09,,0.0,5,100000
05246,2005-09-10,,0.0,15,100000
05247,2005-09-11,,0.0,11,100000
05248,2005-09-12,,0.0,44,100000
05249,2005-09-13,,0.0,15,100000
05250,2005-09-14,,0.0,4,100000
05251,2005-09-15,,0.0,18,100000
05252,2005-09-16,,0.0,10,100000
05253,2005-09-17,,0.0,15,100000
05254,2005-09-18,,0.0,3,100000
05255,2005-09-19,,0.0,3,100000
05256,2005-09-20,,0.0,18,100000
05257,2005-09-21,,0.0,15,100000
05258,2005-09-22,,0.0,3,100000
05259,2005-09-23,,0.0,3,100000
05260,2005-09-24,,0.0,7,100000
05261,2005-09-25,,0.0,21,100000
05262,2005-09-26,,0.0,13,100000
05263,2005-09-27,,0.0,6,100000
05264,2005-09-28,,0.0,12,100000
05265,2005-09-29,,0.0,2,100000
05266,2005-09-30,,0.0,3,100000
05267,2005-10-01,,0.0,11,100000
05268,2005-10-02,,0.0,31,100000
05269,2005-10-03,,0.0,21,100000
05270,2005-10-04,,0.0,10,100000
05271,2005-10-05,,0.0,5,100000
05272,2005-10-06,,0.0,8,100000
05273,2005-10-07,,0.0,14,100000
05274,2005-10-08,,0.0,7,100000
05275,2005-10-09,,0.0,24,100000
05276,2005-10-10,,0.0,6,100000
05277,2005-10-11,,0.0,7,100000
05278,2005-10-12,,0.0,8,100000
05279,2005-10-13,,0.0,30,100000
05280,2005-10-14,,0.0,9,100000
05281,2005-10-15,,0.0,23,100000
05282,2005-10-16,,0.0,10,100000
05283,2005-10-17,,0.0,12,100000
05284,2005-10-18,,0.0,14,100000
05285,2005-10-19,,0.0,6,100000
05286,2005-10-20,,0.0,18,100000
05287,2005-10-21,,0.0,12,100000
05288,2005-10-22,,0.0,7,100000
05289,2005-10-23,,0.0,9,100000
05290,2005-10-24,,0.0,10,100000
05291,2005-10-25,,0.0,12,100000
05292,2005-10-26,,0.0,43,100000
05293,2005-10-27,,0.0,9,100000
05294,2005-10-28,,0.0,10,100000
05295,2005-10-29,,0.0,5,100000
05296,2005-10-30,,0.0,38,100000
05297,2005-10-31,,0.0,16,100000
05298,2005-11-01,,0.0,11,100000
05299,2005-11-02,,0.0,19,100000
05300,2005-11-03,,0.0,10,100000
05301,2005-11-04,,0.0,25,100000
05302,2005-11-05,,0.0,14,100000
05303,2005-11-06,,0.0,18,100000
05304,2005-11-07,,0.0,14,100000
05305,2005-11-08,,0.0,8,100000
05306,2005-11-09,,0.0,51,100000
05307,2005-11-10,,0.0,9,100000
05308,2005-11-11,,0.0,31,100000
05309,2005-11-12,,0.0,6,100000
05310,2005-11-13,,0.0,28,100000
05311,2005-11-14,,0.0,49,100000
05312,2005-11-15,,0.0,17,100000
05313,2005-11-16,,0.0,5,100000
05314,2005-11-17,,0.0,14,100000
05315,2005-11-18,,0.0,9,100000
05316,2005-11-19,,0.0,16,100000
05317,2005-11-20,,0.0,2,100000
05318,2005-11-21,,0.0,0,100000
05319,2005-11-22,,0.0,3,100000
05320,2005-11-23,,0.0,6,100000
05321,2005-11-24,,0.0,18,100000
05322,2005-11-25,,0.0,8,100000
05323,2005-11-26,,0.0,32,100000
05324,2005-11-27,,0.0,24,100000
05325,2005-11-28,,0.0,10,100000
05326,2005-11-29,,0.0,14,100000
05327,2005-11-30,,0.0,29,100000
05328,2005-12-01,,0.0,48,100000
05329,2005-12-02,,0.0,17,100000
05330,2005-12-03,,0.0,9,100000
05331,2005-12-04,,0.0,21,100000
05332,2005-12-05,,0.0,9,100000
05333,2005-12-06,,0.0,7,100000
05334,2005-12-07,,0.0,36,100000
05335,2005-12-08,,0.0,9,100000
05336,2005-12-09,,0.0,10,100000
05337,2005-12-10,,0.0,14,100000
05338,2005-12-11,,0.0,122,100000
05339,2005-12-12,,0.0,1,100000
05340,2005-12-13,,0.0,29,100000
05341,2005-12-14,,0.0,7,100000
05342,2005-12-15,,0.0,22,100000
05343,2005-12-16,,0.0,15,100000
05344,2005-12-17,,0.0,9,100000
05345,2005-12-18,,0.0,20,100000
05346,2005-12-19,,0.0,39,100000
05347,2005-12-20,,0.0,17,100000
05348,2005-12-21,,0.0,23,100000
05349,2005-12-22,,0.0,16,100000
05350,2005-12-23,,0.0,65,100000
05351,2005-12-24,,0.0,4,100000
05352,2005-12-25,,0.0,18,100000
05353,2005-12-26,,0.0,10,100000
05354,2005-12-27,,0.0,3,100000
05355,2005-12-28,,0.0,6,100000
05356,2005-12-29,,0.0,9,100000
05357,2005-12-30,,0.0,11,100000
05358,2005-12-31,,0.0,5,100000
06001,2006-01-01,,0.0,12,100000
06002,2006-01-02,,0.0,6,100000
06003,2006-01-03,,0.0,3,100000
06004,2006-01-04,,0.0,10,100000
06005,2006-01-05,,0.0,19,100000
06006,2006-01-06,,0.0,15,100000
06007,2006-01-07,,0.0,2,100000
06008,2006-01-08,,0.0,3,100000
06009,2006-01-09,,0.0,17,100000
06010,2006-01-10,,0.0,8,100000
06011,2006-01-11,,0.0,15,100000
06012,2006-01-12,,0.0,15,100000
06013,2006-01-13,,0.0,8,100000
06014,2006-01-14,,0.0,20,100000
06015,2006-01-15,,0.0,17,100000
06016,2006-01-16,,0.0,62,100000
06017,2006-01-17,,0.0,117,100000
06018,2006-01-18,,0.0,6,100000
06019,2006-01-19,,0.0,28,100000
06020,2006-01-20,,0.0,4,100000
06021,2006-01-21,,0.0,37,100000
06022,2006-01-22,,0.0,67,100000
06023,2006-01-23,,0.0,20,100000
06024,2006-01-24,,0.0,44,100000
06025,2006-01-25,,0.0,10,100000
06026,2006-01-26,,0.0,3,100000
06027,2006-01-27,,0.0,11,100000
06028,2006-02-05,,0.0,24,100000
06029,2006-02-06,,0.0,30,100000
06030,2006-02-07,,0.0,13,100000
06031,2006-02-08,,0.0,27,100000
06032,2006-02-09,,0.0,24,100000
06033,2006-02-10,,0.0,24,100000
06034,2006-02-11,,0.0,15,100000
06035,2006-02-12,,0.0,7,100000
06036,2006-02-13,,0.0,21,100000
06037,2006-02-14,,0.0,61,100000
06038,2006-02-15,,0.0,70,100000
06039,2006-02-16,,0.0,38,100000
06040,2006-02-17,,0.0,98,100000
06041,2006-02-18,,0.0,46,100000
06042,2006-02-19,,0.0,6,100000
06043,2006-02-20,,0.0,48,100000
06044,2006-02-21,,0.0,7,100000
06045,2006-02-22,,0.0,13,100000
06046,2006-02-23,,0.0,91,100000
06047,2006-02-24,,0.0,11,100000
06048,2006-02-25,,0.0,45,100000
06049,2006-02-26,,0.0,24,100000
06050,2006-02-27,,0.0,35,100000
06051,2006-02-28,,0.0,10,100000
06052,2006-03-01,,0.0,3,100000
06053,2006-03-02,,0.0,20,100000
06054,2006-03-03,,0.0,8,100000
06055,2006-03-04,,0.0,7,100000
06056,2006-03-05,,0.0,23,100000
06057,2006-03-06,,0.0,22,100000
06058,2006-03-07,,0.0,17,100000
06059,2006-03-08,,0.0,16,100000
06060,2006-03-09,,0.0,11,100000
06061,2006-03-10,,0.0,10,100000
06062,2006-03-11,,0.0,4,100000
06063,2006-03-12,,0.0,29,100000
06064,2006-03-13,,0.0,27,100000
06065,2006-03-14,,0.0,19,100000
06066,2006-03-15,,0.0,16,100000
06067,2006-03-16,,0.0,101,100000
06068,2006-03-17,,0.0,8,100000
06069,2006-03-18,,0.0,23,100000
06070,2006-03-19,,0.0,55,100000
06071,2006-03-20,,0.0,7,100000
06072,2006-03-21,,0.0,24,100000
06073,2006-03-22,,0.0,26,100000
06074,2006-03-23,,0.0,5,100000
06075,2006-03-24,,0.0,20,100000
06076,2006-03-25,,0.0,10,100000
06077,2006-03-26,,0.0,8,100000
06078,2006-03-27,,0.0,10,100000
06079,2006-03-28,,0.0,36,100000
06080,2006-03-29,,0.0,17,100000
06081,2006-03-30,,0.0,15,100000
06082,2006-03-31,,0.0,37,100000
06083,2006-04-01,,0.0,17,100000
06084,2006-04-02,,0.0,6,100000
06085,2006-04-03,,0.0,5,100000
06086,2006-04-04,,0.0,42,100000
06087,2006-04-05,,0.0,41,100000
06088,2006-04-06,,0.0,15,100000
06089,2006-04-07,,0.0,22,100000
06090,2006-04-08,,0.0,9,100000
06091,2006-04-09,,0.0,17,100000
06092,2006-04-10,,0.0,24,100000
06093,2006-04-11,,0.0,26,100000
06094,2006-04-12,,0.0,12,100000
06095,2006-04-13,,0.0,81,100000
06096,2006-04-14,,0.0,31,100000
06097,2006-04-15,,0.0,19,100000
06098,2006-04-16,,0.0,10,100000
06099,2006-04-17,,0.0,12,100000
06100,2006-04-18,,0.0,88,100000
06101,2006-04-19,,0.0,10,100000
06102,2006-04-20,,0.0,12,100000
06103,2006-04-21,,0.0,6,100000
06104,2006-04-22,,0.0,5,100000
06105,2006-04-23,,0.0,51,100000
06106,2006-04-24,,0.0,3,100000
06107,2006-04-25,,0.0,8,100000
06108,2006-04-26,,0.0,19,100000
06109,2006-04-27,,0.0,48,100000
06110,2006-04-28,,0.0,42,100000
06111,2006-04-29,,0.0,22,100000
06112,2006-04-30,,0.0,9,100000
06113,2006-05-01,,0.0,19,100000
06114,2006-05-02,,0.0,5,100000
06115,2006-05-03,,0.0,52,100000
06116,2006-05-04,,0.0,23,100000
06117,2006-05-05,,0.0,18,100000
06118,2006-05-06,,0.0,15,100000
06119,2006-05-07,,0.0,19,100000
06120,2006-05-08,,0.0,10,100000
06121,2006-05-09,,0.0,30,100000
06122,2006-05-10,,0.0,18,100000
06123,2006-05-11,,0.0,19,100000
06124,2006-05-12,,0.0,27,100000
06125,2006-05-13,,0.0,37,100000
06126,2006-05-14,,0.0,41,100000
06127,2006-05-15,,0.0,57,100000
06128,2006-05-16,,0.0,33,100000
06129,2006-05-17,,0.0,27,100000
06130,2006-05-18,,0.0,33,100000
06131,2006-05-19,,0.0,32,100000
06132,2006-05-20,,0.0,28,100000
06133,2006-05-21,,0.0,21,100000
06134,2006-05-22,,0.0,11,100000
06135,2006-05-23,,0.0,24,100000
06136,2006-05-24,,0.0,18,100000
06137,2006-05-25,,0.0,17,100000
06138,2006-05-26,,0.0,34,100000
06139,2006-05-27,,0.0,16,100000
06140,2006-05-28,,0.0,40,100000
06141,2006-05-29,,0.0,28,100000
06142,2006-05-30,,0.0,13,100000
06143,2006-05-31,,0.0,16,100000
06144,2006-06-01,,0.0,43,100000
06145,2006-06-02,,0.0,17,100000
06146,2006-06-03,,0.0,82,100000
06147,2006-06-04,,0.0,11,100000
06148,2006-06-05,,0.0,24,100000
06149,2006-06-06,,0.0,28,100000
06150,2006-06-07,,0.0,4,100000
06151,2006-06-08,,0.0,26,100000
06152,2006-06-09,,0.0,8,100000
06153,2006-06-10,,0.0,16,100000
06154,2006-06-11,,0.0,16,100000
06155,2006-06-12,,0.0,28,100000
06156,2006-06-13,,0.0,19,100000
06157,2006-06-14,,0.0,25,100000
06158,2006-06-15,,0.0,24,100000
06159,2006-06-16,,0.0,41,100000
06160,2006-06-17,,0.0,9,100000
06161,2006-06-18,,0.0,14,100000
06162,2006-06-19,,0.0,31,100000
06163,2006-06-20,,0.0,5,100000
06164,2006-06-21,,0.0,12,100000
06165,2006-06-22,,0.0,23,100000
06166,2006-06-23,,0.0,13,100000
06167,2006-06-24,,0.0,14,100000
06168,2006-06-25,,0.0,23,100000
06169,2006-06-26,,0.0,13,100000
06170,2006-06-27,,0.0,94,100000
06171,2006-06-28,,0.0,7,100000
06172,2006-06-29,,0.0,15,100000
06173,2006-06-30,,0.0,14,100000
06174,2006-07-01,,0.0,83,100000
06175,2006-07-02,,0.0,8,100000
06176,2006-07-03,,0.0,13,100000
06177,2006-07-04,,0.0,39,100000
06178,2006-07-05,,0.0,31,100000
06179,2006-07-06,,0.0,9,100000
06180,2006-07-07,,0.0,16,100000
06181,2006-07-08,,0.0,12,100000
06182,2006-07-09,,0.0,10,100000
06183,2006-07-10,,0.0,9,100000
06184,2006-07-11,,0.0,42,100000
06185,2006-07-12,,0.0,20,100000
06186,2006-07-13,,0.0,19,100000
06187,2006-07-14,,0.0,21,100000
06188,2006-07-15,,0.0,16,100000
06189,2006-07-16,,0.0,10,100000
06190,2006-07-17,,0.0,22,100000
06191,2006-07-18,,0.0,30,100000
06192,2006-07-19,,0.0,27,100000
06193,2006-07-20,,0.0,63,100000
06194,2006-07-21,,0.0,8,100000
06195,2006-07-22,,0.0,41,100000
06196,2006-07-23,,0.0,12,100000
06197,2006-07-24,,0.0,12,100000
06198,2006-07-25,,0.0,29,100000
06199,2006-07-26,,0.0,7,100000
06200,2006-07-27,,0.0,16,100000
06201,2006-07-28,,0.0,21,100000
06202,2006-07-29,,0.0,16,100000
06203,2006-07-30,,0.0,7,100000
06204,2006-07-31,,0.0,9,100000
06205,2006-08-01,,0.0,12,100000
06206,2006-08-02,,0.0,19,100000
06207,2006-08-03,,0.0,31,100000
06208,2006-08-04,,0.0,48,100000
06209,2006-08-05,,0.0,15,100000
06210,2006-08-06,,0.0,16,100000
06211,2006-08-07,,0.0,16,100000
06212,2006-08-08,,0.0,28,100000
06213,2006-08-09,,0.0,14,100000
06214,2006-08-10,,0.0,26,100000
06215,2006-08-11,,0.0,16,100000
06216,2006-08-12,,0.0,37,100000
06217,2006-08-13,,0.0,32,100000
06218,2006-08-14,,0.0,35,100000
06219,2006-08-15,,0.0,25,100000
06220,2006-08-16,,0.0,21,100000
06221,2006-08-17,,0.0,23,100000
06222,2006-08-18,,0.0,2,100000
06223,2006-08-19,,0.0,10,100000
06224,2006-08-20,,0.0,8,100000
06225,2006-08-21,,0.0,53,100000
06226,2006-08-22,,0.0,38,100000
06227,2006-08-23,,0.0,17,100000
06228,2006-08-24,,0.0,18,100000
06229,2006-08-25,,0.0,18,100000
06230,2006-08-26,,0.0,0,100000
06231,2006-08-27,,0.0,18,100000
06232,2006-08-28,,0.0,22,100000
06233,2006-08-29,,0.0,23,100000
06234,2006-08-30,,0.0,234,100000
06235,2006-08-31,,0.0,7,100000
06236,2006-09-01,,0.0,5,100000
06237,2006-09-02,,0.0,21,100000
06238,2006-09-03,,0.0,32,100000
06239,2006-09-04,,0.0,16,100000
06240,2006-09-05,,0.0,10,100000
06241,2006-09-06,,0.0,19,100000
06242,2006-09-07,,0.0,8,100000
06243,2006-09-08,,0.0,5,100000
06244,2006-09-09,,0.0,33,100000
06245,2006-09-10,,0.0,28,100000
06246,2006-09-11,,0.0,95,100000
06247,2006-09-12,,0.0,27,100000
06248,2006-09-13,,0.0,14,100000
06249,2006-09-14,,0.0,20,100000
06250,2006-09-15,,0.0,22,100000
06251,2006-09-16,,0.0,32,100000
06252,2006-09-17,,0.0,44,100000
06253,2006-09-18,,0.0,33,100000
06254,2006-09-19,,0.0,60,100000
06255,2006-09-20,,0.0,39,100000
06256,2006-09-21,,0.0,13,100000
06257,2006-09-22,,0.0,12,100000
06258,2006-09-23,,0.0,19,100000
06259,2006-09-24,,0.0,28,100000
06260,2006-09-25,,0.0,11,100000
06261,2006-09-26,,0.0,33,100000
06262,2006-09-27,,0.0,21,100000
06263,2006-09-28,,0.0,23,100000
06264,2006-09-29,,0.0,43,100000
06265,2006-09-30,,0.0,12,100000
06266,2006-10-01,,0.0,18,100000
06267,2006-10-02,,0.0,9,100000
06268,2006-10-03,,0.0,37,100000
06269,2006-10-04,,0.0,9,100000
06270,2006-10-05,,0.0,36,100000
06271,2006-10-06,,0.0,56,100000
06272,2006-10-07,,0.0,53,100000
06273,2006-10-08,,0.0,35,100000
06274,2006-10-09,,0.0,22,100000
06275,2006-10-10,,0.0,10,100000
06276,2006-10-11,,0.0,18,100000
06277,2006-10-12,,0.0,24,100000
06278,2006-10-13,,0.0,59,100000
06279,2006-10-14,,0.0,21,100000
06280,2006-10-15,,0.0,20,100000
06281,2006-10-16,,0.0,32,100000
06282,2006-10-17,,0.0,5,100000
06283,2006-10-18,,0.0,12,100000
06284,2006-10-19,,0.0,31,100000
06285,2006-10-20,,0.0,55,100000
06286,2006-10-21,,0.0,53,100000
06287,2006-10-22,,0.0,19,100000
06288,2006-10-23,,0.0,24,100000
06289,2006-10-24,,0.0,19,100000
06290,2006-10-25,,0.0,19,100000
06291,2006-10-26,,0.0,25,100000
06292,2006-10-27,,0.0,71,100000
06293,2006-10-28,,0.0,36,100000
06294,2006-10-29,,0.0,33,100000
06295,2006-10-30,,0.0,19,100000
06296,2006-10-31,,0.0,26,100000
06297,2006-11-01,,0.0,12,100000
06298,2006-11-02,,0.0,12,100000
06299,2006-11-03,,0.0,24,100000
06300,2006-11-04,,0.0,125,100000
06301,2006-11-05,,0.0,36,100000
06302,2006-11-06,,0.0,19,100000
06303,2006-11-07,,0.0,12,100000
06304,2006-11-08,,0.0,26,100000
06305,2006-11-09,,0.0,21,100000
06306,2006-11-10,,0.0,19,100000
06307,2006-11-11,,0.0,26,100000
06308,2006-11-12,,0.0,17,100000
06309,2006-11-13,,0.0,14,100000
06310,2006-11-14,,0.0,49,100000
06311,2006-11-15,,0.0,26,100000
06312,2006-11-16,,0.0,21,100000
06313,2006-11-17,,0.0,17,100000
06314,2006-11-18,,0.0,52,100000
06315,2006-11-19,,0.0,5,100000
06316,2006-11-20,,0.0,44,100000
06317,2006-11-21,,0.0,35,100000
06318,2006-11-22,,0.0,52,100000
06319,2006-11-23,,0.0,12,100000
06320,2006-11-24,,0.0,37,100000
06321,2006-11-25,,0.0,40,100000
06322,2006-11-26,,0.0,10,100000
06323,2006-11-27,,0.0,28,100000
06324,2006-11-28,,0.0,23,100000
06325,2006-11-29,,0.0,46,100000
06326,2006-11-30,,0.0,32,100000
06327,2006-12-01,,0.0,33,100000
06328,2006-12-02,,0.0,21,100000
06329,2006-12-03,,0.0,22,100000
06330,2006-12-04,,0.0,49,100000
06331,2006-12-05,,0.0,19,100000
06332,2006-12-06,,0.0,5,100000
06333,2006-12-07,,0.0,10,100000
06334,2006-12-08,,0.0,49,100000
06335,2006-12-09,,0.0,22,100000
06336,2006-12-10,,0.0,17,100000
06337,2006-12-11,,0.0,11,100000
06338,2006-12-12,,0.0,6,100000
06339,2006-12-13,,0.0,26,100000
06340,2006-12-14,,0.0,112,100000
06341,2006-12-15,,0.0,13,100000
06342,2006-12-16,,0.0,27,100000
06343,2006-12-17,,0.0,24,100000
06344,2006-12-18,,0.0,16,100000
06345,2006-12-19,,0.0,8,100000
06346,2006-12-20,,0.0,27,100000
06347,2006-12-21,,0.0,55,100000
06348,2006-12-22,,0.0,12,100000
06349,2006-12-23,,0.0,32,100000
06350,2006-12-24,,0.0,45,100000
06351,2006-12-25,,0.0,19,100000
06352,2006-12-26,,0.0,12,100000
06353,2006-12-27,,0.0,15,100000
06354,2006-12-28,,0.0,30,100000
06355,2006-12-29,,0.0,6,100000
06356,2006-12-30,,0.0,66,100000
06357,2006-12-31,,0.0,20,100000
07001,2007-01-01,,0.0,19,100000
07002,2007-01-02,,0.0,28,100000
07003,2007-01-03,,0.0,25,100000
07004,2007-01-04,,0.0,28,100000
07005,2007-01-05,,0.0,27,100000
07006,2007-01-06,,0.0,13,100000
07007,2007-01-07,,0.0,25,100000
07008,2007-01-08,,0.0,23,100000
07009,2007-01-09,,0.0,44,100000
07010,2007-01-10,,0.0,15,100000
07011,2007-01-11,,0.0,187,100000
07012,2007-01-12,,0.0,20,100000
07013,2007-01-13,,0.0,12,100000
07014,2007-01-14,,0.0,47,100000
07015,2007-01-15,,0.0,15,100000
07016,2007-01-16,,0.0,6,100000
07017,2007-01-17,,0.0,39,100000
07018,2007-01-18,,0.0,28,100000
07019,2007-01-19,,0.0,56,100000
07020,2007-01-20,,0.0,16,100000
07021,2007-01-21,,0.0,19,100000
07022,2007-01-22,,0.0,16,100000
07023,2007-01-23,,0.0,32,100000
07024,2007-01-24,,0.0,10,100000
07025,2007-01-25,,0.0,48,100000
07026,2007-01-26,,0.0,72,100000
07027,2007-01-27,,0.0,14,100000
07028,2007-01-28,,0.0,29,100000
07029,2007-01-29,,0.0,9,100000
07030,2007-01-30,,0.0,15,100000
07031,2007-01-31,,0.0,34,100000
07032,2007-02-01,,0.0,30,100000
07033,2007-02-02,,0.0,130,100000
07034,2007-02-03,,0.0,74,100000
07035,2007-02-04,,0.0,21,100000
07036,2007-02-05,,0.0,45,100000
07037,2007-02-06,,0.0,78,100000
07038,2007-02-07,,0.0,13,100000
07039,2007-02-08,,0.0,15,100000
07040,2007-02-09,,0.0,30,100000
07041,2007-02-10,,0.0,50,100000
07042,2007-02-11,,0.0,42,100000
07043,2007-02-12,,0.0,31,100000
07044,2007-02-13,,0.0,17,100000
07045,2007-02-14,,0.0,28,100000
07046,2007-02-15,,0.0,214,100000
07047,2007-02-16,,0.0,41,100000
07048,2007-02-25,,0.0,40,100000
07049,2007-02-26,,0.0,26,100000
07050,2007-02-27,,0.0,10,100000
07051,2007-02-28,,0.0,7,100000
07052,2007-03-01,,0.0,20,100000
07053,2007-03-02,,0.0,35,100000
07054,2007-03-03,,0.0,41,100000
07055,2007-03-04,,0.0,13,100000
07056,2007-03-05,,0.0,55,100000
07057,2007-03-06,,0.0,52,100000
07058,2007-03-07,,0.0,15,100000
07059,2007-03-08,,0.0,83,100000
07060,2007-03-09,,0.0,79,100000
07061,2007-03-10,,0.0,13,100000
07062,2007-03-11,,0.0,19,100000
07063,2007-03-12,,0.0,54,100000
07064,2007-03-13,,0.0,16,100000
07065,2007-03-14,,0.0,31,100000
07066,2007-03-15,,0.0,39,100000
07067,2007-03-16,,0.0,58,100000
07068,2007-03-17,,0.0,26,100000
07069,2007-03-18,,0.0,29,100000
07070,2007-03-19,,0.0,25,100000
07071,2007-03-20,,0.0,60,100000
07072,2007-03-21,,0.0,103,100000
07073,2007-03-22,,0.0,44,100000
07074,2007-03-23,,0.0,20,100000
07075,2007-03-24,,0.0,32,100000
07076,2007-03-25,,0.0,32,100000
07077,2007-03-26,,0.0,34,100000
07078,2007-03-27,,0.0,12,100000
07079,2007-03-28,,0.0,7,100000
07080,2007-03-29,,0.0,73,100000
07081,2007-03-30,,0.0,58,100000
07082,2007-03-31,,0.0,12,100000
07083,2007-04-01,,0.0,12,100000
07084,2007-04-02,,0.0,17,100000
07085,2007-04-03,,0.0,24,100000
07086,2007-04-04,,0.0,48,100000
07087,2007-04-05,,0.0,138,100000
07088,2007-04-06,,0.0,15,100000
07089,2007-04-07,,0.0,76,100000
07090,2007-04-08,,0.0,61,100000
07091,2007-04-09,,0.0,32,100000
07092,2007-04-10,,0.0,34,100000
07093,2007-04-11,,0.0,27,100000
07094,2007-04-12,,0.0,24,100000
07095,2007-04-13,,0.0,17,100000
07096,2007-04-14,,0.0,12,100000
07097,2007-04-15,,0.0,23,100000
07098,2007-04-16,,0.0,14,100000
07099,2007-04-17,,0.0,38,100000
07100,2007-04-18,,0.0,41,100000
07101,2007-04-19,,0.0,14,100000
07102,2007-04-20,,0.0,33,100000
07103,2007-04-21,,0.0,53,100000
07104,2007-04-22,,0.0,13,100000
07105,2007-04-23,,0.0,32,100000
07106,2007-04-24,,0.0,38,100000
07107,2007-04-25,,0.0,22,100000
07108,2007-04-26,,0.0,39,100000
07109,2007-04-27,,0.0,28,100000
07110,2007-04-28,,0.0,131,100000
07111,2007-04-29,,0.0,12,100000
07112,2007-04-30,,0.0,16,100000
07113,2007-05-01,,0.0,10,100000
07114,2007-05-02,,0.0,34,100000
07115,2007-05-03,,0.0,26,100000
07116,2007-05-04,,0.0,103,100000
07117,2007-05-05,,0.0,18,100000
07118,2007-05-06,,0.0,15,100000
07119,2007-05-07,,0.0,34,100000
07120,2007-05-08,,0.0,189,100000
07121,2007-05-09,,0.0,30,100000
07122,2007-05-10,,0.0,82,100000
07123,2007-05-11,,0.0,86,100000
07124,2007-05-12,,0.0,14,100000
07125,2007-05-13,,0.0,76,100000
07126,2007-05-14,,0.0,32,100000
07127,2007-05-15,,0.0,51,100000
07128,2007-05-16,,0.0,7,100000
07129,2007-05-17,,0.0,85,100000
07130,2007-05-18,,0.0,73,100000
07131,2007-05-19,,0.0,73,100000
07132,2007-05-20,,0.0,59,100000
07133,2007-05-21,,0.0,49,100000
07134,2007-05-22,,0.0,52,100000
07135,2007-05-23,,0.0,17,100000
07136,2007-05-24,,0.0,58,100000
07137,2007-05-25,,0.0,26,100000
07138,2007-05-26,,0.0,58,100000
07139,2007-05-27,,0.0,41,100000
07140,2007-05-28,,0.0,29,100000
07141,2007-05-29,,0.0,12,100000
07142,2007-05-30,,0.0,12,100000
07143,2007-05-31,,0.0,16,100000
07144,2007-06-01,,0.0,45,100000
07145,2007-06-02,,0.0,40,100000
07146,2007-06-03,,0.0,22,100000
07147,2007-06-04,,0.0,16,100000
07148,2007-06-05,,0.0,9,100000
07149,2007-06-06,,0.0,50,100000
07150,2007-06-07,,0.0,13,100000
07151,2007-06-08,,0.0,36,100000
07152,2007-06-09,,0.0,65,100000
07153,2007-06-10,,0.0,9,100000
07154,2007-06-11,,0.0,17,100000
07155,2007-06-12,,0.0,14,100000
07156,2007-06-13,,0.0,24,100000
07157,2007-06-14,,0.0,26,100000
07158,2007-06-15,,0.0,30,100000
07159,2007-06-16,,0.0,55,100000
07160,2007-06-17,,0.0,24,100000
07161,2007-06-18,,0.0,29,100000
07162,2007-06-19,,0.0,7,100000
07163,2007-06-20,,0.0,18,100000
07164,2007-06-21,,0.0,23,100000
07165,2007-06-22,,0.0,17,100000
07166,2007-06-23,,0.0,15,100000
07167,2007-06-24,,0.0,22,100000
07168,2007-06-25,,0.0,18,100000
07169,2007-06-26,,0.0,29,100000
07170,2007-06-27,,0.0,28,100000
07171,2007-06-28,,0.0,12,100000
07172,2007-06-29,,0.0,101,100000
07173,2007-06-30,,0.0,61,100000
07174,2007-07-01,,0.0,7,100000
07175,2007-07-02,,0.0,52,100000
07176,2007-07-03,,0.0,27,100000
07177,2007-07-04,,0.0,33,100000
07178,2007-07-05,,0.0,10,100000
07179,2007-07-06,,0.0,75,100000
07180,2007-07-07,,0.0,52,100000
07181,2007-07-08,,0.0,16,100000
07182,2007-07-09,,0.0,24,100000
07183,2007-07-10,,0.0,10,100000
07184,2007-07-11,,0.0,5,100000
07185,2007-07-12,,0.0,21,100000
07186,2007-07-13,,0.0,12,100000
07187,2007-07-14,,0.0,44,100000
07188,2007-07-15,,0.0,11,100000
07189,2007-07-16,,0.0,23,100000
07190,2007-07-17,,0.0,52,100000
07191,2007-07-18,,0.0,24,100000
07192,2007-07-19,,0.0,6,100000
07193,2007-07-20,,0.0,26,100000
07194,2007-07-21,,0.0,4,100000
07195,2007-07-22,,0.0,17,100000
07196,2007-07-23,,0.0,13,100000
07197,2007-07-24,,0.0,25,100000
07198,2007-07-25,,0.0,21,100000
07199,2007-07-26,,0.0,53,100000
07200,2007-07-27,,0.0,14,100000
07201,2007-07-28,,0.0,14,100000
07202,2007-07-29,,0.0,36,100000
07203,2007-07-30,,0.0,51,50000
07204,2007-07-31,,0.0,30,100000
07205,2007-08-01,,0.0,16,100000
07206,2007-08-02,,0.0,38,100000
07207,2007-08-03,,0.0,17,100000
07208,2007-08-04,,0.0,30,100000
07209,2007-08-05,,0.0,43,100000
07210,2007-08-06,,0.0,30,100000
07211,2007-08-07,,0.0,32,100000
07212,2007-08-08,,0.0,38,100000
07213,2007-08-09,,0.0,43,100000
07214,2007-08-10,,0.0,5,100000
07215,2007-08-11,,0.0,16,100000
07216,2007-08-12,,0.0,23,100000
07217,2007-08-13,,0.0,53,100000
07218,2007-08-14,,0.0,43,100000
07219,2007-08-15,,0.0,70,100000
07220,2007-08-16,,0.0,8,100000
07221,2007-08-17,,0.0,38,100000
07222,2007-08-18,,0.0,11,100000
07223,2007-08-19,,0.0,31,100000
07224,2007-08-20,,0.0,5,100000
07225,2007-08-21,,0.0,103,100000
07226,2007-08-22,,0.0,22,100000
07227,2007-08-23,,0.0,18,100000
07228,2007-08-24,,0.0,16,100000
07229,2007-08-25,,0.0,12,100000
07230,2007-08-26,,0.0,34,100000
07231,2007-08-27,,0.0,25,100000
07232,2007-08-28,,0.0,41,100000
07233,2007-08-29,,0.0,8,100000
07234,2007-08-30,,0.0,17,100000
07235,2007-08-31,,0.0,12,100000
07236,2007-09-01,,0.0,46,100000
07237,2007-09-02,,0.0,23,100000
07238,2007-09-03,,0.0,23,100000
07239,2007-09-04,,0.0,21,100000
07240,2007-09-05,,0.0,16,100000
07241,2007-09-06,,0.0,17,100000
07242,2007-09-07,,0.0,8,100000
07243,2007-09-08,,0.0,38,100000
07244,2007-09-09,,0.0,45,100000
07245,2007-09-10,,0.0,24,100000
07246,2007-09-11,,0.0,27,100000
07247,2007-09-12,,0.0,23,100000
07248,2007-09-13,,0.0,13,100000
07249,2007-09-14,,0.0,2,100000
07250,2007-09-15,,0.0,16,100000
07251,2007-09-16,,0.0,25,100000
07252,2007-09-17,,0.0,24,100000
07253,2007-09-18,,0.0,17,100000
07254,2007-09-19,,0.0,14,100000
07255,2007-09-20,,0.0,99,100000
07256,2007-09-21,,0.0,28,100000
07257,2007-09-22,,0.0,10,100000
07258,2007-09-23,,0.0,19,100000
07259,2007-09-24,,0.0,12,100000
07260,2007-09-25,,0.0,83,100000
07261,2007-09-26,,0.0,10,100000
07262,2007-09-27,,0.0,11,100000
07263,2007-09-28,,0.0,9,100000
07264,2007-09-29,,0.0,86,100000
07265,2007-09-30,,0.0,34,100000
07266,2007-10-01,,0.0,13,100000
07267,2007-10-02,,0.0,32,100000
07268,2007-10-03,,0.0,19,100000
07269,2007-10-04,,0.0,26,100000
07270,2007-10-05,,0.0,13,100000
07271,2007-10-06,,0.0,40,100000
07272,2007-10-07,,0.0,20,100000
07273,2007-10-08,,0.0,11,100000
07274,2007-10-09,,0.0,5,100000
07275,2007-10-10,,0.0,96,100000
07276,2007-10-11,,0.0,40,100000
07277,2007-10-12,,0.0,45,100000
07278,2007-10-13,,0.0,30,100000
07279,2007-10-14,,0.0,20,100000
07280,2007-10-15,,0.0,14,100000
07281,2007-10-16,,0.0,5,100000
07282,2007-10-17,,0.0,21,100000
07283,2007-10-18,,0.0,6,100000
07284,2007-10-19,,0.0,120,100000
07285,2007-10-20,,0.0,5,100000
07286,2007-10-21,,0.0,35,100000
07287,2007-10-22,,0.0,22,100000
07288,2007-10-23,,0.0,53,100000
07289,2007-10-24,,0.0,20,100000
07290,2007-10-25,,0.0,111,100000
07291,2007-10-26,,0.0,34,100000
07292,2007-10-27,,0.0,11,100000
07293,2007-10-28,,0.0,22,100000
07294,2007-10-29,,0.0,19,100000
07295,2007-10-30,,0.0,8,100000
07296,2007-10-31,,0.0,23,100000
07297,2007-11-01,,0.0,5,100000
07298,2007-11-02,,0.0,19,100000
07299,2007-11-03,,0.0,14,100000
07300,2007-11-04,,0.0,79,100000
07301,2007-11-05,,0.0,23,100000
07302,2007-11-06,,0.0,28,100000
07303,2007-11-07,,0.0,12,100000
07304,2007-11-08,,0.0,2,100000
07305,2007-11-09,,0.0,21,100000
07306,2007-11-10,,0.0,19,100000
07307,2007-11-11,,0.0,13,100000
07308,2007-11-12,,0.0,19,100000
07309,2007-11-13,,0.0,10,100000
07310,2007-11-14,,0.0,19,100000
07311,2007-11-15,,0.0,34,100000
07312,2007-11-16,,0.0,10,100000
07313,2007-11-17,,0.0,39,100000
07314,2007-11-18,,0.0,11,100000
07315,2007-11-19,,0.0,25,100000
07316,2007-11-20,,0.0,40,100000
07317,2007-11-21,,0.0,13,100000
07318,2007-11-22,,0.0,34,100000
07319,2007-11-23,,0.0,8,100000
07320,2007-11-24,,0.0,43,100000
07321,2007-11-25,,0.0,17,100000
07322,2007-11-26,,0.0,26,100000
07323,2007-11-27,,0.0,56,100000
07324,2007-11-28,,0.0,21,100000
07325,2007-11-29,,0.0,24,100000
07326,2007-11-30,,0.0,87,100000
07327,2007-12-01,,0.0,53,100000
07328,2007-12-02,,0.0,41,100000
07329,2007-12-03,,0.0,400,100000
07330,2007-12-04,,0.0,28,100000
07331,2007-12-05,,0.0,18,100000
07332,2007-12-06,,0.0,40,100000
07333,2007-12-07,,0.0,25,100000
07334,2007-12-08,,0.0,41,100000
07335,2007-12-09,,0.0,13,100000
07336,2007-12-10,,0.0,16,100000
07337,2007-12-11,,0.0,26,100000
07338,2007-12-12,,0.0,20,100000
07339,2007-12-13,,0.0,31,100000
07340,2007-12-14,,0.0,53,100000
07341,2007-12-15,,0.0,13,100000
07342,2007-12-16,,0.0,16,100000
07343,2007-12-17,,0.0,62,100000
07344,2007-12-18,,0.0,365,100000
07345,2007-12-19,,0.0,17,100000
07346,2007-12-20,,0.0,17,100000
07347,2007-12-21,,0.0,22,100000
07348,2007-12-22,,0.0,20,100000
07349,2007-12-23,,0.0,8,100000
07350,2007-12-24,,0.0,103,100000
07351,2007-12-25,,0.0,27,100000
07352,2007-12-26,,0.0,28,100000
07353,2007-12-27,,0.0,38,100000
07354,2007-12-28,,0.0,10,100000
07355,2007-12-29,,0.0,72,100000
07356,2007-12-30,,0.0,34,100000
07357,2007-12-31,,0.0,40,100000
08001,2008-01-01,,0.0,12,100000
08002,2008-01-02,,0.0,13,100000
08003,2008-01-03,,0.0,18,100000
08004,2008-01-04,,0.0,40,100000
08005,2008-01-05,,0.0,7,100000
08006,2008-01-06,,0.0,19,100000
08007,2008-01-07,,0.0,62,100000
08008,2008-01-08,,0.0,37,100000
08009,2008-01-09,,0.0,4,100000
08010,2008-01-10,,0.0,63,100000
08011,2008-01-11,,0.0,31,100000
08012,2008-01-12,,0.0,20,100000
08013,2008-01-13,,0.0,6,100000
08014,2008-01-14,,0.0,13,100000
08015,2008-01-15,,0.0,35,100000
08016,2008-01-16,,0.0,64,100000
08017,2008-01-17,,0.0,9,100000
08018,2008-01-18,,0.0,17,100000
08019,2008-01-19,,0.0,46,100000
08020,2008-01-20,,0.0,17,100000
08021,2008-01-21,,0.0,27,100000
08022,2008-01-22,,0.0,45,100000
08023,2008-01-23,,0.0,4,100000
08024,2008-01-24,,0.0,10,100000
08025,2008-01-25,,0.0,27,100000
08026,2008-01-26,,0.0,23,100000
08027,2008-01-27,,0.0,1,100000
08028,2008-01-28,,0.0,54,100000
08029,2008-01-29,,0.0,12,100000
08030,2008-01-30,,0.0,4,100000
08031,2008-01-31,,0.0,112,100000
08032,2008-02-01,,0.0,35,100000
08033,2008-02-02,,0.0,29,100000
08034,2008-02-03,,0.0,20,100000
08035,2008-02-04,,0.0,15,100000
08036,2008-02-05,,0.0,42,100000
08037,2008-02-13,,0.0,11,100000
08038,2008-02-14,,0.0,19,100000
08039,2008-02-15,,0.0,14,100000
08040,2008-02-16,,0.0,21,100000
08041,2008-02-17,,0.0,17,100000
08042,2008-02-18,,0.0,11,100000
08043,2008-02-19,,0.0,94,100000
08044,2008-02-20,,0.0,23,100000
08045,2008-02-21,,0.0,24,100000
08046,2008-02-22,,0.0,20,100000
08047,2008-02-23,,0.0,29,100000
08048,2008-02-24,,0.0,7,100000
08049,2008-02-25,,0.0,37,100000
08050,2008-02-26,,0.0,43,100000
08051,2008-02-27,,0.0,22,100000
08052,2008-02-28,,0.0,15,100000
08053,2008-02-29,,0.0,19,100000
08054,2008-03-01,,0.0,17,100000
08055,2008-03-02,,0.0,17,100000
08056,2008-03-03,,0.0,11,100000
08057,2008-03-04,,0.0,25,100000
08058,2008-03-05,,0.0,22,100000
08059,2008-03-06,,0.0,14,100000
08060,2008-03-07,,0.0,27,100000
08061,2008-03-08,,0.0,22,100000
08062,2008-03-09,,0.0,6,100000
08063,2008-03-10,,0.0,22,100000
08064,2008-03-11,,0.0,53,100000
08065,2008-03-12,,0.0,31,100000
08066,2008-03-13,,0.0,17,100000
08067,2008-03-14,,0.0,32,100000
08068,2008-03-15,,0.0,21,100000
08069,2008-03-16,,0.0,31,100000
08070,2008-03-17,,0.0,25,100000
08071,2008-03-18,,0.0,38,100000
08072,2008-03-19,,0.0,19,100000
08073,2008-03-20,,0.0,119,100000
08074,2008-03-21,,0.0,41,100000
08075,2008-03-22,,0.0,21,100000
08076,2008-03-23,,0.0,218,100000
08077,2008-03-24,,0.0,51,100000
08078,2008-03-25,,0.0,37,100000
08079,2008-03-26,,0.0,81,100000
08080,2008-03-27,,0.0,65,100000
08081,2008-03-28,,0.0,21,100000
08082,2008-03-29,,0.0,46,100000
08083,2008-03-30,,0.0,74,100000
08084,2008-03-31,,0.0,16,100000
08085,2008-04-01,,0.0,16,100000
08086,2008-04-02,,0.0,11,100000
08087,2008-04-03,,0.0,74,100000
08088,2008-04-04,,0.0,28,100000
08089,2008-04-05,,0.0,18,100000
08090,2008-04-06,,0.0,45,100000
08091,2008-04-07,,0.0,6,100000
08092,2008-04-08,,0.0,44,100000
08093,2008-04-09,,0.0,43,100000
08094,2008-04-10,,0.0,25,100000
08095,2008-04-11,,0.0,216,100000
08096,2008-04-12,,0.0,141,100000
08097,2008-04-13,,0.0,38,100000
08098,2008-04-14,,0.0,16,100000
08099,2008-04-15,,0.0,51,100000
08100,2008-04-16,,0.0,22,100000
08101,2008-04-17,,0.0,50,100000
08102,2008-04-18,,0.0,26,100000
08103,2008-04-19,,0.0,25,100000
08104,2008-04-20,,0.0,9,100000
08105,2008-04-21,,0.0,67,100000
08106,2008-04-22,,0.0,8,100000
08107,2008-04-23,,0.0,39,100000
08108,2008-04-24,,0.0,10,100000
08109,2008-04-25,,0.0,167,100000
08110,2008-04-26,,0.0,231,100000
08111,2008-04-27,,0.0,29,100000
08112,2008-04-28,,0.0,326,100000
08113,2008-04-29,,0.0,20,100000
08114,2008-04-30,,0.0,46,100000
08115,2008-05-01,,0.0,48,100000
08116,2008-05-02,,0.0,24,100000
08117,2008-05-03,,0.0,116,100000
08118,2008-05-04,,0.0,9,100000
08119,2008-05-05,,0.0,25,100000
08120,2008-05-06,,0.0,17,100000
08121,2008-05-07,,0.0,17,100000
08122,2008-05-08,,0.0,14,100000
08123,2008-05-09,,0.0,32,100000
08124,2008-05-10,,0.0,30,100000
08125,2008-05-11,,0.0,33,100000
08126,2008-05-12,,0.0,7,100000
08127,2008-05-13,,0.0,48,100000
08128,2008-05-14,,0.0,32,100000
08129,2008-05-15,,0.0,52,100000
08130,2008-05-16,,0.0,22,100000
08131,2008-05-17,,0.0,151,100000
08132,2008-05-18,,0.0,21,100000
08133,2008-05-19,,0.0,17,100000
08134,2008-05-20,,0.0,2,100000
08135,2008-05-21,,0.0,30,100000
08136,2008-05-22,,0.0,28,100000
08137,2008-05-23,,0.0,22,100000
08138,2008-05-24,,0.0,29,100000
08139,2008-05-25,,0.0,44,100000
08140,2008-05-26,,0.0,39,100000
08141,2008-05-27,,0.0,59,100000
08142,2008-05-28,,0.0,30,100000
08143,2008-05-29,,0.0,50,100000
08144,2008-05-30,,0.0,46,100000
08145,2008-05-31,,0.0,23,100000
08146,2008-06-01,,0.0,28,100000
08147,2008-06-02,,0.0,22,100000
08148,2008-06-03,,0.0,20,100000
08149,2008-06-04,,0.0,26,100000
08150,2008-06-05,,0.0,40,100000
08151,2008-06-06,,0.0,31,100000
08152,2008-06-07,,0.0,34,100000
08153,2008-06-08,,0.0,17,100000
08154,2008-06-09,,0.0,14,100000
08155,2008-06-10,,0.0,218,100000
08156,2008-06-11,,0.0,39,100000
08157,2008-06-12,,0.0,55,100000
08158,2008-06-13,,0.0,51,100000
08159,2008-06-14,,0.0,7,100000
08160,2008-06-15,,0.0,13,100000
08161,2008-06-16,,0.0,13,100000
08162,2008-06-17,,0.0,79,100000
08163,2008-06-18,,0.0,19,100000
08164,2008-06-19,,0.0,26,100000
08165,2008-06-20,,0.0,23,100000
08166,2008-06-21,,0.0,17,100000
08167,2008-06-22,,0.0,32,100000
08168,2008-06-23,,0.0,41,100000
08169,2008-06-24,,0.0,31,100000
08170,2008-06-25,,0.0,34,100000
08171,2008-06-26,,0.0,17,100000
08172,2008-06-27,,0.0,14,100000
08173,2008-06-28,,0.0,43,100000
08174,2008-06-29,,0.0,7,100000
08175,2008-06-30,,0.0,38,100000
08176,2008-07-01,,0.0,20,100000
08177,2008-07-02,,0.0,36,100000
08178,2008-07-03,,0.0,16,100000
08179,2008-07-04,,0.0,13,100000
08180,2008-07-05,,0.0,13,100000
08181,2008-07-06,,0.0,25,100000
08182,2008-07-07,,0.0,10,100000
08183,2008-07-08,,0.0,54,100000
08184,2008-07-09,,0.0,33,100000
08185,2008-07-10,,0.0,11,100000
08186,2008-07-11,,0.0,23,100000
08187,2008-07-12,,0.0,55,100000
08188,2008-07-13,,0.0,35,100000
08189,2008-07-14,,0.0,14,100000
08190,2008-07-15,,0.0,44,100000
08191,2008-07-16,,0.0,39,100000
08192,2008-07-17,,0.0,106,100000
08193,2008-07-18,,0.0,17,100000
08194,2008-07-19,,0.0,33,100000
08195,2008-07-20,,0.0,21,100000
08196,2008-07-21,,0.0,56,100000
08197,2008-07-22,,0.0,30,100000
08198,2008-07-23,,0.0,26,100000
08199,2008-07-24,,0.0,48,100000
08200,2008-07-25,,0.0,25,100000
08201,2008-07-26,,0.0,36,100000
08202,2008-07-27,,0.0,27,100000
08203,2008-07-28,,0.0,23,100000
08204,2008-07-29,,0.0,69,100000
08205,2008-07-30,,0.0,15,100000
08206,2008-07-31,,0.0,55,100000
08207,2008-08-01,,0.0,8,100000
08208,2008-08-02,,0.0,53,100000
08209,2008-08-03,,0.0,40,100000
08210,2008-08-04,,0.0,6,100000
08211,2008-08-05,,0.0,20,100000
08212,2008-08-06,,0.0,8,100000
08213,2008-08-07,,0.0,21,100000
08214,2008-08-08,,0.0,28,100000
08215,2008-08-09,,0.0,15,100000
08216,2008-08-10,,0.0,19,100000
08217,2008-08-11,,0.0,38,100000
08218,2008-08-12,,0.0,64,100000
08219,2008-08-13,,0.0,16,100000
08220,2008-08-14,,0.0,25,100000
08221,2008-08-15,,0.0,29,100000
08222,2008-08-16,,0.0,24,100000
08223,2008-08-17,,0.0,6,100000
08224,2008-08-18,,0.0,37,100000
08225,2008-08-19,,0.0,41,100000
08226,2008-08-20,,0.0,27,100000
08227,2008-08-21,,0.0,16,100000
08228,2008-08-22,,0.0,40,100000
08229,2008-08-23,,0.0,47,100000
08230,2008-08-24,,0.0,18,100000
08231,2008-08-25,,0.0,5,100000
08232,2008-08-26,,0.0,78,100000
08233,2008-08-27,,0.0,9,100000
08234,2008-08-28,,0.0,13,100000
08235,2008-08-29,,0.0,13,100000
08236,2008-08-30,,0.0,8,100000
08237,2008-08-31,,0.0,20,100000
08238,2008-09-01,,0.0,28,100000
08239,2008-09-02,,0.0,32,100000
08240,2008-09-03,,0.0,6,100000
08241,2008-09-04,,0.0,21,100000
08242,2008-09-05,,0.0,63,100000
08243,2008-09-06,,0.0,11,100000
08244,2008-09-07,,0.0,27,100000
08245,2008-09-08,,0.0,38,100000
08246,2008-09-09,,0.0,28,100000
08247,2008-09-10,,0.0,12,100000
08248,2008-09-11,,0.0,31,100000
08249,2008-09-12,,0.0,22,100000
08250,2008-09-13,,0.0,11,100000
08251,2008-09-14,,0.0,46,100000
08252,2008-09-15,,0.0,86,100000
08253,2008-09-16,,0.0,79,100000
08254,2008-09-17,,0.0,30,100000
08255,2008-09-18,,0.0,8,100000
08256,2008-09-19,,0.0,66,100000
08257,2008-09-20,,0.0,74,100000
08258,2008-09-21,,0.0,16,100000
08259,2008-09-22,,0.0,43,100000
08260,2008-09-23,,0.0,27,100000
08261,2008-09-24,,0.0,96,100000
08262,2008-09-25,,0.0,15,100000
08263,2008-09-26,,0.0,14,100000
08264,2008-09-27,,0.0,14,100000
08265,2008-09-28,,0.0,99,100000
08266,2008-09-29,,0.0,30,100000
08267,2008-09-30,,0.0,60,100000
08268,2008-10-01,,0.0,22,100000
08269,2008-10-02,,0.0,33,100000
08270,2008-10-03,,0.0,31,100000
08271,2008-10-04,,0.0,23,100000
08272,2008-10-05,,0.0,12,100000
08273,2008-10-06,,0.0,16,100000
08274,2008-10-07,,0.0,22,100000
08275,2008-10-08,,0.0,9,100000
08276,2008-10-09,,0.0,14,100000
08277,2008-10-10,,0.0,18,100000
08278,2008-10-11,,0.0,20,100000
08279,2008-10-12,,0.0,24,100000
08280,2008-10-13,,0.0,54,100000
08281,2008-10-14,,0.0,35,100000
08282,2008-10-15,,0.0,27,100000
08283,2008-10-16,,0.0,67,100000
08284,2008-10-17,,0.0,26,100000
08285,2008-10-18,,0.0,53,100000
08286,2008-10-19,,0.0,37,100000
08287,2008-10-20,,0.0,16,100000
08288,2008-10-21,,0.0,48,100000
08289,2008-10-22,,0.0,17,100000
08290,2008-10-23,,0.0,22,100000
08291,2008-10-24,,0.0,33,100000
08292,2008-10-25,,0.0,60,100000
08293,2008-10-26,,0.0,14,100000
08294,2008-10-27,,0.0,0,100000
08295,2008-10-28,,0.0,32,100000
08296,2008-10-29,,0.0,19,100000
08297,2008-10-30,,0.0,49,100000
08298,2008-10-31,,0.0,16,100000
08299,2008-11-01,,0.0,36,100000
08300,2008-11-02,,0.0,34,100000
08301,2008-11-03,,0.0,13,100000
08302,2008-11-04,,0.0,52,100000
08303,2008-11-05,,0.0,53,100000
08304,2008-11-06,,0.0,12,100000
08305,2008-11-07,,0.0,74,100000
08306,2008-11-08,,0.0,20,100000
08307,2008-11-09,,0.0,9,100000
08308,2008-11-10,,0.0,54,100000
08309,2008-11-11,,0.0,9,100000
08310,2008-11-12,,0.0,71,100000
08311,2008-11-13,,0.0,10,100000
08312,2008-11-14,,0.0,64,100000
08313,2008-11-15,,0.0,20,100000
08314,2008-11-16,,0.0,14,100000
08315,2008-11-17,,0.0,24,100000
08316,2008-11-18,,0.0,29,100000
08317,2008-11-19,,0.0,41,100000
08318,2008-11-20,,0.0,28,100000
08319,2008-11-21,,0.0,31,100000
08320,2008-11-22,,0.0,28,100000
08321,2008-11-23,,0.0,26,100000
08322,2008-11-24,,0.0,38,100000
08323,2008-11-25,,0.0,32,100000
08324,2008-11-26,,0.0,51,100000
08325,2008-11-27,,0.0,39,100000
08326,2008-11-28,,0.0,27,100000
08327,2008-11-29,,0.0,32,100000
08328,2008-11-30,,0.0,12,100000
08329,2008-12-01,,0.0,28,100000
08330,2008-12-02,,0.0,169,100000
08331,2008-12-03,,0.0,21,100000
08332,2008-12-04,,0.0,34,100000
08333,2008-12-05,,0.0,10,100000
08334,2008-12-06,,0.0,12,100000
08335,2008-12-07,,0.0,84,100000
08336,2008-12-08,,0.0,16,100000
08337,2008-12-09,,0.0,12,100000
08338,2008-12-10,,0.0,78,100000
08339,2008-12-11,,0.0,112,100000
08340,2008-12-12,,0.0,27,100000
08341,2008-12-13,,0.0,35,100000
08342,2008-12-14,,0.0,14,100000
08343,2008-12-15,,0.0,57,100000
08344,2008-12-16,,0.0,29,100000
08345,2008-12-17,,0.0,25,100000
08346,2008-12-18,,0.0,16,100000
08347,2008-12-19,,0.0,45,100000
08348,2008-12-20,,0.0,55,100000
08349,2008-12-21,,0.0,62,100000
08350,2008-12-22,,0.0,16,100000
08351,2008-12-23,,0.0,5,100000
08352,2008-12-24,,0.0,47,100000
08353,2008-12-25,,0.0,6,100000
08354,2008-12-26,,0.0,11,100000
08355,2008-12-27,,0.0,5,100000
08356,2008-12-28,,0.0,33,100000
08357,2008-12-29,,0.0,79,100000
08358,2008-12-30,,0.0,19,100000
08359,2008-12-31,,0.0,13,100000
09001,2009-01-01,,0.0,26,100000
09002,2009-01-02,,0.0,50,100000
09003,2009-01-03,,0.0,44,100000
09004,2009-01-04,,0.0,30,100000
09005,2009-01-05,,0.0,16,100000
09006,2009-01-06,,0.0,33,100000
09007,2009-01-07,,0.0,10,100000
09008,2009-01-08,,0.0,28,100000
09009,2009-01-09,,0.0,49,100000
09010,2009-01-10,,0.0,51,100000
09011,2009-01-11,,0.0,15,100000
09012,2009-01-12,,0.0,13,100000
09013,2009-01-13,,0.0,23,100000
09014,2009-01-14,,0.0,18,100000
09015,2009-01-15,,0.0,17,100000
09016,2009-01-16,,0.0,11,100000
09017,2009-01-17,,0.0,18,100000
09018,2009-01-18,,0.0,65,100000
09019,2009-01-19,,0.0,67,100000
09020,2009-01-20,,0.0,45,100000
09021,2009-01-21,,0.0,47,100000
09022,2009-01-22,,0.0,43,100000
09023,2009-01-23,,0.0,10,100000
09024,2009-01-24,,0.0,77,100000
09025,2009-02-01,,0.0,41,100000
09026,2009-02-02,,0.0,20,100000
09027,2009-02-03,,0.0,47,100000
09028,2009-02-04,,0.0,41,100000
09029,2009-02-05,,0.0,15,100000
09030,2009-02-06,,0.0,34,100000
09031,2009-02-07,,0.0,28,100000
09032,2009-02-08,,0.0,15,100000
09033,2009-02-09,,0.0,30,100000
09034,2009-02-10,,0.0,41,100000
09035,2009-02-11,,0.0,36,100000
09036,2009-02-12,,0.0,9,100000
09037,2009-02-13,,0.0,14,100000
09038,2009-02-14,,0.0,36,100000
09039,2009-02-15,,0.0,8,100000
09040,2009-02-16,,0.0,21,100000
09041,2009-02-17,,0.0,23,100000
09042,2009-02-18,,0.0,25,100000
09043,2009-02-19,,0.0,23,100000
09044,2009-02-20,,0.0,42,100000
09045,2009-02-21,,0.0,8,100000
09046,2009-02-22,,0.0,25,100000
09047,2009-02-23,,0.0,37,100000
09048,2009-02-24,,0.0,11,100000
09049,2009-02-25,,0.0,96,100000
09050,2009-02-26,,0.0,48,100000
09051,2009-02-27,,0.0,36,100000
09052,2009-02-28,,0.0,40,100000
09053,2009-03-01,,0.0,24,100000
09054,2009-03-02,,0.0,83,100000
09055,2009-03-03,,0.0,10,100000
09056,2009-03-04,,0.0,27,100000
09057,2009-03-05,,0.0,31,100000
09058,2009-03-06,,0.0,46,100000
09059,2009-03-07,,0.0,37,100000
09060,2009-03-08,,0.0,21,100000
09061,2009-03-09,,0.0,20,100000
09062,2009-03-10,,0.0,72,100000
09063,2009-03-11,,0.0,132,100000
09064,2009-03-12,,0.0,29,100000
09065,2009-03-13,,0.0,19,100000
09066,2009-03-14,,0.0,34,100000
09067,2009-03-15,,0.0,11,100000
09068,2009-03-16,,0.0,9,100000
09069,2009-03-17,,0.0,136,100000
09070,2009-03-18,,0.0,16,100000
09071,2009-03-19,,0.0,28,100000
09072,2009-03-20,,0.0,81,100000
09073,2009-03-21,,0.0,39,100000
09074,2009-03-22,,0.0,38,100000
09075,2009-03-23,,0.0,117,100000
09076,2009-03-24,,0.0,78,100000
09077,2009-03-25,,0.0,77,100000
09078,2009-03-26,,0.0,92,100000
09079,2009-03-27,,0.0,22,100000
09080,2009-03-28,,0.0,22,100000
09081,2009-03-29,,0.0,12,100000
09082,2009-03-30,,0.0,12,100000
09083,2009-03-31,,0.0,52,100000
09084,2009-04-01,,0.0,23,100000
09085,2009-04-02,,0.0,33,100000
09086,2009-04-03,,0.0,16,100000
09087,2009-04-04,,0.0,18,100000
09088,2009-04-05,,0.0,68,100000
09089,2009-04-06,,0.0,102,100000
09090,2009-04-07,,0.0,18,100000
09091,2009-04-08,,0.0,62,100000
09092,2009-04-09,,0.0,37,100000
09093,2009-04-10,,0.0,5,100000
09094,2009-04-11,,0.0,33,100000
09095,2009-04-12,,0.0,24,100000
09096,2009-04-13,,0.0,16,100000
09097,2009-04-14,,0.0,22,100000
09098,2009-04-15,,0.0,58,100000
09099,2009-04-16,,0.0,12,100000
09100,2009-04-17,,0.0,96,100000
09101,2009-04-18,,0.0,10,100000
09102,2009-04-19,,0.0,39,100000
09103,2009-04-20,,0.0,16,100000
09104,2009-04-21,,0.0,125,100000
09105,2009-04-22,,0.0,67,100000
09106,2009-04-23,,0.0,65,100000
09107,2009-04-24,,0.0,24,100000
09108,2009-04-25,,0.0,12,100000
09109,2009-04-26,,0.0,11,100000
09110,2009-04-27,,0.0,58,100000
09111,2009-04-28,,0.0,86,100000
09112,2009-04-29,,0.0,22,100000
09113,2009-04-30,,0.0,22,100000
09114,2009-05-01,,0.0,26,100000
09115,2009-05-02,,0.0,29,100000
09116,2009-05-03,,0.0,7,100000
09117,2009-05-04,,0.0,32,100000
09118,2009-05-05,,0.0,55,100000
09119,2009-05-06,,0.0,43,100000
09120,2009-05-07,,0.0,13,100000
09121,2009-05-08,,0.0,34,100000
09122,2009-05-09,,0.0,24,100000
09123,2009-05-10,,0.0,13,100000
09124,2009-05-11,,0.0,25,100000
09125,2009-05-12,,0.0,36,100000
09126,2009-05-13,,0.0,38,100000
09127,2009-05-14,,0.0,100,100000
09128,2009-05-15,,0.0,76,100000
09129,2009-05-16,,0.0,32,100000
09130,2009-05-17,,0.0,17,100000
09131,2009-05-18,,0.0,9,100000
09132,2009-05-19,,0.0,49,100000
09133,2009-05-20,,0.0,17,100000
09134,2009-05-21,,0.0,15,100000
09135,2009-05-22,,0.0,31,100000
09136,2009-05-23,,0.0,18,100000
09137,2009-05-24,,0.0,44,100000
09138,2009-05-25,,0.0,201,100000
09139,2009-05-26,,0.0,177,100000
09140,2009-05-27,,0.0,21,100000
09141,2009-05-28,,0.0,28,100000
09142,2009-05-29,,0.0,49,100000
09143,2009-05-30,,0.0,54,100000
09144,2009-05-31,,0.0,74,100000
09145,2009-06-01,,0.0,38,100000
09146,2009-06-02,,0.0,22,100000
09147,2009-06-03,,0.0,49,100000
09148,2009-06-04,,0.0,6,100000
09149,2009-06-05,,0.0,39,100000
09150,2009-06-06,,0.0,5,100000
09151,2009-06-07,,0.0,17,100000
09152,2009-06-08,,0.0,28,100000
09153,2009-06-09,,0.0,29,100000
09154,2009-06-10,,0.0,59,100000
09155,2009-06-11,,0.0,24,100000
09156,2009-06-12,,0.0,9,100000
09157,2009-06-13,,0.0,22,100000
09158,2009-06-14,,0.0,102,100000
09159,2009-06-15,,0.0,35,100000
09160,2009-06-16,,0.0,47,100000
09161,2009-06-17,,0.0,64,100000
09162,2009-06-18,,0.0,20,100000
09163,2009-06-19,,0.0,25,100000
09164,2009-06-20,,0.0,37,100000
09165,2009-06-21,,0.0,38,100000
09166,2009-06-22,,0.0,17,100000
09167,2009-06-23,,0.0,62,100000
09168,2009-06-24,,0.0,58,100000
09169,2009-06-25,,0.0,128,100000
09170,2009-06-26,,0.0,78,100000
09171,2009-06-27,,0.0,153,100000
09172,2009-06-28,,0.0,18,100000
09173,2009-06-29,,0.0,49,100000
09174,2009-06-30,,0.0,39,100000
09175,2009-07-01,,0.0,92,100000
09176,2009-07-02,,0.0,90,100000
09177,2009-07-03,,0.0,24,100000
09178,2009-07-04,,0.0,12,100000
09179,2009-07-05,,0.0,31,100000
09180,2009-07-06,,0.0,6,100000
09181,2009-07-07,,0.0,91,100000
09182,2009-07-08,,0.0,17,100000
09183,2009-07-09,,0.0,31,100000
09184,2009-07-10,,0.0,12,100000
09185,2009-07-11,,0.0,5,100000
09186,2009-07-12,,0.0,50,100000
09187,2009-07-13,,0.0,35,100000
09188,2009-07-14,,0.0,46,100000
09189,2009-07-15,,0.0,137,100000
09190,2009-07-16,,0.0,39,100000
09191,2009-07-17,,0.0,79,100000
09192,2009-07-18,,0.0,12,100000
09193,2009-07-19,,0.0,9,100000
09194,2009-07-20,,0.0,67,100000
09195,2009-07-21,,0.0,60,100000
09196,2009-07-22,,0.0,13,100000
09197,2009-07-23,,0.0,42,100000
09198,2009-07-24,,0.0,51,100000
09199,2009-07-25,,0.0,38,100000
09200,2009-07-26,,0.0,14,100000
09201,2009-07-27,,0.0,9,100000
09202,2009-07-28,,0.0,22,100000
09203,2009-07-29,,0.0,26,100000
09204,2009-07-30,,0.0,32,100000
09205,2009-07-31,,0.0,64,100000
09206,2009-08-01,,0.0,16,100000
09207,2009-08-02,,0.0,15,100000
09208,2009-08-03,,0.0,25,100000
09209,2009-08-04,,0.0,40,100000
09210,2009-08-05,,0.0,21,100000
09211,2009-08-06,,0.0,98,100000
09212,2009-08-07,,0.0,49,100000
09213,2009-08-08,,0.0,78,100000
09214,2009-08-09,,0.0,53,100000
09215,2009-08-10,,0.0,107,100000
09216,2009-08-11,,0.0,13,100000
09217,2009-08-12,,0.0,53,100000
09218,2009-08-13,,0.0,24,100000
09219,2009-08-14,,0.0,45,100000
09220,2009-08-15,,0.0,41,100000
09221,2009-08-16,,0.0,61,100000
09222,2009-08-17,,0.0,21,100000
09223,2009-08-18,,0.0,14,100000
09224,2009-08-19,,0.0,29,100000
09225,2009-08-20,,0.0,3,100000
09226,2009-08-21,,0.0,36,100000
09227,2009-08-22,,0.0,24,100000
09228,2009-08-23,,0.0,142,100000
09229,2009-08-24,,0.0,66,100000
09230,2009-08-25,,0.0,65,100000
09231,2009-08-26,,0.0,48,100000
09232,2009-08-27,,0.0,27,100000
09233,2009-08-28,,0.0,53,100000
09234,2009-08-29,,0.0,15,100000
09235,2009-08-30,,0.0,33,100000
09236,2009-08-31,,0.0,597,100000
09237,2009-09-01,,0.0,28,100000
09238,2009-09-02,,0.0,30,100000
09239,2009-09-03,,0.0,11,100000
09240,2009-09-04,,0.0,23,100000
09241,2009-09-05,,0.0,34,100000
09242,2009-09-06,,0.0,20,100000
09243,2009-09-07,,0.0,32,100000
09244,2009-09-08,,0.0,91,100000
09245,2009-09-09,,0.0,28,100000
09246,2009-09-10,,0.0,14,100000
09247,2009-09-11,,0.0,22,100000
09248,2009-09-12,,0.0,17,100000
09249,2009-09-13,,0.0,15,100000
09250,2009-09-14,,0.0,37,100000
09251,2009-09-15,,0.0,71,100000
09252,2009-09-16,,0.0,41,100000
09253,2009-09-17,,0.0,26,100000
09254,2009-09-18,,0.0,19,100000
09255,2009-09-19,,0.0,20,100000
09256,2009-09-20,,0.0,12,100000
09257,2009-09-21,,0.0,45,100000
09258,2009-09-22,,0.0,12,100000
09259,2009-09-23,,0.0,82,100000
09260,2009-09-24,,0.0,285,100000
09261,2009-09-25,,0.0,25,100000
09262,2009-09-26,,0.0,18,100000
09263,2009-09-27,,0.0,19,100000
09264,2009-09-28,,0.0,22,100000
09265,2009-09-29,,0.0,142,100000
09266,2009-09-30,,0.0,18,100000
09267,2009-10-01,,0.0,29,100000
09268,2009-10-02,,0.0,17,100000
09269,2009-10-03,,0.0,18,100000
09270,2009-10-04,,0.0,22,100000
09271,2009-10-05,,0.0,25,100000
09272,2009-10-06,,0.0,27,100000
09273,2009-10-07,,0.0,28,100000
09274,2009-10-08,,0.0,17,100000
09275,2009-10-09,,0.0,14,100000
09276,2009-10-10,,0.0,33,100000
09277,2009-10-11,,0.0,16,100000
09278,2009-10-12,,0.0,39,100000
09279,2009-10-13,,0.0,32,100000
09280,2009-10-14,,0.0,69,100000
09281,2009-10-15,,0.0,30,100000
09282,2009-10-16,,0.0,32,100000
09283,2009-10-17,,0.0,134,100000
09284,2009-10-18,,0.0,10,100000
09285,2009-10-19,,0.0,27,100000
09286,2009-10-20,,0.0,22,100000
09287,2009-10-21,,0.0,42,100000
09288,2009-10-22,,0.0,11,100000
09289,2009-10-23,,0.0,52,100000
09290,2009-10-24,,0.0,24,100000
09291,2009-10-25,,0.0,33,100000
09292,2009-10-26,,0.0,9,100000
09293,2009-10-27,,0.0,26,100000
09294,2009-10-28,,0.0,47,100000
09295,2009-10-29,,0.0,19,100000
09296,2009-10-30,,0.0,54,100000
09297,2009-10-31,,0.0,14,100000
09298,2009-11-01,,0.0,41,100000
09299,2009-11-02,,0.0,7,100000
09300,2009-11-03,,0.0,25,100000
09301,2009-11-04,,0.0,15,100000
09302,2009-11-05,,0.0,104,100000
09303,2009-11-06,,0.0,27,100000
09304,2009-11-07,,0.0,208,100000
09305,2009-11-08,,0.0,14,100000
09306,2009-11-09,,0.0,15,100000
09307,2009-11-10,,0.0,27,100000
09308,2009-11-11,,0.0,21,100000
09309,2009-11-12,,0.0,28,100000
09310,2009-11-13,,0.0,43,100000
09311,2009-11-14,,0.0,14,100000
09312,2009-11-15,,0.0,20,100000
09313,2009-11-16,,0.0,16,100000
09314,2009-11-17,,0.0,58,100000
09315,2009-11-18,,0.0,26,100000
09316,2009-11-19,,0.0,43,100000
09317,2009-11-20,,0.0,46,100000
09318,2009-11-21,,0.0,36,100000
09319,2009-11-22,,0.0,34,100000
09320,2009-11-23,,0.0,122,100000
09321,2009-11-24,,0.0,41,100000
09322,2009-11-25,,0.0,8,100000
09323,2009-11-26,,0.0,22,100000
09324,2009-11-27,,0.0,30,100000
09325,2009-11-28,,0.0,25,100000
09326,2009-11-29,,0.0,31,100000
09327,2009-11-30,,0.0,10,100000
09328,2009-12-01,,0.0,44,100000
09329,2009-12-02,,0.0,20,100000
09330,2009-12-03,,0.0,9,100000
09331,2009-12-04,,0.0,71,100000
09332,2009-12-05,,0.0,76,100000
09333,2009-12-06,,0.0,24,100000
09334,2009-12-07,,0.0,9,100000
09335,2009-12-08,,0.0,24,100000
09336,2009-12-09,,0.0,28,100000
09337,2009-12-10,,0.0,13,100000
09338,2009-12-11,,0.0,11,100000
09339,2009-12-12,,0.0,27,100000
09340,2009-12-13,,0.0,14,100000
09341,2009-12-14,,0.0,26,100000
09342,2009-12-15,,0.0,13,100000
09343,2009-12-16,,0.0,38,100000
09344,2009-12-17,,0.0,59,100000
09345,2009-12-18,,0.0,47,100000
09346,2009-12-19,,0.0,75,100000
09347,2009-12-20,,0.0,66,100000
09348,2009-12-21,,0.0,41,100000
09349,2009-12-22,,0.0,14,100000
09350,2009-12-23,,0.0,18,100000
09351,2009-12-24,,0.0,45,100000
09352,2009-12-25,,0.0,53,100000
09353,2009-12-26,,0.0,35,100000
09354,2009-12-27,,0.0,19,100000
09355,2009-12-28,,0.0,33,100000
09356,2009-12-29,,0.0,20,100000
09357,2009-12-30,,0.0,45,100000
09358,2009-12-31,,0.0,75,100000
10001,2010-01-01,,0.0,16,100000
10002,2010-01-02,,0.0,69,100000
10003,2010-01-03,,0.0,31,100000
10004,2010-01-04,,0.0,44,100000
10005,2010-01-05,,0.0,50,100000
10006,2010-01-06,,0.0,29,100000
10007,2010-01-07,,0.0,33,100000
10008,2010-01-08,,0.0,24,100000
10009,2010-01-09,,0.0,46,100000
10010,2010-01-10,,0.0,30,100000
10011,2010-01-11,,0.0,15,100000
10012,2010-01-12,,0.0,18,100000
10013,2010-01-13,,0.0,50,100000
10014,2010-01-14,,0.0,142,100000
10015,2010-01-15,,0.0,22,100000
10016,2010-01-16,,0.0,129,100000
10017,2010-01-17,,0.0,29,100000
10018,2010-01-18,,0.0,68,100000
10019,2010-01-19,,0.0,19,100000
10020,2010-01-20,,0.0,6,100000
10021,2010-01-21,,0.0,7,100000
10022,2010-01-22,,0.0,32,100000
10023,2010-01-23,,0.0,20,100000
10024,2010-01-24,,0.0,35,100000
10025,2010-01-25,,0.0,21,100000
10026,2010-01-26,,0.0,28,100000
10027,2010-01-27,,0.0,12,100000
10028,2010-01-28,,0.0,19,100000
10029,2010-01-29,,0.0,20,100000
10030,2010-01-30,,0.0,29,100000
10031,2010-01-31,,0.0,8,100000
10032,2010-02-01,,0.0,8,100000
10033,2010-02-02,,0.0,38,100000
10034,2010-02-03,,0.0,12,100000
10035,2010-02-04,,0.0,20,100000
10036,2010-02-05,,0.0,15,100000
10037,2010-02-06,,0.0,41,100000
10038,2010-02-07,,0.0,22,100000
10039,2010-02-08,,0.0,12,100000
10040,2010-02-09,,0.0,26,100000
10041,2010-02-10,,0.0,108,100000
10042,2010-02-11,,0.0,14,100000
10043,2010-02-12,,0.0,17,100000
10044,2010-02-20,,0.0,18,100000
10045,2010-02-21,,0.0,54,100000
10046,2010-02-22,,0.0,18,100000
10047,2010-02-23,,0.0,12,100000
10048,2010-02-24,,0.0,14,100000
10049,2010-02-25,,0.0,48,100000
10050,2010-02-26,,0.0,103,100000
10051,2010-02-27,,0.0,27,100000
10052,2010-02-28,,0.0,20,100000
10053,2010-03-01,,0.0,25,100000
10054,2010-03-02,,0.0,96,100000
10055,2010-03-03,,0.0,11,100000
10056,2010-03-04,,0.0,50,100000
10057,2010-03-05,,0.0,53,100000
10058,2010-03-06,,0.0,61,100000
10059,2010-03-07,,0.0,129,100000
10060,2010-03-08,,0.0,14,100000
10061,2010-03-09,,0.0,6,100000
10062,2010-03-10,,0.0,15,100000
10063,2010-03-11,,0.0,16,100000
10064,2010-03-12,,0.0,53,100000
10065,2010-03-13,,0.0,50,100000
10066,2010-03-14,,0.0,16,100000
10067,2010-03-15,,0.0,24,100000
10068,2010-03-16,,0.0,25,100000
10069,2010-03-17,,0.0,17,100000
10070,2010-03-18,,0.0,47,100000
10071,2010-03-19,,0.0,98,100000
10072,2010-03-20,,0.0,30,100000
10073,2010-03-21,,0.0,75,100000
10074,2010-03-22,,0.0,20,100000
10075,2010-03-23,,0.0,39,100000
10076,2010-03-24,,0.0,54,100000
10077,2010-03-25,,0.0,21,100000
10078,2010-03-26,,0.0,52,100000
10079,2010-03-27,,0.0,41,100000
10080,2010-03-28,,0.0,24,100000
10081,2010-03-29,,0.0,44,100000
10082,2010-03-30,,0.0,13,100000
10083,2010-03-31,,0.0,25,100000
10084,2010-04-01,,0.0,45,100000
10085,2010-04-02,,0.0,30,100000
10086,2010-04-03,,0.0,38,100000
10087,2010-04-04,,0.0,35,100000
10088,2010-04-05,,0.0,51,100000
10089,2010-04-06,,0.0,173,100000
10090,2010-04-07,,0.0,33,100000
10091,2010-04-08,,0.0,10,100000
10092,2010-04-09,,0.0,20,100000
10093,2010-04-10,,0.0,8,100000
10094,2010-04-11,,0.0,103,100000
10095,2010-04-12,,0.0,53,100000
10096,2010-04-13,,0.0,66,100000
10097,2010-04-14,,0.0,101,100000
10098,2010-04-15,,0.0,17,100000
10099,2010-04-16,,0.0,82,100000
10100,2010-04-17,,0.0,32,100000
10101,2010-04-18,,0.0,19,100000
10102,2010-04-19,,0.0,55,100000
10103,2010-04-20,,0.0,30,100000
10104,2010-04-21,,0.0,12,100000
10105,2010-04-22,,0.0,9,100000
10106,2010-04-23,,0.0,19,100000
10107,2010-04-24,,0.0,139,100000
10108,2010-04-25,,0.0,19,100000
10109,2010-04-26,,0.0,16,100000
10110,2010-04-27,,0.0,44,100000
10111,2010-04-28,,0.0,16,100000
10112,2010-04-29,,0.0,25,100000
10113,2010-04-30,,0.0,27,100000
10114,2010-05-01,,0.0,5,100000
10115,2010-05-02,,0.0,21,100000
10116,2010-05-03,,0.0,63,100000
10117,2010-05-04,,0.0,21,100000
10118,2010-05-05,,0.0,69,100000
10119,2010-05-06,,0.0,32,100000
10120,2010-05-07,,0.0,153,100000
10121,2010-05-08,,0.0,22,100000
10122,2010-05-09,,0.0,30,100000
10123,2010-05-10,,0.0,44,100000
10124,2010-05-11,,0.0,74,100000
10125,2010-05-12,,0.0,73,100000
10126,2010-05-13,,0.0,29,100000
10127,2010-05-14,,0.0,23,100000
10128,2010-05-15,,0.0,65,100000
10129,2010-05-16,,0.0,35,100000
10130,2010-05-17,,0.0,41,100000
10131,2010-05-18,,0.0,18,100000
10132,2010-05-19,,0.0,27,100000
10133,2010-05-20,,0.0,7,100000
10134,2010-05-21,,0.0,37,100000
10135,2010-05-22,,0.0,31,100000
10136,2010-05-23,,0.0,30,100000
10137,2010-05-24,,0.0,18,100000
10138,2010-05-25,,0.0,37,100000
10139,2010-05-26,,0.0,9,100000
10140,2010-05-27,,0.0,170,100000
10141,2010-05-28,,0.0,50,100000
10142,2010-05-29,,0.0,19,100000
10143,2010-05-30,,0.0,42,100000
10144,2010-05-31,,0.0,16,100000
10145,2010-06-01,,0.0,56,100000
10146,2010-06-02,,0.0,49,100000
10147,2010-06-03,,0.0,5,100000
10148,2010-06-04,,0.0,82,100000
10149,2010-06-05,,0.0,20,100000
10150,2010-06-06,,0.0,21,100000
10151,2010-06-07,,0.0,45,100000
10152,2010-06-08,,0.0,11,100000
10153,2010-06-09,,0.0,6,100000
10154,2010-06-10,,0.0,19,100000
10155,2010-06-11,,0.0,24,100000
10156,2010-06-12,,0.0,76,100000
10157,2010-06-13,,0.0,15,100000
10158,2010-06-14,,0.0,29,100000
10159,2010-06-15,,0.0,13,100000
10160,2010-06-16,,0.0,25,100000
10161,2010-06-17,,0.0,23,100000
10162,2010-06-18,,0.0,53,100000
10163,2010-06-19,,0.0,26,100000
10164,2010-06-20,,0.0,22,100000
10165,2010-06-21,,0.0,39,100000
10166,2010-06-22,,0.0,50,100000
10167,2010-06-23,,0.0,16,100000
10168,2010-06-24,,0.0,12,100000
10169,2010-06-25,,0.0,104,100000
10170,2010-06-26,,0.0,22,100000
10171,2010-06-27,,0.0,15,100000
10172,2010-06-28,,0.0,18,100000
10173,2010-06-29,,0.0,33,100000
10174,2010-06-30,,0.0,41,100000
10175,2010-07-01,,0.0,18,100000
10176,2010-07-02,,0.0,44,100000
10177,2010-07-03,,0.0,16,100000
10178,2010-07-04,,0.0,26,100000
10179,2010-07-05,,0.0,60,100000
10180,2010-07-06,,0.0,8,100000
10181,2010-07-07,,0.0,41,100000
10182,2010-07-08,,0.0,97,100000
10183,2010-07-09,,0.0,19,100000
10184,2010-07-10,,0.0,18,100000
10185,2010-07-11,,0.0,237,100000
10186,2010-07-12,,0.0,30,100000
10187,2010-07-13,,0.0,54,100000
10188,2010-07-14,,0.0,45,100000
10189,2010-07-15,,0.0,20,100000
10190,2010-07-16,,0.0,50,100000
10191,2010-07-17,,0.0,36,100000
10192,2010-07-18,,0.0,37,100000
10193,2010-07-19,,0.0,40,100000
10194,2010-07-20,,0.0,34,100000
10195,2010-07-21,,0.0,18,100000
10196,2010-07-22,,0.0,56,100000
10197,2010-07-23,,0.0,52,100000
10198,2010-07-24,,0.0,32,100000
10199,2010-07-25,,0.0,18,100000
10200,2010-07-26,,0.0,29,100000
10201,2010-07-27,,0.0,45,100000
10202,2010-07-28,,0.0,8,100000
10203,2010-07-29,,0.0,40,100000
10204,2010-07-30,,0.0,9,100000
10205,2010-07-31,,0.0,3,100000
10206,2010-08-01,,0.0,10,100000
10207,2010-08-02,,0.0,38,100000
10208,2010-08-03,,0.0,11,100000
10209,2010-08-04,,0.0,23,100000
10210,2010-08-05,,0.0,62,100000
10211,2010-08-06,,0.0,29,100000
10212,2010-08-07,,0.0,23,100000
10213,2010-08-08,,0.0,61,100000
10214,2010-08-09,,0.0,36,100000
10215,2010-08-10,,0.0,99,100000
10216,2010-08-11,,0.0,15,100000
10217,2010-08-12,,0.0,25,100000
10218,2010-08-13,,0.0,29,100000
10219,2010-08-14,,0.0,17,100000
10220,2010-08-15,,0.0,22,100000
10221,2010-08-16,,0.0,17,100000
10222,2010-08-17,,0.0,28,100000
10223,2010-08-18,,0.0,73,100000
10224,2010-08-19,,0.0,15,100000
10225,2010-08-20,,0.0,58,100000
10226,2010-08-21,,0.0,11,100000
10227,2010-08-22,,0.0,41,100000
10228,2010-08-23,,0.0,20,100000
10229,2010-08-24,,0.0,57,100000
10230,2010-08-25,,0.0,47,100000
10231,2010-08-26,,0.0,14,100000
10232,2010-08-27,,0.0,16,100000
10233,2010-08-28,,0.0,20,100000
10234,2010-08-29,,0.0,197,100000
10235,2010-08-30,,0.0,32,100000
10236,2010-08-31,,0.0,37,100000
10237,2010-09-01,,0.0,20,100000
10238,2010-09-02,,0.0,23,100000
10239,2010-09-03,,0.0,56,100000
10240,2010-09-04,,0.0,21,100000
10241,2010-09-05,,0.0,37,100000
10242,2010-09-06,,0.0,52,100000
10243,2010-09-07,,0.0,50,100000
10244,2010-09-08,,0.0,5,100000
10245,2010-09-09,,0.0,13,100000
10246,2010-09-10,,0.0,137,100000
10247,2010-09-11,,0.0,23,100000
10248,2010-09-12,,0.0,42,100000
10249,2010-09-13,,0.0,34,100000
10250,2010-09-14,,0.0,14,100000
10251,2010-09-15,,0.0,8,100000
10252,2010-09-16,,0.0,11,100000
10253,2010-09-17,,0.0,9,100000
10254,2010-09-18,,0.0,41,100000
10255,2010-09-19,,0.0,18,100000
10256,2010-09-20,,0.0,24,100000
10257,2010-09-21,,0.0,101,100000
10258,2010-09-22,,0.0,330,100000
10259,2010-09-23,,0.0,25,100000
10260,2010-09-24,,0.0,25,100000
10261,2010-09-25,,0.0,27,100000
10262,2010-09-26,,0.0,52,100000
10263,2010-09-27,,0.0,61,100000
10264,2010-09-28,,0.0,47,100000
10265,2010-09-29,,0.0,20,100000
10266,2010-09-30,,0.0,58,100000
10267,2010-10-01,,0.0,25,100000
10268,2010-10-02,,0.0,32,100000
10269,2010-10-03,,0.0,12,100000
10270,2010-10-04,,0.0,17,100000
10271,2010-10-05,,0.0,62,100000
10272,2010-10-06,,0.0,83,100000
10273,2010-10-07,,0.0,26,100000
10274,2010-10-08,,0.0,6,100000
10275,2010-10-09,,0.0,23,100000
10276,2010-10-10,,0.0,22,100000
10277,2010-10-11,,0.0,87,100000
10278,2010-10-12,,0.0,53,100000
10279,2010-10-13,,0.0,27,100000
10280,2010-10-14,,0.0,67,100000
10281,2010-10-15,,0.0,75,100000
10282,2010-10-16,,0.0,88,100000
10283,2010-10-17,,0.0,40,100000
10284,2010-10-18,,0.0,11,100000
10285,2010-10-19,,0.0,47,100000
10286,2010-10-20,,0.0,35,100000
10287,2010-10-21,,0.0,6,100000
10288,2010-10-22,,0.0,16,100000
10289,2010-10-23,,0.0,6,100000
10290,2010-10-24,,0.0,17,100000
10291,2010-10-25,,0.0,15,100000
10292,2010-10-26,,0.0,42,100000
10293,2010-10-27,,0.0,15,100000
10294,2010-10-28,,0.0,31,100000
10295,2010-10-29,,0.0,52,100000
10296,2010-10-30,,0.0,13,100000
10297,2010-10-31,,0.0,83,100000
10298,2010-11-01,,0.0,42,100000
10299,2010-11-02,,0.0,42,100000
10300,2010-11-03,,0.0,40,100000
10301,2010-11-04,,0.0,27,100000
10302,2010-11-05,,0.0,61,100000
10303,2010-11-06,,0.0,5,100000
10304,2010-11-07,,0.0,73,100000
10305,2010-11-08,,0.0,27,100000
10306,2010-11-09,,0.0,109,100000
10307,2010-11-10,,0.0,39,100000
10308,2010-11-11,,0.0,28,100000
10309,2010-11-12,,0.0,50,100000
10310,2010-11-13,,0.0,42,100000
10311,2010-11-14,,0.0,57,100000
10312,2010-11-15,,0.0,17,100000
10313,2010-11-16,,0.0,5,100000
10314,2010-11-17,,0.0,28,100000
10315,2010-11-18,,0.0,17,100000
10316,2010-11-19,,0.0,26,100000
10317,2010-11-20,,0.0,110,100000
10318,2010-11-21,,0.0,55,100000
10319,2010-11-22,,0.0,185,100000
10320,2010-11-23,,0.0,38,100000
10321,2010-11-24,,0.0,114,100000
10322,2010-11-25,,0.0,39,100000
10323,2010-11-26,,0.0,49,100000
10324,2010-11-27,,0.0,40,100000
10325,2010-11-28,,0.0,18,100000
10326,2010-11-29,,0.0,33,100000
10327,2010-11-30,,0.0,22,100000
10328,2010-12-01,,0.0,21,100000
10329,2010-12-02,,0.0,66,100000
10330,2010-12-03,,0.0,106,100000
10331,2010-12-04,,0.0,15,100000
10332,2010-12-05,,0.0,3,100000
10333,2010-12-06,,0.0,48,100000
10334,2010-12-07,,0.0,12,100000
10335,2010-12-08,,0.0,220,100000
10336,2010-12-09,,0.0,180,100000
10337,2010-12-10,,0.0,42,100000
10338,2010-12-11,,0.0,13,100000
10339,2010-12-12,,0.0,20,100000
10340,2010-12-13,,0.0,29,100000
10341,2010-12-14,,0.0,83,100000
10342,2010-12-15,,0.0,57,100000
10343,2010-12-16,,0.0,135,100000
10344,2010-12-17,,0.0,37,100000
10345,2010-12-18,,0.0,39,100000
10346,2010-12-19,,0.0,35,100000
10347,2010-12-20,,0.0,18,100000
10348,2010-12-21,,0.0,7,100000
10349,2010-12-22,,0.0,48,100000
10350,2010-12-23,,0.0,92,100000
10351,2010-12-24,,0.0,87,100000
10352,2010-12-25,,0.0,14,100000
10353,2010-12-26,,0.0,58,100000
10354,2010-12-27,,0.0,12,100000
10355,2010-12-28,,0.0,22,100000
10356,2010-12-29,,0.0,23,100000
10357,2010-12-30,,0.0,55,100000
10358,2010-12-31,,0.0,18,100000
11001,2011-01-01,,0.0,9,100000
11002,2011-01-02,,0.0,51,100000
11003,2011-01-03,,0.0,14,100000
11004,2011-01-04,,0.0,67,100000
11005,2011-01-05,,0.0,35,100000
11006,2011-01-06,,0.0,23,100000
11007,2011-01-07,,0.0,27,100000
11008,2011-01-08,,0.0,42,100000
11009,2011-01-09,,0.0,29,100000
11010,2011-01-10,,0.0,42,100000
11011,2011-01-11,,0.0,9,100000
11012,2011-01-12,,0.0,24,100000
11013,2011-01-13,,0.0,8,100000
11014,2011-01-14,,0.0,14,100000
11015,2011-01-15,,0.0,31,100000
11016,2011-01-16,,0.0,26,100000
11017,2011-01-17,,0.0,61,100000
11018,2011-01-18,,0.0,42,100000
11019,2011-01-19,,0.0,35,100000
11020,2011-01-20,,0.0,41,100000
11021,2011-01-21,,0.0,228,100000
11022,2011-01-22,,0.0,21,100000
11023,2011-01-23,,0.0,35,100000
11024,2011-01-24,,0.0,33,100000
11025,2011-01-25,,0.0,63,100000
11026,2011-01-26,,0.0,65,100000
11027,2011-01-27,,0.0,32,100000
11028,2011-01-28,,0.0,74,100000
11029,2011-01-29,,0.0,31,100000
11030,2011-01-30,,0.0,56,100000
11031,2011-01-31,,0.0,16,100000
11032,2011-02-01,,0.0,21,100000
11033,2011-02-09,,0.0,10,100000
11034,2011-02-10,,0.0,13,100000
11035,2011-02-11,,0.0,109,100000
11036,2011-02-12,,0.0,52,100000
11037,2011-02-13,,0.0,11,100000
11038,2011-02-14,,0.0,23,100000
11039,2011-02-15,,0.0,5,100000
11040,2011-02-16,,0.0,28,100000
11041,2011-02-17,,0.0,22,100000
11042,2011-02-18,,0.0,14,100000
11043,2011-02-19,,0.0,13,100000
11044,2011-02-20,,0.0,28,100000
11045,2011-02-21,,0.0,86,100000
11046,2011-02-22,,0.0,159,100000
11047,2011-02-23,,0.0,49,100000
11048,2011-02-24,,0.0,120,100000
11049,2011-02-25,,0.0,48,100000
11050,2011-02-26,,0.0,14,100000
11051,2011-02-27,,0.0,3,100000
11052,2011-02-28,,0.0,33,100000
11053,2011-03-01,,0.0,43,100000
11054,2011-03-02,,0.0,16,100000
11055,2011-03-03,,0.0,47,100000
11056,2011-03-04,,0.0,22,100000
11057,2011-03-05,,0.0,92,100000
11058,2011-03-06,,0.0,13,100000
11059,2011-03-07,,0.0,19,100000
11060,2011-03-08,,0.0,34,100000
11061,2011-03-09,,0.0,152,100000
11062,2011-03-10,,0.0,56,100000
11063,2011-03-11,,0.0,58,100000
11064,2011-03-12,,0.0,63,100000
11065,2011-03-13,,0.0,30,100000
11066,2011-03-14,,0.0,14,100000
11067,2011-03-15,,0.0,53,100000
11068,2011-03-16,,0.0,63,100000
11069,2011-03-17,,0.0,97,100000
11070,2011-03-18,,0.0,37,100000
11071,2011-03-19,,0.0,18,100000
11072,2011-03-20,,0.0,29,100000
11073,2011-03-21,,0.0,15,100000
11074,2011-03-22,,0.0,29,100000
11075,2011-03-23,,0.0,45,100000
11076,2011-03-24,,0.0,82,100000
11077,2011-03-25,,0.0,20,100000
11078,2011-03-26,,0.0,70,100000
11079,2011-03-27,,0.0,31,100000
11080,2011-03-28,,0.0,20,100000
11081,2011-03-29,,0.0,24,100000
11082,2011-03-30,,0.0,49,100000
11083,2011-03-31,,0.0,54,100000
11084,2011-04-01,,0.0,68,100000
11085,2011-04-02,,0.0,45,100000
11086,2011-04-03,,0.0,146,100000
11087,2011-04-04,,0.0,117,100000
11088,2011-04-05,,0.0,50,100000
11089,2011-04-06,,0.0,25,100000
11090,2011-04-07,,0.0,18,100000
11091,2011-04-08,,0.0,117,100000
11092,2011-04-09,,0.0,84,100000
11093,2011-04-10,,0.0,22,100000
11094,2011-04-11,,0.0,60,100000
11095,2011-04-12,,0.0,49,100000
11096,2011-04-13,,0.0,61,100000
11097,2011-04-14,,0.0,66,100000
11098,2011-04-15,,0.0,20,100000
11099,2011-04-16,,0.0,52,100000
11100,2011-04-17,,0.0,48,100000
11101,2011-04-18,,0.0,84,100000
11102,2011-04-19,,0.0,9,100000
11103,2011-04-20,,0.0,32,100000
11104,2011-04-21,,0.0,12,100000
11105,2011-04-22,,0.0,32,100000
11106,2011-04-23,,0.0,57,100000
11107,2011-04-24,,0.0,41,100000
11108,2011-04-25,,0.0,8,100000
11109,2011-04-26,,0.0,57,100000
11110,2011-04-27,,0.0,29,100000
11111,2011-04-28,,0.0,27,100000
11112,2011-04-29,,0.0,10,100000
11113,2011-04-30,,0.0,59,100000
11114,2011-05-01,,0.0,19,100000
11115,2011-05-02,,0.0,40,100000
11116,2011-05-03,,0.0,43,100000
11117,2011-05-04,,0.0,25,100000
11118,2011-05-05,,0.0,17,100000
11119,2011-05-06,,0.0,17,100000
11120,2011-05-07,,0.0,23,100000
11121,2011-05-08,,0.0,33,100000
11122,2011-05-09,,0.0,12,100000
11123,2011-05-10,,0.0,19,100000
11124,2011-05-11,,0.0,103,100000
11125,2011-05-12,,0.0,93,100000
11126,2011-05-13,,0.0,32,100000
11127,2011-05-14,,0.0,35,100000
11128,2011-05-15,,0.0,12,100000
11129,2011-05-16,,0.0,50,100000
11130,2011-05-17,,0.0,15,100000
11131,2011-05-18,,0.0,29,100000
11132,2011-05-19,,0.0,20,100000
11133,2011-05-20,,0.0,69,100000
11134,2011-05-21,,0.0,79,100000
11135,2011-05-22,,0.0,30,100000
11136,2011-05-23,,0.0,30,100000
11137,2011-05-24,,0.0,33,100000
11138,2011-05-25,,0.0,23,100000
11139,2011-05-26,,0.0,38,100000
11140,2011-05-27,,0.0,10,100000
11141,2011-05-28,,0.0,46,100000
11142,2011-05-29,,0.0,20,100000
11143,2011-05-30,,0.0,6,100000
11144,2011-05-31,,0.0,10,100000
11145,2011-06-01,,0.0,24,100000
11146,2011-06-02,,0.0,166,100000
11147,2011-06-03,,0.0,43,100000
11148,2011-06-04,,0.0,42,100000
11149,2011-06-05,,0.0,12,100000
11150,2011-06-06,,0.0,15,100000
11151,2011-06-07,,0.0,11,100000
11152,2011-06-08,,0.0,21,100000
11153,2011-06-09,,0.0,36,100000
11154,2011-06-10,,0.0,43,100000
11155,2011-06-11,,0.0,16,100000
11156,2011-06-12,,0.0,26,100000
11157,2011-06-13,,0.0,75,100000
11158,2011-06-14,,0.0,17,100000
11159,2011-06-15,,0.0,19,100000
11160,2011-06-16,,0.0,24,100000
11161,2011-06-17,,0.0,39,100000
11162,2011-06-18,,0.0,50,100000
11163,2011-06-19,,0.0,33,100000
11164,2011-06-20,,0.0,62,100000
11165,2011-06-21,,0.0,48,100000
11166,2011-06-22,,0.0,61,100000
11167,2011-06-23,,0.0,16,100000
11168,2011-06-24,,0.0,38,100000
11169,2011-06-25,,0.0,36,100000
11170,2011-06-26,,0.0,149,100000
11171,2011-06-27,,0.0,40,100000
11172,2011-06-28,,0.0,76,100000
11173,2011-06-29,,0.0,47,100000
11174,2011-06-30,,0.0,23,100000
11175,2011-07-01,,0.0,28,100000
11176,2011-07-02,,0.0,86,100000
11177,2011-07-03,,0.0,58,100000
11178,2011-07-04,,0.0,21,100000
11179,2011-07-05,,0.0,27,100000
11180,2011-07-06,,0.0,24,100000
11181,2011-07-07,,0.0,6,100000
11182,2011-07-08,,0.0,33,100000
11183,2011-07-09,,0.0,29,100000
11184,2011-07-10,,0.0,21,100000
11185,2011-07-11,,0.0,33,100000
11186,2011-07-12,,0.0,21,100000
11187,2011-07-13,,0.0,36,100000
11188,2011-07-14,,0.0,34,100000
11189,2011-07-15,,0.0,37,100000
11190,2011-07-16,,0.0,45,100000
11191,2011-07-17,,0.0,14,100000
11192,2011-07-18,,0.0,27,100000
11193,2011-07-19,,0.0,32,100000
11194,2011-07-20,,0.0,116,100000
11195,2011-07-21,,0.0,37,100000
11196,2011-07-22,,0.0,56,100000
11197,2011-07-23,,0.0,54,100000
11198,2011-07-24,,0.0,8,100000
11199,2011-07-25,,0.0,12,100000
11200,2011-07-26,,0.0,17,100000
11201,2011-07-27,,0.0,22,100000
11202,2011-07-28,,0.0,17,100000
11203,2011-07-29,,0.0,40,100000
11204,2011-07-30,,0.0,43,100000
11205,2011-07-31,,0.0,42,100000
11206,2011-08-01,,0.0,11,100000
11207,2011-08-02,,0.0,78,100000
11208,2011-08-03,,0.0,23,100000
11209,2011-08-04,,0.0,27,100000
11210,2011-08-05,,0.0,29,100000
11211,2011-08-06,,0.0,11,100000
11212,2011-08-07,,0.0,26,100000
11213,2011-08-08,,0.0,47,100000
11214,2011-08-09,,0.0,66,100000
11215,2011-08-10,,0.0,65,100000
11216,2011-08-11,,0.0,14,100000
11217,2011-08-12,,0.0,26,100000
11218,2011-08-13,,0.0,13,100000
11219,2011-08-14,,0.0,46,100000
11220,2011-08-15,,0.0,27,100000
11221,2011-08-16,,0.0,16,100000
11222,2011-08-17,,0.0,19,100000
11223,2011-08-18,,0.0,52,100000
11224,2011-08-19,,0.0,47,100000
11225,2011-08-20,,0.0,17,100000
11226,2011-08-21,,0.0,38,100000
11227,2011-08-22,,0.0,35,100000
11228,2011-08-23,,0.0,12,100000
11229,2011-08-24,,0.0,21,100000
11230,2011-08-25,,0.0,27,100000
11231,2011-08-26,,0.0,44,100000
11232,2011-08-27,,0.0,25,100000
11233,2011-08-28,,0.0,11,100000
11234,2011-08-29,,0.0,7,100000
11235,2011-08-30,,0.0,55,100000
11236,2011-08-31,,0.0,61,100000
11237,2011-09-01,,0.0,56,100000
11238,2011-09-02,,0.0,31,100000
11239,2011-09-03,,0.0,23,100000
11240,2011-09-04,,0.0,24,100000
11241,2011-09-05,,0.0,56,100000
11242,2011-09-06,,0.0,118,100000
11243,2011-09-07,,0.0,91,100000
11244,2011-09-08,,0.0,19,100000
11245,2011-09-09,,0.0,10,100000
11246,2011-09-10,,0.0,4,100000
11247,2011-09-11,,0.0,10,100000
11248,2011-09-12,,0.0,10,100000
11249,2011-09-13,,0.0,75,100000
11250,2011-09-14,,0.0,50,100000
11251,2011-09-15,,0.0,74,100000
11252,2011-09-16,,0.0,18,100000
11253,2011-09-17,,0.0,58,100000
11254,2011-09-18,,0.0,11,100000
11255,2011-09-19,,0.0,43,100000
11256,2011-09-20,,0.0,68,100000
11257,2011-09-21,,0.0,97,100000
11258,2011-09-22,,0.0,15,100000
11259,2011-09-23,,0.0,29,100000
11260,2011-09-24,,0.0,25,100000
11261,2011-09-25,,0.0,37,100000
11262,2011-09-26,,0.0,116,100000
11263,2011-09-27,,0.0,23,100000
11264,2011-09-28,,0.0,17,100000
11265,2011-09-29,,0.0,104,100000
11266,2011-09-30,,0.0,13,100000
11267,2011-10-01,,0.0,73,100000
11268,2011-10-02,,0.0,59,100000
11269,2011-10-03,,0.0,28,100000
11270,2011-10-04,,0.0,14,100000
11271,2011-10-05,,0.0,17,100000
11272,2011-10-06,,0.0,21,100000
11273,2011-10-07,,0.0,90,100000
11274,2011-10-08,,0.0,143,100000
11275,2011-10-09,,0.0,11,100000
11276,2011-10-10,,0.0,115,100000
11277,2011-10-11,,0.0,16,100000
11278,2011-10-12,,0.0,52,100000
11279,2011-10-13,,0.0,26,100000
11280,2011-10-14,,0.0,34,100000
11281,2011-10-15,,0.0,57,100000
11282,2011-10-16,,0.0,17,100000
11283,2011-10-17,,0.0,69,100000
11284,2011-10-18,,0.0,18,100000
11285,2011-10-19,,0.0,18,100000
11286,2011-10-20,,0.0,17,100000
11287,2011-10-21,,0.0,73,100000
11288,2011-10-22,,0.0,16,100000
11289,2011-10-23,,0.0,22,100000
11290,2011-10-24,,0.0,20,100000
11291,2011-10-25,,0.0,5,100000
11292,2011-10-26,,0.0,17,100000
11293,2011-10-27,,0.0,43,100000
11294,2011-10-28,,0.0,55,100000
11295,2011-10-29,,0.0,37,100000
11296,2011-10-30,,0.0,45,100000
11297,2011-10-31,,0.0,52,100000
11298,2011-11-01,,0.0,15,100000
11299,2011-11-02,,0.0,19,100000
11300,2011-11-03,,0.0,27,100000
11301,2011-11-04,,0.0,47,100000
11302,2011-11-05,,0.0,20,100000
11303,2011-11-06,,0.0,37,100000
11304,2011-11-07,,0.0,34,100000
11305,2011-11-08,,0.0,16,100000
11306,2011-11-09,,0.0,22,100000
11307,2011-11-10,,0.0,21,100000
11308,2011-11-11,,0.0,28,100000
11309,2011-11-12,,0.0,12,100000
11310,2011-11-13,,0.0,69,100000
11311,2011-11-14,,0.0,25,100000
11312,2011-11-15,,0.0,63,100000
11313,2011-11-16,,0.0,72,100000
11314,2011-11-17,,0.0,39,100000
11315,2011-11-18,,0.0,48,100000
11316,2011-11-19,,0.0,16,100000
11317,2011-11-20,,0.0,69,100000
11318,2011-11-21,,0.0,26,100000
11319,2011-11-22,,0.0,30,100000
11320,2011-11-23,,0.0,16,100000
11321,2011-11-24,,0.0,16,100000
11322,2011-11-25,,0.0,35,100000
11323,2011-11-26,,0.0,114,100000
11324,2011-11-27,,0.0,25,100000
11325,2011-11-28,,0.0,29,100000
11326,2011-11-29,,0.0,5,100000
11327,2011-11-30,,0.0,22,100000
11328,2011-12-01,,0.0,36,100000
11329,2011-12-02,,0.0,34,100000
11330,2011-12-03,,0.0,93,100000
11331,2011-12-04,,0.0,65,100000
11332,2011-12-05,,0.0,42,100000
11333,2011-12-06,,0.0,41,100000
11334,2011-12-07,,0.0,15,100000
11335,2011-12-08,,0.0,104,100000
11336,2011-12-09,,0.0,71,100000
11337,2011-12-10,,0.0,33,100000
11338,2011-12-11,,0.0,35,100000
11339,2011-12-12,,0.0,68,100000
11340,2011-12-13,,0.0,50,100000
11341,2011-12-14,,0.0,32,100000
11342,2011-12-15,,0.0,23,100000
11343,2011-12-16,,0.0,88,100000
11344,2011-12-17,,0.0,36,100000
11345,2011-12-18,,0.0,73,100000
11346,2011-12-19,,0.0,18,100000
11347,2011-12-20,,0.0,17,100000
11348,2011-12-21,,0.0,38,100000
11349,2011-12-22,,0.0,55,100000
11350,2011-12-23,,0.0,20,100000
11351,2011-12-24,,0.0,56,100000
11352,2011-12-25,,0.0,14,100000
11353,2011-12-26,,0.0,15,100000
11354,2011-12-27,,0.0,13,100000
11355,2011-12-28,,0.0,63,100000
11356,2011-12-29,,0.0,79,100000
11357,2011-12-30,,0.0,17,100000
11358,2011-12-31,,0.0,122,100000
12001,2012-01-01,,0.0,22,100000
12002,2012-01-02,,0.0,9,100000
12003,2012-01-03,,0.0,17,100000
12004,2012-01-04,,0.0,25,100000
12005,2012-01-05,,0.0,24,100000
12006,2012-01-06,,0.0,97,100000
12007,2012-01-07,,0.0,28,100000
12008,2012-01-08,,0.0,55,100000
12009,2012-01-09,,0.0,24,100000
12010,2012-01-10,,0.0,49,100000
12011,2012-01-11,,0.0,38,100000
12012,2012-01-12,,0.0,30,100000
12013,2012-01-13,,0.0,109,100000
12014,2012-01-14,,0.0,37,100000
12015,2012-01-15,,0.0,40,100000
12016,2012-01-16,,0.0,12,100000
12017,2012-01-17,,0.0,42,100000
12018,2012-01-18,,0.0,10,100000
12019,2012-01-19,,0.0,11,100000
12020,2012-01-20,,0.0,24,100000
12021,2012-01-21,,0.0,40,100000
12022,2012-01-29,,0.0,29,100000
12023,2012-01-30,,0.0,23,100000
12024,2012-01-31,,0.0,25,100000
12025,2012-02-01,,0.0,107,100000
12026,2012-02-02,,0.0,27,100000
12027,2012-02-03,,0.0,7,100000
12028,2012-02-04,,0.0,75,100000
12029,2012-02-05,,0.0,45,100000
12030,2012-02-06,,0.0,23,100000
12031,2012-02-07,,0.0,10,100000
12032,2012-02-08,,0.0,16,100000
12033,2012-02-09,,0.0,149,100000
12034,2012-02-10,,0.0,25,100000
12035,2012-02-11,,0.0,54,100000
12036,2012-02-12,,0.0,13,100000
12037,2012-02-13,,0.0,62,100000
12038,2012-02-14,,0.0,86,100000
12039,2012-02-15,,0.0,286,100000
12040,2012-02-16,,0.0,63,100000
12041,2012-02-17,,0.0,56,100000
12042,2012-02-18,,0.0,7,100000
12043,2012-02-19,,0.0,59,100000
12044,2012-02-20,,0.0,49,100000
12045,2012-02-21,,0.0,25,100000
12046,2012-02-22,,0.0,16,100000
12047,2012-02-23,,0.0,16,100000
12048,2012-02-24,,0.0,50,100000
12049,2012-02-25,,0.0,19,100000
12050,2012-02-26,,0.0,23,100000
12051,2012-02-27,,0.0,17,100000
12052,2012-02-28,,0.0,36,100000
12053,2012-02-29,,0.0,14,100000
12054,2012-03-01,,0.0,26,100000
12055,2012-03-02,,0.0,6,100000
12056,2012-03-03,,0.0,19,100000
12057,2012-03-04,,0.0,35,100000
12058,2012-03-05,,0.0,22,100000
12059,2012-03-06,,0.0,42,100000
12060,2012-03-07,,0.0,12,100000
12061,2012-03-08,,0.0,69,100000
12062,2012-03-09,,0.0,20,100000
12063,2012-03-10,,0.0,20,100000
12064,2012-03-11,,0.0,50,100000
12065,2012-03-12,,0.0,43,100000
12066,2012-03-13,,0.0,11,100000
12067,2012-03-14,,0.0,16,100000
12068,2012-03-15,,0.0,20,100000
12069,2012-03-16,,0.0,21,100000
12070,2012-03-17,,0.0,22,100000
12071,2012-03-18,,0.0,39,100000
12072,2012-03-19,,0.0,148,100000
12073,2012-03-20,,0.0,49,100000
12074,2012-03-21,,0.0,236,100000
12075,2012-03-22,,0.0,23,100000
12076,2012-03-23,,0.0,55,100000
12077,2012-03-24,,0.0,23,100000
12078,2012-03-25,,0.0,66,100000
12079,2012-03-26,,0.0,25,100000
12080,2012-03-27,,0.0,49,100000
12081,2012-03-28,,0.0,41,100000
12082,2012-03-29,,0.0,25,100000
12083,2012-03-30,,0.0,21,100000
12084,2012-03-31,,0.0,34,100000
12085,2012-04-01,,0.0,69,100000
12086,2012-04-02,,0.0,197,100000
12087,2012-04-03,,0.0,15,100000
12088,2012-04-04,,0.0,38,100000
12089,2012-04-05,,0.0,33,100000
12090,2012-04-06,,0.0,34,100000
12091,2012-04-07,,0.0,76,100000
12092,2012-04-08,,0.0,44,100000
12093,2012-04-09,,0.0,34,100000
12094,2012-04-10,,0.0,37,100000
12095,2012-04-11,,0.0,41,100000
12096,2012-04-12,,0.0,83,100000
12097,2012-04-13,,0.0,27,100000
12098,2012-04-14,,0.0,11,100000
12099,2012-04-15,,0.0,19,100000
12100,2012-04-16,,0.0,24,100000
12101,2012-04-17,,0.0,81,100000
12102,2012-04-18,,0.0,134,100000
12103,2012-04-19,,0.0,41,100000
12104,2012-04-20,,0.0,51,100000
12105,2012-04-21,,0.0,30,100000
12106,2012-04-22,,0.0,41,100000
12107,2012-04-23,,0.0,53,100000
12108,2012-04-24,,0.0,29,100000
12109,2012-04-25,,0.0,15,100000
12110,2012-04-26,,0.0,30,100000
12111,2012-04-27,,0.0,84,100000
12112,2012-04-28,,0.0,73,100000
12113,2012-04-29,,0.0,35,100000
12114,2012-04-30,,0.0,51,100000
12115,2012-05-01,,0.0,21,100000
12116,2012-05-02,,0.0,22,100000
12117,2012-05-03,,0.0,5,100000
12118,2012-05-04,,0.0,28,100000
12119,2012-05-05,,0.0,37,100000
12120,2012-05-06,,0.0,120,100000
12121,2012-05-07,,0.0,39,100000
12122,2012-05-08,,0.0,15,100000
12123,2012-05-09,,0.0,48,100000
12124,2012-05-10,,0.0,13,100000
12125,2012-05-11,,0.0,29,100000
12126,2012-05-12,,0.0,26,100000
12127,2012-05-13,,0.0,9,100000
12128,2012-05-14,,0.0,21,100000
12129,2012-05-15,,0.0,53,100000
12130,2012-05-16,,0.0,22,100000
12131,2012-05-17,,0.0,52,100000
12132,2012-05-18,,0.0,19,100000
12133,2012-05-19,,0.0,27,100000
12134,2012-05-20,,0.0,61,100000
12135,2012-05-21,,0.0,28,100000
12136,2012-05-22,,0.0,30,100000
12137,2012-05-23,,0.0,33,100000
12138,2012-05-24,,0.0,24,100000
12139,2012-05-25,,0.0,42,100000
12140,2012-05-26,,0.0,6,100000
12141,2012-05-27,,0.0,19,100000
12142,2012-05-28,,0.0,15,100000
12143,2012-05-29,,0.0,23,100000
12144,2012-05-30,,0.0,43,100000
12145,2012-05-31,,0.0,134,100000
12146,2012-06-01,,0.0,24,100000
12147,2012-06-02,,0.0,29,100000
12148,2012-06-03,,0.0,55,100000
12149,2012-06-04,,0.0,68,100000
12150,2012-06-05,,0.0,25,100000
12151,2012-06-06,,0.0,75,100000
12152,2012-06-07,,0.0,13,100000
12153,2012-06-08,,0.0,135,100000
12154,2012-06-09,,0.0,33,100000
12155,2012-06-10,,0.0,8,100000
12156,2012-06-11,,0.0,38,100000
12157,2012-06-12,,0.0,14,100000
12158,2012-06-13,,0.0,32,100000
12159,2012-06-14,,0.0,31,100000
12160,2012-06-15,,0.0,24,100000
12161,2012-06-16,,0.0,26,100000
12162,2012-06-17,,0.0,31,100000
12163,2012-06-18,,0.0,13,100000
12164,2012-06-19,,0.0,118,100000
12165,2012-06-20,,0.0,16,100000
12166,2012-06-21,,0.0,49,100000
12167,2012-06-22,,0.0,52,100000
12168,2012-06-23,,0.0,13,100000
12169,2012-06-24,,0.0,37,100000
12170,2012-06-25,,0.0,15,100000
12171,2012-06-26,,0.0,9,100000
12172,2012-06-27,,0.0,168,100000
12173,2012-06-28,,0.0,46,100000
12174,2012-06-29,,0.0,54,100000
12175,2012-06-30,,0.0,31,100000
12176,2012-07-01,,0.0,44,100000
12177,2012-07-02,,0.0,12,100000
12178,2012-07-03,,0.0,40,100000
12179,2012-07-04,,0.0,34,100000
12180,2012-07-05,,0.0,32,100000
12181,2012-07-06,,0.0,25,100000
12182,2012-07-07,,0.0,16,100000
12183,2012-07-08,,0.0,13,100000
12184,2012-07-09,,0.0,66,100000
12185,2012-07-10,,0.0,16,100000
12186,2012-07-11,,0.0,40,100000
12187,2012-07-12,,0.0,25,100000
12188,2012-07-13,,0.0,66,100000
12189,2012-07-14,,0.0,55,100000
12190,2012-07-15,,0.0,16,100000
12191,2012-07-16,,0.0,38,100000
12192,2012-07-17,,0.0,22,100000
12193,2012-07-18,,0.0,63,100000
12194,2012-07-19,,0.0,29,100000
12195,2012-07-20,,0.0,14,100000
12196,2012-07-21,,0.0,23,100000
12197,2012-07-22,,0.0,31,100000
12198,2012-07-23,,0.0,9,100000
12199,2012-07-24,,0.0,4,100000
12200,2012-07-25,,0.0,12,100000
12201,2012-07-26,,0.0,45,100000
12202,2012-07-27,,0.0,23,100000
12203,2012-07-28,,0.0,10,100000
12204,2012-07-29,,0.0,12,100000
12205,2012-07-30,,0.0,12,100000
12206,2012-07-31,,0.0,40,100000
12207,2012-08-01,,0.0,16,100000
12208,2012-08-02,,0.0,28,100000
12209,2012-08-03,,0.0,41,100000
12210,2012-08-04,,0.0,14,100000
12211,2012-08-05,,0.0,32,100000
12212,2012-08-06,,0.0,15,100000
12213,2012-08-07,,0.0,185,100000
12214,2012-08-08,,0.0,31,100000
12215,2012-08-09,,0.0,55,100000
12216,2012-08-10,,0.0,35,100000
12217,2012-08-11,,0.0,42,100000
12218,2012-08-12,,0.0,7,100000
12219,2012-08-13,,0.0,8,100000
12220,2012-08-14,,0.0,33,100000
12221,2012-08-15,,0.0,8,100000
12222,2012-08-16,,0.0,48,100000
12223,2012-08-17,,0.0,16,100000
12224,2012-08-18,,0.0,15,100000
12225,2012-08-19,,0.0,30,100000
12226,2012-08-20,,0.0,40,100000
12227,2012-08-21,,0.0,50,100000
12228,2012-08-22,,0.0,32,100000
12229,2012-08-23,,0.0,40,100000
12230,2012-08-24,,0.0,12,100000
12231,2012-08-25,,0.0,7,100000
12232,2012-08-26,,0.0,30,100000
12233,2012-08-27,,0.0,87,100000
12234,2012-08-28,,0.0,37,100000
12235,2012-08-29,,0.0,14,100000
12236,2012-08-30,,0.0,67,100000
12237,2012-08-31,,0.0,20,100000
12238,2012-09-01,,0.0,8,100000
12239,2012-09-02,,0.0,5,100000
12240,2012-09-03,,0.0,9,100000
12241,2012-09-04,,0.0,85,100000
12242,2012-09-05,,0.0,15,100000
12243,2012-09-06,,0.0,127,100000
12244,2012-09-07,,0.0,41,100000
12245,2012-09-08,,0.0,12,100000
12246,2012-09-09,,0.0,61,100000
12247,2012-09-10,,0.0,14,100000
12248,2012-09-11,,0.0,14,100000
12249,2012-09-12,,0.0,23,100000
12250,2012-09-13,,0.0,113,100000
12251,2012-09-14,,0.0,105,100000
12252,2012-09-15,,0.0,15,100000
12253,2012-09-16,,0.0,46,100000
12254,2012-09-17,,0.0,37,100000
12255,2012-09-18,,0.0,17,100000
12256,2012-09-19,,0.0,27,100000
12257,2012-09-20,,0.0,61,100000
12258,2012-09-21,,0.0,122,100000
12259,2012-09-22,,0.0,9,100000
12260,2012-09-23,,0.0,26,100000
12261,2012-09-24,,0.0,53,100000
12262,2012-09-25,,0.0,21,100000
12263,2012-09-26,,0.0,13,100000
12264,2012-09-27,,0.0,59,100000
12265,2012-09-28,,0.0,79,100000
12266,2012-09-29,,0.0,38,100000
12267,2012-09-30,,0.0,15,100000
12268,2012-10-01,,0.0,36,100000
12269,2012-10-02,,0.0,18,100000
12270,2012-10-03,,0.0,54,100000
12271,2012-10-04,,0.0,51,100000
12272,2012-10-05,,0.0,12,100000
12273,2012-10-06,,0.0,18,100000
12274,2012-10-07,,0.0,35,100000
12275,2012-10-08,,0.0,19,100000
12276,2012-10-09,,0.0,87,100000
12277,2012-10-10,,0.0,33,100000
12278,2012-10-11,,0.0,48,100000
12279,2012-10-12,,0.0,21,100000
12280,2012-10-13,,0.0,18,100000
12281,2012-10-14,,0.0,33,100000
12282,2012-10-15,,0.0,21,100000
12283,2012-10-16,,0.0,31,100000
12284,2012-10-17,,0.0,34,100000
12285,2012-10-18,,0.0,16,100000
12286,2012-10-19,,0.0,15,100000
12287,2012-10-20,,0.0,22,100000
12288,2012-10-21,,0.0,38,100000
12289,2012-10-22,,0.0,36,100000
12290,2012-10-23,,0.0,35,100000
12291,2012-10-24,,0.0,11,100000
12292,2012-10-25,,0.0,61,100000
12293,2012-10-26,,0.0,6,100000
12294,2012-10-27,,0.0,41,100000
12295,2012-10-28,,0.0,32,100000
12296,2012-10-29,,0.0,57,100000
12297,2012-10-30,,0.0,23,100000
12298,2012-10-31,,0.0,39,100000
12299,2012-11-01,,0.0,50,100000
12300,2012-11-02,,0.0,136,100000
12301,2012-11-03,,0.0,30,100000
12302,2012-11-04,,0.0,12,100000
12303,2012-11-05,,0.0,18,100000
12304,2012-11-06,,0.0,49,100000
12305,2012-11-07,,0.0,28,100000
12306,2012-11-08,,0.0,38,100000
12307,2012-11-09,,0.0,16,100000
12308,2012-11-10,,0.0,15,100000
12309,2012-11-11,,0.0,43,100000
12310,2012-11-12,,0.0,12,100000
12311,2012-11-13,,0.0,31,100000
12312,2012-11-14,,0.0,10,100000
12313,2012-11-15,,0.0,122,100000
12314,2012-11-16,,0.0,43,100000
12315,2012-11-17,,0.0,18,100000
12316,2012-11-18,,0.0,19,100000
12317,2012-11-19,,0.0,6,100000
12318,2012-11-20,,0.0,87,100000
12319,2012-11-21,,0.0,43,100000
12320,2012-11-22,,0.0,23,100000
12321,2012-11-23,,0.0,25,100000
12322,2012-11-24,,0.0,22,100000
12323,2012-11-25,,0.0,10,100000
12324,2012-11-26,,0.0,68,100000
12325,2012-11-27,,0.0,17,100000
12326,2012-11-28,,0.0,19,100000
12327,2012-11-29,,0.0,12,100000
12328,2012-11-30,,0.0,99,100000
12329,2012-12-01,,0.0,24,100000
12330,2012-12-02,,0.0,15,100000
12331,2012-12-03,,0.0,53,100000
12332,2012-12-04,,0.0,32,100000
12333,2012-12-05,,0.0,7,100000
12334,2012-12-06,,0.0,9,100000
12335,2012-12-07,,0.0,27,100000
12336,2012-12-08,,0.0,23,100000
12337,2012-12-09,,0.0,42,100000
12338,2012-12-10,,0.0,130,100000
12339,2012-12-11,,0.0,17,100000
12340,2012-12-12,,0.0,13,100000
12341,2012-12-13,,0.0,32,100000
12342,2012-12-14,,0.0,19,100000
12343,2012-12-15,,0.0,23,100000
12344,2012-12-16,,0.0,18,100000
12345,2012-12-17,,0.0,59,100000
12346,2012-12-18,,0.0,13,100000
12347,2012-12-19,,0.0,15,100000
12348,2012-12-20,,0.0,68,100000
12349,2012-12-21,,0.0,12,100000
12350,2012-12-22,,0.0,50,100000
12351,2012-12-23,,0.0,275,100000
12352,2012-12-24,,0.0,8,100000
12353,2012-12-25,,0.0,30,100000
12354,2012-12-26,,0.0,62,100000
12355,2012-12-27,,0.0,84,100000
12356,2012-12-28,,0.0,20,100000
12357,2012-12-29,,0.0,55,100000
12358,2012-12-30,,0.0,23,100000
12359,2012-12-31,,0.0,25,100000
13001,2013-01-01,,0.0,21,100000
13002,2013-01-02,,0.0,24,100000
13003,2013-01-03,,0.0,9,100000
13004,2013-01-04,,0.0,54,100000
13005,2013-01-05,,0.0,51,100000
13006,2013-01-06,,0.0,130,100000
13007,2013-01-07,,0.0,52,100000
13008,2013-01-08,,0.0,8,100000
13009,2013-01-09,,0.0,19,100000
13010,2013-01-10,,0.0,23,100000
13011,2013-01-11,,0.0,27,100000
13012,2013-01-12,,0.0,68,100000
13013,2013-01-13,,0.0,57,100000
13014,2013-01-14,,0.0,29,100000
13015,2013-01-15,,0.0,46,100000
13016,2013-01-16,,0.0,137,100000
13017,2013-01-17,,0.0,91,100000
13018,2013-01-18,,0.0,19,100000
13019,2013-01-19,,0.0,71,100000
13020,2013-01-20,,0.0,25,100000
13021,2013-01-21,,0.0,58,100000
13022,2013-01-22,,0.0,34,100000
13023,2013-01-23,,0.0,53,100000
13024,2013-01-24,,0.0,44,100000
13025,2013-01-25,,0.0,39,100000
13026,2013-01-26,,0.0,23,100000
13027,2013-01-27,,0.0,39,100000
13028,2013-01-28,,0.0,25,100000
13029,2013-01-29,,0.0,47,100000
13030,2013-01-30,,0.0,163,100000
13031,2013-01-31,,0.0,52,100000
13032,2013-02-01,,0.0,42,100000
13033,2013-02-02,,0.0,129,100000
13034,2013-02-03,,0.0,159,100000
13035,2013-02-04,,0.0,109,100000
13036,2013-02-05,,0.0,25,100000
13037,2013-02-06,,0.0,121,100000
13038,2013-02-07,,0.0,38,100000
13039,2013-02-08,,0.0,19,100000
13040,2013-02-16,,0.0,18,100000
13041,2013-02-17,,0.0,21,100000
13042,2013-02-18,,0.0,52,100000
13043,2013-02-19,,0.0,50,100000
13044,2013-02-20,,0.0,52,100000
13045,2013-02-21,,0.0,79,100000
13046,2013-02-22,,0.0,55,100000
13047,2013-02-23,,0.0,2,100000
13048,2013-02-24,,0.0,14,100000
13049,2013-02-25,,0.0,78,100000
13050,2013-02-26,,0.0,15,100000
13051,2013-02-27,,0.0,79,100000
13052,2013-02-28,,0.0,9,100000
13053,2013-03-01,,0.0,16,100000
13054,2013-03-02,,0.0,38,100000
13055,2013-03-03,,0.0,11,100000
13056,2013-03-04,,0.0,64,100000
13057,2013-03-05,,0.0,43,100000
13058,2013-03-06,,0.0,30,100000
13059,2013-03-07,,0.0,6,100000
13060,2013-03-08,,0.0,86,100000
13061,2013-03-09,,0.0,16,100000
13062,2013-03-10,,0.0,24,100000
13063,2013-03-11,,0.0,55,100000
13064,2013-03-12,,0.0,60,100000
13065,2013-03-13,,0.0,91,100000
13066,2013-03-14,,0.0,86,100000
13067,2013-03-15,,0.0,12,100000
13068,2013-03-16,,0.0,11,100000
13069,2013-03-17,,0.0,131,100000
13070,2013-03-18,,0.0,38,100000
13071,2013-03-19,,0.0,14,100000
13072,2013-03-20,,0.0,16,100000
13073,2013-03-21,,0.0,15,100000
13074,2013-03-22,,0.0,30,100000
13075,2013-03-23,,0.0,60,100000
13076,2013-03-24,,0.0,43,100000
13077,2013-03-25,,0.0,24,100000
13078,2013-03-26,,0.0,46,100000
13079,2013-03-27,,0.0,119,100000
13080,2013-03-28,,0.0,82,100000
13081,2013-03-29,,0.0,41,100000
13082,2013-03-30,,0.0,33,100000
13083,2013-03-31,,0.0,43,100000
13084,2013-04-01,,0.0,23,100000
13085,2013-04-02,,0.0,35,100000
13086,2013-04-03,,0.0,30,100000
13087,2013-04-04,,0.0,26,100000
13088,2013-04-05,,0.0,105,100000
13089,2013-04-06,,0.0,16,100000
13090,2013-04-07,,0.0,26,100000
13091,2013-04-08,,0.0,4,100000
13092,2013-04-09,,0.0,79,100000
13093,2013-04-10,,0.0,43,100000
13094,2013-04-11,,0.0,16,100000
13095,2013-04-12,,0.0,39,100000
13096,2013-04-13,,0.0,23,100000
13097,2013-04-14,,0.0,64,100000
13098,2013-04-15,,0.0,28,100000
13099,2013-04-16,,0.0,13,100000
13100,2013-04-17,,0.0,35,100000
13101,2013-04-18,,0.0,38,100000
13102,2013-04-19,,0.0,17,100000
13103,2013-04-20,,0.0,23,100000
13104,2013-04-21,,0.0,19,100000
13105,2013-04-22,,0.0,19,100000
13106,2013-04-23,,0.0,21,100000
13107,2013-04-24,,0.0,69,100000
13108,2013-04-25,,0.0,32,100000
13109,2013-04-26,,0.0,8,100000
13110,2013-04-27,,0.0,15,100000
13111,2013-04-28,,0.0,20,100000
13112,2013-04-29,,0.0,44,100000
13113,2013-04-30,,0.0,64,100000
13114,2013-05-01,,0.0,76,100000
13115,2013-05-02,,0.0,19,100000
13116,2013-05-03,,0.0,24,100000
13117,2013-05-04,,0.0,28,100000
13118,2013-05-05,,0.0,55,100000
13119,2013-05-06,,0.0,120,100000
13120,2013-05-07,,0.0,46,100000
13121,2013-05-08,,0.0,14,100000
13122,2013-05-09,,0.0,9,100000
13123,2013-05-10,,0.0,41,100000
13124,2013-05-11,,0.0,14,100000
13125,2013-05-12,,0.0,11,100000
13126,2013-05-13,,0.0,20,100000
13127,2013-05-14,,0.0,20,100000
13128,2013-05-15,,0.0,23,100000
13129,2013-05-16,,0.0,23,100000
13130,2013-05-17,,0.0,18,100000
13131,2013-05-18,,0.0,79,100000
13132,2013-05-19,,0.0,38,100000
13133,2013-05-20,,0.0,17,100000
13134,2013-05-21,,0.0,39,100000
13135,2013-05-22,,0.0,159,100000
13136,2013-05-23,,0.0,152,100000
13137,2013-05-24,,0.0,15,100000
13138,2013-05-25,,0.0,18,100000
13139,2013-05-26,,0.0,33,100000
13140,2013-05-27,,0.0,39,100000
13141,2013-05-28,,0.0,82,100000
13142,2013-05-29,,0.0,87,100000
13143,2013-05-30,,0.0,30,100000
13144,2013-05-31,,0.0,24,100000
13145,2013-06-01,,0.0,60,100000
13146,2013-06-02,,0.0,45,100000
13147,2013-06-03,,0.0,26,100000
13148,2013-06-04,,0.0,68,100000
13149,2013-06-05,,0.0,66,100000
13150,2013-06-06,,0.0,18,100000
13151,2013-06-07,,0.0,16,100000
13152,2013-06-08,,0.0,37,100000
13153,2013-06-09,,0.0,40,100000
13154,2013-06-10,,0.0,12,100000
13155,2013-06-11,,0.0,17,100000
13156,2013-06-12,,0.0,15,100000
13157,2013-06-13,,0.0,55,100000
13158,2013-06-14,,0.0,21,100000
13159,2013-06-15,,0.0,19,100000
13160,2013-06-16,,0.0,20,100000
13161,2013-06-17,,0.0,20,100000
13162,2013-06-18,,0.0,37,100000
13163,2013-06-19,,0.0,31,100000
13164,2013-06-20,,0.0,44,100000
13165,2013-06-21,,0.0,28,100000
13166,2013-06-22,,0.0,28,100000
13167,2013-06-23,,0.0,26,100000
13168,2013-06-24,,0.0,17,100000
13169,2013-06-25,,0.0,78,100000
13170,2013-06-26,,0.0,23,100000
13171,2013-06-27,,0.0,35,100000
13172,2013-06-28,,0.0,15,100000
13173,2013-06-29,,0.0,48,100000
13174,2013-06-30,,0.0,6,100000
13175,2013-07-01,,0.0,75,100000
13176,2013-07-02,,0.0,16,100000
13177,2013-07-03,,0.0,27,100000
13178,2013-07-04,,0.0,31,100000
13179,2013-07-05,,0.0,25,100000
13180,2013-07-06,,0.0,56,100000
13181,2013-07-07,,0.0,51,100000
13182,2013-07-08,,0.0,13,100000
13183,2013-07-09,,0.0,48,100000
13184,2013-07-10,,0.0,12,100000
13185,2013-07-11,,0.0,58,100000
13186,2013-07-12,,0.0,18,100000
13187,2013-07-13,,0.0,10,100000
13188,2013-07-14,,0.0,168,100000
13189,2013-07-15,,0.0,40,100000
13190,2013-07-16,,0.0,9,100000
13191,2013-07-17,,0.0,39,100000
13192,2013-07-18,,0.0,74,100000
13193,2013-07-19,,0.0,28,100000
13194,2013-07-20,,0.0,65,100000
13195,2013-07-21,,0.0,11,100000
13196,2013-07-22,,0.0,202,100000
13197,2013-07-23,,0.0,5,100000
13198,2013-07-24,,0.0,47,100000
13199,2013-07-25,,0.0,128,100000
13200,2013-07-26,,0.0,54,100000
13201,2013-07-27,,0.0,22,100000
13202,2013-07-28,,0.0,65,100000
13203,2013-07-29,,0.0,12,100000
13204,2013-07-30,,0.0,14,100000
13205,2013-07-31,,0.0,406,100000
13206,2013-08-01,,0.0,167,100000
13207,2013-08-02,,0.0,44,100000
13208,2013-08-03,,0.0,26,100000
13209,2013-08-04,,0.0,95,100000
13210,2013-08-05,,0.0,11,100000
13211,2013-08-06,,0.0,22,100000
13212,2013-08-07,,0.0,25,100000
13213,2013-08-08,,0.0,46,100000
13214,2013-08-09,,0.0,34,100000
13215,2013-08-10,,0.0,72,100000
13216,2013-08-11,,0.0,17,100000
13217,2013-08-12,,0.0,75,100000
13218,2013-08-13,,0.0,23,100000
13219,2013-08-14,,0.0,56,100000
13220,2013-08-15,,0.0,40,100000
13221,2013-08-16,,0.0,59,100000
13222,2013-08-17,,0.0,30,100000
13223,2013-08-18,,0.0,19,100000
13224,2013-08-19,,0.0,67,100000
13225,2013-08-20,,0.0,28,100000
13226,2013-08-21,,0.0,6,100000
13227,2013-08-22,,0.0,38,100000
13228,2013-08-23,,0.0,29,100000
13229,2013-08-24,,0.0,12,100000
13230,2013-08-25,,0.0,7,100000
13231,2013-08-26,,0.0,20,100000
13232,2013-08-27,,0.0,21,100000
13233,2013-08-28,,0.0,30,100000
13234,2013-08-29,,0.0,54,100000
13235,2013-08-30,,0.0,15,100000
13236,2013-08-31,,0.0,104,100000
13237,2013-09-01,,0.0,67,100000
13238,2013-09-02,,0.0,36,100000
13239,2013-09-03,,0.0,5,100000
13240,2013-09-04,,0.0,42,100000
13241,2013-09-05,,0.0,114,100000
13242,2013-09-06,,0.0,82,100000
13243,2013-09-07,,0.0,28,100000
13244,2013-09-08,,0.0,63,100000
13245,2013-09-09,,0.0,27,100000
13246,2013-09-10,,0.0,49,100000
13247,2013-09-11,,0.0,77,100000
13248,2013-09-12,,0.0,32,100000
13249,2013-09-13,,0.0,8,100000
13250,2013-09-14,,0.0,24,100000
13251,2013-09-15,,0.0,33,100000
13252,2013-09-16,,0.0,16,100000
13253,2013-09-17,,0.0,34,100000
13254,2013-09-18,,0.0,40,100000
13255,2013-09-19,,0.0,6,100000
13256,2013-09-20,,0.0,41,100000
13257,2013-09-21,,0.0,55,100000
13258,2013-09-22,,0.0,64,100000
13259,2013-09-23,,0.0,7,100000
13260,2013-09-24,,0.0,26,100000
13261,2013-09-25,,0.0,121,100000
13262,2013-09-26,,0.0,27,100000
13263,2013-09-27,,0.0,25,100000
13264,2013-09-28,,0.0,11,100000
13265,2013-09-29,,0.0,14,100000
13266,2013-09-30,,0.0,85,100000
13267,2013-10-01,,0.0,32,100000
13268,2013-10-02,,0.0,94,100000
13269,2013-10-03,,0.0,21,100000
13270,2013-10-04,,0.0,39,100000
13271,2013-10-05,,0.0,44,100000
13272,2013-10-06,,0.0,13,100000
13273,2013-10-07,,0.0,39,100000
13274,2013-10-08,,0.0,14,100000
13275,2013-10-09,,0.0,52,100000
13276,2013-10-10,,0.0,97,100000
13277,2013-10-11,,0.0,24,100000
13278,2013-10-12,,0.0,51,100000
13279,2013-10-13,,0.0,9,100000
13280,2013-10-14,,0.0,43,100000
13281,2013-10-15,,0.0,29,100000
13282,2013-10-16,,0.0,34,100000
13283,2013-10-17,,0.0,50,100000
13284,2013-10-18,,0.0,36,100000
13285,2013-10-19,,0.0,146,100000
13286,2013-10-20,,0.0,32,100000
13287,2013-10-21,,0.0,22,100000
13288,2013-10-22,,0.0,25,100000
13289,2013-10-23,,0.0,20,100000
13290,2013-10-24,,0.0,11,100000
13291,2013-10-25,,0.0,37,100000
13292,2013-10-26,,0.0,18,100000
13293,2013-10-27,,0.0,24,100000
13294,2013-10-28,,0.0,32,100000
13295,2013-10-29,,0.0,26,100000
13296,2013-10-30,,0.0,19,100000
13297,2013-10-31,,0.0,124,100000
13298,2013-11-01,,0.0,12,100000
13299,2013-11-02,,0.0,15,100000
13300,2013-11-03,,0.0,54,100000
13301,2013-11-04,,0.0,11,100000
13302,2013-11-05,,0.0,22,100000
13303,2013-11-06,,0.0,9,100000
13304,2013-11-07,,0.0,9,100000
13305,2013-11-08,,0.0,72,100000
13306,2013-11-09,,0.0,19,100000
13307,2013-11-10,,0.0,18,100000
13308,2013-11-11,,0.0,22,100000
13309,2013-11-12,,0.0,24,100000
13310,2013-11-13,,0.0,56,100000
13311,2013-11-14,,0.0,36,100000
13312,2013-11-15,,0.0,36,100000
13313,2013-11-16,,0.0,59,100000
13314,2013-11-17,,0.0,28,100000
13315,2013-11-18,,0.0,25,100000
13316,2013-11-19,,0.0,17,100000
13317,2013-11-20,,0.0,20,100000
13318,2013-11-21,,0.0,36,100000
13319,2013-11-22,,0.0,49,100000
13320,2013-11-23,,0.0,23,100000
13321,2013-11-24,,0.0,33,100000
13322,2013-11-25,,0.0,15,100000
13323,2013-11-26,,0.0,98,100000
13324,2013-11-27,,0.0,43,100000
13325,2013-11-28,,0.0,9,100000
13326,2013-11-29,,0.0,43,100000
13327,2013-11-30,,0.0,14,100000
13328,2013-12-01,,0.0,18,100000
13329,2013-12-02,,0.0,50,100000
13330,2013-12-03,,0.0,346,100000
13331,2013-12-04,,0.0,79,100000
13332,2013-12-05,,0.0,138,100000
13333,2013-12-06,,0.0,57,100000
13334,2013-12-07,,0.0,57,100000
13335,2013-12-08,,0.0,85,100000
13336,2013-12-09,,0.0,34,100000
13337,2013-12-10,,0.0,68,100000
13338,2013-12-11,,0.0,119,100000
13339,2013-12-12,,0.0,35,100000
13340,2013-12-13,,0.0,81,100000
13341,2013-12-14,,0.0,48,100000
13342,2013-12-15,,0.0,81,100000
13343,2013-12-16,,0.0,83,100000
13344,2013-12-17,,0.0,41,100000
13345,2013-12-18,,0.0,20,100000
13346,2013-12-19,,0.0,11,100000
13347,2013-12-20,,0.0,23,100000
13348,2013-12-21,,0.0,26,100000
13349,2013-12-22,,0.0,46,100000
13350,2013-12-23,,0.0,27,100000
13351,2013-12-24,,0.0,38,100000
13352,2013-12-25,,0.0,15,100000
13353,2013-12-26,,0.0,52,100000
13354,2013-12-27,,0.0,89,100000
13355,2013-12-28,,0.0,13,100000
13356,2013-12-29,,0.0,110,100000
13357,2013-12-30,,0.0,50,100000
13358,2013-12-31,,0.0,24,100000
14001,2014-01-01,,0.0,8,100000
14002,2014-01-02,,0.0,68,100000
14003,2014-01-03,,0.0,22,100000
14004,2014-01-04,,0.0,24,100000
14005,2014-01-05,,0.0,17,100000
14006,2014-01-06,,0.0,16,100000
14007,2014-01-07,,0.0,35,100000
14008,2014-01-08,,0.0,32,100000
14009,2014-01-09,,0.0,37,100000
14010,2014-01-10,,0.0,24,100000
14011,2014-01-11,,0.0,150,100000
14012,2014-01-12,,0.0,20,100000
14013,2014-01-13,,0.0,14,100000
14014,2014-01-14,,0.0,41,100000
14015,2014-01-15,,0.0,41,100000
14016,2014-01-16,,0.0,17,100000
14017,2014-01-17,,0.0,33,100000
14018,2014-01-18,,0.0,19,100000
14019,2014-01-19,,0.0,21,100000
14020,2014-01-20,,0.0,16,100000
14021,2014-01-21,,0.0,27,100000
14022,2014-01-22,,0.0,24,100000
14023,2014-01-23,,0.0,38,100000
14024,2014-01-24,,0.0,69,100000
14025,2014-01-25,,0.0,11,100000
14026,2014-01-26,,0.0,22,100000
14027,2014-01-27,,0.0,88,100000
14028,2014-01-28,,0.0,9,100000
14029,2014-01-29,,0.0,34,100000
14030,2014-02-07,,0.0,17,100000
14031,2014-02-08,,0.0,13,100000
14032,2014-02-09,,0.0,16,100000
14033,2014-02-10,,0.0,15,100000
14034,2014-02-11,,0.0,119,100000
14035,2014-02-12,,0.0,47,100000
14036,2014-02-13,,0.0,15,100000
14037,2014-02-14,,0.0,15,100000
14038,2014-02-15,,0.0,8,100000
14039,2014-02-16,,0.0,40,100000
14040,2014-02-17,,0.0,84,100000
14041,2014-02-18,,0.0,79,100000
14042,2014-02-19,,0.0,75,100000
14043,2014-02-20,,0.0,16,100000
14044,2014-02-21,,0.0,17,100000
14045,2014-02-22,,0.0,52,100000
14046,2014-02-23,,0.0,27,100000
14047,2014-02-24,,0.0,43,100000
14048,2014-02-25,,0.0,50,100000
14049,2014-02-26,,0.0,12,100000
14050,2014-02-27,,0.0,14,100000
14051,2014-02-28,,0.0,60,100000
14052,2014-03-01,,0.0,13,100000
14053,2014-03-02,,0.0,22,100000
14054,2014-03-03,,0.0,19,100000
14055,2014-03-04,,0.0,15,100000
14056,2014-03-05,,0.0,57,100000
14057,2014-03-06,,0.0,14,100000
14058,2014-03-07,,0.0,12,100000
14059,2014-03-08,,0.0,59,100000
14060,2014-03-09,,0.0,16,100000
14061,2014-03-10,,0.0,30,100000
14062,2014-03-11,,0.0,42,100000
14063,2014-03-12,,0.0,120,100000
14064,2014-03-13,,0.0,25,100000
14065,2014-03-14,,0.0,11,100000
14066,2014-03-15,,0.0,9,100000
14067,2014-03-16,,0.0,19,100000
14068,2014-03-17,,0.0,26,100000
14069,2014-03-18,,0.0,18,100000
14070,2014-03-19,,0.0,231,100000
14071,2014-03-20,,0.0,44,100000
14072,2014-03-21,,0.0,122,100000
14073,2014-03-22,,0.0,19,100000
14074,2014-03-23,,0.0,14,100000
14075,2014-03-24,,0.0,11,100000
14076,2014-03-25,,0.0,48,100000
14077,2014-03-26,,0.0,31,100000
14078,2014-03-27,,0.0,19,100000
14079,2014-03-28,,0.0,38,100000
14080,2014-03-29,,0.0,60,100000
14081,2014-03-30,,0.0,26,100000
14082,2014-03-31,,0.0,70,100000
14083,2014-04-01,,0.0,25,100000
14084,2014-04-02,,0.0,35,100000
14085,2014-04-03,,0.0,39,100000
14086,2014-04-04,,0.0,18,100000
14087,2014-04-05,,0.0,24,100000
14088,2014-04-06,,0.0,79,100000
14089,2014-04-07,,0.0,35,100000
14090,2014-04-08,,0.0,9,100000
14091,2014-04-09,,0.0,36,100000
14092,2014-04-10,,0.0,136,100000
14093,2014-04-11,,0.0,29,100000
14094,2014-04-12,,0.0,34,100000
14095,2014-04-13,,0.0,25,100000
14096,2014-04-14,,0.0,13,100000
14097,2014-04-15,,0.0,7,100000
14098,2014-04-16,,0.0,283,100000
14099,2014-04-17,,0.0,16,100000
14100,2014-04-18,,0.0,43,100000
14101,2014-04-19,,0.0,7,100000
14102,2014-04-20,,0.0,3,100000
14103,2014-04-21,,0.0,14,100000
14104,2014-04-22,,0.0,52,100000
14105,2014-04-23,,0.0,13,100000
14106,2014-04-24,,0.0,24,100000
14107,2014-04-25,,0.0,84,100000
14108,2014-04-26,,0.0,159,100000
14109,2014-04-27,,0.0,17,100000
14110,2014-04-28,,0.0,37,100000
14111,2014-04-29,,0.0,25,100000
14112,2014-04-30,,0.0,6,100000
14113,2014-05-01,,0.0,15,100000
14114,2014-05-02,,0.0,25,100000
14115,2014-05-03,,0.0,70,100000
14116,2014-05-04,,0.0,33,100000
14117,2014-05-05,,0.0,44,100000
14118,2014-05-06,,0.0,20,100000
14119,2014-05-07,,0.0,25,100000
14120,2014-05-08,,0.0,46,100000
14121,2014-05-09,,0.0,40,100000
14122,2014-05-10,,0.0,33,100000
14123,2014-05-11,,0.0,35,100000
14124,2014-05-12,,0.0,26,100000
14125,2014-05-13,,0.0,34,100000
14126,2014-05-14,,0.0,18,100000
14127,2014-05-15,,0.0,74,100000
14128,2014-05-16,,0.0,29,100000
14129,2014-05-17,,0.0,18,100000
14130,2014-05-18,,0.0,4,100000
14131,2014-05-19,,0.0,45,100000
14132,2014-05-20,,0.0,182,100000
14133,2014-05-21,,0.0,29,100000
14134,2014-05-22,,0.0,40,100000
14135,2014-05-23,,0.0,55,100000
14136,2014-05-24,,0.0,68,100000
14137,2014-05-25,,0.0,77,100000
14138,2014-05-26,,0.0,70,100000
14139,2014-05-27,,0.0,72,100000
14140,2014-05-28,,0.0,119,100000
14141,2014-05-29,,0.0,36,100000
14142,2014-05-30,,0.0,39,100000
14143,2014-05-31,,0.0,17,100000
14144,2014-06-01,,0.0,23,100000
14145,2014-06-02,,0.0,30,100000
14146,2014-06-03,,0.0,47,100000
14147,2014-06-04,,0.0,53,100000
14148,2014-06-05,,0.0,98,100000
14149,2014-06-06,,0.0,49,100000
14150,2014-06-07,,0.0,70,100000
14151,2014-06-08,,0.0,76,100000
14152,2014-06-09,,0.0,18,100000
14153,2014-06-10,,0.0,6,100000
14154,2014-06-11,,0.0,7,100000
14155,2014-06-12,,0.0,29,100000
14156,2014-06-13,,0.0,78,100000
14157,2014-06-14,,0.0,22,100000
14158,2014-06-15,,0.0,15,100000
14159,2014-06-16,,0.0,52,100000
14160,2014-06-17,,0.0,21,100000
14161,2014-06-18,,0.0,18,100000
14162,2014-06-19,,0.0,86,100000
14163,2014-06-20,,0.0,46,100000
14164,2014-06-21,,0.0,28,100000
14165,2014-06-22,,0.0,27,100000
14166,2014-06-23,,0.0,26,100000
14167,2014-06-24,,0.0,24,100000
14168,2014-06-25,,0.0,20,100000
14169,2014-06-26,,0.0,8,100000
14170,2014-06-27,,0.0,80,100000
14171,2014-06-28,,0.0,61,100000
14172,2014-06-29,,0.0,18,100000
14173,2014-06-30,,0.0,70,100000
14174,2014-07-01,,0.0,30,100000
14175,2014-07-02,,0.0,21,100000
14176,2014-07-03,,0.0,45,100000
14177,2014-07-04,,0.0,26,100000
14178,2014-07-05,,0.0,39,100000
14179,2014-07-06,,0.0,10,100000
14180,2014-07-07,,0.0,20,100000
14181,2014-07-08,,0.0,23,100000
14182,2014-07-09,,0.0,11,100000
14183,2014-07-10,,0.0,14,100000
14184,2014-07-11,,0.0,41,100000
14185,2014-07-12,,0.0,18,100000
14186,2014-07-13,,0.0,37,100000
14187,2014-07-14,,0.0,66,100000
14188,2014-07-15,,0.0,17,100000
14189,2014-07-16,,0.0,26,100000
14190,2014-07-17,,0.0,37,100000
14191,2014-07-18,,0.0,62,100000
14192,2014-07-19,,0.0,17,100000
14193,2014-07-20,,0.0,18,100000
14194,2014-07-21,,0.0,66,100000
14195,2014-07-22,,0.0,8,100000
14196,2014-07-23,,0.0,8,100000
14197,2014-07-24,,0.0,16,100000
14198,2014-07-25,,0.0,7,100000
14199,2014-07-26,,0.0,55,100000
14200,2014-07-27,,0.0,43,100000
14201,2014-07-28,,0.0,23,100000
14202,2014-07-29,,0.0,8,100000
14203,2014-07-30,,0.0,14,100000
14204,2014-07-31,,0.0,37,100000
14205,2014-08-01,,0.0,50,100000
14206,2014-08-02,,0.0,18,100000
14207,2014-08-03,,0.0,28,100000
14208,2014-08-04,,0.0,87,100000
14209,2014-08-05,,0.0,84,100000
14210,2014-08-06,,0.0,24,100000
14211,2014-08-07,,0.0,16,100000
14212,2014-08-08,,0.0,15,100000
14213,2014-08-09,,0.0,21,100000
14214,2014-08-10,,0.0,15,100000
14215,2014-08-11,,0.0,21,100000
14216,2014-08-12,,0.0,4,100000
14217,2014-08-13,,0.0,29,100000
14218,2014-08-14,,0.0,25,100000
14219,2014-08-15,,0.0,9,100000
14220,2014-08-16,,0.0,27,100000
14221,2014-08-17,,0.0,16,100000
14222,2014-08-18,,0.0,37,100000
14223,2014-08-19,,0.0,39,100000
14224,2014-08-20,,0.0,59,100000
14225,2014-08-21,,0.0,84,100000
14226,2014-08-22,,0.0,61,100000
14227,2014-08-23,,0.0,62,100000
14228,2014-08-24,,0.0,18,100000
14229,2014-08-25,,0.0,97,100000
14230,2014-08-26,,0.0,14,100000
14231,2014-08-27,,0.0,14,100000
14232,2014-08-28,,0.0,12,100000
14233,2014-08-29,,0.0,46,100000
14234,2014-08-30,,0.0,31,100000
14235,2014-08-31,,0.0,56,100000
14236,2014-09-01,,0.0,21,100000
14237,2014-09-02,,0.0,47,100000
14238,2014-09-03,,0.0,179,100000
14239,2014-09-04,,0.0,64,100000
14240,2014-09-05,,0.0,29,100000
14241,2014-09-06,,0.0,52,100000
14242,2014-09-07,,0.0,27,100000
14243,2014-09-08,,0.0,13,100000
14244,2014-09-09,,0.0,112,100000
14245,2014-09-10,,0.0,53,100000
14246,2014-09-11,,0.0,144,100000
14247,2014-09-12,,0.0,64,100000
14248,2014-09-13,,0.0,35,100000
14249,2014-09-14,,0.0,32,100000
14250,2014-09-15,,0.0,76,100000
14251,2014-09-16,,0.0,23,100000
14252,2014-09-17,,0.0,23,100000
14253,2014-09-18,,0.0,20,100000
14254,2014-09-19,,0.0,53,100000
14255,2014-09-20,,0.0,25,100000
14256,2014-09-21,,0.0,23,100000
14257,2014-09-22,,0.0,21,100000
14258,2014-09-23,,0.0,33,100000
14259,2014-09-24,,0.0,34,100000
14260,2014-09-25,,0.0,23,100000
14261,2014-09-26,,0.0,32,100000
14262,2014-09-27,,0.0,56,100000
14263,2014-09-28,,0.0,21,100000
14264,2014-09-29,,0.0,40,100000
14265,2014-09-30,,0.0,53,100000
14266,2014-10-01,,0.0,16,100000
14267,2014-10-02,,0.0,7,100000
14268,2014-10-03,,0.0,15,100000
14269,2014-10-04,,0.0,21,100000
14270,2014-10-05,,0.0,16,100000
14271,2014-10-06,,0.0,22,100000
14272,2014-10-07,,0.0,31,100000
14273,2014-10-08,,0.0,22,100000
14274,2014-10-09,,0.0,36,100000
14275,2014-10-10,,0.0,46,100000
14276,2014-10-11,,0.0,163,100000
14277,2014-10-12,,0.0,41,100000
14278,2014-10-13,,0.0,30,100000
14279,2014-10-14,,0.0,114,100000
14280,2014-10-15,,0.0,40,100000
14281,2014-10-16,,0.0,46,100000
14282,2014-10-17,,0.0,5,100000
14283,2014-10-18,,0.0,75,100000
14284,2014-10-19,,0.0,52,100000
14285,2014-10-20,,0.0,9,100000
14286,2014-10-21,,0.0,64,100000
14287,2014-10-22,,0.0,48,100000
14288,2014-10-23,,0.0,17,100000
14289,2014-10-24,,0.0,32,100000
14290,2014-10-25,,0.0,55,100000
14291,2014-10-26,,0.0,46,100000
14292,2014-10-27,,0.0,21,100000
14293,2014-10-28,,0.0,45,100000
14294,2014-10-29,,0.0,473,100000
14295,2014-10-30,,0.0,20,100000
14296,2014-10-31,,0.0,76,100000
14297,2014-11-01,,0.0,39,100000
14298,2014-11-02,,0.0,12,100000
14299,2014-11-03,,0.0,105,100000
14300,2014-11-04,,0.0,25,100000
14301,2014-11-05,,0.0,31,100000
14302,2014-11-06,,0.0,25,100000
14303,2014-11-07,,0.0,69,100000
14304,2014-11-08,,0.0,29,100000
14305,2014-11-09,,0.0,7,100000
14306,2014-11-10,,0.0,27,100000
14307,2014-11-11,,0.0,67,100000
14308,2014-11-12,,0.0,34,100000
14309,2014-11-13,,0.0,36,100000
14310,2014-11-14,,0.0,60,100000
14311,2014-11-15,,0.0,29,100000
14312,2014-11-16,,0.0,22,100000
14313,2014-11-17,,0.0,9,100000
14314,2014-11-18,,0.0,12,100000
14315,2014-11-19,,0.0,36,100000
14316,2014-11-20,,0.0,73,100000
14317,2014-11-21,,0.0,60,100000
14318,2014-11-22,,0.0,20,100000
14319,2014-11-23,,0.0,25,100000
14320,2014-11-24,,0.0,16,100000
14321,2014-11-25,,0.0,25,100000
14322,2014-11-26,,0.0,30,100000
14323,2014-11-27,,0.0,127,100000
14324,2014-11-28,,0.0,104,100000
14325,2014-11-29,,0.0,27,100000
14326,2014-11-30,,0.0,16,100000
14327,2014-12-01,,0.0,89,100000
14328,2014-12-02,,0.0,29,100000
14329,2014-12-03,,0.0,2,100000
14330,2014-12-04,,0.0,23,100000
14331,2014-12-05,,0.0,25,100000
14332,2014-12-06,,0.0,91,100000
14333,2014-12-07,,0.0,23,100000
14334,2014-12-08,,0.0,8,100000
14335,2014-12-09,,0.0,109,100000
14336,2014-12-10,,0.0,89,100000
14337,2014-12-11,,0.0,30,100000
14338,2014-12-12,,0.0,65,100000
14339,2014-12-13,,0.0,93,100000
14340,2014-12-14,,0.0,24,100000
14341,2014-12-15,,0.0,13,100000
14342,2014-12-16,,0.0,5,100000
14343,2014-12-17,,0.0,97,100000
14344,2014-12-18,,0.0,27,100000
14345,2014-12-19,,0.0,59,100000
14346,2014-12-20,,0.0,25,100000
14347,2014-12-21,,0.0,32,100000
14348,2014-12-22,,0.0,59,100000
14349,2014-12-23,,0.0,42,100000
14350,2014-12-24,,0.0,102,100000
14351,2014-12-25,,0.0,90,100000
14352,2014-12-26,,0.0,8,100000
14353,2014-12-27,,0.0,51,100000
14354,2014-12-28,,0.0,6,100000
14355,2014-12-29,,0.0,62,100000
14356,2014-12-30,,0.0,22,100000
14357,2014-12-31,,0.0,38,100000
15001,2015-01-01,,0.0,14,100000
15002,2015-01-02,,0.0,34,100000
15003,2015-01-03,,0.0,92,100000
15004,2015-01-04,,0.0,44,100000
15005,2015-01-05,,0.0,225,100000
15006,2015-01-06,,0.0,50,100000
15007,2015-01-07,,0.0,16,100000
15008,2015-01-08,,0.0,26,100000
15009,2015-01-09,,0.0,114,100000
15010,2015-01-10,,0.0,33,100000
15011,2015-01-11,,0.0,86,100000
15012,2015-01-12,,0.0,16,100000
15013,2015-01-13,,0.0,14,100000
15014,2015-01-14,,0.0,14,100000
15015,2015-01-15,,0.0,13,100000
15016,2015-01-16,,0.0,33,100000
15017,2015-01-17,,0.0,87,100000
15018,2015-01-18,,0.0,27,100000
15019,2015-01-19,,0.0,35,100000
15020,2015-01-20,,0.0,19,100000
15021,2015-01-21,,0.0,80,100000
15022,2015-01-22,,0.0,121,100000
15023,2015-01-23,,0.0,24,100000
15024,2015-01-24,,0.0,39,100000
15025,2015-01-25,,0.0,52,100000
15026,2015-01-26,,0.0,437,100000
15027,2015-01-27,,0.0,69,100000
15028,2015-01-28,,0.0,76,100000
15029,2015-01-29,,0.0,50,100000
15030,2015-01-30,,0.0,14,100000
15031,2015-01-31,,0.0,30,100000
15032,2015-02-01,,0.0,70,100000
15033,2015-02-02,,0.0,27,100000
15034,2015-02-03,,0.0,17,100000
15035,2015-02-04,,0.0,53,100000
15036,2015-02-05,,0.0,29,100000
15037,2015-02-06,,0.0,31,100000
15038,2015-02-07,,0.0,35,100000
15039,2015-02-08,,0.0,41,100000
15040,2015-02-09,,0.0,54,100000
15041,2015-02-10,,0.0,50,100000
15042,2015-02-11,,0.0,33,100000
15043,2015-02-12,,0.0,103,100000
15044,2015-02-13,,0.0,320,100000
15045,2015-02-14,,0.0,49,100000
15046,2015-02-15,,0.0,22,100000
15047,2015-02-16,,0.0,30,100000
15048,2015-02-17,,0.0,19,100000
15049,2015-02-25,,0.0,13,100000
15050,2015-02-26,,0.0,13,100000
15051,2015-02-27,,0.0,23,100000
15052,2015-02-28,,0.0,40,100000
15053,2015-03-01,,0.0,17,100000
15054,2015-03-02,,0.0,7,100000
15055,2015-03-03,,0.0,35,100000
15056,2015-03-04,,0.0,17,100000
15057,2015-03-05,,0.0,19,100000
15058,2015-03-06,,0.0,14,100000
15059,2015-03-07,,0.0,27,100000
15060,2015-03-08,,0.0,39,100000
15061,2015-03-09,,0.0,93,100000
15062,2015-03-10,,0.0,9,100000
15063,2015-03-11,,0.0,18,100000
15064,2015-03-12,,0.0,90,100000
15065,2015-03-13,,0.0,38,100000
15066,2015-03-14,,0.0,27,100000
15067,2015-03-15,,0.0,20,100000
15068,2015-03-16,,0.0,27,100000
15069,2015-03-17,,0.0,48,100000
15070,2015-03-18,,0.0,57,100000
15071,2015-03-19,,0.0,38,100000
15072,2015-03-20,,0.0,18,100000
15073,2015-03-21,,0.0,16,100000
15074,2015-03-22,,0.0,58,100000
15075,2015-03-23,,0.0,13,100000
15076,2015-03-24,,0.0,9,100000
15077,2015-03-25,,0.0,87,100000
15078,2015-03-26,,0.0,75,100000
15079,2015-03-27,,0.0,43,100000
15080,2015-03-28,,0.0,163,100000
15081,2015-03-29,,0.0,63,100000
15082,2015-03-30,,0.0,20,100000
15083,2015-03-31,,0.0,7,100000
15084,2015-04-01,,0.0,21,100000
15085,2015-04-02,,0.0,46,100000
15086,2015-04-03,,0.0,27,100000
15087,2015-04-04,,0.0,30,100000
15088,2015-04-05,,0.0,55,100000
15089,2015-04-06,,0.0,34,100000
15090,2015-04-07,,0.0,22,100000
15091,2015-04-08,,0.0,27,100000
15092,2015-04-09,,0.0,18,100000
15093,2015-04-10,,0.0,53,100000
15094,2015-04-11,,0.0,81,100000
15095,2015-04-12,,0.0,48,100000
15096,2015-04-13,,0.0,34,100000
15097,2015-04-14,,0.0,39,100000
15098,2015-04-15,,0.0,45,100000
15099,2015-04-16,,0.0,114,100000
15100,2015-04-17,,0.0,47,100000
15101,2015-04-18,,0.0,19,100000
15102,2015-04-19,,0.0,20,100000
15103,2015-04-20,,0.0,25,100000
15104,2015-04-21,,0.0,56,100000
15105,2015-04-22,,0.0,29,100000
15106,2015-04-23,,0.0,34,100000
15107,2015-04-24,,0.0,7,100000
15108,2015-04-25,,0.0,99,100000
15109,2015-04-26,,0.0,24,100000
15110,2015-04-27,,0.0,67,100000
15111,2015-04-28,,0.0,15,100000
15112,2015-04-29,,0.0,33,100000
15113,2015-04-30,,0.0,54,100000
15114,2015-05-01,,0.0,17,100000
15115,2015-05-02,,0.0,53,100000
15116,2015-05-03,,0.0,24,100000
15117,2015-05-04,,0.0,7,100000
15118,2015-05-05,,0.0,21,100000
15119,2015-05-06,,0.0,19,100000
15120,2015-05-07,,0.0,45,100000
15121,2015-05-08,,0.0,31,100000
15122,2015-05-09,,0.0,36,100000
15123,2015-05-10,,0.0,8,100000
15124,2015-05-11,,0.0,62,100000
15125,2015-05-12,,0.0,44,100000
15126,2015-05-13,,0.0,92,100000
15127,2015-05-14,,0.0,16,100000
15128,2015-05-15,,0.0,19,100000
15129,2015-05-16,,0.0,24,100000
15130,2015-05-17,,0.0,168,100000
15131,2015-05-18,,0.0,36,100000
15132,2015-05-19,,0.0,74,100000
15133,2015-05-20,,0.0,34,100000
15134,2015-05-21,,0.0,61,100000
15135,2015-05-22,,0.0,3,100000
15136,2015-05-23,,0.0,28,100000
15137,2015-05-24,,0.0,45,100000
15138,2015-05-25,,0.0,71,100000
15139,2015-05-26,,0.0,28,100000
15140,2015-05-27,,0.0,20,100000
15141,2015-05-28,,0.0,71,100000
15142,2015-05-29,,0.0,45,100000
15143,2015-05-30,,0.0,26,100000
15144,2015-05-31,,0.0,43,100000
15145,2015-06-01,,0.0,17,100000
15146,2015-06-02,,0.0,20,100000
15147,2015-06-03,,0.0,9,100000
15148,2015-06-04,,0.0,15,100000
15149,2015-06-05,,0.0,30,100000
15150,2015-06-06,,0.0,71,100000
15151,2015-06-07,,0.0,58,100000
15152,2015-06-08,,0.0,55,100000
15153,2015-06-09,,0.0,14,100000
15154,2015-06-10,,0.0,23,100000
15155,2015-06-11,,0.0,39,100000
15156,2015-06-12,,0.0,31,100000
15157,2015-06-13,,0.0,53,100000
15158,2015-06-14,,0.0,27,100000
15159,2015-06-15,,0.0,12,100000
15160,2015-06-16,,0.0,21,100000
15161,2015-06-17,,0.0,34,100000
15162,2015-06-18,,0.0,18,100000
15163,2015-06-19,,0.0,7,100000
15164,2015-06-20,,0.0,47,100000
15165,2015-06-21,,0.0,13,100000
15166,2015-06-22,,0.0,40,100000
15167,2015-06-23,,0.0,118,100000
15168,2015-06-24,,0.0,25,100000
15169,2015-06-25,,0.0,29,100000
15170,2015-06-26,,0.0,54,100000
15171,2015-06-27,,0.0,21,100000
15172,2015-06-28,,0.0,17,100000
15173,2015-06-29,,0.0,18,100000
15174,2015-06-30,,0.0,18,100000
15175,2015-07-01,,0.0,71,100000
15176,2015-07-02,,0.0,52,100000
15177,2015-07-03,,0.0,14,100000
15178,2015-07-04,,0.0,38,100000
15179,2015-07-05,,0.0,17,100000
15180,2015-07-06,,0.0,128,100000
15181,2015-07-07,,0.0,36,100000
15182,2015-07-08,,0.0,23,100000
15183,2015-07-09,,0.0,70,100000
15184,2015-07-10,,0.0,107,100000
15185,2015-07-11,,0.0,34,100000
15186,2015-07-12,,0.0,20,100000
15187,2015-07-13,,0.0,5,100000
15188,2015-07-14,,0.0,74,100000
15189,2015-07-15,,0.0,29,100000
15190,2015-07-16,,0.0,21,100000
15191,2015-07-17,,0.0,35,100000
15192,2015-07-18,,0.0,32,100000
15193,2015-07-19,,0.0,65,100000
15194,2015-07-20,,0.0,76,100000
15195,2015-07-21,,0.0,67,100000
15196,2015-07-22,,0.0,56,100000
15197,2015-07-23,,0.0,38,100000
15198,2015-07-24,,0.0,37,100000
15199,2015-07-25,,0.0,16,100000
15200,2015-07-26,,0.0,19,100000
15201,2015-07-27,,0.0,4,100000
15202,2015-07-28,,0.0,31,100000
15203,2015-07-29,,0.0,66,100000
15204,2015-07-30,,0.0,18,100000
15205,2015-07-31,,0.0,35,100000
15206,2015-08-01,,0.0,15,100000
15207,2015-08-02,,0.0,39,100000
15208,2015-08-03,,0.0,23,100000
15209,2015-08-04,,0.0,91,100000
15210,2015-08-05,,0.0,18,100000
15211,2015-08-06,,0.0,13,100000
15212,2015-08-07,,0.0,46,100000
15213,2015-08-08,,0.0,103,100000
15214,2015-08-09,,0.0,73,100000
15215,2015-08-10,,0.0,19,100000
15216,2015-08-11,,0.0,63,100000
15217,2015-08-12,,0.0,15,100000
15218,2015-08-13,,0.0,22,100000
15219,2015-08-14,,0.0,26,100000
15220,2015-08-15,,0.0,55,100000
15221,2015-08-16,,0.0,55,100000
15222,2015-08-17,,0.0,25,100000
15223,2015-08-18,,0.0,54,100000
15224,2015-08-19,,0.0,30,100000
15225,2015-08-20,,0.0,6,100000
15226,2015-08-21,,0.0,21,100000
15227,2015-08-22,,0.0,11,100000
15228,2015-08-23,,0.0,25,100000
15229,2015-08-24,,0.0,39,100000
15230,2015-08-25,,0.0,40,100000
15231,2015-08-26,,0.0,95,100000
15232,2015-08-27,,0.0,13,100000
15233,2015-08-28,,0.0,22,100000
15234,2015-08-29,,0.0,9,100000
15235,2015-08-30,,0.0,31,100000
15236,2015-08-31,,0.0,43,100000
15237,2015-09-01,,0.0,34,100000
15238,2015-09-02,,0.0,59,100000
15239,2015-09-03,,0.0,24,100000
15240,2015-09-04,,0.0,179,100000
15241,2015-09-05,,0.0,73,100000
15242,2015-09-06,,0.0,67,100000
15243,2015-09-07,,0.0,64,100000
15244,2015-09-08,,0.0,41,100000
15245,2015-09-09,,0.0,30,100000
15246,2015-09-10,,0.0,33,100000
15247,2015-09-11,,0.0,11,100000
15248,2015-09-12,,0.0,29,100000
15249,2015-09-13,,0.0,44,100000
15250,2015-09-14,,0.0,107,100000
15251,2015-09-15,,0.0,24,100000
15252,2015-09-16,,0.0,29,100000
15253,2015-09-17,,0.0,148,100000
15254,2015-09-18,,0.0,60,100000
15255,2015-09-19,,0.0,12,100000
15256,2015-09-20,,0.0,38,100000
15257,2015-09-21,,0.0,46,100000
15258,2015-09-22,,0.0,32,100000
15259,2015-09-23,,0.0,44,100000
15260,2015-09-24,,0.0,85,100000
15261,2015-09-25,,0.0,105,100000
15262,2015-09-26,,0.0,71,100000
15263,2015-09-27,,0.0,30,100000
15264,2015-09-28,,0.0,20,100000
15265,2015-09-29,,0.0,53,100000
15266,2015-09-30,,0.0,36,100000
15267,2015-10-01,,0.0,81,100000
15268,2015-10-02,,0.0,42,100000
15269,2015-10-03,,0.0,74,100000
15270,2015-10-04,,0.0,45,100000
15271,2015-10-05,,0.0,34,100000
15272,2015-10-06,,0.0,31,100000
15273,2015-10-07,,0.0,36,100000
15274,2015-10-08,,0.0,76,100000
15275,2015-10-09,,0.0,30,100000
15276,2015-10-10,,0.0,31,100000
15277,2015-10-11,,0.0,38,100000
15278,2015-10-12,,0.0,7,100000
15279,2015-10-13,,0.0,26,100000
15280,2015-10-14,,0.0,12,100000
15281,2015-10-15,,0.0,29,100000
15282,2015-10-16,,0.0,19,100000
15283,2015-10-17,,0.0,21,100000
15284,2015-10-18,,0.0,38,100000
15285,2015-10-19,,0.0,80,100000
15286,2015-10-20,,0.0,16,100000
15287,2015-10-21,,0.0,33,100000
15288,2015-10-22,,0.0,38,100000
15289,2015-10-23,,0.0,86,100000
15290,2015-10-24,,0.0,18,100000
15291,2015-10-25,,0.0,18,100000
15292,2015-10-26,,0.0,36,100000
15293,2015-10-27,,0.0,14,100000
15294,2015-10-28,,0.0,13,100000
15295,2015-10-29,,0.0,63,100000
15296,2015-10-30,,0.0,21,100000
15297,2015-10-31,,0.0,45,100000
15298,2015-11-01,,0.0,29,100000
15299,2015-11-02,,0.0,31,100000
15300,2015-11-03,,0.0,129,100000
15301,2015-11-04,,0.0,30,100000
15302,2015-11-05,,0.0,7,100000
15303,2015-11-06,,0.0,25,100000
15304,2015-11-07,,0.0,37,100000
15305,2015-11-08,,0.0,33,100000
15306,2015-11-09,,0.0,23,100000
15307,2015-11-10,,0.0,14,100000
15308,2015-11-11,,0.0,23,100000
15309,2015-11-12,,0.0,15,100000
15310,2015-11-13,,0.0,35,100000
15311,2015-11-14,,0.0,10,100000
15312,2015-11-15,,0.0,41,100000
15313,2015-11-16,,0.0,55,100000
15314,2015-11-17,,0.0,5,100000
15315,2015-11-18,,0.0,17,100000
15316,2015-11-19,,0.0,9,100000
15317,2015-11-20,,0.0,153,100000
15318,2015-11-21,,0.0,17,100000
15319,2015-11-22,,0.0,23,100000
15320,2015-11-23,,0.0,58,100000
15321,2015-11-24,,0.0,56,100000
15322,2015-11-25,,0.0,34,100000
15323,2015-11-26,,0.0,51,100000
15324,2015-11-27,,0.0,71,100000
15325,2015-11-28,,0.0,34,100000
15326,2015-11-29,,0.0,15,100000
15327,2015-11-30,,0.0,79,100000
15328,2015-12-01,,0.0,65,100000
15329,2015-12-02,,0.0,31,100000
15330,2015-12-03,,0.0,17,100000
15331,2015-12-04,,0.0,10,100000
15332,2015-12-05,,0.0,10,100000
15333,2015-12-06,,0.0,24,100000
15334,2015-12-07,,0.0,43,100000
15335,2015-12-08,,0.0,26,100000
15336,2015-12-09,,0.0,52,100000
15337,2015-12-10,,0.0,17,100000
15338,2015-12-11,,0.0,40,100000
15339,2015-12-12,,0.0,21,100000
15340,2015-12-13,,0.0,62,100000
15341,2015-12-14,,0.0,7,100000
15342,2015-12-15,,0.0,100,100000
15343,2015-12-16,,0.0,21,100000
15344,2015-12-17,,0.0,39,100000
15345,2015-12-18,,0.0,13,100000
15346,2015-12-19,,0.0,42,100000
15347,2015-12-20,,0.0,18,100000
15348,2015-12-21,,0.0,15,100000
15349,2015-12-22,,0.0,51,100000
15350,2015-12-23,,0.0,61,100000
15351,2015-12-24,,0.0,62,100000
15352,2015-12-25,,0.0,100,100000
15353,2015-12-26,,0.0,12,100000
15354,2015-12-27,,0.0,57,100000
15355,2015-12-28,,0.0,22,100000
15356,2015-12-29,,0.0,46,100000
15357,2015-12-30,,0.0,70,100000
15358,2015-12-31,,0.0,45,100000
16001,2016-01-01,,0.0,48,100000
16002,2016-01-02,,0.0,31,100000
16003,2016-01-03,,0.0,48,100000
16004,2016-01-04,,0.0,205,100000
16005,2016-01-05,,0.0,11,100000
16006,2016-01-06,,0.0,63,100000
16007,2016-01-07,,0.0,15,100000
16008,2016-01-08,,0.0,126,100000
16009,2016-01-09,,0.0,78,100000
16010,2016-01-10,,0.0,60,100000
16011,2016-01-11,,0.0,23,100000
16012,2016-01-12,,0.0,10,100000
16013,2016-01-13,,0.0,73,100000
16014,2016-01-14,,0.0,32,100000
16015,2016-01-15,,0.0,124,100000
16016,2016-01-16,,0.0,37,100000
16017,2016-01-17,,0.0,69,100000
16018,2016-01-18,,0.0,54,100000
16019,2016-01-19,,0.0,30,100000
16020,2016-01-20,,0.0,48,100000
16021,2016-01-21,,0.0,9,100000
16022,2016-01-22,,0.0,30,100000
16023,2016-01-23,,0.0,3,100000
16024,2016-01-24,,0.0,15,100000
16025,2016-01-25,,0.0,28,100000
16026,2016-01-26,,0.0,25,100000
16027,2016-01-27,,0.0,51,100000
16028,2016-01-28,,0.0,47,100000
16029,2016-01-29,,0.0,24,100000
16030,2016-01-30,,0.0,45,100000
16031,2016-01-31,,0.0,74,100000
16032,2016-02-01,,0.0,26,100000
16033,2016-02-02,,0.0,31,100000
16034,2016-02-03,,0.0,162,100000
16035,2016-02-04,,0.0,30,100000
16036,2016-02-05,,0.0,67,100000
16037,2016-02-06,,0.0,33,100000
16038,2016-02-14,,0.0,27,100000
16039,2016-02-15,,0.0,56,100000
16040,2016-02-16,,0.0,28,100000
16041,2016-02-17,,0.0,38,100000
16042,2016-02-18,,0.0,27,100000
16043,2016-02-19,,0.0,79,100000
16044,2016-02-20,,0.0,3,100000
16045,2016-02-21,,0.0,29,100000
16046,2016-02-22,,0.0,37,100000
16047,2016-02-23,,0.0,15,100000
16048,2016-02-24,,0.0,16,100000
16049,2016-02-25,,0.0,32,100000
16050,2016-02-26,,0.0,18,100000
16051,2016-02-27,,0.0,34,100000
16052,2016-02-28,,0.0,14,100000
16053,2016-02-29,,0.0,35,100000
16054,2016-03-01,,0.0,15,100000
16055,2016-03-02,,0.0,32,100000
16056,2016-03-03,,0.0,32,100000
16057,2016-03-04,,0.0,6,100000
16058,2016-03-05,,0.0,59,100000
16059,2016-03-06,,0.0,121,100000
16060,2016-03-07,,0.0,22,100000
16061,2016-03-08,,0.0,20,100000
16062,2016-03-09,,0.0,35,100000
16063,2016-03-10,,0.0,40,100000
16064,2016-03-11,,0.0,61,100000
16065,2016-03-12,,0.0,20,100000
16066,2016-03-13,,0.0,16,100000
16067,2016-03-14,,0.0,51,100000
16068,2016-03-15,,0.0,23,100000
16069,2016-03-16,,0.0,22,100000
16070,2016-03-17,,0.0,16,100000
16071,2016-03-18,,0.0,61,100000
16072,2016-03-19,,0.0,27,100000
16073,2016-03-20,,0.0,15,100000
16074,2016-03-21,,0.0,47,100000
16075,2016-03-22,,0.0,50,100000
16076,2016-03-23,,0.0,136,100000
16077,2016-03-24,,0.0,36,100000
16078,2016-03-25,,0.0,23,100000
16079,2016-03-26,,0.0,25,100000
16080,2016-03-27,,0.0,28,100000
16081,2016-03-28,,0.0,18,100000
16082,2016-03-29,,0.0,68,100000
16083,2016-03-30,,0.0,27,100000
16084,2016-03-31,,0.0,96,100000
16085,2016-04-01,,0.0,41,100000
16086,2016-04-02,,0.0,19,100000
16087,2016-04-03,,0.0,38,100000
16088,2016-04-04,,0.0,36,100000
16089,2016-04-05,,0.0,18,100000
16090,2016-04-06,,0.0,18,100000
16091,2016-04-07,,0.0,17,100000
16092,2016-04-08,,0.0,36,100000
16093,2016-04-09,,0.0,25,100000
16094,2016-04-10,,0.0,22,100000
16095,2016-04-11,,0.0,25,100000
16096,2016-04-12,,0.0,12,100000
16097,2016-04-13,,0.0,149,100000
16098,2016-04-14,,0.0,35,100000
16099,2016-04-15,,0.0,15,100000
16100,2016-04-16,,0.0,8,100000
16101,2016-04-17,,0.0,13,100000
16102,2016-04-18,,0.0,101,100000
16103,2016-04-19,,0.0,24,100000
16104,2016-04-20,,0.0,199,100000
16105,2016-04-21,,0.0,88,100000
16106,2016-04-22,,0.0,10,100000
16107,2016-04-23,,0.0,12,100000
16108,2016-04-24,,0.0,93,100000
16109,2016-04-25,,0.0,41,100000
16110,2016-04-26,,0.0,51,100000
16111,2016-04-27,,0.0,25,100000
16112,2016-04-28,,0.0,53,100000
16113,2016-04-29,,0.0,52,100000
16114,2016-04-30,,0.0,71,100000
16115,2016-05-01,,0.0,12,100000
16116,2016-05-02,,0.0,55,100000
16117,2016-05-03,,0.0,34,100000
16118,2016-05-04,,0.0,103,100000
16119,2016-05-05,,0.0,30,100000
16120,2016-05-06,,0.0,34,100000
16121,2016-05-07,,0.0,21,100000
16122,2016-05-08,,0.0,12,100000
16123,2016-05-09,,0.0,33,100000
16124,2016-05-10,,0.0,27,100000
16125,2016-05-11,,0.0,12,100000
16126,2016-05-12,,0.0,25,100000
16127,2016-05-13,,0.0,35,100000
16128,2016-05-14,,0.0,34,100000
16129,2016-05-15,,0.0,23,100000
16130,2016-05-16,,0.0,35,100000
16131,2016-05-17,,0.0,64,100000
16132,2016-05-18,,0.0,31,100000
16133,2016-05-19,,0.0,46,100000
16134,2016-05-20,,0.0,84,100000
16135,2016-05-21,,0.0,39,100000
16136,2016-05-22,,0.0,39,100000
16137,2016-05-23,,0.0,106,100000
16138,2016-05-24,,0.0,45,100000
16139,2016-05-25,,0.0,35,100000
16140,2016-05-26,,0.0,17,100000
16141,2016-05-27,,0.0,13,100000
16142,2016-05-28,,0.0,24,100000
16143,2016-05-29,,0.0,39,100000
16144,2016-05-30,,0.0,126,100000
16145,2016-05-31,,0.0,16,100000
16146,2016-06-01,,0.0,11,100000
16147,2016-06-02,,0.0,26,100000
16148,2016-06-03,,0.0,302,100000
16149,2016-06-04,,0.0,9,100000
16150,2016-06-05,,0.0,27,100000
16151,2016-06-06,,0.0,50,100000
16152,2016-06-07,,0.0,57,100000
16153,2016-06-08,,0.0,29,100000
16154,2016-06-09,,0.0,28,100000
16155,2016-06-10,,0.0,107,100000
16156,2016-06-11,,0.0,50,100000
16157,2016-06-12,,0.0,99,100000
16158,2016-06-13,,0.0,35,100000
16159,2016-06-14,,0.0,34,100000
16160,2016-06-15,,0.0,17,100000
16161,2016-06-16,,0.0,29,100000
16162,2016-06-17,,0.0,45,100000
16163,2016-06-18,,0.0,18,100000
16164,2016-06-19,,0.0,65,100000
16165,2016-06-20,,0.0,47,100000
16166,2016-06-21,,0.0,80,100000
16167,2016-06-22,,0.0,43,100000
16168,2016-06-23,,0.0,37,100000
16169,2016-06-24,,0.0,42,100000
16170,2016-06-25,,0.0,11,100000
16171,2016-06-26,,0.0,58,100000
16172,2016-06-27,,0.0,69,100000
16173,2016-06-28,,0.0,20,100000
16174,2016-06-29,,0.0,60,100000
16175,2016-06-30,,0.0,30,100000
16176,2016-07-01,,0.0,25,100000
16177,2016-07-02,,0.0,81,100000
16178,2016-07-03,,0.0,30,100000
16179,2016-07-04,,0.0,38,100000
16180,2016-07-05,8374838,0.0,56,100000
16181,2016-07-06,8494130,0.0,28,100000
16182,2016-07-07,8743184,0.0,18,100000
16183,2016-07-08,8925844,0.0,62,100000
16184,2016-07-09,8117544,0.0,32,100000
16185,2016-07-10,8026472,0.0,10,100000
16186,2016-07-11,8439422,0.0,79,100000
16187,2016-07-12,8118918,0.0,29,100000
16188,2016-07-13,8260804,0.0,18,100000
16189,2016-07-14,8374236,0.0,20,100000
16190,2016-07-15,9059518,0.0,25,100000
16191,2016-07-16,8056172,0.0,56,100000
16192,2016-07-17,8129232,0.0,66,100000
16193,2016-07-18,8452728,0.0,100,100000
16194,2016-07-19,8187736,0.0,412,100000
16195,2016-07-20,8279994,0.0,7,100000
16196,2016-07-21,8476708,0.0,45,100000
16197,2016-07-22,9050146,0.0,41,100000
16198,2016-07-23,7843126,0.0,14,100000
16199,2016-07-24,7976382,0.0,13,100000
16200,2016-07-25,8349102,0.0,16,100000
16201,2016-07-26,8244074,0.0,57,100000
16202,2016-07-27,8331448,0.0,27,100000
16203,2016-07-28,8606114,0.0,92,100000
16204,2016-07-29,8973450,0.0,44,100000
16205,2016-07-30,7887486,0.0,58,100000
16206,2016-07-31,7946532,0.0,21,100000
16207,2016-08-01,8136094,0.0,8,100000
16208,2016-08-02,8030620,0.0,32,100000
16209,2016-08-03,8381934,0.0,26,100000
16210,2016-08-04,8286038,0.0,24,100000
16211,2016-08-05,9164220,0.0,185,100000
16212,2016-08-06,8100882,0.0,27,100000
16213,2016-08-07,8097690,0.0,39,100000
16214,2016-08-08,8510164,0.0,18,100000
16215,2016-08-09,8297286,0.0,4,100000
16216,2016-08-10,8187724,0.0,20,100000
16217,2016-08-11,8486300,0.0,17,100000
16218,2016-08-12,9121482,0.0,23,100000
16219,2016-08-13,7904414,0.0,26,100000
16220,2016-08-14,7886906,0.0,31,100000
16221,2016-08-15,8358854,0.0,45,100000
16222,2016-08-16,8399712,0.0,78,100000
16223,2016-08-17,8611460,0.0,30,100000
16224,2016-08-18,8710236,0.0,32,100000
16225,2016-08-19,9316546,0.0,16,100000
16226,2016-08-20,7922050,0.0,28,100000
16227,2016-08-21,7894766,0.0,17,100000
16228,2016-08-22,8429214,0.0,32,100000
16229,2016-08-23,8405096,0.0,25,100000
16230,2016-08-24,8483270,0.0,16,100000
16231,2016-08-25,8435638,0.0,23,100000
16232,2016-08-26,9256318,0.0,22,100000
16233,2016-08-27,8155988,0.0,56,100000
16234,2016-08-28,8118402,0.0,59,100000
16235,2016-08-29,8657488,0.0,56,100000
16236,2016-08-30,8531978,0.0,37,100000
16237,2016-08-31,8647086,0.0,51,100000
16238,2016-09-01,8830560,0.0,16,100000
16239,2016-09-02,9423970,0.0,38,100000
16240,2016-09-03,8122384,0.0,38,100000
16241,2016-09-04,8270688,0.0,7,100000
16242,2016-09-05,8431798,0.0,121,100000
16243,2016-09-06,8427640,0.0,33,100000
16244,2016-09-07,8669836,0.0,9,100000
16245,2016-09-08,8659586,0.0,72,100000
16246,2016-09-09,9546634,0.0,15,100000
16247,2016-09-10,8411550,0.0,16,100000
16248,2016-09-11,7989728,0.0,46,100000
16249,2016-09-12,8246932,0.0,56,100000
16250,2016-09-13,8530296,0.0,24,100000
16251,2016-09-14,8447818,0.0,8,100000
16252,2016-09-15,7451056,0.0,32,100000
16253,2016-09-16,8959230,0.0,99,100000
16254,2016-09-17,8627304,0.0,24,100000
16255,2016-09-18,8661418,0.0,88,100000
16256,2016-09-19,8808502,0.0,32,100000
16257,2016-09-20,8441980,0.0,33,100000
16258,2016-09-21,8599814,0.0,39,100000
16259,2016-09-22,8852580,0.0,35,100000
16260,2016-09-23,9726260,0.0,56,100000
16261,2016-09-24,8372352,0.0,22,100000
16262,2016-09-25,8323212,0.0,46,100000
16263,2016-09-26,8722808,0.0,24,100000
16264,2016-09-27,8414744,0.0,30,100000
16265,2016-09-28,8504346,0.0,41,100000
16266,2016-09-29,8801080,0.0,22,100000
16267,2016-09-30,9252114,0.0,6,100000
16268,2016-10-01,7451832,0.0,14,100000
16269,2016-10-02,7264784,0.0,18,100000
16270,2016-10-03,7324038,0.0,8,100000
16271,2016-10-04,7452768,0.0,7,100000
16272,2016-10-05,7718254,0.0,79,100000
16273,2016-10-06,8075714,0.0,21,100000
16274,2016-10-07,9298512,0.0,15,100000
16275,2016-10-08,8858418,0.0,9,100000
16276,2016-10-09,8583936,0.0,21,100000
16277,2016-10-10,8636058,0.0,82,100000
16278,2016-10-11,8655236,0.0,20,100000
16279,2016-10-12,8469442,0.0,44,100000
16280,2016-10-13,8844208,0.0,62,100000
16281,2016-10-14,9353968,0.0,68,100000
16282,2016-10-15,8254092,0.0,24,100000
16283,2016-10-16,8424272,0.0,16,100000
16284,2016-10-17,8509148,0.0,10,100000
16285,2016-10-18,8489614,0.0,26,100000
16286,2016-10-19,8741956,0.0,13,100000
16287,2016-10-20,8635238,0.0,55,100000
16288,2016-10-21,9363616,0.0,27,100000
16289,2016-10-22,8297976,0.0,137,100000
16290,2016-10-23,8324690,0.0,20,100000
16291,2016-10-24,8602252,0.0,49,100000
16292,2016-10-25,8695094,0.0,13,100000
16293,2016-10-26,8870984,0.0,15,100000
16294,2016-10-27,8751836,0.0,30,100000
16295,2016-10-28,9704450,0.0,51,100000
16296,2016-10-29,8489600,0.0,118,100000
16297,2016-10-30,8569690,0.0,69,100000
16298,2016-10-31,8950894,0.0,108,100000
16299,2016-11-01,8634134,0.0,72,100000
16300,2016-11-02,8849594,0.0,83,100000
16301,2016-11-03,9059882,0.0,39,100000
16302,2016-11-04,9296852,0.0,54,100000
16303,2016-11-05,8428538,0.0,28,100000
16304,2016-11-06,8656698,0.0,23,100000
16305,2016-11-07,8984102,0.0,31,100000
16306,2016-11-08,8610170,0.0,7,100000
16307,2016-11-09,8743190,0.0,100,100000
16308,2016-11-10,8947228,0.0,39,100000
16309,2016-11-11,10087088,0.0,23,100000
16310,2016-11-12,8743808,0.0,26,100000
16311,2016-11-13,8783936,0.0,48,100000
16312,2016-11-14,9217876,0.0,14,100000
16313,2016-11-15,9010166,0.0,8,100000
16314,2016-11-16,9138866,0.0,51,100000
16315,2016-11-17,9084646,0.0,22,100000
16316,2016-11-18,10185528,0.0,29,100000
16317,2016-11-19,8895544,0.0,21,100000
16318,2016-11-20,8721464,0.0,17,100000
16319,2016-11-21,9125000,0.0,22,100000
16320,2016-11-22,8772962,0.0,3,100000
16321,2016-11-23,8780632,0.0,35,100000
16322,2016-11-24,8943650,0.0,29,100000
16323,2016-11-25,9822286,0.0,17,100000
16324,2016-11-26,8769826,0.0,14,100000
16325,2016-11-27,8963410,0.0,28,100000
16326,2016-11-28,9192398,0.0,50,100000
16327,2016-11-29,8964260,0.0,37,100000
16328,2016-11-30,9037702,0.0,22,100000
16329,2016-12-01,9205914,0.0,81,100000
16330,2016-12-02,10009374,0.0,23,100000
16331,2016-12-03,8930776,0.0,80,100000
16332,2016-12-04,8787632,0.0,21,100000
16333,2016-12-05,9052218,0.0,31,100000
16334,2016-12-06,8900026,0.0,36,100000
16335,2016-12-07,8910880,0.0,42,100000
16336,2016-12-08,9341506,0.0,32,100000
16337,2016-12-09,10142338,0.0,43,100000
16338,2016-12-10,8817448,0.0,50,100000
16339,2016-12-11,8913670,0.0,95,100000
16340,2016-12-12,9513342,0.0,45,100000
16341,2016-12-13,9011670,0.0,9,100000
16342,2016-12-14,9094746,0.0,43,100000
16343,2016-12-15,9049918,0.0,36,100000
16344,2016-12-16,10039496,0.0,14,100000
16345,2016-12-17,8749988,0.0,34,100000
16346,2016-12-18,8973160,0.0,51,100000
16347,2016-12-19,8872124,0.0,38,100000
16348,2016-12-20,8927458,0.0,104,100000
16349,2016-12-21,9161992,0.0,31,100000
16350,2016-12-22,9440244,0.0,52,100000
16351,2016-12-23,10311440,0.0,201,100000
16352,2016-12-24,9236218,0.0,23,100000
16353,2016-12-25,8906282,0.0,19,100000
16354,2016-12-26,9172296,0.0,24,100000
16355,2016-12-27,9034704,0.0,27,100000
16356,2016-12-28,9340014,0.0,80,100000
16357,2016-12-29,9538386,0.0,120,100000
16358,2016-12-30,9865398,0.0,12,100000
16359,2016-12-31,9285090,0.0,70,100000
17001,2017-01-01,8661696,0.0,21,100000
17002,2017-01-02,9033268,0.0,25,100000
17003,2017-01-03,9230188,0.0,196,100000
17004,2017-01-04,9652330,0.0,30,100000
17005,2017-01-05,9476036,0.0,11,100000
17006,2017-01-06,10346700,0.0,14,100000
17007,2017-01-07,9242142,0.0,17,100000
17008,2017-01-08,9368452,0.0,108,100000
17009,2017-01-09,9463810,0.0,37,100000
17010,2017-01-10,9400702,0.0,130,100000
17011,2017-01-11,9648282,0.0,94,100000
17012,2017-01-12,9835850,0.0,39,100000
17013,2017-01-13,10781964,0.0,16,100000
17014,2017-01-14,9313702,0.0,48,100000
17015,2017-01-15,9506388,0.0,60,100000
17016,2017-01-16,9384782,0.0,37,100000
17017,2017-01-17,9473472,0.0,71,100000
17018,2017-01-18,9487192,0.0,23,100000
17019,2017-01-19,9565298,0.0,15,100000
17020,2017-01-20,10099474,0.0,103,100000
17021,2017-01-21,9379838,0.0,16,100000
17022,2017-01-22,9522322,0.0,35,100000
17023,2017-01-23,9387466,0.0,48,100000
17024,2017-01-24,9222296,0.0,40,100000
17025,2017-01-25,9325208,0.0,29,100000
17026,2017-01-26,8967464,0.0,15,100000
17027,2017-02-03,9064372,0.0,54,100000
17028,2017-02-04,8281770,0.0,56,100000
17029,2017-02-05,8103810,0.0,34,100000
17030,2017-02-06,8499088,0.0,21,100000
17031,2017-02-07,8496540,0.0,70,100000
17032,2017-02-08,8731684,0.0,61,100000
17033,2017-02-09,9135182,0.0,89,100000
17034,2017-02-10,9772586,0.0,42,100000
17035,2017-02-11,8487664,0.0,16,100000
17036,2017-02-12,8444990,0.0,32,100000
17037,2017-02-13,9115214,0.0,84,100000
17038,2017-02-14,8910690,0.0,36,100000
17039,2017-02-15,9538412,0.0,29,100000
17040,2017-02-16,9655060,0.0,18,100000
17041,2017-02-17,10684326,0.0,111,100000
17042,2017-02-18,9464420,0.0,36,100000
17043,2017-02-19,9466244,0.0,82,100000
17044,2017-02-20,9871826,0.0,41,100000
17045,2017-02-21,9544348,0.0,49,100000
17046,2017-02-22,9839658,0.0,47,100000
17047,2017-02-23,9659744,0.0,27,100000
17048,2017-02-24,10484900,0.0,16,100000
17049,2017-02-25,9223822,0.0,111,100000
17050,2017-02-26,9179568,0.0,21,100000
17051,2017-02-27,9727774,0.0,96,100000
17052,2017-02-28,9138792,0.0,40,100000
17053,2017-03-01,9701052,0.0,36,100000
17054,2017-03-02,9818698,0.0,17,100000
17055,2017-03-03,10712174,0.0,30,100000
17056,2017-03-04,9189216,0.0,13,100000
17057,2017-03-05,9151940,0.0,59,100000
17058,2017-03-06,9724360,0.0,5,100000
17059,2017-03-07,9599466,0.0,35,100000
17060,2017-03-08,9450830,0.0,22,100000
17061,2017-03-09,9724598,0.0,158,100000
17062,2017-03-10,10700664,0.0,79,100000
17063,2017-03-11,9396278,0.0,59,100000
17064,2017-03-12,9370594,0.0,67,100000
17065,2017-03-13,9925598,0.0,87,100000
17066,2017-03-14,9814840,0.0,13,100000
17067,2017-03-15,9763766,0.0,49,100000
17068,2017-03-16,10204780,0.0,24,100000
17069,2017-03-17,11170774,0.0,36,100000
17070,2017-03-18,9739492,0.0,31,100000
17071,2017-03-19,8994042,0.0,24,100000
17072,2017-03-20,10094436,0.0,35,100000
17073,2017-03-21,9784250,0.0,49,100000
17074,2017-03-22,9634882,0.0,54,100000
17075,2017-03-23,9888738,0.0,25,100000
17076,2017-03-24,10333190,0.0,238,100000
17077,2017-03-25,9607362,0.0,103,100000
17078,2017-03-26,9672480,0.0,62,100000
17079,2017-03-27,9793936,0.0,25,100000
17080,2017-03-28,9951380,0.0,23,100000
17081,2017-03-29,10036546,0.0,19,100000
17082,2017-03-30,9842690,0.0,23,100000
17083,2017-03-31,10729184,0.0,72,100000
17084,2017-04-01,9532618,0.0,42,100000
17085,2017-04-02,8747346,0.0,28,100000
17086,2017-04-03,8836450,0.0,26,100000
17087,2017-04-04,8902166,0.0,17,100000
17088,2017-04-05,9534652,0.0,60,100000
17089,2017-04-06,9962882,0.0,127,100000
17090,2017-04-07,10859340,0.0,160,100000
17091,2017-04-08,9544480,0.0,80,100000
17092,2017-04-09,9421064,0.0,47,100000
17093,2017-04-10,9744432,0.0,13,100000
17094,2017-04-11,9678588,0.0,21,100000
17095,2017-04-12,9584736,0.0,77,100000
17096,2017-04-13,9772440,0.0,131,100000
17097,2017-04-14,10587902,0.0,34,100000
17098,2017-04-15,9161760,0.0,17,100000
17099,2017-04-16,9099056,0.0,39,100000
17100,2017-04-17,9290348,0.0,48,100000
17101,2017-04-18,9406294,0.0,18,100000
17102,2017-04-19,9323068,0.0,14,100000
17103,2017-04-20,9587862,0.0,14,100000
17104,2017-04-21,10108320,0.0,40,100000
17105,2017-04-22,8673878,0.0,13,100000
17106,2017-04-23,8996144,0.0,20,100000
17107,2017-04-24,9242182,0.0,15,100000
17108,2017-04-25,9269876,0.0,64,100000
17109,2017-04-26,9143346,0.0,8,100000
17110,2017-04-27,9143258,0.0,48,100000
17111,2017-04-28,10168566,0.0,42,100000
17112,2017-04-29,8631474,0.0,33,100000
17113,2017-04-30,8332726,0.0,37,100000
17114,2017-05-01,8600388,0.0,74,100000
17115,2017-05-02,9128112,0.0,58,100000
17116,2017-05-03,9084632,0.0,14,100000
17117,2017-05-04,9290372,0.0,22,100000
17118,2017-05-05,10186164,0.0,85,100000
17119,2017-05-06,8410482,0.0,7,100000
17120,2017-05-07,8674704,0.0,10,100000
17121,2017-05-08,9055544,0.0,11,100000
17122,2017-05-09,8990648,0.0,26,100000
17123,2017-05-10,9045332,0.0,32,100000
17124,2017-05-11,9257124,0.0,26,100000
17125,2017-05-12,10065592,0.0,58,100000
17126,2017-05-13,8551706,0.0,130,100000
17127,2017-05-14,8803246,0.0,46,100000
17128,2017-05-15,9136716,0.0,16,100000
17129,2017-05-16,9138714,0.0,31,100000
17130,2017-05-17,9200328,0.0,31,100000
17131,2017-05-18,9402318,0.0,92,100000
17132,2017-05-19,10064768,0.0,44,100000
17133,2017-05-20,8642186,0.0,44,100000
17134,2017-05-21,8774158,0.0,27,100000
17135,2017-05-22,8941398,0.0,48,100000
17136,2017-05-23,8883486,0.0,21,100000
17137,2017-05-24,8930496,0.0,19,100000
17138,2017-05-25,9086908,0.0,4,100000
17139,2017-05-26,9757062,0.0,57,100000
17140,2017-05-27,8623210,0.0,43,100000
17141,2017-05-28,8308738,0.0,4,100000
17142,2017-05-29,8314692,0.0,15,100000
17143,2017-05-30,8266520,0.0,63,100000
17144,2017-05-31,8735576,0.0,41,100000
17145,2017-06-01,8783830,0.0,56,100000
17146,2017-06-02,10054876,0.0,51,100000
17147,2017-06-03,8786358,0.0,24,100000
17148,2017-06-04,8766524,0.0,225,100000
17149,2017-06-05,9113616,0.0,23,100000
17150,2017-06-06,9103674,0.0,120,100000
17151,2017-06-07,9149786,0.0,43,100000
17152,2017-06-08,9227034,0.0,41,100000
17153,2017-06-09,10226810,0.0,44,100000
17154,2017-06-10,8687960,0.0,50,100000
17155,2017-06-11,9089784,0.0,11,100000
17156,2017-06-12,8873038,0.0,4,100000
17157,2017-06-13,8683490,0.0,28,100000
17158,2017-06-14,8889292,0.0,28,100000
17159,2017-06-15,9144622,0.0,30,100000
17160,2017-06-16,9888494,0.0,64,100000
17161,2017-06-17,8667678,0.0,47,100000
17162,2017-06-18,8788124,0.0,33,100000
17163,2017-06-19,9030364,0.0,72,100000
17164,2017-06-20,9121204,0.0,53,100000
17165,2017-06-21,9095784,0.0,28,100000
17166,2017-06-22,9274534,0.0,33,100000
17167,2017-06-23,10188064,0.0,42,100000
17168,2017-06-24,8601438,0.0,14,100000
17169,2017-06-25,8664906,0.0,36,100000
17170,2017-06-26,8986642,0.0,72,100000
17171,2017-06-27,8792994,0.0,45,100000
17172,2017-06-28,8738556,0.0,12,100000
17173,2017-06-29,9131056,0.0,202,100000
17174,2017-06-30,10155946,0.0,23,100000
17175,2017-07-01,8867096,0.0,60,100000
17176,2017-07-02,8890162,0.0,38,100000
17177,2017-07-03,9278108,0.0,23,100000
17178,2017-07-04,8993374,0.0,33,100000
17179,2017-07-05,8972810,0.0,48,100000
17180,2017-07-06,9083900,0.0,39,100000
17181,2017-07-07,9918742,0.0,19,100000
17182,2017-07-08,8658940,0.0,53,100000
17183,2017-07-09,8717798,0.0,92,100000
17184,2017-07-10,8895332,0.0,26,100000
17185,2017-07-11,8820434,0.0,27,100000
17186,2017-07-12,8898060,0.0,20,100000
17187,2017-07-13,9022854,0.0,51,100000
17188,2017-07-14,10038654,0.0,118,100000
17189,2017-07-15,8931760,0.0,14,100000
17190,2017-07-16,9057198,0.0,23,100000
17191,2017-07-17,9113164,0.0,8,100000
17192,2017-07-18,9018064,0.0,7,100000
17193,2017-07-19,8929526,0.0,30,100000
17194,2017-07-20,9035012,0.0,73,100000
17195,2017-07-21,10112436,0.0,48,100000
17196,2017-07-22,8722346,0.0,38,100000
17197,2017-07-23,8875706,0.0,68,100000
17198,2017-07-24,9292160,0.0,26,100000
17199,2017-07-25,9129994,0.0,15,100000
17200,2017-07-26,9045544,0.0,25,100000
17201,2017-07-27,9247222,0.0,37,100000
17202,2017-07-28,10233742,0.0,33,100000
17203,2017-07-29,8599134,0.0,7,100000
17204,2017-07-30,8583478,0.0,126,100000
17205,2017-07-31,8799176,0.0,26,100000
17206,2017-08-01,9142172,0.0,109,100000
17207,2017-08-02,9179170,0.0,23,100000
17208,2017-08-03,9502896,0.0,62,100000
17209,2017-08-04,10248784,0.0,28,100000
17210,2017-08-05,8873236,0.0,67,100000
17211,2017-08-06,8930492,0.0,76,100000
17212,2017-08-07,9044334,0.0,24,100000
17213,2017-08-08,8607140,0.0,36,100000
17214,2017-08-09,8865294,0.0,58,100000
17215,2017-08-10,9168890,0.0,34,100000
17216,2017-08-11,10169260,0.0,37,100000
17217,2017-08-12,8783836,0.0,23,100000
17218,2017-08-13,8892420,0.0,62,100000
17219,2017-08-14,9367942,0.0,10,100000
17220,2017-08-15,9435646,0.0,86,100000
17221,2017-08-16,9371890,0.0,26,100000
17222,2017-08-17,9537134,0.0,32,100000
17223,2017-08-18,10252354,0.0,57,100000
17224,2017-08-19,8808538,0.0,16,100000
17225,2017-08-20,8920288,0.0,43,100000
17226,2017-08-21,9106934,0.0,31,100000
17227,2017-08-22,9173234,0.0,71,100000
17228,2017-08-23,9412810,0.0,19,100000
17229,2017-08-24,9490492,0.0,38,100000
17230,2017-08-25,10514456,0.0,72,100000
17231,2017-08-26,9614218,0.0,8,100000
17232,2017-08-27,9180188,0.0,24,100000
17233,2017-08-28,9557396,0.0,16,100000
17234,2017-08-29,9450454,0.0,33,100000
17235,2017-08-30,9254730,0.0,59,100000
17236,2017-08-31,9426580,0.0,79,100000
17237,2017-09-01,10324264,0.0,35,100000
17238,2017-09-02,9262906,0.0,29,100000
17239,2017-09-03,8975100,0.0,26,100000
17240,2017-09-04,9243878,0.0,35,100000
17241,2017-09-05,9319024,0.0,38,100000
17242,2017-09-06,9316496,0.0,47,100000
17243,2017-09-07,9604816,0.0,108,100000
17244,2017-09-08,10478356,0.0,42,100000
17245,2017-09-09,9220864,0.0,48,100000
17246,2017-09-10,9164304,0.0,114,100000
17247,2017-09-11,8871168,0.0,57,100000
17248,2017-09-12,9286428,0.0,22,100000
17249,2017-09-13,9366044,0.0,32,100000
17250,2017-09-14,9787722,0.0,66,100000
17251,2017-09-15,11097652,0.0,30,100000
17252,2017-09-16,9248772,0.0,22,100000
17253,2017-09-17,9650960,0.0,183,100000
17254,2017-09-18,9516810,0.0,24,100000
17255,2017-09-19,9733480,0.0,17,100000
17256,2017-09-20,9595690,0.0,36,100000
17257,2017-09-21,9931730,0.0,98,100000
17258,2017-09-22,10677774,0.0,53,100000
17259,2017-09-23,9456850,0.0,93,100000
17260,2017-09-24,9651874,0.0,58,100000
17261,2017-09-25,9831048,0.0,48,100000
17262,2017-09-26,9912302,0.0,96,100000
17263,2017-09-27,10040524,0.0,31,100000
17264,2017-09-28,10241982,0.0,57,100000
17265,2017-09-29,11250376,0.0,28,100000
17266,2017-09-30,9522286,0.0,54,100000
17267,2017-10-01,8623210,0.0,18,100000
17268,2017-10-02,8735540,0.0,22,100000
17269,2017-10-03,8643902,0.0,69,100000
17270,2017-10-04,8601382,0.0,32,100000
17271,2017-10-05,8717648,0.0,59,100000
17272,2017-10-06,10009640,0.0,32,100000
17273,2017-10-07,9255454,0.0,15,100000
17274,2017-10-08,9424614,0.0,19,100000
17275,2017-10-09,9659298,0.0,20,100000
17276,2017-10-10,9690038,0.0,24,100000
17277,2017-10-11,9595516,0.0,11,100000
17278,2017-10-12,9885216,0.0,10,100000
17279,2017-10-13,10879054,0.0,49,100000
17280,2017-10-14,9322696,0.0,47,100000
17281,2017-10-15,9328404,0.0,130,100000
17282,2017-10-16,9476506,0.0,28,100000
17283,2017-10-17,9286920,0.0,41,100000
17284,2017-10-18,9799674,0.0,63,100000
17285,2017-10-19,10162304,0.0,23,100000
17286,2017-10-20,11127296,0.0,246,100000
17287,2017-10-21,10060498,0.0,86,100000
17288,2017-10-22,9768608,0.0,83,100000
17289,2017-10-23,10314854,0.0,38,100000
17290,2017-10-24,10123506,0.0,42,100000
17291,2017-10-25,10176542,0.0,35,100000
17292,2017-10-26,10273232,0.0,12,100000
17293,2017-10-27,11481980,0.0,37,100000
17294,2017-10-28,9883578,0.0,45,100000
17295,2017-10-29,9834170,0.0,31,100000
17296,2017-10-30,10136076,0.0,86,100000
17297,2017-10-31,9986884,0.0,26,100000
17298,2017-11-01,9933192,0.0,42,100000
17299,2017-11-02,9919756,0.0,45,100000
17300,2017-11-03,11110056,0.0,147,100000
17301,2017-11-04,9827404,0.0,53,100000
17302,2017-11-05,9552454,0.0,47,100000
17303,2017-11-06,9976354,0.0,74,100000
17304,2017-11-07,9926238,0.0,49,100000
17305,2017-11-08,9772648,0.0,25,100000
17306,2017-11-09,9882764,0.0,64,100000
17307,2017-11-10,10961406,0.0,43,100000
17308,2017-11-11,9910392,0.0,29,100000
17309,2017-11-12,9625854,0.0,46,100000
17310,2017-11-13,9826738,0.0,41,100000
17311,2017-11-14,9758570,0.0,18,100000
17312,2017-11-15,9950704,0.0,63,100000
17313,2017-11-16,10138094,0.0,79,100000
17314,2017-11-17,11089268,0.0,68,100000
17315,2017-11-18,9699476,0.0,36,100000
17316,2017-11-19,9492348,0.0,107,100000
17317,2017-11-20,9722876,0.0,27,100000
17318,2017-11-21,9386368,0.0,67,100000
17319,2017-11-22,9645290,0.0,22,100000
17320,2017-11-23,9769064,0.0,15,100000
17321,2017-11-24,10656442,0.0,28,100000
17322,2017-11-25,9418768,0.0,40,100000
17323,2017-11-26,9682506,0.0,41,100000
17324,2017-11-27,10060860,0.0,80,100000
17325,2017-11-28,9929548,0.0,15,100000
17326,2017-11-29,9875924,0.0,52,100000
17327,2017-11-30,10255452,0.0,87,100000
17328,2017-12-01,11515278,0.0,93,100000
17329,2017-12-02,10096794,0.0,41,100000
17330,2017-12-03,10041056,0.0,148,100000
17331,2017-12-04,10265244,0.0,71,100000
17332,2017-12-05,10076176,0.0,82,100000
17333,2017-12-06,10118946,0.0,26,100000
17334,2017-12-07,10327548,0.0,45,100000
17335,2017-12-08,11616346,0.0,79,100000
17336,2017-12-09,9905214,0.0,13,100000
17337,2017-12-10,9881488,0.0,32,100000
17338,2017-12-11,10161924,0.0,53,100000
17339,2017-12-12,10079562,0.0,24,100000
17340,2017-12-13,10246714,0.0,116,100000
17341,2017-12-14,10145536,0.0,47,100000
17342,2017-12-15,11573510,0.0,149,100000
17343,2017-12-16,10207010,0.0,58,100000
17344,2017-12-17,10070722,0.0,33,100000
17345,2017-12-18,10419616,0.0,40,100000
17346,2017-12-19,10162490,0.0,14,100000
17347,2017-12-20,10208132,0.0,13,100000
17348,2017-12-21,10317396,0.0,10,100000
17349,2017-12-22,11667010,0.0,83,100000
17350,2017-12-23,10227376,0.0,213,100000
17351,2017-12-24,10311064,0.0,26,100000
17352,2017-12-25,10606144,0.0,82,100000
17353,2017-12-26,10351026,0.0,25,100000
17354,2017-12-27,10659132,0.0,27,100000
17355,2017-12-28,10828616,0.0,16,100000
17356,2017-12-29,11943352,0.0,12,100000
17357,2017-12-30,10132112,0.0,59,100000
17358,2017-12-31,10283910,0.0,47,100000
18001,2018-01-01,10248184,0.0,14,100000
18002,2018-01-02,10118222,0.0,38,100000
18003,2018-01-03,10060894,0.0,25,100000
18004,2018-01-04,10192350,0.0,278,100000
18005,2018-01-05,11893302,0.0,93,100000
18006,2018-01-06,10520212,0.0,33,100000
18007,2018-01-07,10450498,0.0,87,100000
18008,2018-01-08,10434060,0.0,111,100000
18009,2018-01-09,10542830,0.0,46,100000
18010,2018-01-10,10616478,0.0,32,100000
18011,2018-01-11,10932756,0.0,39,100000
18012,2018-01-12,11923128,0.0,17,100000
18013,2018-01-13,10495456,0.0,30,100000
18014,2018-01-14,10257384,0.0,52,100000
18015,2018-01-15,10714178,0.0,31,100000
18016,2018-01-16,10828602,0.0,25,100000
18017,2018-01-17,11346898,0.0,27,100000
18018,2018-01-18,11151640,0.0,37,100000
18019,2018-01-19,12373094,0.0,36,100000
18020,2018-01-20,10564418,0.0,30,100000
18021,2018-01-21,10542448,0.0,37,100000
18022,2018-01-22,10924100,0.0,48,100000
18023,2018-01-23,10763306,0.0,32,100000
18024,2018-01-24,10651140,0.0,42,100000
18025,2018-01-25,10247970,0.0,33,100000
18026,2018-01-26,11762716,0.0,63,100000
18027,2018-01-27,10229010,0.0,32,100000
18028,2018-01-28,10230992,0.0,19,100000
18029,2018-01-29,10407540,0.0,33,100000
18030,2018-01-30,10489470,0.0,15,100000
18031,2018-01-31,10647770,0.0,41,100000
18032,2018-02-01,10599324,0.0,55,100000
18033,2018-02-02,11861292,0.0,28,100000
18034,2018-02-03,10272130,0.0,35,100000
18035,2018-02-04,10205836,0.0,35,100000
18036,2018-02-05,10620894,0.0,34,100000
18037,2018-02-06,10554260,0.0,30,100000
18038,2018-02-07,10573636,0.0,36,100000
18039,2018-02-08,10901512,0.0,98,100000
18040,2018-02-09,12010496,0.0,99,100000
18041,2018-02-10,10643294,0.0,22,100000
18042,2018-02-11,10278162,0.0,52,100000
18043,2018-02-12,10605654,0.0,75,100000
18044,2018-02-13,10168134,0.0,32,100000
18045,2018-02-14,10245784,0.0,11,100000
18046,2018-02-22,9882194,0.0,190,100000
18047,2018-02-23,10458116,0.0,38,100000
18048,2018-02-24,9582380,0.0,50,100000
18049,2018-02-25,9124316,0.0,90,100000
18050,2018-02-26,10327184,0.0,57,100000
18051,2018-02-27,9885966,0.0,24,100000
18052,2018-02-28,10004772,0.0,51,100000
18053,2018-03-01,10097952,0.0,54,100000
18054,2018-03-02,11173490,0.0,63,100000
18055,2018-03-03,9537056,0.0,11,100000
18056,2018-03-04,9538718,0.0,21,100000
18057,2018-03-05,10033178,0.0,37,100000
18058,2018-03-06,9927024,0.0,26,100000
18059,2018-03-07,10158412,0.0,60,100000
18060,2018-03-08,10194724,0.0,111,100000
18061,2018-03-09,11440492,0.0,30,100000
18062,2018-03-10,9985980,0.0,86,100000
18063,2018-03-11,10265832,0.0,26,100000
18064,2018-03-12,10435042,0.0,27,100000
18065,2018-03-13,10474642,0.0,26,100000
18066,2018-03-14,10146962,0.0,31,100000
18067,2018-03-15,9891154,0.0,24,100000
18068,2018-03-16,11257018,0.0,262,100000
18069,2018-03-17,9873410,0.0,31,100000
18070,2018-03-18,9946820,0.0,43,100000
18071,2018-03-19,10193646,0.0,115,100000
18072,2018-03-20,10228810,0.0,30,100000
18073,2018-03-21,10485564,0.0,112,100000
18074,2018-03-22,10590944,0.0,37,100000
18075,2018-03-23,11845720,0.0,39,100000
18076,2018-03-24,9966246,0.0,52,100000
18077,2018-03-25,10210152,0.0,26,100000
18078,2018-03-26,10543436,0.0,19,100000
18079,2018-03-27,10405398,0.0,19,100000
18080,2018-03-28,10461890,0.0,51,100000
18081,2018-03-29,10507592,0.0,60,100000
18082,2018-03-30,11787394,0.0,55,100000
18083,2018-03-31,10176740,0.0,78,100000
18084,2018-04-01,10382198,0.0,65,100000
18085,2018-04-02,10164842,0.0,34,100000
18086,2018-04-03,10214728,0.0,29,100000
18087,2018-04-04,10048804,0.0,78,100000
18088,2018-04-05,9369842,0.0,64,100000
18089,2018-04-06,10884364,0.0,37,100000
18090,2018-04-07,10170824,0.0,42,100000
18091,2018-04-08,10544894,0.0,22,100000
18092,2018-04-09,10326618,0.0,14,100000
18093,2018-04-10,10228338,0.0,33,100000
18094,2018-04-11,10027158,0.0,96,100000
18095,2018-04-12,10848826,0.0,18,100000
18096,2018-04-13,11502852,0.0,111,100000
18097,2018-04-14,10038042,0.0,11,100000
18098,2018-04-15,10077024,0.0,31,100000
18099,2018-04-16,9982770,0.0,29,100000
18100,2018-04-17,10186906,0.0,44,100000
18101,2018-04-18,10150854,0.0,38,100000
18102,2018-04-19,10609528,0.0,24,100000
18103,2018-04-20,11393488,0.0,29,100000
18104,2018-04-21,9881810,0.0,26,100000
18105,2018-04-22,9819686,0.0,50,100000
18106,2018-04-23,10301140,0.0,54,100000
18107,2018-04-24,10304164,0.0,26,100000
18108,2018-04-25,10379904,0.0,31,100000
18109,2018-04-26,10006790,0.0,46,100000
18110,2018-04-27,11519008,0.0,40,100000
18111,2018-04-28,10191772,0.0,403,100000
18112,2018-04-29,9993258,0.0,47,100000
18113,2018-04-30,9726660,0.0,53,100000
18114,2018-05-01,10033498,0.0,95,100000
18115,2018-05-02,10122668,0.0,39,100000
18116,2018-05-03,10554524,0.0,53,100000
18117,2018-05-04,11224528,0.0,33,100000
18118,2018-05-05,9971018,0.0,33,100000
18119,2018-05-06,9994878,0.0,38,100000
18120,2018-05-07,9909886,0.0,66,100000
18121,2018-05-08,10064436,0.0,40,100000
18122,2018-05-09,10180336,0.0,77,100000
18123,2018-05-10,10637774,0.0,13,100000
18124,2018-05-11,11739838,0.0,18,100000
18125,2018-05-12,9965000,0.0,92,100000
18126,2018-05-13,9661712,0.0,43,100000
18127,2018-05-14,10086974,0.0,137,100000
18128,2018-05-15,10376258,0.0,54,100000
18129,2018-05-16,9853564,0.0,75,100000
18130,2018-05-17,10430518,0.0,37,100000
18131,2018-05-18,11189882,0.0,60,100000
18132,2018-05-19,9924716,0.0,27,100000
18133,2018-05-20,10015902,0.0,28,100000
18134,2018-05-21,10174324,0.0,28,100000
18135,2018-05-22,9956396,0.0,22,100000
18136,2018-05-23,9937588,0.0,11,100000
18137,2018-05-24,10096098,0.0,15,100000
18138,2018-05-25,11063134,0.0,88,100000
18139,2018-05-26,9518262,0.0,52,100000
18140,2018-05-27,9843816,0.0,25,100000
18141,2018-05-28,9943174,0.0,24,100000
18142,2018-05-29,10096444,0.0,21,100000
18143,2018-05-30,10116910,0.0,27,100000
18144,2018-05-31,10128850,0.0,13,100000
18145,2018-06-01,10644558,0.0,139,100000
18146,2018-06-02,9483278,0.0,39,100000
18147,2018-06-03,9735330,0.0,29,100000
18148,2018-06-04,9873526,0.0,57,100000
18149,2018-06-05,9895092,0.0,34,100000
18150,2018-06-06,9906252,0.0,94,100000
18151,2018-06-07,9937632,0.0,17,100000
18152,2018-06-08,11111002,0.0,61,100000
18153,2018-06-09,9719264,0.0,15,100000
18154,2018-06-10,9740222,0.0,5,100000
18155,2018-06-11,9906220,0.0,46,100000
18156,2018-06-12,9682444,0.0,26,100000
18157,2018-06-13,8186834,0.0,95,100000
18158,2018-06-14,10114744,0.0,53,100000
18159,2018-06-15,10676712,0.0,17,100000
18160,2018-06-16,9314306,0.0,49,100000
18161,2018-06-17,9292840,0.0,54,100000
18162,2018-06-18,9591988,0.0,17,100000
18163,2018-06-19,9831622,0.0,20,100000
18164,2018-06-20,9748994,0.0,8,100000
18165,2018-06-21,9647964,0.0,29,100000
18166,2018-06-22,10692474,0.0,33,100000
18167,2018-06-23,9286130,0.0,15,100000
18168,2018-06-24,9440388,0.0,35,100000
18169,2018-06-25,9603086,0.0,120,100000
18170,2018-06-26,9655354,0.0,58,100000
18171,2018-06-27,9604416,0.0,40,100000
18172,2018-06-28,9707936,0.0,40,100000
18173,2018-06-29,10982328,0.0,22,100000
18174,2018-06-30,9230570,0.0,31,100000
18175,2018-07-01,9202674,0.0,29,100000
18176,2018-07-02,9629808,0.0,55,100000
18177,2018-07-03,9755158,0.0,126,100000
18178,2018-07-04,9363472,0.0,117,100000
18179,2018-07-05,9827910,0.0,11,100000
18180,2018-07-06,10986896,0.0,54,100000
18181,2018-07-07,9629914,0.0,33,100000
18182,2018-07-08,9697968,0.0,47,100000
18183,2018-07-09,9477610,0.0,22,100000
18184,2018-07-10,9648466,0.0,49,100000
18185,2018-07-11,9746158,0.0,16,100000
18186,2018-07-12,9880788,0.0,84,100000
18187,2018-07-13,11061224,0.0,23,100000
18188,2018-07-14,9493570,0.0,29,100000
18189,2018-07-15,9632070,0.0,64,100000
18190,2018-07-16,9647888,0.0,40,100000
18191,2018-07-17,9734516,0.0,23,100000
18192,2018-07-18,9858856,0.0,26,100000
18193,2018-07-19,9600958,0.0,29,100000
18194,2018-07-20,10858542,0.0,29,100000
18195,2018-07-21,9512168,0.0,30,100000
18196,2018-07-22,9483340,0.0,30,100000
18197,2018-07-23,9675688,0.0,25,100000
18198,2018-07-24,9533750,0.0,175,100000
18199,2018-07-25,9616072,0.0,18,100000
18200,2018-07-26,9876560,0.0,56,100000
18201,2018-07-27,11017902,0.0,40,100000
18202,2018-07-28,9438084,0.0,17,100000
18203,2018-07-29,9398628,0.0,41,100000
18204,2018-07-30,9836836,0.0,29,100000
18205,2018-07-31,9673724,0.0,50,100000
18206,2018-08-01,9871132,0.0,34,100000
18207,2018-08-02,10023988,0.0,74,100000
18208,2018-08-03,10740304,0.0,119,100000
18209,2018-08-04,9869994,0.0,41,100000
18210,2018-08-05,9393922,0.0,62,100000
18211,2018-08-06,9931396,0.0,78,100000
18212,2018-08-07,9956268,0.0,26,100000
18213,2018-08-08,9952564,0.0,45,100000
18214,2018-08-09,10026720,0.0,45,100000
18215,2018-08-10,11454826,0.0,48,100000
18216,2018-08-11,9953696,0.0,60,100000
18217,2018-08-12,9807752,0.0,24,100000
18218,2018-08-13,10037072,0.0,11,100000
18219,2018-08-14,9688314,0.0,21,100000
18220,2018-08-15,9960280,0.0,50,100000
18221,2018-08-16,10263004,0.0,12,100000
18222,2018-08-17,11386626,0.0,105,100000
18223,2018-08-18,9855774,0.0,73,100000
18224,2018-08-19,9816748,0.0,35,100000
18225,2018-08-20,10041176,0.0,78,100000
18226,2018-08-21,10071002,0.0,29,100000
18227,2018-08-22,10066560,0.0,20,100000
18228,2018-08-23,10303682,0.0,41,100000
18229,2018-08-24,11370188,0.0,25,100000
18230,2018-08-25,9871214,0.0,208,100000
18231,2018-08-26,9901158,0.0,47,100000
18232,2018-08-27,10191486,0.0,31,100000
18233,2018-08-28,10024714,0.0,157,100000
18234,2018-08-29,9324534,0.0,25,100000
18235,2018-08-30,9944040,0.0,16,100000
18236,2018-08-31,11427638,0.0,64,100000
18237,2018-09-01,10015994,0.0,37,100000
18238,2018-09-02,9904674,0.0,86,100000
18239,2018-09-03,10289218,0.0,121,100000
18240,2018-09-04,10180262,0.0,58,100000
18241,2018-09-05,10525402,0.0,38,100000
18242,2018-09-06,10482936,0.0,14,100000
18243,2018-09-07,11607710,0.0,30,100000
18244,2018-09-08,9940844,0.0,183,100000
18245,2018-09-09,10421622,0.0,30,100000
18246,2018-09-10,10411348,0.0,35,100000
18247,2018-09-11,10296752,0.0,115,100000
18248,2018-09-12,10238474,0.0,29,100000
18249,2018-09-13,10306180,0.0,22,100000
18250,2018-09-14,11629290,0.0,30,100000
18251,2018-09-15,10281730,0.0,57,100000
18252,2018-09-16,9592556,0.0,155,100000
18253,2018-09-17,10397612,0.0,56,100000
18254,2018-09-18,10574726,0.0,18,100000
18255,2018-09-19,10223326,0.0,58,100000
18256,2018-09-20,10642104,0.0,184,100000
18257,2018-09-21,11886720,0.0,43,100000
18258,2018-09-22,10156356,0.0,25,100000
18259,2018-09-23,9949156,0.0,24,100000
18260,2018-09-24,9961928,0.0,92,100000
18261,2018-09-25,10306158,0.0,71,100000
18262,2018-09-26,10764104,0.0,21,100000
18263,2018-09-27,10675474,0.0,27,100000
18264,2018-09-28,11795940,0.0,32,100000
18265,2018-09-29,10681346,0.0,42,100000
18266,2018-09-30,9923198,0.0,15,100000
18267,2018-10-01,9047006,0.0,58,100000
18268,2018-10-02,9008216,0.0,53,100000
18269,2018-10-03,9303538,0.0,10,100000
18270,2018-10-04,9430724,0.0,24,100000
18271,2018-10-05,10444062,0.0,15,100000
18272,2018-10-06,9700400,0.0,23,100000
18273,2018-10-07,9706922,0.0,65,100000
18274,2018-10-08,10271562,0.0,87,100000
18275,2018-10-09,10097750,0.0,40,100000
18276,2018-10-10,10225404,0.0,63,100000
18277,2018-10-11,10587178,0.0,22,100000
18278,2018-10-12,11654248,0.0,67,100000
18279,2018-10-13,10085520,0.0,52,100000
18280,2018-10-14,10306506,0.0,32,100000
18281,2018-10-15,10609688,0.0,97,100000
18282,2018-10-16,10525172,0.0,48,100000
18283,2018-10-17,10830392,0.0,19,100000
18284,2018-10-18,10489964,0.0,7,100000
18285,2018-10-19,11731264,0.0,15,100000
18286,2018-10-20,9871690,0.0,46,100000
18287,2018-10-21,9981780,0.0,12,100000
18288,2018-10-22,10318558,0.0,74,100000
18289,2018-10-23,10236882,0.0,29,100000
18290,2018-10-24,10466468,0.0,22,100000
18291,2018-10-25,10360182,0.0,59,100000
18292,2018-10-26,11708974,0.0,27,100000
18293,2018-10-27,10100896,0.0,40,100000
18294,2018-10-28,9936174,0.0,38,100000
18295,2018-10-29,10344010,0.0,56,100000
18296,2018-10-30,10144304,0.0,7,100000
18297,2018-10-31,10057134,0.0,67,100000
18298,2018-11-01,10181356,0.0,41,100000
18299,2018-11-02,11838690,0.0,29,100000
18300,2018-11-03,9987864,0.0,34,100000
18301,2018-11-04,10200210,0.0,95,100000
18302,2018-11-05,10282588,0.0,24,100000
18303,2018-11-06,9839416,0.0,66,100000
18304,2018-11-07,10144660,0.0,15,100000
18305,2018-11-08,10198586,0.0,20,100000
18306,2018-11-09,11421844,0.0,222,100000
18307,2018-11-10,9385810,0.0,25,100000
18308,2018-11-11,9947548,0.0,49,100000
18309,2018-11-12,10482660,0.0,23,100000
18310,2018-11-13,10327570,0.0,56,100000
18311,2018-11-14,10611546,0.0,13,100000
18312,2018-11-15,10757238,0.0,69,100000
18313,2018-11-16,11320656,0.0,87,100000
18314,2018-11-17,9990582,0.0,40,100000
18315,2018-11-18,10059630,0.0,33,100000
18316,2018-11-19,10314574,0.0,39,100000
18317,2018-11-20,10246996,0.0,235,100000
18318,2018-11-21,10512146,0.0,31,100000
18319,2018-11-22,10700768,0.0,102,100000
18320,2018-11-23,11934664,0.0,27,100000
18321,2018-11-24,10243764,0.0,77,100000
18322,2018-11-25,10207434,0.0,67,100000
18323,2018-11-26,10407170,0.0,12,100000
18324,2018-11-27,10350006,0.0,34,100000
18325,2018-11-28,10420150,0.0,40,100000
18326,2018-11-29,10443742,0.0,20,100000
18327,2018-11-30,11844318,0.0,21,100000
18328,2018-12-01,10400064,0.0,98,100000
18329,2018-12-02,10173048,0.0,23,100000
18330,2018-12-03,10384092,0.0,115,100000
18331,2018-12-04,10352568,0.0,24,100000
18332,2018-12-05,10578166,0.0,34,100000
18333,2018-12-06,10523776,0.0,72,100000
18334,2018-12-07,11583356,0.0,64,100000
18335,2018-12-08,10265652,0.0,50,100000
18336,2018-12-09,10259694,0.0,85,100000
18337,2018-12-10,10332498,0.0,49,100000
18338,2018-12-11,10161538,0.0,28,100000
18339,2018-12-12,10439368,0.0,69,100000
18340,2018-12-13,10547810,0.0,37,100000
18341,2018-12-14,11952658,0.0,28,100000
18342,2018-12-15,10314166,0.0,26,100000
18343,2018-12-16,10504330,0.0,51,100000
18344,2018-12-17,10852804,0.0,35,100000
18345,2018-12-18,10442262,0.0,39,100000
18346,2018-12-19,10917442,0.0,127,100000
18347,2018-12-20,11362376,0.0,41,100000
18348,2018-12-21,12521098,0.0,49,100000
18349,2018-12-22,10411904,0.0,87,100000
18350,2018-12-23,10704986,0.0,25,100000
18351,2018-12-24,10992988,0.0,224,100000
18352,2018-12-25,11068306,0.0,11,100000
18353,2018-12-26,11023332,0.0,66,100000
18354,2018-12-27,11108364,0.0,28,100000
18355,2018-12-28,12571002,0.0,54,100000
18356,2018-12-29,11171446,0.0,85,100000
18357,2018-12-30,10283012,0.0,60,100000
18358,2018-12-31,10699200,0.0,68,100000
19001,2019-01-01,10733838,0.0,115,100000
19002,2019-01-02,10630128,0.0,130,100000
19003,2019-01-03,11231848,0.0,24,100000
19004,2019-01-04,12721734,0.0,36,100000
19005,2019-01-05,11014900,0.0,23,100000
19006,2019-01-06,11189188,0.0,28,100000
19007,2019-01-07,11156544,0.0,103,100000
19008,2019-01-08,11043106,0.0,26,100000
19009,2019-01-09,11168750,0.0,102,100000
19010,2019-01-10,11473104,0.0,36,100000
19011,2019-01-11,12781210,0.0,30,100000
19012,2019-01-12,11219622,0.0,51,100000
19013,2019-01-13,11032156,0.0,106,100000
19014,2019-01-14,11495046,0.0,24,100000
19015,2019-01-15,11120308,0.0,53,100000
19016,2019-01-16,11167640,0.0,66,100000
19017,2019-01-17,11591550,0.0,152,100000
19018,2019-01-18,12955618,0.0,56,100000
19019,2019-01-19,11145094,0.0,45,100000
19020,2019-01-20,10364248,0.0,107,100000
19021,2019-01-21,11203954,0.0,87,100000
19022,2019-01-22,11381158,0.0,12,100000
19023,2019-01-23,11412560,0.0,22,100000
19024,2019-01-24,11447578,0.0,55,100000
19025,2019-01-25,12719216,0.0,29,100000
19026,2019-01-26,11243076,0.0,62,100000
19027,2019-01-27,11214202,0.0,89,100000
19028,2019-01-28,11310618,0.0,27,100000
19029,2019-01-29,11200276,0.0,23,100000
19030,2019-01-30,11326626,0.0,149,100000
19031,2019-01-31,11417500,0.0,35,100000
19032,2019-02-01,12458058,0.0,30,100000
19033,2019-02-02,11112570,0.0,25,100000
19034,2019-02-03,10555816,0.0,108,100000
19035,2019-02-11,10468048,0.0,16,100000
19036,2019-02-12,9450240,0.0,29,100000
19037,2019-02-13,10117116,0.0,39,100000
19038,2019-02-14,10061332,0.0,24,100000
19039,2019-02-15,11426468,0.0,7,100000
19040,2019-02-16,10065724,0.0,28,100000
19041,2019-02-17,9927612,0.0,34,100000
19042,2019-02-18,10136862,0.0,77,100000
19043,2019-02-19,10274860,0.0,72,100000
19044,2019-02-20,10291642,0.0,34,100000
19045,2019-02-21,10607424,0.0,61,100000
19046,2019-02-22,11817558,0.0,50,100000
19047,2019-02-23,10086792,0.0,38,100000
19048,2019-02-24,10243672,0.0,71,100000
19049,2019-02-25,10440114,0.0,21,100000
19050,2019-02-26,10457142,0.0,28,100000
19051,2019-02-27,10585378,0.0,110,100000
19052,2019-02-28,11003596,0.0,52,100000
19053,2019-03-01,12138280,0.0,29,100000
19054,2019-03-02,10642398,0.0,18,100000
19055,2019-03-03,10570538,0.0,82,100000
19056,2019-03-04,10960700,0.0,49,100000
19057,2019-03-05,10702260,0.0,72,100000
19058,2019-03-06,10727552,0.0,72,100000
19059,2019-03-07,11225546,0.0,25,100000
19060,2019-03-08,12313102,0.0,35,100000
19061,2019-03-09,10673152,0.0,21,100000
19062,2019-03-10,10591818,0.0,112,100000
19063,2019-03-11,10916186,0.0,30,100000
19064,2019-03-12,10846216,0.0,54,100000
19065,2019-03-13,10927664,0.0,53,100000
19066,2019-03-14,11256978,0.0,35,100000
19067,2019-03-15,12658864,0.0,63,100000
19068,2019-03-16,10758274,0.0,47,100000
19069,2019-03-17,10537412,0.0,52,100000
19070,2019-03-18,10941998,0.0,16,100000
19071,2019-03-19,10838956,0.0,29,100000
19072,2019-03-20,10837074,0.0,100,100000
19073,2019-03-21,11002508,0.0,59,100000
19074,2019-03-22,12085428,0.0,14,100000
19075,2019-03-23,10476700,0.0,32,100000
19076,2019-03-24,10773636,0.0,18,100000
19077,2019-03-25,10864182,0.0,25,100000
19078,2019-03-26,10962674,0.0,45,100000
19079,2019-03-27,11101240,0.0,62,100000
19080,2019-03-28,11098296,0.0,27,100000
19081,2019-03-29,12185804,0.0,30,100000
19082,2019-03-30,10411542,0.0,49,100000
19083,2019-03-31,10384924,0.0,79,100000
19084,2019-04-01,11050256,0.0,52,100000
19085,2019-04-02,10536562,0.0,67,100000
19086,2019-04-03,10833104,0.0,12,100000
19087,2019-04-04,10776160,0.0,151,100000
19088,2019-04-05,10945468,0.0,29,100000
19089,2019-04-06,10105320,0.0,27,100000
19090,2019-04-07,10265176,0.0,51,100000
19091,2019-04-08,10556948,0.0,13,100000
19092,2019-04-09,10383710,0.0,56,100000
19093,2019-04-10,10793808,0.0,103,100000
19094,2019-04-11,10765114,0.0,23,100000
19095,2019-04-12,12073116,0.0,97,100000
19096,2019-04-13,10364474,0.0,12,100000
19097,2019-04-14,10315500,0.0,19,100000
19098,2019-04-15,10589848,0.0,59,100000
19099,2019-04-16,10757446,0.0,65,100000
19100,2019-04-17,10709888,0.0,55,100000
19101,2019-04-18,10861096,0.0,23,100000
19102,2019-04-19,12353068,0.0,24,100000
19103,2019-04-20,10411490,0.0,98,100000
19104,2019-04-21,10607788,0.0,36,100000
19105,2019-04-22,11092352,0.0,31,100000
19106,2019-04-23,10950704,0.0,37,100000
19107,2019-04-24,10966740,0.0,29,100000
19108,2019-04-25,11319126,0.0,16,100000
19109,2019-04-26,12305778,0.0,8,100000
19110,2019-04-27,10433768,0.0,30,100000
19111,2019-04-28,10495036,0.0,21,100000
19112,2019-04-29,10587324,0.0,40,100000
19113,2019-04-30,10216624,0.0,35,100000
19114,2019-05-01,9494742,0.0,74,100000
19115,2019-05-02,9629632,0.0,22,100000
19116,2019-05-03,10945840,0.0,61,100000
19117,2019-05-04,10291126,0.0,98,100000
19118,2019-05-05,10886494,0.0,36,100000
19119,2019-05-06,10693754,0.0,50,100000
19120,2019-05-07,10432046,0.0,20,100000
19121,2019-05-08,10261032,0.0,32,100000
19122,2019-05-09,10911824,0.0,56,100000
19123,2019-05-10,12047036,0.0,49,100000
19124,2019-05-11,10386466,0.0,18,100000
19125,2019-05-12,10220324,0.0,60,100000
19126,2019-05-13,10714880,0.0,228,100000
19127,2019-05-14,10750180,0.0,24,100000
19128,2019-05-15,10643956,0.0,38,100000
19129,2019-05-16,10995506,0.0,25,100000
19130,2019-05-17,12140948,0.0,52,100000
19131,2019-05-18,10509912,0.0,33,100000
19132,2019-05-19,10431580,0.0,40,100000
19133,2019-05-20,10673412,0.0,56,100000
19134,2019-05-21,10618064,0.0,59,100000
19135,2019-05-22,10627050,0.0,18,100000
19136,2019-05-23,10901656,0.0,18,100000
19137,2019-05-24,11710780,0.0,80,100000
19138,2019-05-25,9938964,0.0,24,100000
19139,2019-05-26,9957148,0.0,13,100000
19140,2019-05-27,10291330,0.0,30,100000
19141,2019-05-28,10554764,0.0,12,100000
19142,2019-05-29,9855792,0.0,21,100000
19143,2019-05-30,10406762,0.0,101,100000
19144,2019-05-31,11748830,0.0,84,100000
19145,2019-06-01,10168746,0.0,8,100000
19146,2019-06-02,9926326,0.0,103,100000
19147,2019-06-03,10410836,0.0,34,100000
19148,2019-06-04,10315316,0.0,41,100000
19149,2019-06-05,10145166,0.0,19,100000
19150,2019-06-06,10344550,0.0,122,100000
19151,2019-06-07,10517142,0.0,40,100000
19152,2019-06-08,9978132,0.0,36,100000
19153,2019-06-09,10220350,0.0,26,100000
19154,2019-06-10,10313792,0.0,226,100000
19155,2019-06-11,10555046,0.0,61,100000
19156,2019-06-12,10468896,0.0,93,100000
19157,2019-06-13,10781844,0.0,45,100000
19158,2019-06-14,12039794,0.0,30,100000
19159,2019-06-15,10197292,0.0,36,100000
19160,2019-06-16,10497454,0.0,50,100000
19161,2019-06-17,10523678,0.0,23,100000
19162,2019-06-18,10167094,0.0,43,100000
19163,2019-06-19,10521624,0.0,10,100000
19164,2019-06-20,10521054,0.0,31,100000
19165,2019-06-21,11562362,0.0,34,100000
19166,2019-06-22,9877644,0.0,58,100000
19167,2019-06-23,10073790,0.0,37,100000
19168,2019-06-24,10440916,0.0,27,100000
19169,2019-06-25,10239312,0.0,90,100000
19170,2019-06-26,10450574,0.0,56,100000
19171,2019-06-27,10861946,0.0,13,100000
19172,2019-06-28,11768458,0.0,66,100000
19173,2019-06-29,10179484,0.0,13,100000
19174,2019-06-30,10152368,0.0,25,100000
19175,2019-07-01,10174352,0.0,161,100000
19176,2019-07-02,10324770,0.0,27,100000
19177,2019-07-03,10162408,0.0,64,100000
19178,2019-07-04,10522456,0.0,23,100000
19179,2019-07-05,11625282,0.0,16,100000
19180,2019-07-06,9990514,0.0,46,100000
19181,2019-07-07,10152356,0.0,70,100000
19182,2019-07-08,10339436,0.0,73,100000
19183,2019-07-09,10265630,0.0,76,100000
19184,2019-07-10,10626942,0.0,50,100000
19185,2019-07-11,10892356,267200071.78,14,100000
19186,2019-07-12,11987912,271137326.22,22,100000
19187,2019-07-13,10059850,274811403.1,27,100000
19188,2019-07-14,10011566,277040729.6,37,100000
19189,2019-07-15,10601276,278246396.94,11,100000
19190,2019-07-16,10418058,282341022.18,20,100000
19191,2019-07-17,10379280,285445870.6,24,100000
19192,2019-07-18,10504650,288131717.8,94,100000
19193,2019-07-19,11904110,283878996.3,41,100000
19194,2019-07-20,10239552,285612010.2,40,100000
19195,2019-07-21,10415260,286629390.68,50,100000
19196,2019-07-22,10602024,286732868.08,25,100000
19197,2019-07-23,10480750,289427859.84,24,100000
19198,2019-07-24,10159334,292163427.34,41,100000
19199,2019-07-25,10706416,293041501.0,64,100000
19200,2019-07-26,12351168,291887644.84,16,100000
19201,2019-07-27,10127292,296339717.16,9,100000
19202,2019-07-28,10329806,300402090.24,26,100000
19203,2019-07-29,10196272,302863695.18,78,100000
19204,2019-07-30,10143952,300059868.46,79,100000
19205,2019-07-31,10370058,297130404.94,25,100000
19206,2019-08-01,10542736,299711733.36,28,100000
19207,2019-08-02,11785374,302077674.0,16,100000
19208,2019-08-03,9734250,306252507.26,33,100000
19209,2019-08-04,9928840,307722289.76,97,100000
19210,2019-08-05,10193756,302887421.36,37,100000
19211,2019-08-06,10042214,304182361.8,38,100000
19212,2019-08-07,10099786,305303046.66,161,100000
19213,2019-08-08,10533858,294151941.8,41,100000
19214,2019-08-09,11834458,295213532.22,47,100000
19215,2019-08-10,9807208,296312416.64,33,100000
19216,2019-08-11,10024404,297817948.56,93,100000
19217,2019-08-12,10435322,293429906.52,63,100000
19218,2019-08-13,10423548,292243214.3,26,100000
19219,2019-08-14,10369588,294750752.82,36,100000
19220,2019-08-15,10880168,296231850.94,25,100000
19221,2019-08-16,11975682,299063133.26,51,100000
19222,2019-08-17,10368894,299831217.44,63,100000
19223,2019-08-18,10107644,298611975.5,47,100000
19224,2019-08-19,10614744,298864721.06,5,100000
19225,2019-08-20,10446546,303565945.62,25,100000
19226,2019-08-21,10613432,306184753.16,70,100000
19227,2019-08-22,10916438,304385334.84,29,100000
19228,2019-08-23,12133812,306834389.46,12,100000
19229,2019-08-24,10263012,311579957.34,41,100000
19230,2019-08-25,10198520,312508833.22,25,100000
19231,2019-08-26,10649074,315006108.02,13,100000
19232,2019-08-27,10659874,318924154.28,24,100000
19233,2019-08-28,10652504,321747492.54,146,100000
19234,2019-08-29,11095766,312367219.5,51,100000
19235,2019-08-30,12343148,312704144.84,47,100000
19236,2019-08-31,10095704,314052287.36,25,100000
19237,2019-09-01,10265672,316499182.32,33,100000
19238,2019-09-02,10317366,318229361.6,58,100000
19239,2019-09-03,10334126,317484870.94,21,100000
19240,2019-09-04,10330388,320448592.68,33,100000
19241,2019-09-05,10563460,322210482.8,44,100000
19242,2019-09-06,11980194,322986578.2,55,100000
19243,2019-09-07,10294698,323356873.26,43,100000
19244,2019-09-08,10349270,324101275.28,25,100000
19245,2019-09-09,10390994,326672417.58,42,100000
19246,2019-09-10,10268754,327564004.64,61,100000
19247,2019-09-11,10573492,326495694.1,107,100000
19248,2019-09-12,10774320,320976705.18,17,100000
19249,2019-09-13,10454816,324556121.98,46,100000
19250,2019-09-14,10134616,325078981.82,70,100000
19251,2019-09-15,10521254,323044943.66,19,100000
19252,2019-09-16,10634138,326300358.12,134,100000
19253,2019-09-17,10624800,318111085.74,26,100000
19254,2019-09-18,10487366,320717237.74,41,100000
19255,2019-09-19,10755500,321756047.08,24,100000
19256,2019-09-20,12146938,324626242.08,61,100000
19257,2019-09-21,10561858,324478241.7,73,100000
19258,2019-09-22,10608288,322353552.12,24,100000
19259,2019-09-23,10698500,325151613.24,21,100000
19260,2019-09-24,10847182,328293878.24,25,100000
19261,2019-09-25,10709796,331108997.42,9,100000
19262,2019-09-26,11079500,335456797.46,56,100000
19263,2019-09-27,12567458,335285752.46,11,100000
19264,2019-09-28,10821444,340343806.88,52,100000
19265,2019-09-29,10651212,340446314.44,24,100000
19266,2019-09-30,11413354,343265408.32,52,100000
19267,2019-10-08,11976502,343657951.78,21,100000
19268,2019-10-09,10313088,347426437.76,37,100000
19269,2019-10-10,10840108,348779850.88,66,100000
19270,2019-10-11,12209550,347491503.8,22,100000
19271,2019-10-12,10512468,351274183.3,55,100000
19272,2019-10-13,10450204,350925292.62,30,100000
19273,2019-10-14,10583580,353045892.58,20,100000
19274,2019-10-15,10205500,356231846.78,54,100000
19275,2019-10-16,10566350,355832541.78,46,100000
19276,2019-10-17,10937534,356410053.28,51,100000
19277,2019-10-18,11843372,356669444.94,12,100000
19278,2019-10-19,9970414,361272697.22,50,100000
19279,2019-10-20,10080844,361158200.08,18,100000
19280,2019-10-21,10303904,364297813.64,13,100000
19281,2019-10-22,10535218,368046726.6,26,100000
19282,2019-10-23,10178666,370608983.42,43,100000
19283,2019-10-24,10551458,371296529.76,14,100000
19284,2019-10-25,11474928,375066744.18,35,100000
19285,2019-10-26,9875172,377189458.9,21,100000
19286,2019-10-27,10089614,379928293.18,42,100000
19287,2019-10-28,10430642,380672204.04,49,100000
19288,2019-10-29,10387608,380883218.62,125,100000
19289,2019-10-30,10364578,373473146.54,29,100000
19290,2019-10-31,10941196,375651789.76,55,100000
19291,2019-11-01,12435658,375512975.8,64,100000
19292,2019-11-02,10329084,375206448.22,19,100000
19293,2019-11-03,10288188,378367699.38,97,100000
19294,2019-11-04,10455452,373708911.5,73,100000
19295,2019-11-05,10722734,371532082.98,151,100000
19296,2019-11-06,10781736,361686222.64,16,100000
19297,2019-11-07,11019314,365369273.28,21,100000
19298,2019-11-08,12351920,368668737.14,78,100000
19299,2019-11-09,9895556,366921177.94,42,100000
19300,2019-11-10,10482136,367570000.38,50,100000
19301,2019-11-11,11032976,367706247.02,89,100000
19302,2019-11-12,11078124,364212405.26,32,100000
19303,2019-11-13,10960246,366440686.02,44,100000
19304,2019-11-14,11196310,367411206.56,128,100000
19305,2019-11-15,12080166,360097398.46,100,100000
19306,2019-11-16,10721968,356016679.8,28,100000
19307,2019-11-17,10726960,358470444.12,35,100000
19308,2019-11-18,10816410,360226654.52,93,100000
19309,2019-11-19,10891626,356226695.42,30,100000
19310,2019-11-20,11169660,358563592.16,11,100000
19311,2019-11-21,11157810,362936725.56,34,100000
19312,2019-11-22,12500178,365004052.46,45,100000
19313,2019-11-23,10812670,366629139.68,33,100000
19314,2019-11-24,10725122,368627347.98,13,100000
19315,2019-11-25,10494350,372582657.76,58,100000
19316,2019-11-26,10644356,371924889.26,29,100000
19317,2019-11-27,10722682,374240623.7,19,100000
19318,2019-11-28,11062184,377594737.88,36,100000
19319,2019-11-29,12759094,379415208.04,69,100000
19320,2019-11-30,10702612,378767164.1,109,100000
19321,2019-12-01,10646854,373111443.98,6,100000
19322,2019-12-02,11040642,377728402.44,72,100000
19323,2019-12-03,10926262,375938317.02,68,100000
19324,2019-12-04,11046552,374492185.4,24,100000
19325,2019-12-05,11299414,377504995.88,71,100000
19326,2019-12-06,12857148,375941708.74,47,100000
19327,2019-12-07,11069914,377541711.26,35,100000
19328,2019-12-08,10681000,379465969.12,61,100000
19329,2019-12-09,11171788,378599659.12,157,100000
19330,2019-12-10,11381306,368373835.24,33,100000
19331,2019-12-11,11397108,370650675.18,18,100000
19332,2019-12-12,11790430,374435258.1,36,100000
19333,2019-12-13,13073374,376612568.8,76,100000
19334,2019-12-14,11136946,375418522.06,9,100000
19335,2019-12-15,11342564,379975625.6,110,100000
19336,2019-12-16,11562158,374533481.96,35,100000
19337,2019-12-17,11449294,376698939.38,40,100000
19338,2019-12-18,11334562,378309093.44,35,100000
19339,2019-12-19,11946194,380363028.82,111,100000
19340,2019-12-20,12950896,375116663.88,21,100000
19341,2019-12-21,11065990,379362602.92,64,100000
19342,2019-12-22,10785358,378384938.02,50,100000
19343,2019-12-23,11373640,378669763.44,23,100000
19344,2019-12-24,11728924,381942847.04,30,100000
19345,2019-12-25,11498076,384690019.8,64,100000
19346,2019-12-26,12031398,383924077.04,40,100000
19347,2019-12-27,13487706,385819462.06,45,100000
19348,2019-12-28,11286492,387928438.0,37,100000
19349,2019-12-29,11149072,389758819.08,28,100000
19350,2019-12-30,11467910,392421864.36,81,100000
19351,2019-12-31,11832960,389941140.26,45,100000
20001,2020-01-01,11231640,391239290.66,138,100000
20002,2020-01-02,11925306,382942794.26,98,100000
20003,2020-01-03,13534122,378986194.2,97,100000
20004,2020-01-04,11883840,375917913.98,25,100000
20005,2020-01-05,11444558,379240995.58,61,100000
20006,2020-01-06,12223700,378748829.0,13,100000
20007,2020-01-07,11930818,383438442.0,12,100000
20008,2020-01-08,11968480,388084542.82,25,100000
20009,2020-01-09,12265120,391449098.02,85,100000
20010,2020-01-10,13182676,388959006.82,140,100000
20011,2020-01-11,10904652,381418518.06,10,100000
20012,2020-01-12,11353414,385761797.54,37,100000
20013,2020-01-13,11828916,387624970.4,24,100000
20014,2020-01-14,11795798,391021139.24,37,100000
20015,2020-01-15,11698088,393101080.26,20,100000
20016,2020-01-16,11895948,396833143.38,58,100000
20017,2020-01-17,13458762,396862157.9,39,100000
20018,2020-01-18,11688970,399556951.28,65,100000
20019,2020-01-19,11854102,398784546.58,115,100000
20020,2020-01-20,12721952,393093056.56,112,100000
20021,2020-01-21,12894636,388126813.04,26,100000
20022,2020-03-12,6671932,391845184.68,65,100000
20023,2020-03-13,6025202,388614431.36,3,100000
20024,2020-03-14,5469026,391266780.34,24,100000
20025,2020-03-15,5738878,391546603.08,19,100000
20026,2020-03-16,6968178,392458653.3,28,100000
20027,2020-03-17,7057726,393073060.52,18,100000
20028,2020-03-18,7370052,394731346.26,46,100000
20029,2020-03-19,7947326,393742671.74,19,100000
20030,2020-03-20,9045612,395736861.48,12,100000
20031,2020-03-21,8010730,398969211.36,38,100000
20032,2020-03-22,8220346,399094469.06,234,100000
20033,2020-03-23,8566376,379722438.6,58,100000
20034,2020-03-24,8806222,378119962.84,34,100000
20035,2020-03-25,9040072,379035011.62,226,100000
20036,2020-03-26,9939578,360864646.9,41,100000
20037,2020-03-27,10832798,361635040.12,62,100000
20038,2020-03-28,9410068,360743111.14,42,100000
20039,2020-03-29,9528468,361154044.46,32,100000
20040,2020-03-30,10090498,362622993.78,37,100000
20041,2020-03-31,10518736,363867337.8,17,100000
20042,2020-04-01,10789384,367321518.44,130,100000
20043,2020-04-02,11350846,359608316.6,37,100000
20044,2020-04-03,11943494,361470231.14,55,100000
20045,2020-04-04,10452058,361822543.2,26,100000
20046,2020-04-05,10264444,364344051.62,26,100000
20047,2020-04-06,10721312,366773629.18,34,100000
20048,2020-04-07,10923300,368627072.06,15,100000
20049,2020-04-08,10961352,372479489.06,60,100000
20050,2020-04-09,11127056,371850551.54,80,100000
20051,2020-04-10,13049338,369302808.98,18,100000
20052,2020-04-11,10713790,373896984.6,13,100000
20053,2020-04-12,10461410,377846741.7,31,100000
20054,2020-04-13,10987132,379872832.6,14,100000
20055,2020-04-14,11136220,383856527.28,29,100000
20056,2020-04-15,11193392,386413275.08,34,100000
20057,2020-04-16,11668150,388498037.16,22,100000
20058,2020-04-17,13110040,392015430.66,24,100000
20059,2020-04-18,10906800,396039350.26,40,100000
20060,2020-04-19,11376398,397383682.26,60,100000
20061,2020-04-20,11364446,396958117.28,101,100000
20062,2020-04-21,11685988,392426695.82,52,100000
20063,2020-04-22,11553396,392952829.94,24,100000
20064,2020-04-23,12346534,396213993.98,26,100000
20065,2020-04-24,13556862,399663795.64,55,100000
20066,2020-04-25,11424312,400806658.02,26,100000
20067,2020-04-26,11820634,403804570.9,36,100000
20068,2020-04-27,11812096,405996681.56,19,100000
20069,2020-04-28,11665304,409884608.6,23,100000
20070,2020-04-29,11197646,413300607.56,30,100000
20071,2020-04-30,11805998,415787454.1,33,100000
20072,2020-05-01,12391558,418272393.12,87,100000
20073,2020-05-02,10829356,415644256.54,257,100000
20074,2020-05-03,11344080,395250640.98,56,100000
20075,2020-05-04,11191774,395209240.18,23,100000
20076,2020-05-05,11788330,398393209.44,12,100000
20077,2020-05-06,11844406,402969491.14,37,100000
20078,2020-05-07,12183656,405073250.08,88,100000
20079,2020-05-08,14269986,402243241.52,39,100000
20080,2020-05-09,11736960,405335534.66,27,100000
20081,2020-05-10,11840822,408386645.06,16,100000
20082,2020-05-11,11870072,412588647.84,57,100000
20083,2020-05-12,11787756,412704983.12,18,100000
20084,2020-05-13,11579368,416680983.56,25,100000
20085,2020-05-14,12026160,419854873.88,75,100000
20086,2020-05-15,14210376,418247692.28,26,100000
20087,2020-05-16,11432316,422610776.52,59,100000
20088,2020-05-17,11756642,422312611.36,93,100000
20089,2020-05-18,11854194,418773365.94,31,100000
20090,2020-05-19,12140604,421481921.0,38,100000
20091,2020-05-20,12153362,423630816.96,31,100000
20092,2020-05-21,12121822,426485964.34,76,100000
20093,2020-05-22,13465500,424825657.12,57,100000
20094,2020-05-23,11402070,425723752.12,90,100000
20095,2020-05-24,12103280,422310766.42,51,100000
20096,2020-05-25,12076338,423141373.62,112,100000
20097,2020-05-26,12158644,417858779.24,25,100000
20098,2020-05-27,12097536,421316514.8,66,100000
20099,2020-05-28,12540804,420644307.44,53,100000
20100,2020-05-29,13989534,421489301.4,36,100000
20101,2020-05-30,11679240,424744173.06,27,100000
20102,2020-05-31,11828216,427767000.66,38,100000
20103,2020-06-01,11725850,429762826.5,32,100000
20104,2020-06-02,11834444,432308493.0,53,100000
20105,2020-06-03,11611584,432807370.56,38,100000
20106,2020-06-04,12233744,434697046.72,49,100000
20107,2020-06-05,13541512,435791581.28,61,100000
20108,2020-06-06,11604086,436326922.16,128,100000
20109,2020-06-07,11870832,429212924.3,30,100000
20110,2020-06-08,11831712,432029631.98,65,100000
20111,2020-06-09,12117540,431327170.86,44,100000
20112,2020-06-10,11712574,432864765.46,40,100000
20113,2020-06-11,12464282,434603926.72,20,100000
20114,2020-06-12,13589582,438711424.9,22,100000
20115,2020-06-13,11149632,443170320.08,162,100000
20116,2020-06-14,11512920,432433639.76,14,100000
20117,2020-06-15,11551730,436674970.56,20,100000
20118,2020-06-16,11596452,440335318.26,26,100000
20119,2020-06-17,11471254,443417579.74,51,100000
20120,2020-06-18,12101108,443938494.2,48,100000
20121,2020-06-19,13620442,445068037.12,24,100000
20122,2020-06-20,11434236,449342053.7,89,100000
20123,2020-06-21,11839938,446044829.34,12,100000
20124,2020-06-22,11797880,450646398.96,45,100000
20125,2020-06-23,11795240,451927360.16,51,100000
20126,2020-06-24,11282320,452607027.76,22,100000
20127,2020-06-25,10919402,455935364.56,31,100000
20128,2020-06-26,13164154,458185871.54,47,100000
20129,2020-06-27,11442940,459936307.0,10,100000
20130,2020-06-28,11225334,464543347.6,77,100000
20131,2020-06-29,11486170,462343761.26,15,100000
20132,2020-06-30,11592964,466471984.56,115,100000
20133,2020-07-01,11562334,460652536.92,20,100000
20134,2020-07-02,11696430,464318080.58,57,100000
20135,2020-07-03,13665956,464349331.28,64,100000
20136,2020-07-04,11457328,464645649.72,169,100000
20137,2020-07-05,11524812,453359740.44,87,100000
20138,2020-07-06,11493380,450306898.32,69,100000
20139,2020-07-07,11392520,449038654.52,49,100000
20140,2020-07-08,11747742,449720989.32,65,100000
20141,2020-07-09,12086162,448977382.9,20,100000
20142,2020-07-10,13885458,452899602.28,77,100000
20143,2020-07-11,11526778,452003476.7,14,100000
20144,2020-07-12,11823478,456251597.92,45,100000
20145,2020-07-13,11833022,457545102.14,23,100000
20146,2020-07-14,11782388,461043282.92,196,100000
20147,2020-07-15,11453642,447216653.04,18,100000
20148,2020-07-16,11952916,451028937.62,97,100000
20149,2020-07-17,13740824,447185866.46,11,100000
20150,2020-07-18,11400466,452818870.22,34,100000
20151,2020-07-19,11254146,455005098.56,15,100000
20152,2020-07-20,11444866,459019630.1,46,100000
20153,2020-07-21,11476776,460027614.44,35,100000
20154,2020-07-22,11637736,462151234.68,60,100000
20155,2020-07-23,11945148,461853725.32,38,100000
20156,2020-07-24,13165678,463906847.84,56,100000
20157,2020-07-25,11217836,464758030.06,18,100000
20158,2020-07-26,10998690,468454769.7,36,100000
20159,2020-07-27,11299224,470244127.8,159,100000
20160,2020-07-28,11871302,459880747.56,71,100000
20161,2020-07-29,11383244,458597685.54,22,100000
20162,2020-07-30,11779836,461975475.1,651,100000
20163,2020-07-31,13925644,402647594.74,54,100000
20164,2020-08-01,11422598,404071160.3,30,100000
20165,2020-08-02,11416082,406668233.32,39,100000
20166,2020-08-03,11753708,408362113.5,39,100000
20167,2020-08-04,11564468,410221430.42,42,100000
20168,2020-08-05,11542308,411688019.74,46,100000
20169,2020-08-06,11936196,412743750.66,19,100000
20170,2020-08-07,13230256,416692486.7,47,100000
20171,2020-08-08,11607858,418475312.14,153,100000
20172,2020-08-09,11508318,408863162.56,26,100000
20173,2020-08-10,11602218,411902238.38,30,100000
20174,2020-08-11,11640250,414587325.2,33,100000
20175,2020-08-12,11870436,416991047.7,48,100000
20176,2020-08-13,11780494,418007561.34,52,100000
20177,2020-08-14,13982712,418580003.4,96,100000
20178,2020-08-15,12000266,415831532.28,19,100000
20179,2020-08-16,11689824,419811662.62,20,100000
20180,2020-08-17,12095834,423539676.38,55,100000
20181,2020-08-18,11812846,423966635.04,35,100000
20182,2020-08-19,11869914,426254929.58,40,100000
20183,2020-08-20,12398894,428071187.44,27,100000
20184,2020-08-21,13899422,431446645.5,216,100000
20185,2020-08-22,11365668,416657362.28,97,100000
20186,2020-08-23,11556310,412526539.6,25,100000
20187,2020-08-24,11917872,415689131.5,96,100000
20188,2020-08-25,12031736,411928888.78,53,100000
20189,2020-08-26,11958084,412524439.42,65,100000
20190,2020-08-27,12570478,411883900.58,114,100000
20191,2020-08-28,14386980,406643434.8,33,100000
20192,2020-08-29,11894734,410393055.0,50,100000
20193,2020-08-30,11943834,411221474.66,52,100000
20194,2020-08-31,12193554,411873953.32,48,100000
20195,2020-09-01,12230440,413048794.78,136,100000
20196,2020-09-02,12405942,405441710.38,16,100000
20197,2020-09-03,12555100,409920621.96,17,100000
20198,2020-09-04,14370328,414372620.96,58,100000
20199,2020-09-05,12154852,415614081.68,107,100000
20200,2020-09-06,12076230,410869959.16,21,100000
20201,2020-09-07,12219006,414687311.86,99,100000
20202,2020-09-08,12611524,410774624.8,85,100000
20203,2020-09-09,12628284,408454271.56,79,100000
20204,2020-09-10,12339062,406742130.72,15,100000
20205,2020-09-11,14351612,411288271.1,177,100000
20206,2020-09-12,11928692,400620560.98,37,100000
20207,2020-09-13,11668050,402765620.06,26,100000
20208,2020-09-14,12142066,405882964.56,90,100000
20209,2020-09-15,11928512,402832576.9,36,100000
20210,2020-09-16,12195264,405077547.78,43,100000
20211,2020-09-17,12391898,406753227.14,110,100000
20212,2020-09-18,14059272,401825257.16,81,100000
20213,2020-09-19,11659258,400614300.44,70,100000
20214,2020-09-20,11822246,399327336.86,34,100000
20215,2020-09-21,12409746,401720237.4,38,100000
20216,2020-09-22,11994312,404001012.94,54,100000
20217,2020-09-23,12279412,404478225.82,177,100000
20218,2020-09-24,12825018,392795137.7,47,100000
20219,2020-09-25,14396486,394379396.52,24,100000
20220,2020-09-26,11778038,399033674.66,58,100000
20221,2020-09-27,12174870,399004913.28,48,100000
20222,2020-09-28,12123600,400170599.58,179,100000
20223,2020-09-29,12267752,388211163.58,35,100000
20224,2020-09-30,12553066,390722362.06,47,100000
20225,2020-10-05,11733298,392173364.4,38,100000
20226,2020-10-06,10916758,394122680.42,25,100000
20227,2020-10-07,11249376,396971891.84,45,100000
20228,2020-10-08,11681558,397984086.08,55,100000
20229,2020-10-09,14028216,398208049.5,59,100000
20230,2020-10-10,12109746,399181875.34,36,100000
20231,2020-10-11,11821640,401515650.88,33,100000
20232,2020-10-12,11919412,404008254.48,18,100000
20233,2020-10-13,11562952,408048766.36,19,100000
20234,2020-10-14,11854100,411814612.84,79,100000
20235,2020-10-15,12200264,409723121.84,41,100000
20236,2020-10-16,13306512,411601251.2,46,100000
20237,2020-10-17,11546518,413521442.08,27,100000
20238,2020-10-18,11672436,416479235.9,16,100000
20239,2020-10-19,11997060,420598729.54,68,100000
20240,2020-10-20,11997684,419677288.94,33,100000
20241,2020-10-21,12102392,422256154.1,73,100000
20242,2020-10-22,12475074,420886326.18,72,100000
20243,2020-10-23,13571324,419799112.44,51,100000
20244,2020-10-24,11752844,421349061.2,40,100000
20245,2020-10-25,11600800,423107954.76,247,100000
20246,2020-10-26,12129300,404092346.76,69,100000
20247,2020-10-27,11959646,403135703.76,47,100000
20248,2020-10-28,12056168,404295930.3,53,100000
20249,2020-10-29,12446896,404903452.62,37,100000
20250,2020-10-30,13153404,407302431.66,32,100000
20251,2020-10-31,11479342,410547599.62,43,100000
20252,2020-11-01,11411122,411872477.2,15,100000
20253,2020-11-02,11910538,415963926.98,76,100000
20254,2020-11-03,11707420,414200090.6,46,100000
20255,2020-11-04,11719804,415336726.4,40,100000
20256,2020-11-05,12143084,417079430.36,42,100000
20257,2020-11-06,13233448,418829541.52,48,100000
20258,2020-11-07,11394996,420513931.04,25,100000
20259,2020-11-08,11341584,423597479.08,34,100000
20260,2020-11-09,11883556,425754855.24,31,100000
20261,2020-11-10,11833916,428477797.68,39,100000
20262,2020-11-11,11793154,430376416.52,150,100000
20263,2020-11-12,12138002,421155061.98,40,100000
20264,2020-11-13,13709784,423102682.96,29,100000
20265,2020-11-14,11655748,426920477.12,29,100000
20266,2020-11-15,11417692,429731793.64,55,100000
20267,2020-11-16,11703890,429826462.72,85,100000
20268,2020-11-17,11809346,427061368.82,31,100000
20269,2020-11-18,11693546,429747948.36,38,100000
20270,2020-11-19,11894270,431677785.9,77,100000
20271,2020-11-20,12975634,429805978.2,37,100000
20272,2020-11-21,11292694,432464038.86,34,100000
20273,2020-11-22,11331122,434597458.92,18,100000
20274,2020-11-23,11807158,438349708.7,55,100000
20275,2020-11-24,11486838,438635216.12,36,100000
20276,2020-11-25,11994692,440663766.74,41,100000
20277,2020-11-26,12086838,442441165.82,78,100000
20278,2020-11-27,13602454,440563716.44,70,100000
20279,2020-11-28,12195514,440228918.9,16,100000
20280,2020-11-29,11831536,444604720.76,45,100000
20281,2020-11-30,12439974,445902173.4,47,100000
20282,2020-12-01,12156574,447297760.66,72,100000
20283,2020-12-02,12524116,446054481.92,64,100000
20284,2020-12-03,12772850,445791298.76,53,100000
20285,2020-12-04,13658006,446749995.26,40,100000
20286,2020-12-05,11931404,449442418.2,185,100000
20287,2020-12-06,12348048,436788806.16,64,100000
20288,2020-12-07,12740820,436439349.68,109,100000
20289,2020-12-08,12776932,431782351.48,23,100000
20290,2020-12-09,12852194,435743048.16,49,100000
20291,2020-12-10,13226660,437140623.22,100,100000
20292,2020-12-11,14487050,433621686.62,14,100000
20293,2020-12-12,12371206,439320341.12,12,100000
20294,2020-12-13,11959168,444182232.06,64,100000
20295,2020-12-14,12500206,443642224.38,26,100000
20296,2020-12-15,12429528,447167325.32,36,100000
20297,2020-12-16,12565582,449657794.04,97,100000
20298,2020-12-17,13117364,446114929.22,40,100000
20299,2020-12-18,14278842,448542437.58,44,100000
20300,2020-12-19,12028206,451139070.16,135,100000
20301,2020-12-20,12243798,443532891.1,44,100000
20302,2020-12-21,12395884,445132352.12,179,100000
20303,2020-12-22,12305736,433306335.28,58,100000
20304,2020-12-23,12739424,433536145.92,37,100000
20305,2020-12-24,13573728,436078463.68,481,100000
20306,2020-12-25,15280632,394629590.4,63,100000
20307,2020-12-26,13607512,395817100.08,36,100000
20308,2020-12-27,13251286,398884780.96,28,100000
20309,2020-12-28,13705544,402577911.1,78,100000
20310,2020-12-29,13181664,401493627.66,88,100000
20311,2020-12-30,13284114,399152643.02,43,100000
20312,2020-12-31,13893336,401361858.88,37,100000
21001,2021-01-01,14065750,404469593.52,44,100000
21002,2021-01-02,12789912,406961811.02,33,100000
21003,2021-01-03,12749114,409928867.9,77,100000
21004,2021-01-04,13249286,408475933.76,41,100000
21005,2021-01-05,12991382,410868083.9,84,100000
21006,2021-01-06,12989926,408833861.08,32,100000
21007,2021-01-07,13197188,411998924.82,78,100000
21008,2021-01-08,13978072,410665546.94,22,100000
21009,2021-01-09,12671608,415314802.22,48,100000
21010,2021-01-10,12789838,416723890.14,91,100000
21011,2021-01-11,13000072,413890910.76,18,100000
21012,2021-01-12,12991944,418460946.04,16,100000
21013,2021-01-13,13114992,423226998.6,43,100000
21014,2021-01-14,13285668,425353344.68,58,100000
21015,2021-01-15,14514390,426063322.0,45,100000
21016,2021-01-16,12564668,428675373.1,42,100000
21017,2021-01-17,12552288,430632060.42,168,100000
21018,2021-01-18,12161986,419982681.54,145,100000
21019,2021-01-19,12823096,411442054.68,57,100000
21020,2021-01-20,13359960,412025371.72,70,100000
21021,2021-01-21,14242602,411571752.12,41,100000
21022,2021-01-22,15751970,414450627.1,179,100000
21023,2021-01-23,14022640,404269092.4,58,100000
21024,2021-01-24,13799410,405340186.0,34,100000
21025,2021-01-25,13885906,408701896.9,79,100000
21026,2021-01-26,13686562,407605990.84,69,100000
21027,2021-01-27,14091624,407412406.22,45,100000
21028,2021-01-28,14212554,409817301.98,36,100000
21029,2021-01-29,15564826,413181453.44,79,100000
21030,2021-01-30,13969682,412908218.18,130,100000
21031,2021-01-31,13735898,406753362.36,144,100000
21032,2021-02-01,14423116,399083952.38,66,100000
21033,2021-02-02,13901920,399551279.22,29,100000
21034,2021-02-03,13928316,403463220.02,62,100000
21035,2021-02-04,14322288,404088094.86,37,100000
21036,2021-02-05,15892788,407406015.98,89,100000
21037,2021-02-06,14502084,406293482.1,138,100000
21038,2021-02-07,14431338,399599503.26,86,100000
21039,2021-02-08,16494402,398070858.88,77,100000
21040,2021-02-19,17120524,398453115.86,23,100000
21041,2021-02-20,12954862,404542172.62,50,100000
21042,2021-02-21,12670400,405890055.0,46,100000
21043,2021-02-22,13564264,407498551.0,15,100000
21044,2021-02-23,12843136,412645040.36,225,100000
21045,2021-02-24,13368372,396438177.0,26,100000
21046,2021-02-25,13346282,400388679.28,36,100000
21047,2021-02-26,14467992,403328357.46,79,100000
21048,2021-02-27,12908120,402517673.54,204,100000
21049,2021-02-28,13071752,388442652.34,37,100000
21050,2021-03-01,13727488,391147810.82,56,100000
21051,2021-03-02,13692480,392274279.94,18,100000
21052,2021-03-03,13616590,397183595.14,108,100000
21053,2021-03-04,14277842,393055724.24,448,100000
21054,2021-03-05,16364654,355251866.82,91,100000
21055,2021-03-06,14281844,354170547.28,36,100000
21056,2021-03-07,14309340,357568650.84,49,100000
21057,2021-03-08,14556582,359680227.44,143,100000
21058,2021-03-09,14794808,352512952.62,33,100000
21059,2021-03-10,14767726,356462408.54,84,100000
21060,2021-03-11,15268860,355298594.28,38,100000
21061,2021-03-12,16217948,358980335.68,88,100000
21062,2021-03-13,14245714,358127130.2,66,100000
21063,2021-03-14,14528702,358507530.06,57,100000
21064,2021-03-15,14658448,359926594.04,47,100000
21065,2021-03-16,14638164,362409233.56,7,100000
21066,2021-03-17,14361102,368881933.92,89,100000
21067,2021-03-18,14967628,367018873.9,82,100000
21068,2021-03-19,16054184,366153011.62,29,100000
21069,2021-03-20,14117396,371119561.78,29,100000
21070,2021-03-21,13933046,375137085.82,128,100000
21071,2021-03-22,14218706,369164278.36,403,100000
21072,2021-03-23,15380314,335831444.3,99,100000
21073,2021-03-24,15391270,333467798.16,121,100000
21074,2021-03-25,16038354,328909520.46,30,100000
21075,2021-03-26,17057430,333768313.92,27,100000
21076,2021-03-27,14869968,339426454.62,16,100000
21077,2021-03-28,14202214,345112738.94,116,100000
21078,2021-03-29,14758092,340471823.8,66,100000
21079,2021-03-30,14616740,341103288.88,30,100000
21080,2021-03-31,14834150,345265491.48,72,100000
21081,2021-04-01,15750402,345334224.98,69,100000
21082,2021-04-02,16055876,346151921.96,51,100000
21083,2021-04-03,13558038,348919301.2,80,100000
21084,2021-04-04,13219938,347562739.82,194,100000
21085,2021-04-05,14233272,334640509.44,47,100000
21086,2021-04-06,14478182,336914812.72,16,100000
21087,2021-04-07,14516922,342409121.9,26,100000
21088,2021-04-08,14713348,346922413.68,106,100000
21089,2021-04-09,15879254,343531954.2,104,100000
21090,2021-04-10,13686048,340912788.66,46,100000
21091,2021-04-11,14007902,343018952.18,68,100000
21092,2021-04-12,14271238,343082824.16,26,100000
21093,2021-04-13,13940078,347475730.78,118,100000
21094,2021-04-14,14106088,342506369.0,49,100000
21095,2021-04-15,15134592,344518352.12,61,100000
21096,2021-04-16,16536068,345834302.2,52,100000
21097,2021-04-17,14090982,348736975.52,29,100000
21098,2021-04-18,14292172,352741556.7,23,100000
21099,2021-04-19,14426966,357444720.98,50,100000
21100,2021-04-20,14815576,359513934.32,72,100000
21101,2021-04-21,14634402,359573566.56,42,100000
21102,2021-04-22,15147808,362544423.54,34,100000
21103,2021-04-23,15840708,366566849.46,182,100000
21104,2021-04-24,13914868,356128796.38,101,100000
21105,2021-04-25,14434962,352847081.7,80,100000
21106,2021-04-26,14443002,351920213.08,20,100000
21107,2021-04-27,13963368,356997284.06,62,100000
21108,2021-04-28,14313558,357639334.38,66,100000
21109,2021-04-29,14569730,358052977.8,94,100000
21110,2021-04-30,15472332,355792145.5,77,100000
21111,2021-05-01,12780278,355673588.18,36,100000
21112,2021-05-02,12476548,358335924.4,27,100000
21113,2021-05-03,12710758,361749432.92,24,100000
21114,2021-05-04,12708536,365577704.34,210,100000
21115,2021-05-05,13587908,350804886.98,72,100000
21116,2021-05-06,14633632,350262961.9,41,100000
21117,2021-05-07,16001488,353333441.58,110,100000
21118,2021-05-08,13855072,350174170.7,26,100000
21119,2021-05-09,13613354,354363155.98,37,100000
21120,2021-05-10,14003820,357333699.44,52,100000
21121,2021-05-11,13767260,358995571.24,24,100000
21122,2021-05-12,13393506,363341528.64,220,100000
21123,2021-05-13,14208862,347904346.58,51,100000
21124,2021-05-14,15484018,349766688.96,48,100000
21125,2021-05-15,13415322,352553857.78,81,100000
21126,2021-05-16,13504088,351027365.56,22,100000
21127,2021-05-17,13478742,355444368.68,33,100000
21128,2021-05-18,13687526,358748952.26,37,100000
21129,2021-05-19,13834302,361755840.0,50,100000
21130,2021-05-20,14269488,363534647.98,112,100000
21131,2021-05-21,15625634,359326697.1,47,100000
21132,2021-05-22,13270020,362283257.76,35,100000
21133,2021-05-23,13549438,365285567.56,45,100000
21134,2021-05-24,13840316,367424792.18,69,100000
21135,2021-05-25,13972300,367306547.02,70,100000
21136,2021-05-26,13670666,367152974.02,25,100000
21137,2021-05-27,14494714,371351600.36,46,100000
21138,2021-05-28,15806836,373854010.22,58,100000
21139,2021-05-29,13581374,375799359.86,23,100000
21140,2021-05-30,13672734,380154233.12,48,100000
21141,2021-05-31,13912502,382053872.78,45,100000
21142,2021-06-01,13638666,384370998.76,49,100000
21143,2021-06-02,13426940,386153945.1,81,100000
21144,2021-06-03,14162196,384633145.7,66,100000
21145,2021-06-04,15353680,384972621.74,74,100000
21146,2021-06-05,13638170,385095924.94,57,100000
21147,2021-06-06,13737006,386078628.24,30,100000
21148,2021-06-07,13820948,389809761.18,32,100000
21149,2021-06-08,13806488,393382025.7,55,100000
21150,2021-06-09,13711356,394647204.82,15,100000
21151,2021-06-10,14042714,399865769.26,46,100000
21152,2021-06-11,15253642,402146699.12,145,100000
21153,2021-06-12,13039084,395120983.7,57,100000
21154,2021-06-13,12861454,395810134.86,100,100000
21155,2021-06-14,13262958,392112247.32,117,100000
21156,2021-06-15,14022562,386911096.74,113,100000
21157,2021-06-16,14591576,382482152.12,74,100000
21158,2021-06-17,14926318,382232024.36,90,100000
21159,2021-06-18,16037334,380545920.18,12,100000
21160,2021-06-19,13894010,387204213.84,53,100000
21161,2021-06-20,13977590,388712278.74,37,100000
21162,2021-06-21,14352282,391861297.84,64,100000
21163,2021-06-22,14243506,392493916.02,53,100000
21164,2021-06-23,14093740,394173233.96,42,100000
21165,2021-06-24,14808132,396879166.56,41,100000
21166,2021-06-25,16088134,400035151.24,30,100000
21167,2021-06-26,13780230,404918336.9,132,100000
21168,2021-06-27,13487896,398470649.6,35,100000
21169,2021-06-28,14339924,401579718.64,66,100000
21170,2021-06-29,13889292,402006281.4,24,100000
21171,2021-06-30,13995522,406412034.48,27,100000
21172,2021-07-01,14531814,410569840.26,279,100000
21173,2021-07-02,15579460,389790429.12,15,100000
21174,2021-07-03,13347566,395924364.52,55,100000
21175,2021-07-04,13769632,396964671.86,152,100000
21176,2021-07-05,14101956,388511791.54,59,100000
21177,2021-07-06,13895764,389521749.98,31,100000
21178,2021-07-07,13807800,393230674.34,34,100000
21179,2021-07-08,13804764,396596496.34,14,100000
21180,2021-07-09,15604916,401960830.7,66,100000
21181,2021-07-10,13418362,403007239.54,70,100000
21182,2021-07-11,13462796,402582236.92,36,100000
21183,2021-07-12,13368894,405579006.96,77,100000
21184,2021-07-13,13406330,404429765.02,61,100000
21185,2021-07-14,13668382,404898866.72,69,100000
21186,2021-07-15,14375348,404696373.9,44,100000
21187,2021-07-16,15451904,407340294.42,80,100000
21188,2021-07-17,13631288,406911727.38,36,100000
21189,2021-07-18,13362622,409991058.5,55,100000
21190,2021-07-19,14137474,411038743.28,108,100000
21191,2021-07-20,13484466,407166105.54,30,100000
21192,2021-07-21,13470472,410773493.88,109,100000
21193,2021-07-22,13851718,406474025.16,37,100000
21194,2021-07-23,15741928,409561366.98,114,100000
21195,2021-07-24,13687584,405874911.7,117,100000
21196,2021-07-25,13309352,400881827.86,40,100000
21197,2021-07-26,13696988,403403410.34,10,100000
21198,2021-07-27,13546656,409114934.46,117,100000
21199,2021-07-28,13809992,404052795.9,42,100000
21200,2021-07-29,14182052,406619691.98,21,100000
21201,2021-07-30,15548298,411468897.46,215,100000
21202,2021-07-31,13909908,397587563.48,54,100000
21203,2021-08-01,13184550,399003418.4,36,100000
21204,2021-08-02,13485054,401863847.9,99,100000
21205,2021-08-03,13515490,398571524.36,232,100000
21206,2021-08-04,13602644,381994114.46,24,100000
21207,2021-08-05,14029294,386259410.02,22,100000
21208,2021-08-06,15218532,390933764.08,103,100000
21209,2021-08-07,13423434,388090844.76,79,100000
21210,2021-08-08,13585672,386768327.42,49,100000
21211,2021-08-09,13694120,388525306.7,38,100000
21212,2021-08-10,13841830,391435425.5,39,100000
21213,2021-08-11,13806834,394317922.2,43,100000
21214,2021-08-12,14103212,396783270.86,127,100000
21215,2021-08-13,15278034,390993844.74,180,100000
21216,2021-08-14,13911570,380480081.4,40,100000
21217,2021-08-15,13601008,383296750.7,183,100000
21218,2021-08-16,14220322,371661244.62,35,100000
21219,2021-08-17,13751132,375129202.4,62,100000
21220,2021-08-18,14117442,375667257.08,189,100000
21221,2021-08-19,14525138,363684803.66,81,100000
21222,2021-08-20,15775270,362702121.28,55,100000
21223,2021-08-21,14036034,364932003.58,101,100000
21224,2021-08-22,13832266,361709660.24,26,100000
21225,2021-08-23,14500334,365887470.58,53,100000
21226,2021-08-24,14186976,367692634.24,36,100000
21227,2021-08-25,14397470,371044252.48,54,100000
21228,2021-08-26,14753478,372699012.78,58,100000
21229,2021-08-27,15339974,374128217.0,49,100000
21230,2021-08-28,13893360,376744804.26,55,100000
21231,2021-08-29,13587960,378052550.66,45,100000
21232,2021-08-30,14072880,380210651.06,45,100000
21233,2021-08-31,13931314,382606362.26,55,100000
21234,2021-09-01,13625072,383932706.12,102,100000
21235,2021-09-02,14285428,380408991.4,37,100000
21236,2021-09-03,15491720,383708851.12,108,100000
21237,2021-09-04,13792262,380499793.92,53,100000
21238,2021-09-05,13840940,381958002.3,109,100000
21239,2021-09-06,14180694,377840062.9,50,100000
21240,2021-09-07,14165800,379788602.96,51,100000
21241,2021-09-08,14247702,381629844.96,193,100000
21242,2021-09-09,14605848,369311218.94,32,100000
21243,2021-09-10,15832808,373268084.46,147,100000
21244,2021-09-11,14111116,366326160.38,60,100000
21245,2021-09-12,13935974,367240607.22,73,100000
21246,2021-09-13,14525678,366769234.48,20,100000
21247,2021-09-14,13916056,371886816.7,259,100000
21248,2021-09-15,14613874,352805684.14,276,100000
21249,2021-09-16,15439186,332366482.4,68,100000
21250,2021-09-17,16504840,333131683.54,37,100000
21251,2021-09-18,14487190,337519055.14,75,100000
21252,2021-09-19,13608166,337117778.24,62,100000
21253,2021-09-20,13807698,337585779.58,103,100000
21254,2021-09-21,13882234,334051551.6,13,100000
21255,2021-09-22,14406076,339553846.26,66,100000
21256,2021-09-23,15173112,340012823.5,55,100000
21257,2021-09-24,16489996,341947648.38,22,100000
21258,2021-09-25,14614020,347827746.42,57,100000
21259,2021-09-26,14735772,349288616.22,75,100000
21260,2021-09-27,14852786,349009144.5,52,100000
21261,2021-09-28,14547482,351087009.64,43,100000
21262,2021-09-29,15040990,353915275.82,37,100000
21263,2021-09-30,15559892,357585360.92,31,100000
21264,2021-10-05,13835214,362109708.0,47,100000
21265,2021-10-06,13146908,364188962.86,41,100000
21266,2021-10-07,14011368,366530947.78,219,100000
21267,2021-10-08,15352090,351496518.1,91,100000
21268,2021-10-09,13783900,349919042.2,60,100000
21269,2021-10-10,13809226,350673153.2,101,100000
21270,2021-10-11,14402770,347339673.94,126,100000
21271,2021-10-12,14154636,341797031.24,22,100000
21272,2021-10-13,14144872,346532802.88,99,100000
21273,2021-10-14,14653932,343563790.16,232,100000
21274,2021-10-15,16031612,327544216.84,40,100000
21275,2021-10-16,13801314,331399706.72,55,100000
21276,2021-10-17,13950392,332662350.58,33,100000
21277,2021-10-18,14312414,336198042.66,82,100000
21278,2021-10-19,13920726,335011125.52,68,100000
21279,2021-10-20,14021812,335032281.26,267,100000
21280,2021-10-21,13955938,315202969.14,137,100000
21281,2021-10-22,15839244,308341378.76,44,100000
21282,2021-10-23,14268322,311702608.32,23,100000
21283,2021-10-24,14269096,316394086.1,54,100000
21284,2021-10-25,14690694,317985943.14,42,100000
21285,2021-10-26,14948370,320984383.2,107,100000
21286,2021-10-27,15119608,317609084.5,67,100000
21287,2021-10-28,15232756,318317692.42,81,100000
21288,2021-10-29,16855382,317681742.86,19,100000
21289,2021-10-30,14285968,324040880.04,57,100000
21290,2021-10-31,14328202,325341004.36,34,100000
21291,2021-11-01,14600006,328961823.34,335,100000
21292,2021-11-02,14314318,302615826.28,60,100000
21293,2021-11-03,14513512,303629842.1,16,100000
21294,2021-11-04,14901798,309141462.98,16,100000
21295,2021-11-05,15959814,314843344.0,126,100000
21296,2021-11-06,14172520,310063652.86,64,100000
21297,2021-11-07,13739242,310608187.66,23,100000
21298,2021-11-08,14432720,315040416.24,35,100000
21299,2021-11-09,14547028,318612449.04,175,100000
21300,2021-11-10,13947984,308240492.76,20,100000
21301,2021-11-11,14744542,313075004.92,164,100000
21302,2021-11-12,16123038,303899830.5,34,100000
21303,2021-11-13,14327608,308400119.12,24,100000
21304,2021-11-14,14329552,313020647.04,37,100000
21305,2021-11-15,14383268,316342127.52,41,100000
21306,2021-11-16,14072752,319289928.84,36,100000
21307,2021-11-17,14545504,322585577.32,33,100000
21308,2021-11-18,14951348,326412874.28,90,100000
21309,2021-11-19,16482804,324739034.8,262,100000
21310,2021-11-20,14738576,306615608.76,49,100000
21311,2021-11-21,14289424,308937511.0,191,100000
21312,2021-11-22,14726538,296839328.76,35,100000
21313,2021-11-23,14383144,300555332.38,106,100000
21314,2021-11-24,14835502,297003072.94,66,100000
21315,2021-11-25,15202416,297672468.92,36,100000
21316,2021-11-26,16582244,301521652.76,19,100000
21317,2021-11-27,14281726,307746952.32,60,100000
21318,2021-11-28,14357250,308744998.06,185,100000
21319,2021-11-29,15140702,297280050.56,131,100000
21320,2021-11-30,15183448,291598994.54,40,100000
21321,2021-12-01,15156890,295038884.06,27,100000
21322,2021-12-02,15039164,299765760.16,30,100000
21323,2021-12-03,16824522,304134950.52,62,100000
21324,2021-12-04,14542528,306178966.3,57,100000
21325,2021-12-05,14768746,307604805.02,122,100000
21326,2021-12-06,15185282,302641490.56,90,100000
21327,2021-12-07,14969962,301082278.74,189,100000
21328,2021-12-08,15421660,289517560.12,34,100000
21329,2021-12-09,15304944,293674173.52,52,100000
21330,2021-12-10,16891132,295973596.08,89,100000
21331,2021-12-11,14766750,295350250.76,17,100000
21332,2021-12-12,14354040,300885958.26,92,100000
21333,2021-12-13,15147934,298719437.86,32,100000
21334,2021-12-14,14789418,302941925.52,110,100000
21335,2021-12-15,15342970,299188740.34,59,100000
21336,2021-12-16,15256214,300806795.64,37,100000
21337,2021-12-17,17069478,304582340.5,155,100000
21338,2021-12-18,14963728,297446384.72,61,100000
21339,2021-12-19,14893060,298678611.44,38,100000
21340,2021-12-20,15575290,302176210.84,53,100000
21341,2021-12-21,15094674,304508102.94,50,100000
21342,2021-12-22,15607870,306904493.2,84,100000
21343,2021-12-23,15628190,306152349.5,22,100000
21344,2021-12-24,17175444,311610162.6,75,100000
21345,2021-12-25,14864624,312526130.16,41,100000
21346,2021-12-26,14629336,315709795.92,23,100000
21347,2021-12-27,15104580,320578170.56,70,100000
21348,2021-12-28,15313950,320979414.76,32,100000
21349,2021-12-29,15832484,325283250.26,60,100000
21350,2021-12-30,16057428,327041167.42,54,100000
21351,2021-12-31,18201020,329509307.14,41,100000
22001,2022-01-01,14952960,334327806.94,90,100000
22002,2022-01-02,14655758,332654757.34,96,100000
22003,2022-01-03,15456204,330236078.76,132,100000
22004,2022-01-04,15719054,324609618.72,36,100000
22005,2022-01-05,15530352,328711955.18,59,100000
22006,2022-01-06,16109210,330421827.66,64,100000
22007,2022-01-07,18080234,331915340.56,99,100000
22008,2022-01-08,15694974,330874655.22,36,100000
22009,2022-01-09,15550348,334965192.48,61,100000
22010,2022-01-10,15927724,336484863.0,25,100000
22011,2022-01-11,15705998,341789447.76,20,100000
22012,2022-01-12,15585216,347485386.78,252,100000
22013,2022-01-13,16067304,329922142.62,33,100000
22014,2022-01-14,17355966,334495121.58,136,100000
22015,2022-01-15,15087596,329399544.92,98,100000
22016,2022-01-16,15222658,326992466.96,65,100000
22017,2022-01-17,15859784,327951569.38,43,100000
22018,2022-01-18,15614534,331422863.54,35,100000
22019,2022-01-19,15860446,335573985.2,38,100000
22020,2022-01-20,16343004,339545603.74,40,100000
22021,2022-01-21,17248662,343553675.7,182,100000
22022,2022-01-22,15802596,333805520.08,92,100000
22023,2022-01-23,15780864,332348792.12,42,100000
22024,2022-01-24,16320426,335881415.48,100,100000
22025,2022-01-25,16184624,333878424.22,37,100000
22026,2022-01-26,16442418,338108889.98,78,100000
22027,2022-01-27,17431192,338365674.8,47,100000
22028,2022-01-28,20643360,342206958.88,58,100000
22029,2022-02-08,16701680,346522205.28,80,100000
22030,2022-02-09,14154274,346706028.48,43,100000
22031,2022-02-10,14931338,349341622.74,51,100000
22032,2022-02-11,15997974,351557978.36,56,100000
22033,2022-02-12,14502130,353796985.62,241,100000
22034,2022-02-13,14646546,336803029.32,66,100000
22035,2022-02-14,14882216,337379836.86,25,100000
22036,2022-02-15,14518332,342172122.7,44,100000
22037,2022-02-16,14550474,344886105.38,15,100000
22038,2022-02-17,15028250,350515837.64,45,100000
22039,2022-02-18,16275300,353379680.14,69,100000
22040,2022-02-19,14361390,354454577.14,62,100000
22041,2022-02-20,14282188,355291658.24,52,100000
22042,2022-02-21,14621620,357089930.36,40,100000
22043,2022-02-22,14339272,360254524.16,27,100000
22044,2022-02-23,14629754,364580767.44,62,100000
22045,2022-02-24,15380868,365549346.9,70,100000
22046,2022-02-25,16681190,366085972.22,110,100000
22047,2022-02-26,15250016,363259755.32,140,100000
22048,2022-02-27,15313432,356732263.16,30,100000
22049,2022-02-28,15905614,361235844.84,33,100000
22050,2022-03-01,15639192,365729595.7,82,100000
22051,2022-03-02,15258866,365192799.78,47,100000
22052,2022-03-03,16346882,367969644.12,20,100000
22053,2022-03-04,17140828,373979616.3,90,100000
22054,2022-03-05,14702914,373378622.02,48,100000
22055,2022-03-06,14704726,375783049.88,105,100000
22056,2022-03-07,15310688,372488365.62,72,100000
22057,2022-03-08,14888372,372790602.74,56,100000
22058,2022-03-09,15608024,374485905.02,40,100000
22059,2022-03-10,15920522,378133836.78,152,100000
22060,2022-03-11,17474548,370734892.56,64,100000
22061,2022-03-12,14963136,372897421.08,75,100000
22062,2022-03-13,14968844,372729357.72,42,100000
22063,2022-03-14,15246094,375864091.28,46,100000
22064,2022-03-15,14974690,378734677.34,85,100000
22065,2022-03-16,14991424,377572275.44,50,100000
22066,2022-03-17,15058956,379918073.2,36,100000
22067,2022-03-18,16645236,383696961.64,85,100000
22068,2022-03-19,14663348,383353127.28,43,100000
22069,2022-03-20,14331952,386238167.8,93,100000
22070,2022-03-21,15334950,383960824.28,28,100000
22071,2022-03-22,15320856,388674949.78,108,100000
22072,2022-03-23,15436210,385382169.22,62,100000
22073,2022-03-24,15863912,386745912.12,24,100000
22074,2022-03-25,16788348,392119229.0,38,100000
22075,2022-03-26,14830332,396545519.52,60,100000
22076,2022-03-27,15100998,397812382.2,34,100000
22077,2022-03-28,15282996,401811871.22,90,100000
22078,2022-03-29,15592232,400300539.26,36,100000
22079,2022-03-30,15555442,404340732.94,54,100000
22080,2022-03-31,17103868,406562899.52,22,100000
22081,2022-04-01,17840766,412743794.84,105,100000
22082,2022-04-02,15596184,410985770.18,45,100000
22083,2022-04-03,15160160,414127900.34,20,100000
22084,2022-04-04,15397008,419556378.74,41,100000
22085,2022-04-05,15713726,423000912.66,73,100000
22086,2022-04-06,15934148,423400638.4,127,100000
22087,2022-04-07,16706942,418508370.92,41,100000
22088,2022-04-08,17885700,422594772.5,71,100000
22089,2022-04-09,15541962,424258765.5,74,100000
22090,2022-04-10,15364404,424474326.88,38,100000
22091,2022-04-11,16013848,428202884.84,65,100000
22092,2022-04-12,15426478,429549670.36,62,100000
22093,2022-04-13,14619632,430908644.58,49,100000
22094,2022-04-14,15722130,433172264.26,22,100000
22095,2022-04-15,16619688,438676107.96,113,100000
22096,2022-04-16,14441674,435519755.08,64,100000
22097,2022-04-17,14863442,436196175.34,21,100000
22098,2022-04-18,15067730,441379261.92,85,100000
22099,2022-04-19,14966196,440262449.62,78,100000
22100,2022-04-20,15217988,439795885.66,74,100000
22101,2022-04-21,15318160,439852699.78,72,100000
22102,2022-04-22,16789058,440158598.18,102,100000
22103,2022-04-23,14761568,438185236.6,48,100000
22104,2022-04-24,14892004,440618404.92,49,100000
22105,2022-04-25,15076996,443015486.88,33,100000
22106,2022-04-26,15035170,447103214.92,49,100000
22107,2022-04-27,14851868,449570448.22,21,100000
22108,2022-04-28,15582908,454747863.54,47,100000
22109,2022-04-29,16840514,457683488.46,31,100000
22110,2022-04-30,14292316,462835340.32,67,100000
22111,2022-05-01,13636432,463138575.16,188,100000
22112,2022-05-02,14093802,451020426.84,72,100000
22113,2022-05-03,14073830,450726389.82,129,100000
22114,2022-05-04,14734078,444722566.52,62,100000
22115,2022-05-05,14897280,445742264.74,73,100000
22116,2022-05-06,16458974,445741931.94,65,100000
22117,2022-05-07,14359392,447306829.2,9,100000
22118,2022-05-08,13969074,453442931.28,18,100000
22119,2022-05-09,14382916,458487777.54,80,100000
22120,2022-05-10,14638186,457535406.38,33,100000
22121,2022-05-11,13995746,461408117.52,81,100000
22122,2022-05-12,14849994,460166033.06,190,100000
22123,2022-05-13,16413342,448442530.12,50,100000
22124,2022-05-14,14163332,451485067.7,97,100000
22125,2022-05-15,14323836,448725100.38,9,100000
22126,2022-05-16,14350140,454843780.02,67,100000
22127,2022-05-17,14598766,455175348.62,46,100000
22128,2022-05-18,14471388,457728743.96,50,100000
22129,2022-05-19,15367574,459819724.08,19,100000
22130,2022-05-20,16249846,465449835.34,58,100000
22131,2022-05-21,14084734,467612259.88,49,100000
22132,2022-05-22,14191366,469613779.54,139,100000
22133,2022-05-23,14492738,462667548.88,101,100000
22134,2022-05-24,14815104,459668990.5,73,100000
22135,2022-05-25,14481694,459628391.46,128,100000
22136,2022-05-26,15330598,453924421.52,40,100000
22137,2022-05-27,16291698,457436414.54,70,100000
22138,2022-05-28,13917320,458419346.56,26,100000
22139,2022-05-29,14468698,462638833.36,190,100000
22140,2022-05-30,14773174,450728495.38,33,100000
22141,2022-05-31,14754672,454667350.64,47,100000
22142,2022-06-01,14369134,457197139.92,113,100000
22143,2022-06-02,15077770,452938015.58,44,100000
22144,2022-06-03,15385216,455926122.88,16,100000
22145,2022-06-04,13972748,461864878.72,46,100000
22146,2022-06-05,14428322,464111525.24,49,100000
22147,2022-06-06,14962394,466281403.02,72,100000
22148,2022-06-07,14936092,466412976.08,78,100000
22149,2022-06-08,14971540,465931661.16,34,100000
22150,2022-06-09,15225336,469867715.76,153,100000
22151,2022-06-10,16338836,462028130.4,96,100000
22152,2022-06-11,14313798,460434160.04,64,100000
22153,2022-06-12,14400980,461047921.06,93,100000
22154,2022-06-13,14947050,458804401.26,127,100000
22155,2022-06-14,14856594,453428455.76,47,100000
22156,2022-06-15,15117138,456008186.82,64,100000
22157,2022-06-16,15449982,457015584.44,53,100000
22158,2022-06-17,17028842,459286075.62,157,100000
22159,2022-06-18,14829238,451930208.2,24,100000
22160,2022-06-19,15066940,456796534.82,22,100000
22161,2022-06-20,15081978,461979335.42,113,100000
22162,2022-06-21,15041336,458069504.64,72,100000
22163,2022-06-22,14708528,458239759.28,57,100000
22164,2022-06-23,15292868,459746938.0,63,100000
22165,2022-06-24,16996926,460940443.32,379,100000
22166,2022-06-25,15507748,431368937.06,32,100000
22167,2022-06-26,15173614,435767733.58,107,100000
22168,2022-06-27,15910414,432502804.44,57,100000
22169,2022-06-28,15531636,434598907.3,50,100000
22170,2022-06-29,15975702,437209408.94,54,100000
22171,2022-06-30,16629850,439637502.92,95,100000
22172,2022-07-01,17463990,438286129.42,165,100000
22173,2022-07-02,15085076,430343484.52,28,100000
22174,2022-07-03,15274504,434935171.76,45,100000
22175,2022-07-04,16021482,437919678.72,110,100000
22176,2022-07-05,15532460,434770204.9,99,100000
22177,2022-07-06,15710698,432481110.3,61,100000
22178,2022-07-07,16742042,434079352.32,194,100000
22179,2022-07-08,17483754,422882952.9,115,100000
22180,2022-07-09,15759622,419949992.36,90,100000
22181,2022-07-10,15414552,418672207.14,79,100000
22182,2022-07-11,15593892,418325337.62,173,100000
22183,2022-07-12,16014390,408666344.7,75,100000
22184,2022-07-13,15855758,409013395.8,34,100000
22185,2022-07-14,16472578,413382717.22,40,100000
22186,2022-07-15,17421188,417454280.44,40,100000
22187,2022-07-16,15361780,421990662.56,142,100000
22188,2022-07-17,15331482,415317934.76,29,100000
22189,2022-07-18,15840698,419930360.94,654,100000
22190,2022-07-19,16277534,362292302.96,145,100000
22191,2022-07-20,16809070,355768294.62,37,100000
22192,2022-07-21,17048240,360304738.92,50,100000
22193,2022-07-22,17953844,363658376.52,60,100000
22194,2022-07-23,15975980,366455760.08,60,100000
22195,2022-07-24,15930306,368283990.28,46,100000
22196,2022-07-25,15743494,371489840.22,70,100000
22197,2022-07-26,15720884,372204152.28,77,100000
22198,2022-07-27,15940388,372207385.44,15,100000
22199,2022-07-28,16430470,378518175.56,88,100000
22200,2022-07-29,17767758,377769105.86,191,100000
22201,2022-07-30,15750390,367375307.28,61,100000
22202,2022-07-31,15630234,368992998.38,29,100000
22203,2022-08-01,15740516,373751813.04,102,100000
22204,2022-08-02,15388456,371264665.88,70,100000
22205,2022-08-03,14528626,371805009.32,41,100000
22206,2022-08-04,15731886,374824036.06,121,100000
22207,2022-08-05,16548926,370432660.2,144,100000
22208,2022-08-06,15123828,364141633.94,77,100000
22209,2022-08-07,15234264,363852309.66,57,100000
22210,2022-08-08,16081476,365617099.02,39,100000
22211,2022-08-09,15802588,369597022.26,225,100000
22212,2022-08-10,15654280,354840290.38,58,100000
22213,2022-08-11,15953744,356710887.58,34,100000
22214,2022-08-12,17413044,361128222.14,52,100000
22215,2022-08-13,14842548,364460613.7,21,100000
22216,2022-08-14,14684148,369633462.22,121,100000
22217,2022-08-15,15216184,364728694.74,81,100000
22218,2022-08-16,15495276,364084624.9,71,100000
22219,2022-08-17,15865516,364577310.14,82,100000
22220,2022-08-18,15921202,364151412.98,37,100000
22221,2022-08-19,17417214,368252801.96,70,100000
22222,2022-08-20,15759066,369787236.82,31,100000
22223,2022-08-21,15324908,374409179.16,60,100000
22224,2022-08-22,15729288,375918384.08,47,100000
22225,2022-08-23,15403890,378925735.2,40,100000
22226,2022-08-24,15769132,382473641.3,47,100000
22227,2022-08-25,15999126,385500515.98,61,100000
22228,2022-08-26,17459578,387240087.72,96,100000
22229,2022-08-27,15304400,386195280.94,35,100000
22230,2022-08-28,14870948,390194436.94,67,100000
22231,2022-08-29,15630384,390781201.46,74,100000
22232,2022-08-30,15346370,391040089.62,76,100000
22233,2022-08-31,16132506,390959810.92,186,100000
22234,2022-09-01,16083220,380264738.86,39,100000
22235,2022-09-02,16755280,384245516.66,64,100000
22236,2022-09-03,14884940,386055603.86,88,100000
22237,2022-09-04,14611558,384549224.46,18,100000
22238,2022-09-05,15057140,389908887.88,50,100000
22239,2022-09-06,14769782,392286886.48,28,100000
22240,2022-09-07,15310746,396724079.66,261,100000
22241,2022-09-08,15719638,378126345.2,164,100000
22242,2022-09-09,16833992,369428967.82,58,100000
22243,2022-09-10,14241770,371877623.9,30,100000
22244,2022-09-11,14425950,375856091.2,53,100000
22245,2022-09-12,15092602,377624806.7,54,100000
22246,2022-09-13,15162318,379620181.68,59,100000
22247,2022-09-14,15680650,381149717.5,24,100000
22248,2022-09-15,16204494,386433236.0,48,100000
22249,2022-09-16,17059098,389573438.06,89,100000
22250,2022-09-17,15127860,389032396.08,41,100000
22251,2022-09-18,15033700,392345047.48,73,100000
22252,2022-09-19,15740452,392411560.48,70,100000
22253,2022-09-20,15539274,393124381.96,59,100000
22254,2022-09-21,15885742,394838626.22,96,100000
22255,2022-09-22,16480614,393022639.8,74,100000
22256,2022-09-23,17303064,393698140.66,51,100000
22257,2022-09-24,15475622,397076642.02,35,100000
22258,2022-09-25,15250206,401159696.8,30,100000
22259,2022-09-26,15849104,405632297.74,60,100000
22260,2022-09-27,15811964,407398358.7,45,100000
22261,2022-09-28,16197996,410646221.06,191,100000
22262,2022-09-29,16944316,399483239.1,123,100000
22263,2022-09-30,18750026,395485953.94,103,100000
22264,2022-10-05,15792388,394373466.68,61,100000
22265,2022-10-06,14380372,396011736.8,92,100000
22266,2022-10-07,16784196,393858119.08,46,100000
22267,2022-10-08,15192248,397482375.12,44,100000
22268,2022-10-09,15020678,400526576.64,38,100000
22269,2022-10-10,15492884,404086708.86,32,100000
22270,2022-10-11,15410302,408478222.02,163,100000
22271,2022-10-12,15451434,399729270.0,92,100000
22272,2022-10-13,16136250,398100472.66,85,100000
22273,2022-10-14,17850414,397507235.16,114,100000
22274,2022-10-15,16333924,394853938.02,38,100000
22275,2022-10-16,15693640,399057560.78,44,100000
22276,2022-10-17,15969002,402347444.38,81,100000
22277,2022-10-18,15641306,402072255.36,77,100000
22278,2022-10-19,16339894,402036495.3,138,100000
22279,2022-10-20,16914472,396243043.36,83,100000
22280,2022-10-21,18322454,396231134.64,98,100000
22281,2022-10-22,15775448,395409137.1,92,100000
22282,2022-10-23,15065870,393939106.62,81,100000
22283,2022-10-24,16130852,393221382.92,37,100000
22284,2022-10-25,15872430,397425500.4,227,100000
22285,2022-10-26,16151630,382502991.1,136,100000
22286,2022-10-27,16838836,376817289.8,67,100000
22287,2022-10-28,18355244,378368319.44,69,100000
22288,2022-10-29,16845956,380462389.0,582,100000
22289,2022-10-30,17335712,330516907.44,52,100000
22290,2022-10-31,17022714,333811406.32,159,100000
22291,2022-11-01,16607388,326252536.18,99,100000
22292,2022-11-02,16669234,324490156.3,37,100000
22293,2022-11-03,16439484,328958080.96,68,100000
22294,2022-11-04,18373210,330213428.12,236,100000
22295,2022-11-05,15954408,315616301.02,138,100000
22296,2022-11-06,15682418,309633960.94,24,100000
22297,2022-11-07,16058100,314918345.76,111,100000
22298,2022-11-08,15709122,311686814.76,155,100000
22299,2022-11-09,16690124,303884284.54,125,100000
22300,2022-11-10,16713874,299562445.3,50,100000
22301,2022-11-11,18033236,302752243.56,300,100000
22302,2022-11-12,16259056,281588529.2,147,100000
22303,2022-11-13,16291742,274855466.64,39,100000
22304,2022-11-14,16814574,278938420.22,110,100000
22305,2022-11-15,16826220,276177561.48,16,100000
22306,2022-11-16,17234106,282822409.28,130,100000
22307,2022-11-17,17396096,278267121.22,48,100000
22308,2022-11-18,19656230,281991208.26,106,100000
22309,2022-11-19,17041802,281022760.96,170,100000
22310,2022-11-20,16656794,272373243.94,140,100000
22311,2022-11-21,16951704,266535073.0,104,100000
22312,2022-11-22,16038646,264441407.96,63,100000
22313,2022-11-23,16122888,266000344.5,124,100000
22314,2022-11-24,15574626,261500559.62,69,100000
22315,2022-11-25,17526508,262232126.36,64,100000
22316,2022-11-26,15466122,264420115.28,131,100000
22317,2022-11-27,15199348,258898515.06,53,100000
22318,2022-11-28,15610002,261046195.58,62,100000
22319,2022-11-29,14975100,262495096.56,52,100000
22320,2022-11-30,15285540,264632895.56,163,100000
22321,2022-12-01,15680286,255822810.16,111,100000
22322,2022-12-02,17222368,252406150.3,87,100000
22323,2022-12-03,16109236,252145110.62,128,100000
22324,2022-12-04,16045554,247238636.26,56,100000
22325,2022-12-05,16193458,249500957.72,45,100000
22326,2022-12-06,16298144,252935752.14,166,100000
22327,2022-12-07,17563182,244321842.7,66,100000
22328,2022-12-08,17386440,246327801.88,62,100000
22329,2022-12-09,18503062,248647157.48,161,100000
22330,2022-12-10,17144214,241613657.86,89,100000
22331,2022-12-11,17249056,241114322.72,56,100000
22332,2022-12-12,16761378,243966360.16,58,100000
22333,2022-12-13,16452118,246379435.38,76,100000
22334,2022-12-14,16481380,246840973.2,51,100000
22335,2022-12-15,16639618,249816849.4,165,100000
22336,2022-12-16,17484106,241470262.22,53,100000
22337,2022-12-17,15289262,244737474.16,88,100000
22338,2022-12-18,15093596,243429212.54,54,100000
22339,2022-12-19,15624902,245425074.58,103,100000
22340,2022-12-20,15114614,242781276.56,32,100000
22341,2022-12-21,15477158,246987437.42,38,100000
22342,2022-12-22,15166944,250771244.84,27,100000
22343,2022-12-23,16094144,255503047.4,45,100000
22344,2022-12-24,14731974,258889177.96,34,100000
22345,2022-12-25,14919302,262707845.22,49,100000
22346,2022-12-26,14972294,265118303.2,74,100000
22347,2022-12-27,15069998,265054727.26,41,100000
22348,2022-12-28,15164070,268339026.28,149,100000
22349,2022-12-29,15819340,260869420.58,62,100000
22350,2022-12-30,17597224,262420897.18,76,100000
22351,2022-12-31,16852050,263443536.94,117,100000
23001,2023-01-01,16792418,260001041.44,50,100000
23002,2023-01-02,16802892,263229326.26,95,100000
23003,2023-01-03,16580906,261962743.34,147,100000
23004,2023-01-04,16820624,255387387.28,85,100000
23005,2023-01-05,17781172,255129493.04,59,100000
23006,2023-01-06,19632542,257942267.32,62,100000
23007,2023-01-07,17395998,261362212.9,112,100000
23008,2023-01-08,17639434,258686251.92,62,100000
23009,2023-01-09,18188346,261129574.58,917,100000
23010,2023-01-10,18049296,178341864.12,445,100000
23011,2023-01-11,18249864,142686019.16,71,100000
23012,2023-01-12,19896854,144528452.52,171,100000
23013,2023-01-13,21552380,137177910.98,101,100000
23014,2023-01-14,19268816,137638577.18,25,100000
23015,2023-01-15,18307850,144580297.02,42,100000
23016,2023-01-16,18848302,149351143.52,40,100000
23017,2023-01-17,19546132,154586811.5,61,100000
23018,2023-01-18,21570076,158064416.18,29,100000
23019,2023-01-29,19728950,165733753.42,155,100000
23020,2023-01-30,16776540,159900938.92,41,100000
23021,2023-01-31,16892246,164021443.52,32,100000
23022,2023-02-01,17041976,169098644.06,41,100000
23023,2023-02-02,17739836,173349212.3,124,100000
23024,2023-02-03,18784392,169641731.94,65,100000
23025,2023-02-04,17018484,172346084.02,61,100000
23026,2023-02-05,16581018,174585141.18,106,100000
23027,2023-02-06,17233036,172109840.0,27,100000
23028,2023-02-07,17551326,177854027.64,115,100000
23029,2023-02-08,18435860,174954177.38,110,100000
23030,2023-02-09,19405968,172987748.78,246,100000
23031,2023-02-10,21528260,157896673.1,156,100000
23032,2023-02-11,19114608,152845520.5,17,100000
23033,2023-02-12,18426886,160511678.42,53,100000
23034,2023-02-13,18695602,164240852.56,79,100000
23035,2023-02-14,18617406,165501697.54,84,100000
23036,2023-02-15,18787306,166224226.48,55,100000
23037,2023-02-16,18941024,169930006.42,27,100000
23038,2023-02-17,20161748,176511108.18,43,100000
23039,2023-02-18,17692486,182090364.7,132,100000
23040,2023-02-19,18120756,177559682.84,80,100000
23041,2023-02-20,18972778,178438853.28,57,100000
23042,2023-02-21,18982432,182035514.5,33,100000
23043,2023-02-22,19134394,188036906.18,104,100000
23044,2023-02-23,20342598,187012759.24,132,100000
23045,2023-02-24,21611268,183780632.26,148,100000
23046,2023-02-25,19455122,179570153.58,74,100000
23047,2023-02-26,18597804,181703163.36,125,100000
23048,2023-02-27,19696608,178316087.32,34,100000
23049,2023-02-28,19424878,184567425.24,45,100000
23050,2023-03-01,19563504,189585615.46,82,100000
23051,2023-03-02,20375772,190971732.42,59,100000
23052,2023-03-03,21311064,195055860.7,190,100000
23053,2023-03-04,18658480,186498282.06,71,100000
23054,2023-03-05,18679852,188540937.26,10,100000
23055,2023-03-06,19157488,196694064.74,400,100000
23056,2023-03-07,19657020,166081233.86,69,100000
23057,2023-03-08,19505758,168813173.66,290,100000
23058,2023-03-09,20863960,149370995.08,96,100000
23059,2023-03-10,21945752,149994335.48,185,100000
23060,2023-03-11,19136392,142247753.96,65,100000
23061,2023-03-12,19026584,145124586.04,190,100000
23062,2023-03-13,19406228,135447612.2,47,100000
23063,2023-03-14,19004264,140256663.92,47,100000
23064,2023-03-15,19700528,144868753.28,51,100000
23065,2023-03-16,20173454,149422012.0,85,100000
23066,2023-03-17,21394514,150807004.46,28,100000
23067,2023-03-18,18779842,158490316.32,101,100000
23068,2023-03-19,18616466,157592438.9,88,100000
23069,2023-03-20,19836230,157914507.24,127,100000
23070,2023-03-21,20204770,154934259.94,64,100000
23071,2023-03-22,20573180,158434597.24,53,100000
23072,2023-03-23,20070270,163215455.44,101,100000
23073,2023-03-24,21578288,162949887.74,43,100000
23074,2023-03-25,18872736,169223248.86,33,100000
23075,2023-03-26,18926488,175170889.5,29,100000
23076,2023-03-27,18996530,181544868.62,47,100000
23077,2023-03-28,18988676,186153168.32,80,100000
23078,2023-03-29,19326502,187457619.56,358,100000
23079,2023-03-30,21168950,161127605.54,19,100000
23080,2023-03-31,22121798,169600391.04,165,100000
23081,2023-04-01,19354758,163940072.06,23,100000
23082,2023-04-02,18947508,171123903.48,109,100000
23083,2023-04-03,19711172,169508182.4,28,100000
23084,2023-04-04,19428134,176366656.68,80,100000
23085,2023-04-05,18942896,177886442.34,40,100000
23086,2023-04-06,19698148,183168461.38,104,100000
23087,2023-04-07,21765226,182420553.9,255,100000
23088,2023-04-08,19055942,167585514.64,174,100000
23089,2023-04-09,18727468,159522926.22,59,100000
23090,2023-04-10,18279210,162799385.54,99,100000
23091,2023-04-11,19000314,161856198.44,113,100000
23092,2023-04-12,19007186,159866352.3,51,100000
23093,2023-04-13,19884482,164079873.44,272,100000
23094,2023-04-14,21951226,146623269.62,64,100000
23095,2023-04-15,18518256,150979370.36,19,100000
23096,2023-04-16,18537700,158153315.8,108,100000
23097,2023-04-17,19235792,156436788.8,109,100000
23098,2023-04-18,19293388,154962326.88,62,100000
23099,2023-04-19,18676328,158216087.0,39,100000
23100,2023-04-20,19906250,163467487.72,68,100000
23101,2023-04-21,21370942,166421550.22,58,100000
23102,2023-04-22,18715574,171093311.8,47,100000
23103,2023-04-23,19064404,175563943.06,95,100000
23104,2023-04-24,19058058,175405501.02,69,100000
23105,2023-04-25,19815812,177843949.44,71,100000
23106,2023-04-26,19394824,180453697.32,231,100000
23107,2023-04-27,20935894,166857161.08,117,100000
23108,2023-04-28,22081730,165415749.14,128,100000
23109,2023-04-29,18305022,163435796.84,46,100000
23110,2023-04-30,17301538,167805257.62,58,100000
23111,2023-05-01,17087414,170483011.24,71,100000
23112,2023-05-02,17474944,171755844.1,92,100000
23113,2023-05-03,18395602,171118566.66,76,100000
23114,2023-05-04,19578246,172532411.64,189,100000
23115,2023-05-05,21317800,163225752.18,88,100000
23116,2023-05-06,18851846,164871474.18,34,100000
23117,2023-05-07,18725854,170708878.72,165,100000
23118,2023-05-08,19172964,163384547.18,203,100000
23119,2023-05-09,20160008,152479299.54,73,100000
23120,2023-05-10,19635422,155057703.46,63,100000
23121,2023-05-11,20417708,158379060.24,209,100000
23122,2023-05-12,21383680,147483737.16,86,100000
23123,2023-05-13,18343758,149361740.36,80,100000
23124,2023-05-14,19296882,150350181.78,46,100000
23125,2023-05-15,19680298,155205653.96,159,100000
23126,2023-05-16,19897160,148948999.98,173,100000
23127,2023-05-17,19863224,141398608.38,67,100000
23128,2023-05-18,19770508,144431588.14,40,100000
23129,2023-05-19,21224704,150119137.06,72,100000
23130,2023-05-20,18684526,153319242.02,447,100000
23131,2023-05-21,19756042,117774659.76,143,100000
23132,2023-05-22,20008430,113155120.34,51,100000
23133,2023-05-23,19764086,117859251.04,51,100000
23134,2023-05-24,19883694,122443653.18,57,100000
23135,2023-05-25,20791332,126486663.24,72,100000
23136,2023-05-26,22257972,129474415.92,53,100000
23137,2023-05-27,19014880,135080822.2,37,100000
23138,2023-05-28,19862254,140698113.4,32,100000
23139,2023-05-29,19857254,147230617.86,22,100000
23140,2023-05-30,19833338,154760672.32,39,100000
23141,2023-05-31,19990022,160579007.94,35,100000
23142,2023-06-01,20306012,166874118.72,69,100000
23143,2023-06-02,21486168,169924064.6,44,100000
23144,2023-06-03,18942766,176052286.92,72,100000
23145,2023-06-04,19241178,178134242.26,92,100000
23146,2023-06-05,19271388,178362419.48,50,100000
23147,2023-06-06,19311328,182805399.6,174,100000
23148,2023-06-07,19728844,174867950.32,166,100000
23149,2023-06-08,20150294,167935083.88,121,100000
23150,2023-06-09,21932166,165708727.94,46,100000
23151,2023-06-10,18574142,171855489.28,143,100000
23152,2023-06-11,18836146,166656818.86,109,100000
23153,2023-06-12,19952890,164986530.4,53,100000
23154,2023-06-13,20526970,169463446.5,52,100000
23155,2023-06-14,19750800,174321661.8,133,100000
23156,2023-06-15,20382610,170699553.8,120,100000
23157,2023-06-16,22255450,168687032.7,84,100000
23158,2023-06-17,19734644,171192203.2,72,100000
23159,2023-06-18,19537806,173662178.76,172,100000
23160,2023-06-19,19479522,166035703.7,22,100000
23161,2023-06-20,19573620,173380669.48,67,100000
23162,2023-06-21,19543388,176271743.28,44,100000
23163,2023-06-22,18690196,181448003.4,119,100000
23164,2023-06-23,20838306,178706199.44,237,100000
23165,2023-06-24,19355792,165216969.38,109,100000
23166,2023-06-25,19149630,163801307.46,104,100000
23167,2023-06-26,20143638,162784626.16,63,100000
23168,2023-06-27,19407706,166355008.78,154,100000
23169,2023-06-28,19283404,160464784.72,83,100000
23170,2023-06-29,20059670,161613652.68,143,100000
23171,2023-06-30,21367200,157142890.98,147,100000
23172,2023-07-01,19150140,152912818.98,67,100000
23173,2023-07-02,19075978,155596387.58,108,100000
23174,2023-07-03,19622692,154143616.8,96,100000
23175,2023-07-04,19636544,154158735.88,75,100000
23176,2023-07-05,19565822,156280642.44,106,100000
23177,2023-07-06,20864970,155267895.22,221,100000
23178,2023-07-07,22351504,143391730.52,108,100000
23179,2023-07-08,19101694,143543967.48,85,100000
23180,2023-07-09,18622184,144403797.54,50,100000
23181,2023-07-10,19767154,148528667.7,51,100000
23182,2023-07-11,19453518,153114573.16,31,100000
23183,2023-07-12,19632546,159546796.98,91,100000
23184,2023-07-13,20170436,160066744.52,47,100000
23185,2023-07-14,21945086,165250258.16,100,100000
23186,2023-07-15,18891254,166003350.3,116,100000
23187,2023-07-16,18897734,163660064.76,181,100000
23188,2023-07-17,19362830,154819954.42,62,100000
23189,2023-07-18,19822222,158107741.12,136,100000
23190,2023-07-19,19526584,154220629.9,116,100000
23191,2023-07-20,19811898,152188656.06,21,100000
23192,2023-07-21,21077404,159796486.08,112,100000
23193,2023-07-22,18881008,158924414.04,133,100000
23194,2023-07-23,18676518,154876107.96,63,100000
23195,2023-07-24,19061112,157727601.78,78,100000
23196,2023-07-25,19198014,159267546.66,59,100000
23197,2023-07-26,18725864,162774573.52,38,100000
23198,2023-07-27,19423450,168150246.88,249,100000
23199,2023-07-28,21296782,152767737.38,85,100000
23200,2023-07-29,19033030,154703160.56,113,100000
23201,2023-07-30,18951804,152729345.26,31,100000
23202,2023-07-31,19030700,158915729.22,107,100000
23203,2023-08-01,19118372,157540772.22,63,100000
23204,2023-08-02,18724690,160608774.5,82,100000
23205,2023-08-03,19356806,161583872.6,86,100000
23206,2023-08-04,21007464,162468707.54,148,100000
23207,2023-08-05,18716332,157962364.9,102,100000
23208,2023-08-06,18908194,156933367.58,195,100000
23209,2023-08-07,18931502,146698382.64,102,100000
23210,2023-08-08,19485762,145774818.62,60,100000
23211,2023-08-09,19191104,149322842.0,62,100000
23212,2023-08-10,19577192,152526482.96,55,100000
23213,2023-08-11,21127618,156619307.04,85,100000
23214,2023-08-12,18546248,158471839.86,107,100000
23215,2023-08-13,18107780,156859501.38,30,100000
23216,2023-08-14,18787564,162732313.58,75,100000
23217,2023-08-15,19177068,164438219.94,51,100000
23218,2023-08-16,19335530,168734983.26,42,100000
23219,2023-08-17,19600650,174009392.96,68,100000
23220,2023-08-18,21121090,176813711.46,19,100000
23221,2023-08-19,18595384,185263045.56,50,100000
23222,2023-08-20,18235534,189374783.72,158,100000
23223,2023-08-21,18890740,182510195.38,35,100000
23224,2023-08-22,19375272,188266657.98,48,100000
23225,2023-08-23,19200092,192960541.26,81,100000
23226,2023-08-24,19350736,194268586.34,82,100000
23227,2023-08-25,20632476,195550446.98,68,100000
23228,2023-08-26,18512520,198860360.22,82,100000
23229,2023-08-27,18549186,199731495.02,304,100000
23230,2023-08-28,19115528,178420596.16,80,100000
23231,2023-08-29,19671588,179787204.88,66,100000
23232,2023-08-30,19801348,182826283.0,57,100000
23233,2023-08-31,20126972,186828943.52,224,100000
23234,2023-09-01,21630496,174291159.8,68,100000
23235,2023-09-02,19282468,178090102.84,34,100000
23236,2023-09-03,18772932,184138512.16,97,100000
23237,2023-09-04,19739626,183637248.84,69,100000
23238,2023-09-05,19188526,186409665.58,108,100000
23239,2023-09-06,19937156,185012043.32,101,100000
23240,2023-09-07,19898106,184681249.76,81,100000
23241,2023-09-08,21324430,186331321.7,77,100000
23242,2023-09-09,19145084,189080292.4,96,100000
23243,2023-09-10,19071572,188861383.56,52,100000
23244,2023-09-11,19235184,193006453.84,217,100000
23245,2023-09-12,19597320,180731694.0,150,100000
23246,2023-09-13,20581218,175334380.8,85,100000
23247,2023-09-14,21343158,176919177.62,76,100000
23248,2023-09-15,22360202,179777325.04,91,100000
23249,2023-09-16,19614488,181633824.02,84,100000
23250,2023-09-17,19669094,182844923.14,81,100000
23251,2023-09-18,20433810,184382779.2,71,100000
23252,2023-09-19,19971798,187295346.1,61,100000
23253,2023-09-20,20254854,190981527.12,65,100000
23254,2023-09-21,20659934,194406405.58,77,100000
23255,2023-09-22,21845336,196829773.24,47,100000
23256,2023-09-23,18987332,202833987.88,20,100000
23257,2023-09-24,19412358,210137780.56,67,100000
23258,2023-09-25,19942214,212949835.98,144,100000
23259,2023-09-26,19894558,208321520.84,109,100000
23260,2023-09-27,19332486,207169854.26,145,100000
23261,2023-09-28,20126876,202142772.4,57,100000
23262,2023-09-29,19321128,206304941.64,285,100000
23263,2023-09-30,19130368,187272294.36,16,100000
23264,2023-10-05,20122292,195046174.68,91,100000
23265,2023-10-06,20794186,195806097.76,66,100000
23266,2023-10-07,19004530,199395248.9,110,100000
23267,2023-10-08,18944912,197707468.6,268,100000
23268,2023-10-09,19690852,180190475.48,985,100000
23269,2023-10-10,20763230,91338992.96,180,100000
23270,2023-10-11,21639108,83512975.66,123,100000
23271,2023-10-12,21670940,81816138.58,57,100000
23272,2023-10-13,22977738,86734899.18,63,100000
23273,2023-10-14,20703430,91693990.8,86,100000
23274,2023-10-15,20730788,93238671.5,102,100000
23275,2023-10-16,20659122,93196757.62,76,100000
23276,2023-10-17,21014836,95719727.4,37,100000
23277,2023-10-18,21392326,102316997.04,72,100000
23278,2023-10-19,22346214,105599236.78,50,100000
23279,2023-10-20,22836734,111548881.64,104,100000
23280,2023-10-21,20641358,112338881.3,38,100000
23281,2023-10-22,20421498,118653146.72,163,100000
23282,2023-10-23,21009932,112359680.74,62,100000
23283,2023-10-24,20508558,116454547.42,106,100000
23284,2023-10-25,20799036,115903740.84,140,100000
23285,2023-10-26,21241858,112095268.48,53,100000
23286,2023-10-27,22466752,117203778.9,57,100000
23287,2023-10-28,19359470,122512487.38,55,100000
23288,2023-10-29,19468646,126498627.68,135,100000
23289,2023-10-30,20202014,122538264.22,226,100000
23290,2023-10-31,20228802,109837251.08,77,100000
23291,2023-11-01,20266760,112049364.06,95,100000
23292,2023-11-02,20537458,112480076.46,142,100000
23293,2023-11-03,21892574,108343430.88,27,100000
23294,2023-11-04,19307176,116370792.14,270,100000
23295,2023-11-05,19697576,98831308.38,92,100000
23296,2023-11-06,20048102,99283120.62,40,100000
23297,2023-11-07,19642322,105106690.6,44,100000
23298,2023-11-08,19898496,110331428.38,66,100000
23299,2023-11-09,20249422,113481691.42,91,100000
23300,2023-11-10,21791924,114303908.2,76,100000
23301,2023-11-11,19433296,117381950.96,35,100000
23302,2023-11-12,18876928,123404266.0,63,100000
23303,2023-11-13,20173432,126353960.72,77,100000
23304,2023-11-14,19948600,128538942.4,108,100000
23305,2023-11-15,21064392,127513756.4,151,100000
23306,2023-11-16,20704874,122735308.48,132,100000
23307,2023-11-17,22609612,119680696.74,57,100000
23308,2023-11-18,20143436,125059406.62,98,100000
23309,2023-11-19,20256886,125129690.26,120,100000
23310,2023-11-20,20822042,123055564.4,138,100000
23311,2023-11-21,20490990,119458364.98,112,100000
23312,2023-11-22,21533502,118298950.08,33,100000
23313,2023-11-23,21666986,125550366.06,69,100000
23314,2023-11-24,22935916,129267189.2,153,100000
23315,2023-11-25,20260094,125205788.04,105,100000
23316,2023-11-26,20166470,124633234.1,169,100000
23317,2023-11-27,21188288,117614804.4,49,100000
23318,2023-11-28,20655646,123097065.52,57,100000
23319,2023-11-29,20051090,127518332.06,79,100000
23320,2023-11-30,20672876,129443366.16,68,100000
23321,2023-12-01,22769388,132773075.4,96,100000
23322,2023-12-02,19252904,134330075.52,78,100000
23323,2023-12-03,19619876,135963998.48,100,100000
23324,2023-12-04,20543080,135577737.72,59,100000
23325,2023-12-05,20490884,139743846.92,290,100000
23326,2023-12-06,20753884,120784380.08,50,100000
23327,2023-12-07,21375534,125953783.24,93,100000
23328,2023-12-08,23476082,127127794.9,113,100000
23329,2023-12-09,20198850,127331075.08,89,100000
23330,2023-12-10,20150224,128328511.58,228,100000
23331,2023-12-11,21012864,115402121.34,37,100000
23332,2023-12-12,20615132,121998424.7,153,100000
23333,2023-12-13,20756714,116799839.38,59,100000
23334,2023-12-14,21319202,121070629.24,64,100000
23335,2023-12-15,23034658,125117038.22,30,100000
23336,2023-12-16,20356426,133404020.64,41,100000
23337,2023-12-17,20390330,139278669.38,28,100000
23338,2023-12-18,20803992,146469931.08,184,100000
23339,2023-12-19,20710012,138263887.16,81,100000
23340,2023-12-20,21337114,140311793.04,17,100000
23341,2023-12-21,20900686,149066978.9,172,100000
23342,2023-12-22,23162146,142108315.04,80,100000
23343,2023-12-23,20669808,145457766.58,94,100000
23344,2023-12-24,21849108,146185972.5,141,100000
23345,2023-12-25,22249802,142792035.42,229,100000
23346,2023-12-26,22002908,130794438.4,153,100000
23347,2023-12-27,22422928,126275863.32,188,100000
23348,2023-12-28,23444190,118463098.04,53,100000
23349,2023-12-29,24888280,124650751.14,665,100000
23350,2023-12-30,22135148,70346008.34,65,100000
23351,2023-12-31,23050642,74692230.86,66,100000
24001,2024-01-01,21934452,79387045.44,23,100000
24002,2024-01-02,21566910,87834926.92,210,100000
24003,2024-01-03,21329642,77402712.82,441,100000
24004,2024-01-04,23680424,43754237.4,68,100000
24005,2024-01-05,24791570,48557645.16,53,100000
24006,2024-01-06,22126516,55405514.46,63,100000
24007,2024-01-07,21868238,59947507.3,998,100000
24008,2024-01-08,24232556,0.0,77,100000
24009,2024-01-09,23701744,4173952.44,90,100000
24010,2024-01-10,23585468,6787807.0,49,100000
24011,2024-01-11,24798832,13444686.32,231,100000
24012,2024-01-12,26279254,2496114.0,44,100000
24013,2024-01-13,23155242,10972948.46,58,100000
24014,2024-01-14,22987068,16519017.04,54,100000
24015,2024-01-15,23672670,22382680.36,85,100000
24016,2024-01-16,23269588,25482288.66,128,100000
24017,2024-01-17,23056924,24084386.78,5966,84034
24018,2024-01-18,24972040,0.0,28,100000
24019,2024-01-19,26207568,9436299.6,154,100000
24020,2024-01-20,24304520,6878007.92,92,100000
24021,2024-01-21,24159914,9587222.72,63,100000
24022,2024-01-22,24531506,15125580.58,68,100000
24023,2024-01-23,24459020,20346018.52,77,100000
24024,2024-01-24,24673418,24630938.32,148,100000
24025,2024-01-25,25140748,21920913.14,128,100000
24026,2024-01-26,27347294,21439879.66,126,100000
24027,2024-01-27,24666284,22240053.72,58,100000
24028,2024-01-28,24075794,28526532.88,91,100000
24029,2024-01-29,24798766,31223671.94,151,100000
24030,2024-01-30,24810558,28275067.28,278,100000
24031,2024-01-31,25103544,12632240.7,229,100000
24032,2024-02-01,25700638,2032977.26,100,100000
24033,2024-02-02,26799152,4626289.88,117,100000
24034,2024-02-03,24353754,6057874.36,31,100000
24035,2024-02-04,24024090,14891213.82,49,100000
24036,2024-02-05,24214100,21763017.92,58,100000
24037,2024-02-06,24717282,27827926.92,158,100000
24038,2024-02-07,26997280,24139395.1,65,100000
24039,2024-02-18,26006178,30868062.3,76,100000
24040,2024-02-19,21643190,36011089.52,41,100000
24041,2024-02-20,21439842,42516252.62,66,100000
24042,2024-02-21,21926146,46421775.2,89,100000
24043,2024-02-22,22860364,48265586.74,41,100000
24044,2024-02-23,24115952,55367165.1,144,100000
24045,2024-02-24,21092632,52783981.58,100,100000
24046,2024-02-25,21433224,53119371.26,40,100000
24047,2024-02-26,22147520,59621651.02,107,100000
24048,2024-02-27,21984972,59773935.82,240,100000
24049,2024-02-28,22618794,46546572.1,153,100000
24050,2024-02-29,23271350,42329781.16,101,100000
24051,2024-03-01,25027508,43632742.66,79,100000
24052,2024-03-02,22472594,47996221.58,81,100000
24053,2024-03-03,22353048,50907792.64,268,100000
24054,2024-03-04,23192184,35060786.16,184,100000
24055,2024-03-05,22681544,28024956.32,162,100000
24056,2024-03-06,22929114,22938912.88,41,100000
24057,2024-03-07,23194678,30074178.74,93,100000
24058,2024-03-08,25216550,32139570.96,31,100000
24059,2024-03-09,22050384,41395680.46,102,100000
24060,2024-03-10,22438316,42000368.62,381,100000
24061,2024-03-11,24104174,14895143.46,77,100000
24062,2024-03-12,23115086,19006188.72,98,100000
24063,2024-03-13,23630956,20532580.86,271,100000
24064,2024-03-14,23757564,5011749.3,84,100000
24065,2024-03-15,25053274,8252955.66,102,100000
24066,2024-03-16,22119228,10329059.92,53,100000
24067,2024-03-17,22035768,15867481.64,149,100000
24068,2024-03-18,23230572,11765007.96,64,100000
24069,2024-03-19,23450630,16747988.24,35,100000
24070,2024-03-20,22493492,24738796.94,97,100000
24071,2024-03-21,22701740,26060608.02,107,100000
24072,2024-03-22,25455078,26484460.62,43,100000
24073,2024-03-23,22237360,34657448.84,61,100000
24074,2024-03-24,22899818,39453755.24,158,100000
24075,2024-03-25,23109582,34874666.06,88,100000
24076,2024-03-26,23111860,37398361.24,230,100000
24077,2024-03-27,23660496,25723172.64,70,100000
24078,2024-03-28,24592456,30316815.68,109,100000
24079,2024-03-29,25142714,31467119.12,131,100000
24080,2024-03-30,22365628,30687048.98,219,100000
24081,2024-03-31,22410010,19746206.7,67,100000
24082,2024-04-01,23101594,24027111.6,60,100000
24083,2024-04-02,23180030,29346892.66,142,100000
24084,2024-04-03,22053738,26505107.36,109,100000
24085,2024-04-04,21939718,26411438.98,81,100000
24086,2024-04-05,23450048,29061900.8,206,100000
24087,2024-04-06,22520760,19952424.32,66,100000
24088,2024-04-07,22435738,24387596.72,387,100000
24089,2024-04-08,22530238,0.0,29,100000
24090,2024-04-09,22653518,8139816.62,404,81560
24091,2024-04-10,22437002,0.0,97,100000
24092,2024-04-11,22969288,1294130.98,57,100000
24093,2024-04-12,24346684,6849082.1,140,100000
24094,2024-04-13,21518528,4778957.26,75,100000
24095,2024-04-14,22004002,7823035.98,52,100000
24096,2024-04-15,22426888,13404996.96,114,100000
24097,2024-04-16,22831620,12994172.08,86,100000
24098,2024-04-17,22237592,15581665.88,164,100000
24099,2024-04-18,23442168,10078085.96,85,100000
24100,2024-04-19,24895280,13064748.28,134,100000
24101,2024-04-20,21969314,11863435.48,25,100000
24102,2024-04-21,21565384,20128399.34,273,100000
24103,2024-04-22,22591054,3395437.5,57,100000
24104,2024-04-23,22504304,8765053.96,125,100000
24105,2024-04-24,22755656,7292162.92,186,100000
24106,2024-04-25,22759552,0.0,151,100000
24107,2024-04-26,24385556,0.0,103,100000
24108,2024-04-27,21559150,1648922.44,252,91240
24109,2024-04-28,22721110,0.0,60,100000
24110,2024-04-29,22077576,5133343.9,35,100000
24111,2024-04-30,21534480,12451356.14,132,100000
24112,2024-05-01,20010534,9803251.34,138,100000
24113,2024-05-02,20439608,5808413.0,65,100000
24114,2024-05-03,21978548,9323820.92,44,100000
24115,2024-05-04,20495430,15693309.44,50,100000
24116,2024-05-05,21264448,20736070.14,87,100000
24117,2024-05-06,21800130,22455649.66,141,100000
24118,2024-05-07,22272016,19037713.36,100,100000
24119,2024-05-08,21855352,19951001.2,162,100000
24120,2024-05-09,22726816,14460123.68,139,100000
24121,2024-05-10,24359412,11696263.52,185,100000
24122,2024-05-11,22165864,5132375.4,249,100000
24123,2024-05-12,21742448,0.0,179,100000
24124,2024-05-13,22391846,0.0,104,100000
24125,2024-05-14,22264024,572004.54,38,100000
24126,2024-05-15,21721744,7681376.3,171,100000
24127,2024-05-16,22710422,1225030.86,72,100000
24128,2024-05-17,24240110,5153137.64,58,100000
24129,2024-05-18,21127184,11230791.54,137,100000
24130,2024-05-19,21933982,7883111.7,77,100000
24131,2024-05-20,23272646,10930762.88,61,100000
24132,2024-05-21,22397210,16234359.42,88,100000
24133,2024-05-22,21892390,18408992.32,67,100000
24134,2024-05-23,22348092,22436263.42,64,100000
24135,2024-05-24,23265226,26986828.5,70,100000
24136,2024-05-25,20571534,31386789.24,61,100000
24137,2024-05-26,20908492,35366840.9,166,100000
24138,2024-05-27,21729698,29012001.98,39,100000
24139,2024-05-28,20985916,35759554.0,310,100000
24140,2024-05-29,22171432,15042652.84,150,100000
24141,2024-05-30,22850654,10906654.52,52,100000
24142,2024-05-31,23724506,16903474.98,37,100000
24143,2024-06-01,20979632,24828482.92,110,100000
24144,2024-06-02,21340664,24108502.6,2844,15905
24145,2024-06-03,20631756,0.0,52,100000
24146,2024-06-04,20957020,4909560.44,70,100000
24147,2024-06-05,20259724,8178500.24,57,100000
24148,2024-06-06,21509276,12405765.0,75,100000
24149,2024-06-07,23252604,15445310.24,124,100000
24150,2024-06-08,20329692,14439086.2,80,100000
24151,2024-06-09,20005512,16400635.28,39,100000
24152,2024-06-10,19813076,22303336.16,28,100000
24153,2024-06-11,20219184,29211743.4,311,100000
24154,2024-06-12,21210116,8019143.56,104,100000
24155,2024-06-13,21480082,8012100.4,77,100000
24156,2024-06-14,22656786,10837340.58,73,100000
24157,2024-06-15,20091266,14639165.72,119,100000
24158,2024-06-16,20253244,12583886.06,41,100000
24159,2024-06-17,20051766,18407975.62,133,100000
24160,2024-06-18,20373850,14933340.96,66,100000
24161,2024-06-19,20108764,18316527.46,134,100000
24162,2024-06-20,20862088,14769821.82,52,100000
24163,2024-06-21,22174070,19792244.94,117,100000
24164,2024-06-22,20089066,18957539.24,54,100000
24165,2024-06-23,19768438,23401181.58,41,100000
24166,2024-06-24,20351426,28987716.2,278,100000
24167,2024-06-25,20322814,11159914.94,115,100000
24168,2024-06-26,20410576,9618093.8,119,100000
24169,2024-06-27,21421798,7719276.04,193,100000
24170,2024-06-28,22596054,0.0,48,100000
24171,2024-06-29,19904486,6272066.46,34,100000
24172,2024-06-30,19293394,12625264.6,55,100000
24173,2024-07-01,19671420,16579027.66,142,100000
24174,2024-07-02,19662338,12018023.46,77,100000
24175,2024-07-03,20010826,13952569.08,50,100000
24176,2024-07-04,20250146,18757873.82,41,100000
24177,2024-07-05,21634250,24580445.36,181,100000
24178,2024-07-06,19858246,17081227.86,160,100000
24179,2024-07-07,19479720,10811768.4,54,100000
24180,2024-07-08,20156834,14956831.2,70,100000
24181,2024-07-09,19748052,17833679.86,106,100000
24182,2024-07-10,19848852,16910225.34,43,100000
24183,2024-07-11,21149862,22336162.82,49,100000
24184,2024-07-12,22057592,27799595.2,112,100000
24185,2024-07-13,19866250,27407815.28,80,100000
24186,2024-07-14,19447110,29142277.78,176,100000
24187,2024-07-15,20543044,21071361.68,101,100000
24188,2024-07-16,20424458,21037453.24,13,100000
24189,2024-07-17,20400518,29745437.66,47,100000
24190,2024-07-18,20538950,35041691.48,36,100000
24191,2024-07-19,21902496,41505776.98,59,100000
24192,2024-07-20,19831334,46338000.02,18,100000
24193,2024-07-21,19817766,54255353.68,47,100000
24194,2024-07-22,19929110,59266059.02,33,100000
24195,2024-07-23,19581802,65731322.92,123,100000
24196,2024-07-24,19924156,63026405.9,40,100000
24197,2024-07-25,20128592,68789242.34,53,100000
24198,2024-07-26,21511546,73352252.42,69,100000
24199,2024-07-27,19012070,76992909.96,219,100000
24200,2024-07-28,19157792,64408824.26,50,100000
24201,2024-07-29,20119704,68796142.34,108,100000
24202,2024-07-30,19940390,67854797.3,76,100000
24203,2024-07-31,20491246,70025588.4,97,100000
24204,2024-08-01,20468550,70366298.94,43,100000
24205,2024-08-02,21909454,76095888.44,43,100000
24206,2024-08-03,19450062,82531520.9,114,100000
24207,2024-08-04,19362884,80662051.28,96,100000
24208,2024-08-05,20128394,80549864.44,54,100000
24209,2024-08-06,19770828,85012777.5,81,100000
24210,2024-08-07,20138428,86600483.22,64,100000
24211,2024-08-08,20811118,90068312.94,106,100000
24212,2024-08-09,21990462,89665760.76,118,100000
24213,2024-08-10,19928218,88641087.14,109,100000
24214,2024-08-11,19573528,87505913.96,78,100000
24215,2024-08-12,20272028,89296942.68,61,100000
24216,2024-08-13,19668968,93130236.4,86,100000
24217,2024-08-14,20541756,94168030.72,196,100000
24218,2024-08-15,20400304,84633491.16,148,100000
24219,2024-08-16,22599518,79829640.12,50,100000
24220,2024-08-17,20009080,85903403.94,250,100000
24221,2024-08-18,20463778,70707853.14,185,100000
24222,2024-08-19,20294304,62235104.36,58,100000
24223,2024-08-20,20448518,66379313.32,168,100000
24224,2024-08-21,20549118,59599087.14,704,100000
24225,2024-08-22,20653256,0.0,206,99255
24226,2024-08-23,22319108,0.0,138,100000
24227,2024-08-24,19808308,0.0,94,100000
24228,2024-08-25,20007710,306070.92,42,100000
24229,2024-08-26,20316280,5909848.82,134,100000
24230,2024-08-27,20222800,2464826.02,49,100000
24231,2024-08-28,20167612,7473998.02,66,100000
24232,2024-08-29,20700580,10756127.9,82,100000
24233,2024-08-30,22265144,12699412.1,63,100000
24234,2024-08-31,19703454,17309332.66,113,100000
24235,2024-09-01,19887480,15664025.12,36,100000
24236,2024-09-02,20637782,21808890.32,52,100000
24237,2024-09-03,20541126,26721403.5,75,100000
24238,2024-09-04,20314704,29286555.24,63,100000
24239,2024-09-05,20539806,32940760.2,242,100000
24240,2024-09-06,21785962,18805265.14,225,100000
24241,2024-09-07,20016732,6980386.52,37,100000
24242,2024-09-08,19666204,13088585.2,72,100000
24243,2024-09-09,19879652,15525025.16,116,100000
24244,2024-09-10,19660730,13666054.64,126,100000
24245,2024-09-11,20538658,10699812.34,71,100000
24246,2024-09-12,21457558,13663754.76,427,81748
24247,2024-09-13,22764606,0.0,72,100000
24248,2024-09-14,20193152,3954656.94,114,100000
24249,2024-09-15,19602426,2449301.42,92,100000
24250,2024-09-16,19321100,2854490.16,45,100000
24251,2024-09-17,18867116,7821829.16,101,100000
24252,2024-09-18,20423852,6966716.0,65,100000
24253,2024-09-19,20714744,10474403.48,102,100000
24254,2024-09-20,22705588,10424628.04,283,100000
24255,2024-09-21,19938026,0.0,73,100000
24256,2024-09-22,19842186,2469632.74,91,100000
24257,2024-09-23,20626766,3092303.88,42,100000
24258,2024-09-24,20078156,8999419.22,89,100000
24259,2024-09-25,20511464,9937715.66,206,100000
24260,2024-09-26,20498692,0.0,297,68328
24261,2024-09-27,22289424,0.0,47,100000
24262,2024-09-28,20870210,6221817.76,200,100000
24263,2024-09-29,20591122,0.0,211,96612
24264,2024-09-30,21563104,0.0,107,100000
24265,2024-10-05,20162314,0.0,62,100000
24266,2024-10-06,18507212,3679533.86,133,100000
24267,2024-10-07,20471334,0.0,37,100000
24268,2024-10-08,20537540,6330953.66,94,100000
24269,2024-10-09,20549570,6994348.26,102,100000
24270,2024-10-10,21215816,6863637.56,45,100000
24271,2024-10-11,22965068,12759387.4,52,100000
24272,2024-10-12,20761938,18812270.72,89,100000
24273,2024-10-13,20259652,20085620.34,148,100000
24274,2024-10-14,20702352,15212849.82,182,100000
24275,2024-10-15,20629054,7157002.3,138,100000
24276,2024-10-16,21598782,3465238.76,115,100000
24277,2024-10-17,21131358,2548641.94,149,100000
24278,2024-10-18,22125822,0.0,107,100000
24279,2024-10-19,19755558,141652.78,59,100000
24280,2024-10-20,19696136,3921876.2,53,100000
24281,2024-10-21,20139422,8272982.84,75,100000
24282,2024-10-22,20300734,10641299.62,43,100000
24283,2024-10-23,19969088,16288659.28,144,100000
24284,2024-10-24,20533950,11673512.4,30,100000
24285,2024-10-25,22097564,18735147.9,91,100000
24286,2024-10-26,20188402,20462954.26,399,100000
24287,2024-10-27,20258298,0.0,46,100000
24288,2024-10-28,21352596,5326566.02,45,100000
24289,2024-10-29,20692686,11289338.06,33,100000
24290,2024-10-30,20575518,18128754.2,43,100000
24291,2024-10-31,21177376,23910758.02,157,100000
24292,2024-11-01,23224238,18587672.26,204,100000
24293,2024-11-02,20936578,9567548.88,47,100000
24294,2024-11-03,21002446,15126472.1,36,100000
24295,2024-11-04,21882086,21817670.64,159,100000
24296,2024-11-05,21187846,16639892.78,61,100000
24297,2024-11-06,21774992,20921937.32,32,100000
24298,2024-11-07,21907044,28391683.4,617,81166
24299,2024-11-08,23025304,0.0,63,100000
24300,2024-11-09,20776548,4982398.96,88,100000
24301,2024-11-10,20931162,6362907.48,46,100000
24302,2024-11-11,22337464,12019176.86,178,100000
24303,2024-11-12,21617904,5164534.22,39,100000
24304,2024-11-13,22085538,11857307.18,156,100000
24305,2024-11-14,22408144,7079220.8,131,100000
24306,2024-11-15,24400662,4959211.36,82,100000
24307,2024-11-16,21836354,8715535.74,90,100000
24308,2024-11-17,21212072,10415349.2,31,100000
24309,2024-11-18,21879918,17709264.48,39,100000
24310,2024-11-19,21204054,24530424.3,72,100000
24311,2024-11-20,22408434,27720410.76,162,100000
24312,2024-11-21,23252878,22500543.42,104,100000
24313,2024-11-22,24443224,23494453.64,49,100000
24314,2024-11-23,21292090,30571633.4,55,100000
24315,2024-11-24,20706502,35504757.5,98,100000
24316,2024-11-25,21308882,35850943.48,204,100000
24317,2024-11-26,20703020,25892295.66,42,100000
24318,2024-11-27,21248896,31836775.46,39,100000
24319,2024-11-28,22022492,38348734.5,45,100000
24320,2024-11-29,23906060,44639755.58,92,100000
24321,2024-11-30,21425148,47153724.98,22,100000
24322,2024-12-01,20839276,55452047.5,330,100000
24323,2024-12-02,21643304,32663292.74,178,100000
24324,2024-12-03,21552816,25468511.7,41,100000
24325,2024-12-04,21894114,31929391.54,54,100000
24326,2024-12-05,22221958,37257507.4,96,100000
24327,2024-12-06,23807750,38546266.82,65,100000
24328,2024-12-07,21234650,43712064.32,53,100000
24329,2024-12-08,20979388,48817042.82,91,100000
24330,2024-12-09,22048838,49996942.94,360,100000
24331,2024-12-10,21408094,24800873.56,253,100000
24332,2024-12-11,21986004,9990839.62,92,100000
24333,2024-12-12,21810910,11563981.58,58,100000
24334,2024-12-13,23609520,16451327.48,178,100000
24335,2024-12-14,20915710,10219992.28,50,100000
24336,2024-12-15,20727986,15468690.18,61,100000
24337,2024-12-16,21256120,19525403.32,79,100000
24338,2024-12-17,21629416,22040902.12,233,100000
24339,2024-12-18,21663524,9339315.96,59,100000
24340,2024-12-19,22301646,14054442.72,302,100000
24341,2024-12-20,23427768,0.0,115,100000
24342,2024-12-21,21169094,0.0,35,100000
24343,2024-12-22,21035772,6872856.06,209,100000
24344,2024-12-23,21805856,0.0,33,100000
24345,2024-12-24,22468812,7384869.44,68,100000
24346,2024-12-25,22353966,11594587.32,61,100000
24347,2024-12-26,21875860,16448030.66,171,100000
24348,2024-12-27,24339054,10067202.06,55,100000
24349,2024-12-28,21528654,16493338.52,46,100000
24350,2024-12-29,21631674,22442378.98,53,100000
24351,2024-12-30,22029496,27741899.24,294,100000
24352,2024-12-31,23341360,9136352.28,91,100000
25001,2025-01-01,22044354,11473618.68,89,100000
25002,2025-01-02,23649554,13375352.14,197,100000
25003,2025-01-03,24935554,5263633.6,86,100000
25004,2025-01-04,22440316,8882055.06,95,100000
25005,2025-01-05,23045082,10377809.9,102,100000
25006,2025-01-06,23291108,11469900.08,93,100000
25007,2025-01-07,22953334,13582543.0,144,100000
25008,2025-01-08,23441166,10429676.66,198,100000
25009,2025-01-09,23744508,2115848.0,112,100000
25010,2025-01-10,25350212,2550656.92,514,53788
25011,2025-01-11,23002884,0.0,49,100000
25012,2025-01-12,22832386,6371413.16,120,100000
25013,2025-01-13,24176306,5559282.3,57,100000
25014,2025-01-14,23468910,11705672.24,71,100000
25015,2025-01-15,23618324,16105438.14,48,100000
25016,2025-01-16,24429076,22878416.9,85,100000
25017,2025-01-17,26501632,26348664.14,34,100000
25018,2025-01-18,23865812,35934463.82,138,100000
25019,2025-01-19,23674130,33828711.7,109,100000
25020,2025-01-20,24339452,34529035.4,87,100000
25021,2025-01-21,24063922,37755366.88,76,100000
25022,2025-01-22,24848604,41946688.66,42,100000
25023,2025-01-23,25049992,49922504.62,84,100000
25024,2025-01-24,26513554,53797000.7,73,100000
25025,2025-01-25,24737678,59488642.16,39,100000
25026,2025-01-26,26261520,67710104.38,71,100000
25027,2025-02-06,26799180,73478249.18,31,100000
25028,2025-02-07,22803492,83509847.38,52,100000
25029,2025-02-08,21047294,89483558.46,81,100000
25030,2025-02-09,20702250,91696732.52,536,100000
25031,2025-02-10,22127376,48240835.02,122,100000
25032,2025-02-11,21622896,46883249.26,93,100000
25033,2025-02-12,21848006,48178468.3,193,100000
25034,2025-02-13,22982362,39583991.24,137,100000
25035,2025-02-14,24531188,37145348.62,27,100000
25036,2025-02-15,21730698,46465630.74,114,100000
25037,2025-02-16,21910406,45713672.76,168,100000
25038,2025-02-17,22510520,39649771.7,164,100000
25039,2025-02-18,22311494,34279926.5,76,100000
25040,2025-02-19,22520134,37612558.56,132,100000
25041,2025-02-20,23178734,35447424.22,53,100000
25042,2025-02-21,24448996,41505003.88,75,100000
25043,2025-02-22,22161798,45985011.92,161,100000
25044,2025-02-23,22201628,40744292.94,102,100000
25045,2025-02-24,23233954,41423090.66,200,100000
25046,2025-02-25,23108404,32807728.12,128,100000
25047,2025-02-26,23591250,31330846.08,95,100000
25048,2025-02-27,24418680,33390558.58,47,100000
25049,2025-02-28,26768370,40655711.78,196,100000
25050,2025-03-01,23146550,34172213.08,150,100000
25051,2025-03-02,23241188,30514022.58,121,100000
25052,2025-03-03,23409482,29802204.7,160,100000
25053,2025-03-04,23436730,25272850.88,55,100000
25054,2025-03-05,23456160,31256848.58,44,100000
25055,2025-03-06,23977674,38350366.98,102,100000
25056,2025-03-07,25733166,39899427.24,180,100000
25057,2025-03-08,22674852,34508678.58,63,100000
25058,2025-03-09,23040332,39319356.06,88,100000
25059,2025-03-10,24025386,41809118.74,241,100000
25060,2025-03-11,23672624,29481557.88,154,100000
25061,2025-03-12,23626648,25681143.64,90,100000
25062,2025-03-13,24329878,28258201.16,563,92974
25063,2025-03-14,25846948,0.0,58,100000
25064,2025-03-15,22540128,6865004.52,33,100000
25065,2025-03-16,22728490,14609667.24,76,100000
25066,2025-03-17,23815232,18146627.34,66,100000
25067,2025-03-18,23623082,23216091.02,103,100000
25068,2025-03-19,23965496,24491401.2,75,100000
25069,2025-03-20,25077384,28734494.24,26,100000
25070,2025-03-21,26637110,38422412.4,64,100000
25071,2025-03-22,23632846,45074596.3,103,100000
25072,2025-03-23,23894366,46354690.84,124,100000
25073,2025-03-24,24649102,45662930.18,104,100000
25074,2025-03-25,23535798,47340990.16,47,100000
25075,2025-03-26,24133058,54173531.18,118,100000
25076,2025-03-27,25040488,54198729.6,83,100000
25077,2025-03-28,25808154,58168568.72,76,100000
25078,2025-03-29,23076154,63214564.18,76,100000
25079,2025-03-30,23044260,66921879.64,124,100000
25080,2025-03-31,23797120,65813567.04,121,100000
25081,2025-04-01,24418308,65374155.84,163,100000
25082,2025-04-02,23935214,61039126.76,179,100000
25083,2025-04-03,24755800,54867381.62,41,100000
25084,2025-04-04,24865378,62897723.62,76,100000
25085,2025-04-05,22475870,67481758.84,95,100000
25086,2025-04-06,23055328,68994935.14,278,100000
25087,2025-04-07,24384732,52492045.86,56,100000
25088,2025-04-08,24136288,58840564.54,420,100000
25089,2025-04-09,22695538,28667345.66,111,100000
25090,2025-04-10,24062822,28688159.28,63,100000
25091,2025-04-11,25487432,34178942.06,124,100000
25092,2025-04-12,21970566,34267783.74,92,100000
25093,2025-04-13,22766134,35833361.08,98,100000
25094,2025-04-14,23186260,37188766.74,41,100000
25095,2025-04-15,23430818,44450034.14,134,100000
25096,2025-04-16,23563890,42531134.96,58,100000
25097,2025-04-17,24869324,48277441.06,89,100000
25098,2025-04-18,25844786,51563409.82,113,100000
25099,2025-04-19,22502852,52927354.96,53,100000
25100,2025-04-20,22942628,58653752.44,36,100000
25101,2025-04-21,22374704,66295640.16,49,100000
25102,2025-04-22,22983132,72359245.12,98,100000
25103,2025-04-23,22840860,73820979.8,22,100000
25104,2025-04-24,23790424,82813001.2,96,100000
25105,2025-04-25,25584384,84870308.96,28,100000
25106,2025-04-26,21923346,94606657.12,99,100000
25107,2025-04-27,22392136,95449096.66,334,100000
25108,2025-04-28,22709686,73021243.3,84,100000
25109,2025-04-29,23064874,75748989.44,134,100000
25110,2025-04-30,22294468,73650777.7,55,100000
25111,2025-05-01,20912354,79075067.02,119,100000
25112,2025-05-02,22377220,77422120.48,37,100000
25113,2025-05-03,20508456,84686958.28,46,100000
25114,2025-05-04,20840748,90136101.72,26,100000
25115,2025-05-05,21759974,97748068.24,24,100000
25116,2025-05-06,22482900,106010455.5,20,100000
25117,2025-05-07,22320626,115027076.5,77,100000
25118,2025-05-08,22891550,118264183.24,188,100000
25119,2025-05-09,24597130,110681042.74,70,100000
25120,2025-05-10,21366472,115733636.44,146,100000
25121,2025-05-11,21864028,111603207.72,94,100000
25122,2025-05-12,22553014,112916581.44,30,100000
25123,2025-05-13,22374862,120967558.3,101,100000
25124,2025-05-14,21972044,121831240.68,100,100000
25125,2025-05-15,23431234,122597542.24,26,100000
25126,2025-05-16,24948048,131478846.9,136,100000
25127,2025-05-17,21797322,130103390.42,72,100000
25128,2025-05-18,22019074,133584078.2,75,100000
25129,2025-05-19,22410320,136873424.46,104,100000
25130,2025-05-20,23512684,137454481.26,149,100000
25131,2025-05-21,22606822,134075696.42,112,100000
25132,2025-05-22,23206628,133953039.2,88,100000
25133,2025-05-23,25011450,136524286.92,32,100000
25134,2025-05-24,21441048,145579897.42,75,100000
25135,2025-05-25,21563948,148586010.94,57,100000
25136,2025-05-26,21966322,153452345.46,149,100000
25137,2025-05-27,22497498,149315843.24,157,100000
25138,2025-05-28,22300090,144639617.26,104,100000
25139,2025-05-29,23266156,145166661.36,181,100000
25140,2025-05-30,24872500,138467077.8,111,100000
25141,2025-05-31,21110480,139554602.8,121,100000
25142,2025-06-01,21308526,137798738.0,46,100000
25143,2025-06-02,22670594,143639915.74,35,100000
25144,2025-06-03,22690720,151248506.8,119,100000
25145,2025-06-04,22879424,150466959.6,86,100000
25146,2025-06-05,23853766,153077877.36,72,100000
25147,2025-06-06,25379550,157566222.7,131,100000
25148,2025-06-07,21828192,156902202.2,54,100000
25149,2025-06-08,22398594,162198016.28,38,100000
25150,2025-06-09,22652596,169373327.34,147,100000
25151,2025-06-10,22204852,165773099.38,39,100000
25152,2025-06-11,22562350,172753476.86,63,100000
25153,2025-06-12,24298944,177509028.36,177,100000
25154,2025-06-13,25810564,171715510.92,98,100000
25155,2025-06-14,22482314,174562687.28,37,100000
25156,2025-06-15,22361468,181879021.14,98,100000
25157,2025-06-16,22425310,183036140.46,49,100000
25158,2025-06-17,22750128,189124542.36,55,100000
25159,2025-06-18,22707166,194772105.08,105,100000
25160,2025-06-19,23741998,195398616.42,75,100000
25161,2025-06-20,24923250,199532195.44,59,100000
25162,2025-06-21,22206068,205844587.94,163,100000
25163,2025-06-22,22754428,200425561.26,353,100000
25164,2025-06-23,23051616,176275230.98,67,100000
25165,2025-06-24,23103746,180870522.82,56,100000
25166,2025-06-25,22324788,186591358.36,91,100000
25167,2025-06-26,22974418,188430504.48,78,100000
25168,2025-06-27,25434832,191887969.3,125,100000
25169,2025-06-28,21770168,191851036.98,84,100000
25170,2025-06-29,22144364,194118419.3,34,100000
25171,2025-06-30,22687658,201569157.66,104,100000
25172,2025-07-01,22695922,202286110.08,159,100000
25173,2025-07-02,22495500,197507111.86,248,100000
25174,2025-07-03,23536904,183729906.86,62,100000
25175,2025-07-04,24264934,189062989.82,65,100000
25176,2025-07-05,21466452,194452807.48,71,100000
25177,2025-07-06,21859328,197871368.96,212,100000
25178,2025-07-07,22191952,187382439.68,75,100000
25179,2025-07-08,22523338,190756496.16,58,100000
25180,2025-07-09,22423544,195992931.78,95,100000
25181,2025-07-10,22994956,197480468.34,185,100000
25182,2025-07-11,24755478,190247996.78,234,100000
25183,2025-07-12,22467570,178978181.0,54,100000
25184,2025-07-13,22294686,184587290.3,71,100000
25185,2025-07-14,22499532,188411686.44,182,100000
25186,2025-07-15,22792636,181236457.12,190,100000
25187,2025-07-16,22866222,173404848.76,26,100000
25188,2025-07-17,23830562,182009297.54,120,100000
25189,2025-07-18,25009138,181686272.92,177,100000
25190,2025-07-19,21909400,176240750.54,39,100000
25191,2025-07-20,21684888,183076356.54,92,100000
25192,2025-07-21,22583978,184501951.66,72,100000
25193,2025-07-22,22615418,188368100.88,61,100000
25194,2025-07-23,22840728,193349655.7,87,100000
25195,2025-07-24,23530526,195841612.42,138,100000
25196,2025-07-25,24082034,193571570.16,69,100000
25197,2025-07-26,21543026,198471766.82,46,100000
25198,2025-07-27,21687186,204427849.56,150,100000
25199,2025-07-28,22576578,200054570.7,82,100000
25200,2025-07-29,22767782,202917093.92,113,100000
25201,2025-07-30,22338144,202773307.1,43,100000
25202,2025-07-31,23061936,209418997.66,71,100000
25203,2025-08-01,24892512,213619346.3,397,100000
25204,2025-08-02,22380852,186116677.18,69,100000
25205,2025-08-03,22700350,190183294.66,88,100000
25206,2025-08-04,22935162,192506466.16,54,100000
25207,2025-08-05,23220114,198344695.54,46,100000
25208,2025-08-06,23325468,205122551.4,70,100000
25209,2025-08-07,23826980,209552030.72,53,100000
25210,2025-08-08,25641408,215927250.92,89,100000
25211,2025-08-09,21973144,219591540.84,65,100000
25212,2025-08-10,21525994,223858381.4,57,100000
25213,2025-08-11,22151200,228706118.46,50,100000
25214,2025-08-12,21978096,234560206.46,135,100000
25215,2025-08-13,22398128,231829473.5,117,100000
25216,2025-08-14,22999090,231104556.22,36,100000
25217,2025-08-15,24826070,238774110.32,148,100000
25218,2025-08-16,21927904,236138884.62,140,100000
25219,2025-08-17,21800400,232883557.58,121,100000
25220,2025-08-18,22732834,231465753.58,139,100000
25221,2025-08-19,22796164,228704842.24,185,100000
25222,2025-08-20,22819928,221374962.6,255,100000
25223,2025-08-21,23474286,207056727.32,23,100000
25224,2025-08-22,25006132,216259127.46,40,100000
25225,2025-08-23,21967422,224512132.14,74,100000
25226,2025-08-24,21802912,227876168.92,54,100000
25227,2025-08-25,22509406,233159595.8,41,100000
25228,2025-08-26,22513940,240089204.74,177,100000
25229,2025-08-27,22887802,233421035.34,65,100000
25230,2025-08-28,23391326,238136058.32,64,100000
25231,2025-08-29,25054244,243197808.06,85,100000
25232,2025-08-30,22513858,246974387.62,227,100000
25233,2025-08-31,22942390,235306178.04,62,100000
25234,2025-09-01,23342920,240347949.14,502,100000
25235,2025-09-02,24223882,201585979.94,305,100000
25236,2025-09-03,25712102,182955682.12,218,100000
25237,2025-09-04,24308074,173754612.1,218,100000
25238,2025-09-05,26712332,163865568.36,63,100000
25239,2025-09-06,24105516,170654611.04,72,100000
25240,2025-09-07,23031340,175266313.88,159,100000
25241,2025-09-08,23617900,170651670.48,73,100000
25242,2025-09-09,23949944,174924441.48,101,100000
25243,2025-09-10,24612952,176559914.04,222,100000
25244,2025-09-11,25440232,166420260.52,190,100000
25245,2025-09-12,27032228,159885974.2,40,100000
25246,2025-09-13,23381398,169131765.92,84,100000
25247,2025-09-14,23483986,172188650.94,110,100000
25248,2025-09-15,24513322,172695804.08,118,100000
25249,2025-09-16,24353182,172907331.86,153,100000
25250,2025-09-17,24292184,169540391.04,109,100000
25251,2025-09-18,26001198,170543561.2,230,100000
25252,2025-09-19,27744928,160284148.22,40,100000
25253,2025-09-20,23597516,169879162.94,138,100000
25254,2025-09-21,23500836,167641945.78,52,100000
25255,2025-09-22,24072342,173957355.42,174,100000
25256,2025-09-23,23878238,168352803.0,65,100000
25257,2025-09-24,23679924,173553139.62,84,100000
25258,2025-09-25,25022746,176756302.38,164,100000
25259,2025-09-26,26571842,172617447.92,102,100000
25260,2025-09-27,23512190,175437650.5,158,100000
25261,2025-09-28,24008748,171158623.6,52,100000
25262,2025-09-29,24467406,177722910.12,65,100000
25263,2025-09-30,24579970,183211939.06,193,100000
25264,2025-10-05,22299066,175956124.36,98,100000
25265,2025-10-06,20870104,177082666.7,80,100000
25266,2025-10-07,21702092,179309017.66,57,100000
25267,2025-10-08,22591582,184243042.74,70,100000
25268,2025-10-09,23524182,188312917.92,65,100000
25269,2025-10-10,25955050,193339767.1,145,100000
25270,2025-10-11,23625446,191557741.6,82,100000
25271,2025-10-12,22900122,194934210.14,163,100000
25272,2025-10-13,22936054,189855269.92,209,100000
25273,2025-10-14,23741688,180193936.38,131,100000
25274,2025-10-15,23621580,178727363.5,79,100000
25275,2025-10-16,24260786,182401937.7,92,100000
25276,2025-10-17,25438350,185089722.84,127,100000
25277,2025-10-18,22715112,184854514.34,93,100000
25278,2025-10-19,22180654,186684919.22,90,100000
25279,2025-10-20,23247182,188553439.68,125,100000
25280,2025-10-21,23281274,187444558.86,78,100000
25281,2025-10-22,23270720,191052383.12,96,100000
25282,2025-10-23,23866706,192855035.92,42,100000
25283,2025-10-24,25420896,200349721.86,97,100000
25284,2025-10-25,22510930,203105960.9,37,100000
25285,2025-10-26,22288202,210436316.6,21,100000
25286,2025-10-27,22779504,219257535.58,63,100000
25287,2025-10-28,22838308,224119492.54,66,100000
25288,2025-10-29,22958380,228710263.46,54,100000
25289,2025-10-30,23869708,234559869.66,96,100000
25290,2025-10-31,25283006,236656026.58,128,100000
25291,2025-11-01,22221540,236244699.52,91,100000
25292,2025-11-02,22564486,238033254.12,138,100000
25293,2025-11-03,23261412,235289852.26,31,100000
25294,2025-11-04,22946132,243587944.14,117,100000
25295,2025-11-05,22160540,243131548.82,37,100000
25296,2025-11-06,22753318,250290213.42,69,100000
25297,2025-11-07,24592546,254539339.24,64,100000
25298,2025-11-08,21776320,260189686.78,84,100000
25299,2025-11-09,22036278,262460083.58,60,100000
25300,2025-11-10,22616516,267257859.8,45,100000
25301,2025-11-11,22507086,273839952.64,160,100000
25302,2025-11-12,23325082,268868424.78,83,100000
25303,2025-11-13,23323438,271997714.96,45,100000
25304,2025-11-14,25293610,278926199.58,155,100000
25305,2025-11-15,22283442,275820068.48,186,100000
25306,2025-11-16,23005718,268138955.06,69,100000
25307,2025-11-17,23020774,272511756.88,171,100000
25308,2025-11-18,22374476,266691936.14,143,100000
25309,2025-11-19,23524286,263355429.38,460,100000
25310,2025-11-20,25348666,228882329.52,53,100000
25311,2025-11-21,26705192,236003175.86,93,100000
25312,2025-11-22,22444570,239788719.94,36,100000
25313,2025-11-23,22324550,247186559.24,102,100000
25314,2025-11-24,22701714,247925588.74,82,100000
25315,2025-11-25,22812896,250849428.6,96,100000
25316,2025-11-26,23009726,252427747.64,95,100000
25317,2025-11-27,23924430,254202513.38,76,100000
25318,2025-11-28,25802506,258325484.08,77,100000
25319,2025-11-29,23104288,263268712.02,164,100000
25320,2025-11-30,23538046,258189813.14,112,100000
25321,2025-12-01,24026008,258523455.68,67,100000
25322,2025-12-02,23368578,263596199.6,62,100000
25323,2025-12-03,23731366,268846802.82,172,100000
25324,2025-12-04,24806302,263275172.16,67,100000
25325,2025-12-05,26387294,268730260.14,78,100000
25326,2025-12-06,23655390,273860034.2,52,100000
25327,2025-12-07,23698746,280251175.3,58,100000
25328,2025-12-08,23912734,286063560.84,223,100000
25329,2025-12-09,24076462,275480800.5,54,100000
25330,2025-12-10,24087164,281878266.88,201,100000
25331,2025-12-11,25467370,273580977.24,39,100000
25332,2025-12-12,26825900,282159988.54,84,100000
25333,2025-12-13,22375696,286904679.54,35,100000
25334,2025-12-14,22880178,294368770.58,322,100000
25335,2025-12-15,24045998,273380057.8,174,100000
25336,2025-12-16,25046892,267762596.82,82,100000
25337,2025-12-17,24513092,271835573.9,108,100000
25338,2025-12-18,25250954,273046988.98,56,100000
25339,2025-12-19,26852486,279819956.44,94,100000
25340,2025-12-20,23300416,283577674.58,37,100000
25341,2025-12-21,23272618,291294878.42,136,100000
25342,2025-12-22,24633726,289098461.24,98,100000
25343,2025-12-23,24597168,291368986.98,100,100000
25344,2025-12-24,23946834,293421599.3,107,100000
25345,2025-12-25,25020074,294455547.96,123,100000
25346,2025-12-26,26401958,294415384.22,239,100000
25347,2025-12-27,24104264,283452343.64,32,100000
25348,2025-12-28,23811326,292063433.0,232,100000
25349,2025-12-29,24575772,280530982.74,98,100000
25350,2025-12-30,24335894,282773111.02,36,100000
25351,2025-12-31,25187172,291097699.08,99,100000
26001,2026-01-01,22810308,293539413.36,95,100000
26002,2026-01-02,24830766,295216464.28,97,100000
26003,2026-01-03,23366128,297683539.62,58,100000
26004,2026-01-04,23067856,303332942.34,33,100000
26005,2026-01-05,23589808,311336191.78,76,100000
26006,2026-01-06,23230388,315295197.7,137,100000
26007,2026-01-07,23451260,312978087.82,69,100000
26008,2026-01-08,24647300,317569205.22,163,100000
26009,2026-01-09,26721484,313346382.22,72,100000
26010,2026-01-10,23466932,319239909.38,32,100000
26011,2026-01-11,23727724,327538706.06,23,100000
26012,2026-01-12,23499440,336865290.82,70,100000
26013,2026-01-13,23217222,341380016.42,47,100000
26014,2026-01-14,23258340,348056455.2,58,100000
26015,2026-01-15,24471024,353653041.8,48,100000
26016,2026-01-16,26273260,360843843.56,71,100000
26017,2026-01-17,22796796,366617740.96,93,100000
26018,2026-01-18,22764954,368488171.0,77,100000
26019,2026-01-19,22989730,371942998.46,20,100000
26020,2026-01-20,22940702,381207966.16,55,100000
26021,2026-01-21,23438536,386948910.14,55,100000
26022,2026-01-22,23933998,392933792.78,54,100000
26023,2026-01-23,25848254,399261451.8,142,100000
26024,2026-01-24,23177674,397727096.26,69,100000
26025,2026-01-25,23821654,402184156.52,314,100000
26026,2026-01-26,23921654,382456766.98,55,100000
26027,2026-01-27,24604390,388678377.44,73,100000
26028,2026-01-28,24400024,393434528.54,244,100000
26029,2026-01-29,25120906,380990540.3,177,100000
26030,2026-01-30,26813544,375599784.24,285,100000
26031,2026-01-31,24477690,360238420.8,82,100000
26032,2026-02-01,23992342,364032488.9,40,100000
26033,2026-02-02,24304020,371788736.48,91,100000
26034,2026-02-03,24391564,374597706.28,159,100000
26035,2026-02-04,25265864,370649572.64,105,100000
26036,2026-02-05,25656786,372529846.0,56,100000
26037,2026-02-06,26874084,379501671.14,115,100000
26038,2026-02-07,23626294,381169972.3,385,100000
26039,2026-02-08,24448110,354246856.36,172,100000
26040,2026-02-09,25320096,349026430.26,123,100000
26041,2026-02-10,24678190,349133277.3,161,100000
26042,2026-02-11,25456518,345125590.4,108,100000
26043,2026-02-12,28164038,346799284.22,90,100000
26044,2026-02-13,32742140,351599662.84,140,100000
26045,2026-02-24,26316714,353643311.44,190,100000
26046,2026-02-25,22259388,347538501.3,59,100000
26047,2026-02-26,22768836,352545601.42,151,100000
26048,2026-02-27,24589204,348602331.06,512,100000
26049,2026-02-28,23108902,309451041.02,116,100000
26050,2026-03-01,21954808,309174403.0,229,100000
26051,2026-03-02,23040842,297032258.92,34,100000
26052,2026-03-03,22505450,304922271.5,79,100000
26053,2026-03-04,22684452,308049942.0,78,100000
26054,2026-03-05,23579872,311365323.48,77,100000
26055,2026-03-06,25156750,315219460.76,149,100000
26056,2026-03-07,22658120,312646268.26,275,100000
26057,2026-03-08,22635968,296248747.06,74,100000
26058,2026-03-09,23203660,299940371.38,88,100000
26059,2026-03-10,23710104,302510164.78,47,100000
26060,2026-03-11,23616238,309428115.74,243,100000
26061,2026-03-12,24150898,296700072.36,124,100000
26062,2026-03-13,26120976,296134012.38,3115,100000
26063,2026-03-14,21568082,0.0,653,32698
26064,2026-03-15,21526856,0.0,41,100000
26065,2026-03-16,23223356,6448159.44,292,100000
26066,2026-03-17,23130338,0.0,101,100000
26067,2026-03-18,23677672,1233865.62,83,100000
26068,2026-03-19,24249402,4535924.9,44,100000
26069,2026-03-20,26213206,12018131.88,68,100000
26070,2026-03-21,22928726,18062602.82,152,100000
26071,2026-03-22,22748738,14097678.56,72,100000
26072,2026-03-23,23964086,18044560.18,114,100000
26073,2026-03-24,24702442,18386962.32,80,100000
26074,2026-03-25,24218892,22491158.9,66,100000
26075,2026-03-26,24366552,27758415.98,208,100000
26076,2026-03-27,26807808,18898026.46,108,100000
26077,2026-03-28,24199406,21233852.38,28,100000
26078,2026-03-29,23923556,30291561.32,100,100000
26079,2026-03-30,24702514,32014103.76,119,100000
26080,2026-03-31,24348158,32218335.62,55,100000
26081,2026-04-01,24609218,38648933.04,177,100000
26082,2026-04-02,25007612,33007449.86,198,100000
26083,2026-04-03,25855466,25461179.74,30,100000
26084,2026-04-04,22100766,35130358.08,29,100000
26085,2026-04-05,21847368,43059733.42,69,100000
26086,2026-04-06,22671062,46864943.74,78,100000
26087,2026-04-07,23196804,50173764.12,53,100000
26088,2026-04-08,23814202,56240198.08,36,100000
26089,2026-04-09,24629174,64309157.06,112,100000
26090,2026-04-10,26565386,65177452.32,65,100000
26091,2026-04-11,22909112,71694491.46,80,100000
26092,2026-04-12,22704448,74919956.34,90,100000
26093,2026-04-13,23232212,77045135.86,99,100000
26094,2026-04-14,23240338,78528919.74,79,100000
26095,2026-04-15,23668786,82016685.36,137,100000
26096,2026-04-16,24312618,79914390.5,152,100000
26097,2026-04-17,26072732,76627573.32,86,100000
26098,2026-04-18,22867266,80803212.0,111,100000
26099,2026-04-19,23084292,80908172.34,61,100000
26100,2026-04-20,23317104,86119475.42,96,100000
26101,2026-04-21,23137788,87944856.38,75,100000
26102,2026-04-22,22951860,91782372.5,314,100000
26103,2026-04-23,23736372,71628783.9,151,100000
26104,2026-04-24,25242536,68159606.18,28,100000
26105,2026-04-25,22052238,77728448.82,168,100000
26106,2026-04-26,22885194,71734045.44,68,100000
26107,2026-04-27,22894582,76147790.5,55,100000
26108,2026-04-28,22853012,81866135.68,104,100000
26109,2026-04-29,22594216,82664111.56,74,100000
26110,2026-04-30,23149450,86335277.4,45,100000
26111,2026-05-01,23375948,93178507.9,71,100000
26112,2026-05-02,20743506,97532722.42,48,100000
26113,2026-05-03,20691966,102897040.36,235,100000
26114,2026-05-04,21692020,89536103.7,44,100000
26115,2026-05-05,21737094,95765193.5,268,100000
26116,2026-05-06,21796378,79616369.56,77,100000
26117,2026-05-07,23390950,82596594.78,108,100000
26118,2026-05-08,25162102,83258160.28,162,100000
26119,2026-05-09,22196018,79387590.26,308,100000
26120,2026-05-10,21663682,59463639.08,94,100000
26121,2026-05-11,22241712,60678843.26,43,100000
26122,2026-05-12,22526794,67277282.14,42,100000
26123,2026-05-13,22676314,74115411.2,95,100000
26124,2026-05-14,23629154,75726805.06,121,100000
26125,2026-05-15,25117676,75205090.52,453,100000
26126,2026-05-16,22206948,42212751.76,415,100000
26127,2026-05-17,22290978,11594156.28,95,100000
26128,2026-05-18,22503226,13016735.5,281,100000
26129,2026-05-19,22196884,0.0,141,100000
26130,2026-05-20,23092242,0.0,84,100000
26131,2026-05-21,23271034,2915198.58,55,100000
26132,2026-05-22,25068592,8818005.24,53,100000
26133,2026-05-23,21792058,15801615.32,52,100000
26134,2026-05-24,21711392,21279723.74,101,100000
26135,2026-05-25,22233680,21818305.82,126,100000
26136,2026-05-26,22386864,20112809.02,123,100000
26137,2026-05-27,22352828,18782372.38,75,100000
26138,2026-05-28,23758070,22235258.1,83,100000
26139,2026-05-29,25091566,25576712.4,227,100000
26140,2026-05-30,21889912,15171579.74,80,100000
26141,2026-05-31,22303974,17897636.62,165,100000
26142,2026-06-01,22669978,12326583.88,129,100000
26143,2026-06-02,22469988,10534873.1,67,100000
26144,2026-06-03,22408042,14845167.22,194,100000
26145,2026-06-04,23095432,6425107.8,68,100000
26146,2026-06-05,24405550,10941869.48,82,100000
26147,2026-06-06,22753638,14700588.98,77,100000
26148,2026-06-07,22150006,18149871.6,51,100000
26149,2026-06-08,22210334,23903374.54,234,100000
26150,2026-06-09,22131752,11386438.2,45,100000
26151,2026-06-10,22121400,17730996.68,52,100000
26152,2026-06-11,22773808,23370482.68,73,100000
26153,2026-06-12,23989768,27229648.6,70,100000
26154,2026-06-13,21163600,31984634.92,98,100000
26155,2026-06-14,21630040,32554798.92,89,100000
26156,2026-06-15,21919588,34253518.52,47,100000
26157,2026-06-16,22054654,40294116.64,31,100000
26158,2026-06-17,21875120,48000897.1,137,100000
26159,2026-06-18,21791052,45019705.9,91,100000
26160,2026-06-19,22458000,46597321.38,31,100000
26161,2026-06-20,20796546,54501741.38,33,100000
26162,2026-06-21,21279820,61392048.92,482,100000
26163,2026-06-22,21626514,23619160.72,68,100000
26164,2026-06-23,22181792,27416152.58,91,100000
26165,2026-06-24,22411716,29185230.66,96,100000
26166,2026-06-25,22957708,30566971.5,69,100000
26167,2026-06-26,23903182,34916248.42,86,100000
26168,2026-06-27,21039926,38028807.6,97,100000
26169,2026-06-28,21822568,38638371.34,29,100000
26170,2026-06-29,21712248,46431429.66,183,100000
26171,2026-06-30,21960954,38770431.18,44,100000
26172,2026-07-01,22107762,45131298.64,316,100000
26173,2026-07-02,22470934,24364102.02,105,100000
26174,2026-07-03,23917526,24874859.68,80,100000
26175,2026-07-04,21517976,28594447.42,160,100000
26176,2026-07-05,21099564,23138255.66,136,100000
26177,2026-07-06,21883310,19877042.02,31,100000
26178,2026-07-07,21799092,27499863.92,58,100000
26179,2026-07-08,22138898,32381419.0,128,100000
26180,2026-07-09,22544584,30429479.02,88,100000
26181,2026-07-10,23201592,32676325.18,211,100000
26182,2026-07-11,20843976,22945105.26,34,100000
26183,2026-07-12,21140400,29758653.5,105,100000
26184,2026-07-13,22289292,29617449.5,69,100000
26185,2026-07-14,21789264,33639202.58,104,100000
26186,2026-07-15,22114776,33915941.94,59,100000
26187,2026-07-16,22425784,38852182.18,24,100000
26188,2026-07-17,24269866,47440816.34,92,100000
26189,2026-07-18,21490138,50133050.68,73,100000
26190,2026-07-19,21538692,53363218.3,68,100000
26191,2026-07-20,22304954,57117177.38,37,100000
26192,2026-07-21,21949768,64346604.84,104,100000
26193,2026-07-22,22059532,64701991.16,136,100000
26194,2026-07-23,24681764,61911161.84,204,100000
26195,2026-07-24,26021078,53605226.2,75,100000
26196,2026-07-25,21880754,58855554.42,100,100000
26197,2026-07-26,21935290,59577123.88,274,100000
26198,2026-07-27,23301236,42925415.98,181,100000
26199,2026-07-28,23165136,36243021.62,69,100000
26200,2026-07-29,22796992,40693938.26,32,100000
26201,2026-07-30,23017334,48664464.34,101,100000
26202,2026-07-31,25311650,49842958.0,45,100000
26203,2026-08-01,22376154,57745666.5,401,100000
26204,2026-08-02,22709752,28609981.96,41,100000
26205,2026-08-03,22996824,35637760.44,119,100000
26206,2026-08-04,22717872,35006204.2,218,100000
26207,2026-08-05,22803506,24337961.48,84,100000
26208,2026-08-06,23744968,27111679.42,190,100000
26209,2026-08-07,26029444,19746713.74,238,100000
26210,2026-08-08,22592554,8701141.3,33,100000
26211,2026-08-09,21788782,16471492.76,256,100000
26212,2026-08-10,22381188,1547995.94,36,100000
26213,2026-08-11,22001400,8914778.06,103,100000
26214,2026-08-12,23181988,9395464.06,38,100000
26215,2026-08-13,23309460,16954638.18,257,100000
26216,2026-08-14,24762942,2676273.58,61,100000
26217,2026-08-15,22185330,8710115.16,47,100000
26218,2026-08-16,22217310,14880926.86,64,100000
26219,2026-08-17,22369928,19367408.76,462,89856
26220,2026-08-18,21635456,0.0,82,100000
26221,2026-08-19,21846648,2401373.44,113,100000
26222,2026-08-20,22561118,1806230.96,192,100000
26223,2026-08-21,23776930,0.0,62,100000
26224,2026-08-22,20987454,5450695.7,72,100000
26225,2026-08-23,21288280,8534548.16,94,100000
26226,2026-08-24,21893404,9565805.36,77,100000
26227,2026-08-25,21809238,12593573.32,51,100000
26228,2026-08-26,22407474,18180099.94,89,100000
26229,2026-08-27,23054572,20259762.2,77,100000
26230,2026-08-28,23945944,23856502.48,317,100000
26231,2026-08-29,21702818,3890015.04,49,100000
26232,2026-08-30,21821350,9624395.86,68,100000
26233,2026-08-31,22284244,13516857.36,79,100000
26234,2026-09-01,22406170,16536136.92,124,100000
26235,2026-09-02,22109790,15115160.22,129,100000
26236,2026-09-03,22570458,13048957.32,114,100000
26237,2026-09-04,24006208,12708481.74,111,100000
26238,2026-09-05,21607042,13371523.66,189,100000
26239,2026-09-06,22040588,5058974.24,90,100000
26240,2026-09-07,22536320,6858862.36,229,100000
26241,2026-09-08,21773322,0.0,52,100000
26242,2026-09-09,22032990,5468927.78,67,100000
26243,2026-09-10,22977876,9565092.88,68,100000
26244,2026-09-11,24783334,14024252.12,50,100000
26245,2026-09-12,21960648,21168085.78,78,100000
26246,2026-09-13,21807192,24128803.3,121,100000
26247,2026-09-14,22422752,22714327.38,74,100000
26248,2026-09-15,22417184,26301475.86,312,100000
26249,2026-09-16,22687146,6085896.02,96,100000
26250,2026-09-17,23337514,7602597.56,109,100000
