期号,开奖日期,销售额,奖池,直选注数,直选单注奖金,组选3注数,组选3单注奖金,组选6注数,组选6单注奖金
04001,2004-11-14,,0.0,335,1000,0,,889,160
04002,2004-11-16,,0.0,415,1000,0,,1457,160
04003,2004-11-19,,0.0,485,1000,0,,1174,160
04004,2004-11-21,,0.0,545,1000,700,320,0,
04005,2004-11-22,,0.0,222,1000,0,,604,160
04006,2004-11-23,,0.0,869,1000,0,,2973,160
04007,2004-11-24,,0.0,529,1000,0,,1249,160
04008,2004-11-25,,0.0,434,1000,715,320,0,
04009,2004-11-26,,0.0,325,1000,659,320,0,
04010,2004-11-27,,0.0,669,1000,514,320,0,
04011,2004-11-28,,0.0,470,1000,0,,2060,160
04012,2004-11-29,,0.0,219,1000,0,,739,160
04013,2004-11-30,,0.0,259,1000,273,320,0,
04014,2004-12-01,,0.0,638,1000,770,320,0,
04015,2004-12-02,,0.0,789,1000,0,,1508,160
04016,2004-12-03,,0.0,489,1000,0,,0,
04017,2004-12-04,,0.0,280,1000,0,,1047,160
04018,2004-12-05,,0.0,510,1000,0,,1642,160
04019,2004-12-06,,0.0,582,1000,0,,1669,160
04020,2004-12-07,,0.0,429,1000,0,,1220,160
04021,2004-12-08,,0.0,894,1111,1297,320,0,
04022,2004-12-09,,0.0,658,1151,0,,1299,160
04023,2004-12-10,,0.0,418,1239,0,,1758,160
04024,2004-12-11,,0.0,771,1129,737,320,0,
04025,2004-12-12,,0.0,1208,1082,0,,1981,160
04026,2004-12-13,,0.0,565,1176,0,,1494,160
04027,2004-12-14,,0.0,1775,1056,1572,320,0,
04028,2004-12-15,,0.0,1185,1084,0,,2579,160
04029,2004-12-16,,0.0,1988,1050,0,,2814,160
04030,2004-12-17,,0.0,1300,1076,0,,865,160
04031,2004-12-18,,0.0,1804,1055,0,,2703,160
04032,2004-12-19,,0.0,1129,1088,0,,2280,160
04033,2004-12-20,,0.0,2094,1047,2764,320,0,
04034,2004-12-21,,0.0,2394,1041,653,320,0,
04035,2004-12-22,,0.0,1478,1067,0,,6423,160
04036,2004-12-23,,0.0,1598,1062,830,320,0,
04037,2004-12-24,,0.0,1573,1063,0,,3860,160
04038,2004-12-25,,0.0,1967,1050,0,,2969,160
04039,2004-12-26,,0.0,2472,1040,0,,1179,160
04040,2004-12-27,,0.0,1685,1059,1956,320,0,
04041,2004-12-28,,0.0,3765,1026,0,,4097,160
04042,2004-12-29,,0.0,7004,1014,0,,3248,160
04043,2004-12-30,,0.0,778,1128,0,,1649,160
04044,2004-12-31,,0.0,1818,1055,0,,2819,160
05001,2005-01-01,,0.0,1437,1069,0,,1861,160
05002,2005-01-02,,0.0,3373,1029,3313,320,0,
05003,2005-01-03,,0.0,5906,1033,0,,6594,160
05004,2005-01-04,,0.0,3476,1057,0,,3612,160
05005,2005-01-05,,0.0,4170,1047,1505,320,0,
05006,2005-01-06,,0.0,1104,1181,0,,1304,160
05007,2005-01-07,,0.0,0,,0,,0,
05008,2005-01-08,,0.0,4026,1049,0,,6428,160
05009,2005-01-09,,0.0,1175,1170,0,,1578,160
05010,2005-01-10,,0.0,2541,1078,0,,3420,160
05011,2005-01-11,,0.0,1072,1186,0,,1288,160
05012,2005-01-12,,0.0,6079,1032,0,,5909,160
05013,2005-01-13,,0.0,4176,1047,0,,4627,160
05014,2005-01-14,,0.0,5942,1033,0,,7644,160
05015,2005-01-15,,0.0,21342,1009,0,,5579,160
05016,2005-01-16,,0.0,4333,1046,5093,320,0,
05017,2005-01-17,,0.0,3351,1059,0,,5878,160
05018,2005-01-18,,0.0,2856,1070,1188,320,0,
05019,2005-01-19,,0.0,7905,1025,0,,4475,160
05020,2005-01-20,,0.0,8853,1022,2325,320,0,
05021,2005-01-21,,0.0,976,1204,289,320,0,
05022,2005-01-22,,0.0,4594,1043,0,,3791,160
05023,2005-01-23,,0.0,2786,1071,408,320,0,
05024,2005-01-24,,0.0,5753,1034,0,,9645,160
05025,2005-01-25,,0.0,3911,1051,857,320,0,
05026,2005-01-26,,0.0,4717,1042,1062,320,0,
05027,2005-01-27,,0.0,7147,1027,0,,3624,160
05028,2005-01-28,,0.0,8009,1024,0,,7336,160
05029,2005-01-29,,0.0,3632,1055,0,,793,160
05030,2005-01-30,,0.0,16358,1012,0,,4540,160
05031,2005-01-31,,0.0,6660,1030,0,,4704,160
05032,2005-02-01,,0.0,9229,1021,0,,7864,160
05033,2005-02-02,,0.0,6499,1030,0,,10866,160
05034,2005-02-03,,0.0,11324,1017,0,,6218,160
05035,2005-02-04,,0.0,4591,1043,0,,6824,160
05036,2005-02-05,,0.0,17152,1011,0,,4320,160
05037,2005-02-06,,0.0,3837,1000,0,,3274,160
05038,2005-02-07,,0.0,8450,1000,0,,3797,160
05039,2005-02-08,,0.0,5185,1000,0,,1762,160
05040,2005-02-16,,0.0,5971,1000,0,,1674,160
05041,2005-02-17,,0.0,6492,1000,4834,320,0,
05042,2005-02-18,,0.0,9309,1000,0,,5284,160
05043,2005-02-19,,0.0,10627,1000,0,,7001,160
05044,2005-02-20,,0.0,7352,1000,3019,320,0,
05045,2005-02-21,,0.0,8434,1000,888,320,0,
05046,2005-02-22,,0.0,6330,1000,2066,320,0,
05047,2005-02-23,,0.0,2925,1068,0,,2541,160
05048,2005-02-24,,0.0,17276,1011,0,,21203,160
05049,2005-02-25,,0.0,4395,1045,0,,4319,160
05050,2005-02-26,,0.0,2650,1075,0,,1470,160
05051,2005-02-27,,0.0,6494,1030,0,,5181,160
05052,2005-02-28,,0.0,15281,1013,0,,8710,160
05053,2005-03-01,,0.0,16828,1011,0,,4184,160
05054,2005-03-02,,0.0,6049,1033,0,,2281,160
05055,2005-03-03,,0.0,11282,1017,0,,1340,160
05056,2005-03-04,,0.0,47046,1004,1496,420,0,
05057,2005-03-05,,0.0,44990,1004,0,,45655,160
05058,2005-03-06,,0.0,30971,1006,5371,320,0,
05059,2005-03-07,,0.0,20433,1009,0,,4320,160
05060,2005-03-08,,0.0,3871,1051,0,,4784,160
05061,2005-03-09,,0.0,35563,1005,0,,9170,160
05062,2005-03-10,,0.0,10287,1019,0,,3724,160
05063,2005-03-11,,0.0,11008,1018,8728,320,0,
05064,2005-03-12,,0.0,1677,1119,539,320,0,
05065,2005-03-13,,0.0,4160,1048,0,,2238,160
05066,2005-03-14,,0.0,13739,1014,5295,320,0,
05067,2005-03-15,,0.0,10770,1018,0,,6379,160
05068,2005-03-16,,0.0,6604,1030,0,,6036,160
05069,2005-03-17,,0.0,6946,1028,0,,39698,160
05070,2005-03-18,,0.0,7048,1028,0,,5507,160
05071,2005-03-19,,0.0,6439,1031,0,,9540,160
05072,2005-03-20,,0.0,44703,1004,0,,44128,160
05073,2005-03-21,,0.0,16286,1012,2938,320,0,
05074,2005-03-22,,0.0,24933,1008,1213,320,0,
05075,2005-03-23,,0.0,5335,1037,6339,320,0,
05076,2005-03-24,,0.0,79117,1002,0,,38490,160
05077,2005-03-25,,0.0,6400,1000,0,,15948,160
05078,2005-03-26,,0.0,3244,1000,0,,6077,160
05079,2005-03-27,,0.0,8767,1000,3662,320,0,
05080,2005-03-28,,0.0,13555,1000,0,,8617,160
05081,2005-03-29,,0.0,12884,1000,0,,8306,160
05082,2005-03-30,,0.0,11518,1000,0,,23508,160
05083,2005-03-31,,0.0,8037,1000,0,,6358,160
05084,2005-04-01,,0.0,18794,1000,3375,320,0,
05085,2005-04-02,,0.0,10534,1000,32264,160,0,
05086,2005-04-03,,0.0,13819,1000,0,,33404,160
05087,2005-04-04,,0.0,28070,1000,58931,320,0,
05088,2005-04-05,,0.0,6004,1000,2749,320,0,
05089,2005-04-06,,0.0,23582,1000,0,,34129,160
05090,2005-04-07,,0.0,32446,1000,0,,15991,160
05091,2005-04-08,,0.0,3571,1000,0,,4034,160
05092,2005-04-09,,0.0,5484,1000,2717,320,0,
05093,2005-04-10,,0.0,24404,1000,0,,43868,160
05094,2005-04-11,,0.0,15144,1000,1387,320,0,
05095,2005-04-12,,0.0,2427,1000,0,,5425,160
05096,2005-04-13,,0.0,8281,1000,0,,22245,160
05097,2005-04-14,,0.0,26746,1000,0,,90271,160
05098,2005-04-15,,0.0,15176,1000,0,,15487,160
05099,2005-04-16,,0.0,4263,1000,0,,8640,160
05100,2005-04-17,,0.0,18556,1000,0,,19007,160
05101,2005-04-18,,0.0,12166,1000,8402,160,0,
05102,2005-04-19,,0.0,19196,1000,0,,44348,160
05103,2005-04-20,,0.0,6928,1000,0,,15744,160
05104,2005-04-21,,0.0,5665,1000,0,,13607,160
05105,2005-04-22,,0.0,35019,1000,164073,320,0,
05106,2005-04-23,,0.0,60210,1000,0,,43474,160
05107,2005-04-24,,0.0,16227,1000,19324,320,0,
05108,2005-04-25,,0.0,4536,1000,0,,7551,160
05109,2005-04-26,,0.0,6346,1000,0,,20827,160
05110,2005-04-27,,0.0,7792,1000,0,,22573,160
05111,2005-04-28,,0.0,4456,1000,0,,6413,160
05112,2005-04-29,,0.0,12912,1000,0,,39857,160
05113,2005-04-30,,0.0,14932,1000,5795,320,0,
05114,2005-05-01,,0.0,2894,1000,0,,5901,160
05115,2005-05-02,,0.0,54822,1000,170519,320,0,
05116,2005-05-03,,0.0,25432,1000,0,,17864,160
05117,2005-05-04,,0.0,8903,1000,1629,320,0,
05118,2005-05-05,,0.0,2768,1000,0,,9788,160
05119,2005-05-06,,0.0,14718,1000,0,,0,
05120,2005-05-07,,0.0,7939,1000,0,,14989,160
05121,2005-05-08,,0.0,12077,1000,0,,8614,160
05122,2005-05-09,,0.0,34423,1000,0,,97522,160
05123,2005-05-10,,0.0,7182,1000,0,,5825,160
05124,2005-05-11,,0.0,12729,1000,0,,11094,160
05125,2005-05-12,,0.0,21719,1000,0,,55494,160
05126,2005-05-13,,0.0,2901,1000,0,,8083,160
05127,2005-05-14,,0.0,11116,1000,4643,320,0,
05128,2005-05-15,,0.0,9896,1000,0,,15927,160
05129,2005-05-16,,0.0,11546,1000,8974,320,0,
05130,2005-05-17,,0.0,12801,1000,0,,24143,160
05131,2005-05-18,,0.0,7173,1000,3285,320,0,
05132,2005-05-19,,0.0,15838,1000,0,,19817,160
05133,2005-05-20,,0.0,24015,1000,0,,23554,160
05134,2005-05-21,,0.0,4629,1000,0,,19854,160
05135,2005-05-22,,0.0,146081,1000,0,,162545,160
05136,2005-05-23,,0.0,8151,1000,0,,19686,160
05137,2005-05-24,,0.0,40364,1000,0,,42041,160
05138,2005-05-25,,0.0,21868,1000,0,,36753,160
05139,2005-05-26,,0.0,18847,1000,0,,28889,160
05140,2005-05-27,,0.0,9230,1000,0,,8122,160
05141,2005-05-28,,0.0,31805,1000,0,,19713,160
05142,2005-05-29,,0.0,22001,1000,0,,23765,160
05143,2005-05-30,,0.0,4858,1000,0,,14268,160
05144,2005-05-31,,0.0,23104,1000,0,,42588,160
05145,2005-06-01,,0.0,8233,1000,0,,6514,160
05146,2005-06-02,,0.0,9244,1000,0,,25735,160
05147,2005-06-03,,0.0,9456,1000,15169,320,0,
05148,2005-06-04,,0.0,3866,1000,4994,320,0,
05149,2005-06-05,,0.0,9687,1000,1985,320,0,
05150,2005-06-06,,0.0,15668,1000,0,,43896,160
05151,2005-06-07,,0.0,19845,1000,6605,320,0,
05152,2005-06-08,,0.0,4774,1000,9563,160,0,
05153,2005-06-09,,0.0,7245,1000,0,,4868,320
05154,2005-06-10,,0.0,3632,1000,2087,320,0,
05155,2005-06-11,,0.0,39182,1000,0,,47600,160
05156,2005-06-12,,0.0,5951,1000,3154,320,0,
05157,2005-06-13,,0.0,26999,1000,0,,28772,160
05158,2005-06-14,,0.0,17111,1000,0,,22818,160
05159,2005-06-15,,0.0,18288,1000,0,,21906,160
05160,2005-06-16,,0.0,11318,1000,0,,17585,160
05161,2005-06-17,,0.0,11210,1000,5086,320,0,
05162,2005-06-18,,0.0,5960,1000,0,,14043,160
05163,2005-06-19,,0.0,16750,1000,0,,30362,160
05164,2005-06-20,,0.0,3520,1000,2264,320,0,
05165,2005-06-21,,0.0,21150,1000,0,,30363,160
05166,2005-06-22,,0.0,10597,1000,0,,16615,160
05167,2005-06-23,,0.0,4779,1000,4830,320,0,
05168,2005-06-24,,0.0,5405,1000,0,,11016,160
05169,2005-06-25,,0.0,57071,1000,0,,30018,160
05170,2005-06-26,,0.0,7800,1000,0,,19476,160
05171,2005-06-27,,0.0,4878,1000,0,,16300,160
05172,2005-06-28,,0.0,3815,1000,3114,320,0,
05173,2005-06-29,,0.0,4807,1000,0,,17203,160
05174,2005-06-30,,0.0,9334,1000,0,,14601,160
05175,2005-07-01,,0.0,3494,1000,2756,320,0,
05176,2005-07-02,,0.0,3629,1000,7110,160,0,
05177,2005-07-03,,0.0,10949,1000,0,,11480,160
05178,2005-07-04,,0.0,5400,1000,2730,320,0,
05179,2005-07-05,,0.0,26884,1000,0,,25075,160
05180,2005-07-06,,0.0,11737,1000,0,,19063,160
05181,2005-07-07,,0.0,4555,1000,0,,9672,160
05182,2005-07-08,,0.0,4876,1000,0,,14570,160
05183,2005-07-09,,0.0,6250,1000,0,,15351,160
05184,2005-07-10,,0.0,190895,1000,4541,320,0,
05185,2005-07-11,,0.0,19733,1000,0,,12335,160
05186,2005-07-12,,0.0,5999,1000,2340,320,0,
05187,2005-07-13,,0.0,49584,1000,0,,30650,160
05188,2005-07-14,,0.0,12991,1000,0,,18984,160
05189,2005-07-15,,0.0,4654,1000,0,,17752,160
05190,2005-07-16,,0.0,3652,1000,0,,16907,160
05191,2005-07-17,,0.0,9000,1000,0,,13139,160
05192,2005-07-18,,0.0,5301,1000,0,,4571,160
05193,2005-07-19,,0.0,13199,1000,0,,0,160
05194,2005-07-20,,0.0,7956,1000,4219,320,0,
05195,2005-07-21,,0.0,15788,1000,0,,21745,160
05196,2005-07-22,,0.0,7812,1000,3268,320,0,
05197,2005-07-23,,0.0,34901,1000,9405,320,0,
05198,2005-07-24,,0.0,6310,1000,0,,25072,160
05199,2005-07-25,,0.0,19917,1000,0,,4713,160
05200,2005-07-26,,0.0,7888,1000,1978,320,0,
05201,2005-07-27,,0.0,10809,1000,0,,21540,160
05202,2005-07-28,,0.0,9310,1000,3274,320,0,
05203,2005-07-29,,0.0,9505,1000,0,,12338,160
05204,2005-07-30,,0.0,11179,1000,0,,11551,160
05205,2005-07-31,,0.0,5111,1000,0,,12992,160
05206,2005-08-01,,0.0,15382,1000,0,,6764,160
05207,2005-08-02,,0.0,7649,1000,0,,10929,160
05208,2005-08-03,,0.0,6787,1000,0,,11416,160
05209,2005-08-04,,0.0,14261,1000,0,,24236,160
05210,2005-08-05,,0.0,3856,1000,0,,9975,160
05211,2005-08-06,,0.0,3255,1000,0,,4933,160
05212,2005-08-07,,0.0,10127,1000,0,,14675,160
05213,2005-08-08,,0.0,11817,1000,0,,23252,160
05214,2005-08-09,,0.0,27663,1000,0,,8642,160
05215,2005-08-10,,0.0,13793,1000,0,,8665,160
05216,2005-08-11,,0.0,8508,1000,0,,10231,160
05217,2005-08-12,,0.0,11725,1000,0,,0,
05218,2005-08-13,,0.0,10168,1000,0,,16870,160
05219,2005-08-14,,0.0,5889,1000,0,,8360,160
05220,2005-08-15,,0.0,15932,1000,0,,14239,160
05221,2005-08-16,,0.0,2870,1000,0,,4585,160
05222,2005-08-17,,0.0,6132,1000,0,,12000,160
05223,2005-08-18,,0.0,6164,1000,0,,13340,160
05224,2005-08-19,,0.0,5038,1000,0,,16437,160
05225,2005-08-20,,0.0,5159,1000,0,,11351,160
05226,2005-08-21,,0.0,330364,1000,0,,72684,160
05227,2005-08-22,,0.0,3987,1000,0,,17650,160
05228,2005-08-23,,0.0,17890,1000,0,,14827,160
05229,2005-08-24,,0.0,5186,1000,0,,14307,160
05230,2005-08-25,,0.0,5736,1000,0,,11679,160
05231,2005-08-26,,0.0,19283,1000,11051,320,0,
05232,2005-08-27,,0.0,8232,1000,0,,15779,160
05233,2005-08-28,,0.0,28028,1000,0,,16395,160
05234,2005-08-29,,0.0,51734,1000,0,,11329,320
05235,2005-08-30,,0.0,11194,1000,0,,33399,160
05236,2005-08-31,,0.0,10135,1000,0,,24008,160
05237,2005-09-01,,0.0,9754,1000,4090,320,0,
05238,2005-09-02,,0.0,35679,1000,0,,22075,160
05239,2005-09-03,,0.0,9193,1000,0,,9260,160
05240,2005-09-04,,0.0,8424,1000,0,,19111,160
05241,2005-09-05,,0.0,6578,1000,0,,15905,160
05242,2005-09-06,,0.0,16745,1000,0,,24959,160
05243,2005-09-07,,0.0,7278,1000,4402,320,0,
05244,2005-09-08,,0.0,35478,1000,0,,15479,160
05245,2005-09-09,,0.0,4257,1000,0,,14969,160
05246,2005-09-10,,0.0,3811,1000,0,,12950,160
05247,2005-09-11,,0.0,13308,1000,0,,37247,160
05248,2005-09-12,,0.0,50104,1000,0,,11699,160
05249,2005-09-13,,0.0,7644,1000,0,,16258,160
05250,2005-09-14,,0.0,10914,1000,0,,16309,160
05251,2005-09-15,,0.0,7038,1000,3481,320,0,
05252,2005-09-16,,0.0,13343,1000,0,,16222,160
05253,2005-09-17,,0.0,7894,1000,1733,320,0,
05254,2005-09-18,,0.0,6635,1000,0,,7379,160
05255,2005-09-19,,0.0,13937,1000,4521,320,0,
05256,2005-09-20,,0.0,6006,1000,0,,21733,160
05257,2005-09-21,,0.0,7496,1000,0,,23837,160
05258,2005-09-22,,0.0,4396,1000,0,,19865,160
05259,2005-09-23,,0.0,8792,1000,0,,7988,160
05260,2005-09-24,,0.0,8464,1000,0,,13898,160
05261,2005-09-25,,0.0,19708,1000,0,,19663,160
05262,2005-09-26,,0.0,10022,1000,0,,14441,160
05263,2005-09-27,,0.0,5512,1000,0,,9552,160
05264,2005-09-28,,0.0,8481,1000,0,,11389,160
05265,2005-09-29,,0.0,8004,1000,4178,320,0,
05266,2005-09-30,,0.0,7290,1000,0,,9128,160
05267,2005-10-01,,0.0,10026,1000,0,,20724,160
05268,2005-10-02,,0.0,6931,1000,2156,320,0,
05269,2005-10-03,,0.0,11219,1000,0,,45875,160
05270,2005-10-04,,0.0,5528,1000,1733,320,0,
05271,2005-10-05,,0.0,8086,1000,1286,320,0,
05272,2005-10-06,,0.0,2245,1000,0,,10156,160
05273,2005-10-07,,0.0,9170,1000,0,,15882,160
05274,2005-10-08,,0.0,2637,1000,0,,17053,160
05275,2005-10-09,,0.0,23720,1000,0,,23476,160
05276,2005-10-10,,0.0,8883,1000,0,,11088,160
05277,2005-10-11,,0.0,8928,1000,0,,14718,160
05278,2005-10-12,,0.0,5564,1000,0,,15667,160
05279,2005-10-13,,0.0,7438,1000,0,,10763,160
05280,2005-10-14,,0.0,10665,1000,3042,320,0,
05281,2005-10-15,,0.0,10424,1000,0,,20940,160
05282,2005-10-16,,0.0,6656,1000,0,,14533,160
05283,2005-10-17,,0.0,8308,1000,0,,16219,160
05284,2005-10-18,,0.0,5779,1000,0,,24076,160
05285,2005-10-19,,0.0,5346,1000,0,,20626,160
05286,2005-10-20,,0.0,6835,1000,0,,17284,160
05287,2005-10-21,,0.0,6522,1766,1704,320,0,
05288,2005-10-22,,0.0,8525,1586,0,,11373,160
05289,2005-10-23,,0.0,32751,1152,0,,18425,160
05290,2005-10-24,,0.0,12792,1390,0,,4392,160
05291,2005-10-25,,0.0,10465,1477,0,,18766,160
05292,2005-10-26,,0.0,17581,1284,0,,9901,160
05293,2005-10-27,,0.0,9533,1524,1407,320,0,
05294,2005-10-28,,0.0,8995,1555,0,,12736,160
05295,2005-10-29,,0.0,10285,1486,0,,12740,160
05296,2005-10-30,,0.0,37003,1135,0,,31417,160
05297,2005-10-31,,0.0,9523,1525,0,,9260,160
05298,2005-11-01,,0.0,19861,1251,0,,10336,160
05299,2005-11-02,,0.0,10703,1467,0,,19453,160
05300,2005-11-03,,0.0,20578,1242,2328,320,0,
05301,2005-11-04,,0.0,12967,1385,10428,160,0,
05302,2005-11-05,,0.0,14423,1346,2009,320,0,
05303,2005-11-06,,0.0,18310,1273,0,,8081,160
05304,2005-11-07,,0.0,24718,1202,0,,15831,160
05305,2005-11-08,,0.0,7039,1000,0,,20151,160
05306,2005-11-09,,0.0,17163,1000,0,,14788,160
05307,2005-11-10,,0.0,4463,1000,0,,8496,160
05308,2005-11-11,,0.0,11275,1000,0,,17369,160
05309,2005-11-12,,0.0,10124,1000,0,,27548,160
05310,2005-11-13,,0.0,9517,1000,0,,10333,160
05311,2005-11-14,,0.0,49890,1000,0,,19804,160
05312,2005-11-15,,0.0,4505,1000,0,,11405,160
05313,2005-11-16,,0.0,6911,1000,0,,19539,160
05314,2005-11-17,,0.0,6238,1000,0,,8273,160
05315,2005-11-18,,0.0,9266,1323,0,,18845,266
05316,2005-11-19,,0.0,8790,1341,0,,19845,260
05317,2005-11-20,,0.0,5457,1549,0,,31064,224
05318,2005-11-21,,0.0,38626,1077,0,,30768,225
05319,2005-11-22,,0.0,7028,1426,0,,29117,228
05320,2005-11-23,,0.0,5990,1500,0,,15013,293
05321,2005-11-24,,0.0,12648,1237,0,,27252,233
05322,2005-11-25,,0.0,10194,1294,0,,33713,219
05323,2005-11-26,,0.0,22308,1134,25291,399,0,
05324,2005-11-27,,0.0,13603,1220,0,,46715,202
05325,2005-11-28,,0.0,14177,1211,0,,28480,230
05326,2005-11-29,,0.0,8373,1358,0,,31912,222
05327,2005-11-30,,0.0,19764,1151,0,,69827,188
05328,2005-12-01,,0.0,13811,1217,0,,68710,189
05329,2005-12-02,,0.0,17076,1175,9557,529,0,
05330,2005-12-03,,0.0,11030,1271,0,,44698,204
05331,2005-12-04,,0.0,28833,1104,0,,57838,194
05332,2005-12-05,,0.0,5321,1563,0,,25893,237
05333,2005-12-06,,0.0,32256,1093,0,,46602,202
05334,2005-12-07,,0.0,22320,1134,0,,83927,183
05335,2005-12-08,,0.0,6389,1469,0,,23885,243
05336,2005-12-09,,0.0,12541,1239,0,,77283,185
05337,2005-12-10,,0.0,13176,1227,0,,46056,203
05338,2005-12-11,,0.0,36731,1081,0,,61126,192
05339,2005-12-12,,0.0,5940,1505,6739,616,0,
05340,2005-12-13,,0.0,16476,1182,0,,78629,185
05341,2005-12-14,,0.0,13355,1224,0,,33105,220
05342,2005-12-15,,0.0,12293,1244,0,,131093,175
05343,2005-12-16,,0.0,13313,1225,0,,43708,205
05344,2005-12-17,,0.0,41820,1071,9473,531,0,
05345,2005-12-18,,0.0,7936,1378,0,,48860,200
05346,2005-12-19,,0.0,11231,1267,0,,5665,673
05347,2005-12-20,,0.0,14456,1207,0,,65391,190
05348,2005-12-21,,0.0,11638,1257,5641,674,0,
05349,2005-12-22,,0.0,7205,1416,0,,40858,208
05350,2005-12-23,,0.0,18968,1158,0,,47347,202
05351,2005-12-24,,0.0,8222,1364,0,,21317,253
05352,2005-12-25,,0.0,20901,1143,0,,63364,191
05353,2005-12-26,,0.0,19449,1154,0,,62982,191
05354,2005-12-27,,0.0,9859,1304,0,,39997,210
05355,2005-12-28,,0.0,2989,2003,0,,9595,368
05356,2005-12-29,,0.0,8861,1338,0,,52202,198
05357,2005-12-30,,0.0,4278,1701,0,,40843,208
05358,2005-12-31,,0.0,16472,1182,0,,58543,194
06001,2006-01-01,,0.0,14519,1206,0,,52024,217
06002,2006-01-02,,0.0,5950,1504,8387,677,0,
06003,2006-01-03,,0.0,5060,1592,0,,18240,324
06004,2006-01-04,,0.0,54759,1054,0,,36586,241
06005,2006-01-05,,0.0,13069,1229,0,,106793,188
06006,2006-01-06,,0.0,14570,1205,0,,65924,205
06007,2006-01-07,,0.0,11471,1261,0,,64327,206
06008,2006-01-08,,0.0,16286,1184,0,,51365,218
06009,2006-01-09,,0.0,29426,1101,0,,69856,202
06010,2006-01-10,,0.0,16823,1178,0,,64363,206
06011,2006-01-11,,0.0,55873,1053,36133,403,0,
06012,2006-01-12,,0.0,23358,1128,0,,89531,193
06013,2006-01-13,,0.0,11342,1264,0,,0,
06014,2006-01-14,,0.0,17013,1176,0,,78345,198
06015,2006-01-15,,0.0,34546,1086,15438,514,0,
06016,2006-01-16,,0.0,26215,1114,0,,55830,213
06017,2006-01-17,,0.0,22123,1135,0,,46915,223
06018,2006-01-18,,0.0,5770,1519,0,,43240,229
06019,2006-01-19,,0.0,14224,1210,7131,740,0,
06020,2006-01-20,,0.0,7207,1416,0,,50128,219
06021,2006-01-21,,0.0,27482,1109,0,,128230,183
06022,2006-01-22,,0.0,26309,1114,0,,53807,215
06023,2006-01-23,,0.0,12842,1233,0,,43445,229
06024,2006-01-24,,0.0,8927,1336,0,,40880,233
06025,2006-01-25,,0.0,10157,1295,10097,617,0,
06026,2006-01-26,,0.0,7761,1391,7150,739,0,
06027,2006-01-27,,0.0,3827,1783,3971,1075,0,
06028,2006-02-05,,0.0,10560,1100,0,,69652,210
06029,2006-02-06,,0.0,11322,1100,0,,66106,210
06030,2006-02-07,,0.0,9363,1100,0,,43304,210
06031,2006-02-08,,0.0,21277,1100,0,,70271,210
06032,2006-02-09,,0.0,12445,1100,20950,420,0,
06033,2006-02-10,,0.0,9536,1100,0,,54664,210
06034,2006-02-11,,0.0,13582,1100,0,,68447,210
06035,2006-02-12,,0.0,8125,1100,0,,62892,210
06036,2006-02-13,,0.0,22670,1100,0,,54150,210
06037,2006-02-14,,0.0,30746,1100,0,,107899,210
06038,2006-02-15,,0.0,21570,1100,0,,77593,210
06039,2006-02-16,,0.0,25818,1100,0,,109776,210
06040,2006-02-17,,0.0,20364,1100,0,,82431,210
06041,2006-02-18,,0.0,18373,1100,0,,86744,210
06042,2006-02-19,,0.0,16886,1100,0,,61665,210
06043,2006-02-20,,0.0,30986,1100,37298,420,0,
06044,2006-02-21,,0.0,3881,1100,0,,66342,210
06045,2006-02-22,,0.0,7265,1100,0,,72212,210
06046,2006-02-23,,0.0,19544,1100,0,,102192,210
06047,2006-02-24,,0.0,29628,1100,0,,163404,210
06048,2006-02-25,,0.0,7999,1100,0,,150473,210
06049,2006-02-26,,0.0,18855,1100,0,,70562,210
06050,2006-02-27,,0.0,11685,1100,0,,97268,210
06051,2006-02-28,,0.0,5040,1100,0,,118323,210
06052,2006-03-01,,0.0,18825,1100,0,,80668,210
06053,2006-03-02,,0.0,7747,1100,0,,59572,210
06054,2006-03-03,,0.0,16295,1100,23232,420,0,
06055,2006-03-04,,0.0,15852,1100,0,,87901,210
06056,2006-03-05,,0.0,6557,1100,6357,420,0,
06057,2006-03-06,,0.0,16265,1100,0,,189543,210
06058,2006-03-07,,0.0,5391,1100,8209,420,0,
06059,2006-03-08,,0.0,5084,1100,6029,420,0,
06060,2006-03-09,,0.0,14423,1100,0,,83254,210
06061,2006-03-10,,0.0,6674,1100,7186,420,0,
06062,2006-03-11,,0.0,10269,1100,0,,169428,210
06063,2006-03-12,,0.0,22724,1100,0,,230844,210
06064,2006-03-13,,0.0,16541,1100,0,,118006,210
06065,2006-03-14,,0.0,16432,1100,0,,175303,210
06066,2006-03-15,,0.0,5650,1100,0,,98900,210
06067,2006-03-16,,0.0,28112,1100,0,,67875,210
06068,2006-03-17,,0.0,4178,1100,9875,420,0,
06069,2006-03-18,,0.0,5954,1100,0,,75749,210
06070,2006-03-19,,0.0,27229,1100,0,,130737,210
06071,2006-03-20,,0.0,5609,1100,7096,420,0,
06072,2006-03-21,,0.0,6174,1100,0,,84835,210
06073,2006-03-22,,0.0,4877,1100,0,,58889,210
06074,2006-03-23,,0.0,5967,1100,25537,420,0,
06075,2006-03-24,,0.0,5966,1100,7030,420,0,
06076,2006-03-25,,0.0,2579,1100,5748,420,0,
06077,2006-03-26,,0.0,5395,1100,0,,57284,210
06078,2006-03-27,,0.0,4257,1100,0,,76172,210
06079,2006-03-28,,0.0,17037,1100,0,,142701,210
06080,2006-03-29,,0.0,5498,1100,9610,420,0,
06081,2006-03-30,,0.0,9293,1100,18047,420,0,
06082,2006-03-31,,0.0,19468,1100,0,,107160,210
06083,2006-04-01,,0.0,8755,1100,0,,113339,210
06084,2006-04-02,,0.0,8368,1100,0,,107158,210
06085,2006-04-03,,0.0,9111,1100,0,,146843,210
06086,2006-04-04,,0.0,18008,1100,0,,114922,210
06087,2006-04-05,,0.0,21249,1100,0,,76462,210
06088,2006-04-06,,0.0,6441,1100,0,,85732,210
06089,2006-04-07,,0.0,7557,1100,0,,90540,210
06090,2006-04-08,,0.0,4539,1100,18416,420,0,
06091,2006-04-09,,0.0,11846,1100,37911,420,0,
06092,2006-04-10,,0.0,20494,1100,0,,0,
06093,2006-04-11,,0.0,7758,1100,0,,71066,210
06094,2006-04-12,,0.0,6421,1100,0,,22475,420
06095,2006-04-13,,0.0,91972,1100,0,,354219,210
06096,2006-04-14,,0.0,13061,1100,0,,128707,210
06097,2006-04-15,,0.0,13378,1100,0,,111753,210
06098,2006-04-16,,0.0,5278,1100,12894,420,0,
06099,2006-04-17,,0.0,9543,1100,0,,63126,210
06100,2006-04-18,,0.0,30606,1100,0,,157304,210
06101,2006-04-19,,0.0,7945,1100,0,,75563,210
06102,2006-04-20,,0.0,6554,1100,0,,68573,210
06103,2006-04-21,,0.0,6067,1100,16045,420,0,
06104,2006-04-22,,0.0,9345,1100,49205,420,0,
06105,2006-04-23,,0.0,28596,1100,0,,235759,210
06106,2006-04-24,,0.0,2764,1100,14862,420,0,
06107,2006-04-25,,0.0,4404,1100,0,,54957,210
06108,2006-04-26,,0.0,5634,1100,23766,420,0,
06109,2006-04-27,,0.0,50754,1100,0,,79916,210
06110,2006-04-28,,0.0,23188,1100,0,,243279,210
06111,2006-04-29,,0.0,9077,1100,0,,76559,210
06112,2006-04-30,,0.0,5663,1100,18552,420,0,
06113,2006-05-01,,0.0,7173,1100,0,,62878,210
06114,2006-05-02,,0.0,3828,1100,7539,420,0,
06115,2006-05-03,,0.0,10951,1100,0,,82616,210
06116,2006-05-04,,0.0,10123,1100,23643,420,0,
06117,2006-05-05,,0.0,11372,1100,0,,0,
06118,2006-05-06,,0.0,23970,1000,0,,112599,160
06119,2006-05-07,,0.0,22834,1000,31718,320,0,
06120,2006-05-08,,0.0,5463,1000,9282,320,0,
06121,2006-05-09,,0.0,7544,1000,8967,320,0,
06122,2006-05-10,,0.0,5111,1000,0,,33148,160
06123,2006-05-11,,0.0,17985,1000,0,,75958,160
06124,2006-05-12,,0.0,11711,1000,0,,46925,160
06125,2006-05-13,,0.0,10076,1000,0,,32879,160
06126,2006-05-14,,0.0,15541,1000,0,,47097,160
06127,2006-05-15,,0.0,55857,1000,0,,19685,160
06128,2006-05-16,,0.0,14721,1000,0,,51438,160
06129,2006-05-17,,0.0,35277,1000,28089,320,0,
06130,2006-05-18,,0.0,13692,1000,17263,320,0,
06131,2006-05-19,,0.0,15757,1000,0,,48779,160
06132,2006-05-20,,0.0,18615,1000,0,,32975,160
06133,2006-05-21,,0.0,23036,1000,9471,320,0,
06134,2006-05-22,,0.0,7561,1000,0,,30321,160
06135,2006-05-23,,0.0,31196,1000,0,,50350,160
06136,2006-05-24,,0.0,12570,1000,0,,31114,160
06137,2006-05-25,,0.0,3374,1000,7202,320,0,
06138,2006-05-26,,0.0,0,,0,,0,
06139,2006-05-27,,0.0,6812,1000,0,,19874,160
06140,2006-05-28,,0.0,17798,1000,0,,29942,160
06141,2006-05-29,,0.0,16160,1000,0,,31556,160
06142,2006-05-30,,0.0,19330,1000,47994,320,0,
06143,2006-05-31,,0.0,9688,1000,0,,21279,160
06144,2006-06-01,,0.0,7289,1000,9365,320,0,
06145,2006-06-02,,0.0,10934,1000,9032,320,0,
06146,2006-06-03,,0.0,16465,1000,0,,40592,160
06147,2006-06-04,,0.0,5551,1000,9995,320,0,
06148,2006-06-05,,0.0,6652,1000,0,,33892,160
06149,2006-06-06,,0.0,27654,1000,0,,36297,160
06150,2006-06-07,,0.0,3966,1000,0,,11930,160
06151,2006-06-08,,0.0,11370,1000,9820,320,0,
06152,2006-06-09,,0.0,10483,1000,0,,17501,160
06153,2006-06-10,,0.0,18763,1000,0,,31153,160
06154,2006-06-11,,0.0,6519,1000,0,,16271,160
06155,2006-06-12,,0.0,7323,1000,0,,20932,160
06156,2006-06-13,,0.0,11319,1000,0,,32804,160
06157,2006-06-14,,0.0,6101,1000,0,,18957,160
06158,2006-06-15,,0.0,13321,1000,0,,38629,160
06159,2006-06-16,,0.0,6041,1000,0,,17195,160
06160,2006-06-17,,0.0,7715,1000,0,,13486,160
06161,2006-06-18,,0.0,5741,1000,0,,15849,160
06162,2006-06-19,,0.0,14094,1000,32354,320,0,
06163,2006-06-20,,0.0,4703,1000,5131,320,0,
06164,2006-06-21,,0.0,9152,1000,0,,33320,160
06165,2006-06-22,,0.0,49925,1000,0,,48347,160
06166,2006-06-23,,0.0,5174,1000,6905,320,0,
06167,2006-06-24,,0.0,12499,1000,0,,36942,160
06168,2006-06-25,,0.0,9491,1000,7636,320,0,
06169,2006-06-26,,0.0,4893,1000,0,,20513,160
06170,2006-06-27,,0.0,12705,1000,0,,24003,160
06171,2006-06-28,,0.0,10166,1000,0,,40308,160
06172,2006-06-29,,0.0,10762,1000,0,,16737,160
06173,2006-06-30,,0.0,8230,1000,0,,17349,160
06174,2006-07-01,,0.0,66360,1000,13326,320,0,
06175,2006-07-02,,0.0,2671,1000,2842,320,0,
06176,2006-07-03,,0.0,7024,1000,5854,320,0,
06177,2006-07-04,,0.0,32525,1000,0,,46127,160
06178,2006-07-05,,0.0,19394,1000,0,,36039,160
06179,2006-07-06,,0.0,4917,1000,4206,320,0,
06180,2006-07-07,,0.0,12273,1000,0,,21187,160
06181,2006-07-08,,0.0,6278,1000,4697,320,0,
06182,2006-07-09,,0.0,10787,1000,0,,25817,160
06183,2006-07-10,,0.0,5733,1000,0,,17567,160
06184,2006-07-11,,0.0,14500,1000,0,,17770,160
06185,2006-07-12,,0.0,10942,1000,7555,320,0,
06186,2006-07-13,,0.0,7479,1000,0,,18092,160
06187,2006-07-14,,0.0,11837,1000,0,,24983,160
06188,2006-07-15,,0.0,9492,1000,7330,320,0,
06189,2006-07-16,,0.0,6123,1000,4166,320,0,
06190,2006-07-17,,0.0,18902,1000,0,,35566,160
06191,2006-07-18,,0.0,9889,1000,0,,12111,160
06192,2006-07-19,,0.0,9208,1000,6211,320,0,
06193,2006-07-20,,0.0,33289,1000,0,,42768,160
06194,2006-07-21,,0.0,4976,1000,4428,320,0,
06195,2006-07-22,,0.0,13358,1000,0,,33539,160
06196,2006-07-23,,0.0,13030,1000,8316,320,0,
06197,2006-07-24,,0.0,6946,1000,5774,320,0,
06198,2006-07-25,,0.0,18167,1000,0,,53988,160
06199,2006-07-26,,0.0,15126,1000,0,,33979,160
06200,2006-07-27,,0.0,10607,1000,0,,19553,160
06201,2006-07-28,,0.0,11250,1000,0,,43512,160
06202,2006-07-29,,0.0,14554,1000,0,,10371,160
06203,2006-07-30,,0.0,11995,1000,0,,17275,160
06204,2006-07-31,,0.0,17165,1000,0,,28595,160
06205,2006-08-01,,0.0,5098,1000,0,,17751,160
06206,2006-08-02,,0.0,5253,1000,0,,13388,160
06207,2006-08-03,,0.0,14688,1000,0,,27255,160
06208,2006-08-04,,0.0,17132,1000,0,,35511,160
06209,2006-08-05,,0.0,8459,1000,0,,40085,160
06210,2006-08-06,,0.0,12922,1000,0,,26345,160
06211,2006-08-07,,0.0,6343,1000,10752,320,0,
06212,2006-08-08,,0.0,13724,1000,0,,52051,160
06213,2006-08-09,,0.0,10814,1000,0,,21687,160
06214,2006-08-10,,0.0,7703,1000,0,,25384,160
06215,2006-08-11,,0.0,8045,1000,0,,24577,160
06216,2006-08-12,,0.0,16356,1000,0,,38187,160
06217,2006-08-13,,0.0,14291,1000,13615,320,0,
06218,2006-08-14,,0.0,8579,1000,0,,23571,160
06219,2006-08-15,,0.0,8020,1000,10004,320,0,
06220,2006-08-16,,0.0,20954,1000,0,,77397,160
06221,2006-08-17,,0.0,5514,1000,0,,16418,160
06222,2006-08-18,,0.0,4765,1000,4672,320,0,
06223,2006-08-19,,0.0,5630,1000,0,,27296,160
06224,2006-08-20,,0.0,5695,1000,0,,21211,160
06225,2006-08-21,,0.0,15431,1000,0,,49446,160
06226,2006-08-22,,0.0,22407,1000,0,,27173,160
06227,2006-08-23,,0.0,6628,1000,12278,320,0,
06228,2006-08-24,,0.0,19991,1000,0,,45491,160
06229,2006-08-25,,0.0,5425,1000,4225,320,0,
06230,2006-08-26,,0.0,5311,1000,0,,20812,160
06231,2006-08-27,,0.0,3111,1000,0,,7152,160
06232,2006-08-28,,0.0,4269,1000,0,,12505,160
06233,2006-08-29,,0.0,13187,1000,0,,39438,160
06234,2006-08-30,,0.0,18821,1000,0,,47325,160
06235,2006-08-31,,0.0,6287,1000,0,,22935,160
06236,2006-09-01,,0.0,9783,1000,0,,28419,160
06237,2006-09-02,,0.0,10292,1000,0,,20036,160
06238,2006-09-03,,0.0,8967,1000,13265,320,0,
06239,2006-09-04,,0.0,13363,1000,0,,28214,160
06240,2006-09-05,,0.0,10000,1000,7511,320,0,
06241,2006-09-06,,0.0,10784,1000,0,,25587,160
06242,2006-09-07,,0.0,39735,1000,0,,42053,160
06243,2006-09-08,,0.0,8511,1000,0,,20943,160
06244,2006-09-09,,0.0,57921,1000,0,320,0,
06245,2006-09-10,,0.0,7278,1000,5250,320,0,
06246,2006-09-11,,0.0,16600,1000,8619,320,0,
06247,2006-09-12,,0.0,18694,1000,0,,33554,160
06248,2006-09-13,,0.0,15068,1000,0,,17706,160
06249,2006-09-14,,0.0,4662,1000,5351,320,0,
06250,2006-09-15,,0.0,11253,1000,5184,320,0,
06251,2006-09-16,,0.0,7810,1000,6871,320,0,
06252,2006-09-17,,0.0,6508,1000,4832,320,0,
06253,2006-09-18,,0.0,13007,1000,0,,13988,160
06254,2006-09-19,,0.0,12634,1000,0,,21013,160
06255,2006-09-20,,0.0,15660,1000,0,,30045,160
06256,2006-09-21,,0.0,8506,1000,4224,320,0,
06257,2006-09-22,,0.0,10736,1000,0,,23338,160
06258,2006-09-23,,0.0,7405,1000,0,,9732,160
06259,2006-09-24,,0.0,4777,1000,0,,9295,160
06260,2006-09-25,,0.0,7032,1000,0,,15441,160
06261,2006-09-26,,0.0,14406,1000,0,,31435,160
06262,2006-09-27,,0.0,9728,1000,0,,13490,160
06263,2006-09-28,,0.0,6195,1000,5833,320,0,
06264,2006-09-29,,0.0,4286,1000,5544,320,0,
06265,2006-09-30,,0.0,9557,1000,5446,320,0,
06266,2006-10-01,,0.0,9604,1000,6546,320,0,
06267,2006-10-02,,0.0,8753,1000,0,,20157,160
06268,2006-10-03,,0.0,16109,1000,0,,24707,160
06269,2006-10-04,,0.0,4252,1000,2555,320,0,
06270,2006-10-05,,0.0,14350,1000,0,,14493,160
06271,2006-10-06,,0.0,15678,1000,6700,320,0,
06272,2006-10-07,,0.0,6760,1000,0,,15555,160
06273,2006-10-08,,0.0,5159,1000,3692,320,0,
06274,2006-10-09,,0.0,5531,1000,0,,12101,160
06275,2006-10-10,,0.0,5712,1000,6171,320,0,
06276,2006-10-11,,0.0,8116,1000,5601,320,0,
06277,2006-10-12,,0.0,8078,1000,0,,10938,160
06278,2006-10-13,,0.0,13064,1000,0,,26761,160
06279,2006-10-14,,0.0,17815,1000,0,,17221,160
06280,2006-10-15,,0.0,6613,1000,5333,320,0,
06281,2006-10-16,,0.0,14735,1000,0,,27673,160
06282,2006-10-17,,0.0,11767,1000,11510,320,0,
06283,2006-10-18,,0.0,6727,1000,0,,41875,210
06284,2006-10-19,,0.0,16716,1000,0,,104846,210
06285,2006-10-20,,0.0,9083,1000,0,,78076,210
06286,2006-10-21,,0.0,14531,1000,0,,104219,210
06287,2006-10-22,,0.0,9281,1000,26340,420,0,
06288,2006-10-23,,0.0,7880,1000,0,,59040,210
06289,2006-10-24,,0.0,12637,1000,0,,64055,210
06290,2006-10-25,,0.0,6043,1000,0,,51780,210
06291,2006-10-26,,0.0,8947,1000,0,,100909,210
06292,2006-10-27,,0.0,13880,1000,68364,420,0,
06293,2006-10-28,,0.0,6172,1000,31043,420,0,
06294,2006-10-29,,0.0,12041,1000,0,,74323,210
06295,2006-10-30,,0.0,4336,1000,10368,420,0,
06296,2006-10-31,,0.0,11457,1000,0,,96863,210
06297,2006-11-01,,0.0,3797,1000,5009,420,0,
06298,2006-11-02,,0.0,13408,1000,0,,122339,210
06299,2006-11-03,,0.0,6172,1000,0,,92014,210
06300,2006-11-04,,0.0,9488,1000,0,,69559,210
06301,2006-11-05,,0.0,17375,1000,38454,420,0,
06302,2006-11-06,,0.0,6088,1000,0,,109777,210
06303,2006-11-07,,0.0,4880,1000,26687,420,0,
06304,2006-11-08,,0.0,4809,1000,10099,420,0,
06305,2006-11-09,,0.0,7466,1000,0,,50324,210
06306,2006-11-10,,0.0,6229,1000,63425,420,0,
06307,2006-11-11,,0.0,9827,1000,0,,165874,210
06308,2006-11-12,,0.0,3089,1000,0,,39211,210
06309,2006-11-13,,0.0,8063,1000,0,,126448,210
06310,2006-11-14,,0.0,20918,1000,0,,0,
06311,2006-11-15,,0.0,12578,1000,0,,100545,210
06312,2006-11-16,,0.0,4248,1000,0,,53853,210
06313,2006-11-17,,0.0,4199,1000,0,,46539,210
06314,2006-11-18,,0.0,13634,1000,0,,174046,210
06315,2006-11-19,,0.0,6241,1000,0,,51066,210
06316,2006-11-20,,0.0,13793,1000,45910,420,0,
06317,2006-11-21,,0.0,4925,1000,0,,107812,210
06318,2006-11-22,,0.0,9619,1000,0,,118186,210
06319,2006-11-23,,0.0,4992,1000,27462,420,0,
06320,2006-11-24,,0.0,3699,1000,0,,73430,210
06321,2006-11-25,,0.0,29755,1000,0,,162987,210
06322,2006-11-26,,0.0,3156,1000,14263,420,0,
06323,2006-11-27,,0.0,8201,1000,0,,94014,210
06324,2006-11-28,,0.0,10361,1000,0,,176436,210
06325,2006-11-29,,0.0,11115,1000,0,,82066,210
06326,2006-11-30,,0.0,10046,1000,47108,420,0,
06327,2006-12-01,,0.0,7029,1000,0,,130152,210
06328,2006-12-02,,0.0,5710,1000,0,,59442,210
06329,2006-12-03,,0.0,5606,1000,0,,81376,210
06330,2006-12-04,,0.0,8097,1000,39988,420,0,
06331,2006-12-05,,0.0,8062,1000,28462,420,0,
06332,2006-12-06,,0.0,3777,1000,35906,420,0,
06333,2006-12-07,,0.0,3061,1000,9599,420,0,
06334,2006-12-08,,0.0,12728,1000,0,,135287,210
06335,2006-12-09,,0.0,11283,1000,0,,109400,210
06336,2006-12-10,,0.0,14976,1000,0,,145932,210
06337,2006-12-11,,0.0,8481,1000,0,,108933,210
06338,2006-12-12,,0.0,8219,1000,0,,101163,210
06339,2006-12-13,,0.0,6784,1000,0,,37740,210
06340,2006-12-14,,0.0,13332,1000,0,,70773,210
06341,2006-12-15,,0.0,6105,1000,89632,420,0,
06342,2006-12-16,,0.0,20718,1000,0,,108193,210
06343,2006-12-17,,0.0,28435,1000,0,,271053,210
06344,2006-12-18,,0.0,8002,1000,0,,125505,210
06345,2006-12-19,,0.0,6692,1000,42077,420,0,
06346,2006-12-20,,0.0,11091,1000,22986,420,0,
06347,2006-12-21,,0.0,8352,1000,0,,95779,210
06348,2006-12-22,,0.0,2713,1000,15279,420,0,
06349,2006-12-23,,0.0,10039,1000,0,,228340,210
06350,2006-12-24,,0.0,9174,1000,0,,187866,210
06351,2006-12-25,,0.0,3512,1000,23291,420,0,
06352,2006-12-26,,0.0,4890,1000,0,,84591,210
06353,2006-12-27,,0.0,3977,1000,0,,30268,210
06354,2006-12-28,,0.0,7527,1000,49644,420,0,
06355,2006-12-29,,0.0,7575,1000,0,,109994,210
06356,2006-12-30,,0.0,16338,1000,0,,240472,210
06357,2006-12-31,,0.0,8731,1000,0,,134871,210
07001,2007-01-01,,0.0,5824,1000,0,,104322,210
07002,2007-01-02,,0.0,5786,1000,79988,420,0,
07003,2007-01-03,,0.0,4382,1000,0,,61509,210
07004,2007-01-04,,0.0,7502,1000,0,,96584,210
07005,2007-01-05,,0.0,5356,1000,0,,43024,210
07006,2007-01-06,,0.0,6283,1000,0,,121719,210
07007,2007-01-07,,0.0,4048,1000,0,,52662,210
07008,2007-01-08,,0.0,9617,1000,0,,66238,210
07009,2007-01-09,,0.0,21911,1000,303853,420,0,
07010,2007-01-10,,0.0,8326,1000,0,,216176,210
07011,2007-01-11,,0.0,10170,1000,0,,107443,210
07012,2007-01-12,,0.0,16572,1000,0,,69340,210
07013,2007-01-13,,0.0,5985,1000,75597,420,0,
07014,2007-01-14,,0.0,6624,1000,0,,96175,210
07015,2007-01-15,,0.0,5114,1000,31603,420,0,
07016,2007-01-16,,0.0,7984,1000,19829,420,0,
07017,2007-01-17,,0.0,40210,1000,0,,190950,210
07018,2007-01-18,,0.0,8434,1000,0,,106512,210
07019,2007-01-19,,0.0,9312,1000,0,,135622,210
07020,2007-01-20,,0.0,4288,1000,69397,420,0,
07021,2007-01-21,,0.0,4933,1000,29900,420,0,
07022,2007-01-22,,0.0,9334,1000,0,,269484,210
07023,2007-01-23,,0.0,9989,1000,0,,211058,210
07024,2007-01-24,,0.0,4853,1000,40018,420,0,
07025,2007-01-25,,0.0,10300,1000,0,,92680,210
07026,2007-01-26,,0.0,11304,1000,0,,222670,210
07027,2007-01-27,,0.0,7826,1000,0,,159893,210
07028,2007-01-28,,0.0,5666,1000,126033,420,0,
07029,2007-01-29,,0.0,3505,1000,35448,420,0,
07030,2007-01-30,,0.0,7458,1000,0,,131606,210
07031,2007-01-31,,0.0,11211,1000,0,,164221,210
07032,2007-02-01,,0.0,9364,1000,0,,139408,210
07033,2007-02-02,,0.0,20335,1000,0,,290545,210
07034,2007-02-03,,0.0,13277,1000,352552,420,0,
07035,2007-02-04,,0.0,5179,1000,0,,139049,210
07036,2007-02-05,,0.0,7987,1000,0,,172632,210
07037,2007-02-06,,0.0,24694,1000,0,,202970,210
07038,2007-02-07,,0.0,2829,1000,0,,16439,210
07039,2007-02-08,,0.0,22962,1000,0,,35554,210
07040,2007-02-09,,0.0,19806,1000,0,,182389,210
07041,2007-02-10,,0.0,10621,1000,680212,420,0,
07042,2007-02-11,,0.0,12318,1000,58905,420,0,
07043,2007-02-12,,0.0,6421,1000,0,,108722,210
07044,2007-02-13,,0.0,8153,1000,79524,420,0,
07045,2007-02-14,,0.0,24646,1000,0,420,0,
07046,2007-02-15,,0.0,12326,1000,0,,322057,210
07047,2007-02-16,,0.0,7487,1000,71940,420,0,
07048,2007-02-25,,0.0,5994,1000,0,,149169,210
07049,2007-02-26,,0.0,4282,1000,0,,60486,210
07050,2007-02-27,,0.0,4055,1000,0,,154523,210
07051,2007-02-28,,0.0,3600,1000,0,,93927,210
07052,2007-03-01,,0.0,5958,1000,215426,420,0,
07053,2007-03-02,,0.0,8977,1000,0,,126205,210
07054,2007-03-03,,0.0,4685,1000,0,,142354,210
07055,2007-03-04,,0.0,5932,1000,0,,55690,210
07056,2007-03-05,,0.0,10310,1000,0,,47428,210
07057,2007-03-06,,0.0,11436,1000,570052,420,0,
07058,2007-03-07,,0.0,3125,1000,28574,420,0,
07059,2007-03-08,,0.0,15060,1000,0,,135551,210
07060,2007-03-09,,0.0,11480,1000,0,,176062,210
07061,2007-03-10,,0.0,10358,1000,137029,420,0,
07062,2007-03-11,,0.0,8938,1000,0,,213664,210
07063,2007-03-12,,0.0,9741,1000,0,,246913,210
07064,2007-03-13,,0.0,4898,1000,126831,420,0,
07065,2007-03-14,,0.0,9280,1000,0,,159661,210
07066,2007-03-15,,0.0,53277,1000,0,,68388,160
07067,2007-03-16,,0.0,18632,1000,327020,420,0,
07068,2007-03-17,,0.0,6189,1000,0,,171360,210
07069,2007-03-18,,0.0,9883,1000,0,,137640,210
07070,2007-03-19,,0.0,9239,1000,200415,420,0,
07071,2007-03-20,,0.0,10725,1000,0,,164271,210
07072,2007-03-21,,0.0,17643,1000,22529,320,0,
07073,2007-03-22,,0.0,11357,1000,0,,106244,160
07074,2007-03-23,,0.0,9502,1000,0,,50601,160
07075,2007-03-24,,0.0,9281,1000,81579,320,0,
07076,2007-03-25,,0.0,8933,1000,0,,62106,160
07077,2007-03-26,,0.0,13982,1000,0,,79025,160
07078,2007-03-27,,0.0,11835,1000,138804,320,0,
07079,2007-03-28,,0.0,10252,1000,0,,48832,160
07080,2007-03-29,,0.0,28394,1000,0,,121101,160
07081,2007-03-30,,0.0,12349,1000,0,,37452,160
07082,2007-03-31,,0.0,20568,1000,191752,320,0,
07083,2007-04-01,,0.0,12914,1000,0,,40757,160
07084,2007-04-02,,0.0,7362,1000,34330,320,0,
07085,2007-04-03,,0.0,11250,1000,27887,320,0,
07086,2007-04-04,,0.0,5083,1000,0,,32876,160
07087,2007-04-05,,0.0,104611,1000,0,,183803,160
07088,2007-04-06,,0.0,6357,1000,0,,24437,160
07089,2007-04-07,,0.0,21294,1000,234033,320,0,
07090,2007-04-08,,0.0,22373,1000,0,,93007,160
07091,2007-04-09,,0.0,12619,1000,0,,57300,160
07092,2007-04-10,,0.0,12122,1000,0,,34616,160
07093,2007-04-11,,0.0,7056,1000,0,,23009,160
07094,2007-04-12,,0.0,6848,1000,0,,21529,160
07095,2007-04-13,,0.0,8191,1000,0,,33242,160
07096,2007-04-14,,0.0,5788,1000,0,,25766,160
07097,2007-04-15,,0.0,18163,1000,0,,58517,160
07098,2007-04-16,,0.0,7881,1000,0,,14184,160
07099,2007-04-17,,0.0,19084,1000,0,,47777,160
07100,2007-04-18,,0.0,10299,1000,0,,38991,160
07101,2007-04-19,,0.0,8892,1000,0,,27017,160
07102,2007-04-20,,0.0,15557,1000,0,,46325,160
07103,2007-04-21,,0.0,10556,1000,52275,320,0,
07104,2007-04-22,,0.0,12302,1000,0,,27244,160
07105,2007-04-23,,0.0,24997,1000,0,,0,
07106,2007-04-24,,0.0,11384,1000,0,,23142,160
07107,2007-04-25,,0.0,13602,1000,0,,54133,160
07108,2007-04-26,,0.0,13355,1000,0,,64659,160
07109,2007-04-27,,0.0,8237,1000,0,,44593,160
07110,2007-04-28,,0.0,33197,1000,0,,63988,160
07111,2007-04-29,,0.0,7365,1000,0,,26471,160
07112,2007-04-30,,0.0,13788,1000,0,,46613,160
07113,2007-05-01,,0.0,14087,1000,0,,40001,160
07114,2007-05-02,,0.0,2783,1000,0,,20085,160
07115,2007-05-03,,0.0,5434,1000,0,,19366,160
07116,2007-05-04,,0.0,25048,1000,42044,320,0,
07117,2007-05-05,,0.0,18090,1000,0,,39622,160
07118,2007-05-06,,0.0,3535,1000,0,,19234,160
07119,2007-05-07,,0.0,10791,1000,0,,30342,160
07120,2007-05-08,,0.0,35525,1000,0,,63656,160
07121,2007-05-09,,0.0,23604,1000,47852,320,0,
07122,2007-05-10,,0.0,14768,1000,0,,51691,160
07123,2007-05-11,,0.0,3649,1000,9292,320,0,
07124,2007-05-12,,0.0,7601,1000,10860,320,0,
07125,2007-05-13,,0.0,17331,1000,0,,62605,160
07126,2007-05-14,,0.0,4800,1000,0,,21864,160
07127,2007-05-15,,0.0,11234,1000,10319,320,0,
07128,2007-05-16,,0.0,11830,1000,11609,320,0,
07129,2007-05-17,,0.0,15041,1000,0,,67028,160
07130,2007-05-18,,0.0,16559,1000,0,,0,
07131,2007-05-19,,0.0,5658,1000,10726,320,0,
07132,2007-05-20,,0.0,20115,1000,0,,95047,160
07133,2007-05-21,,0.0,22304,1000,0,,61275,160
07134,2007-05-22,,0.0,9424,1000,0,,31957,160
07135,2007-05-23,,0.0,7630,1000,18407,320,0,
07136,2007-05-24,,0.0,15628,1000,12077,320,0,
07137,2007-05-25,,0.0,9266,1000,0,,43460,160
07138,2007-05-26,,0.0,23433,1000,0,,51702,160
07139,2007-05-27,,0.0,52963,1000,0,,116270,160
07140,2007-05-28,,0.0,8701,1000,0,,21756,160
07141,2007-05-29,,0.0,11747,1000,24983,320,0,
07142,2007-05-30,,0.0,13242,1000,10138,320,0,
07143,2007-05-31,,0.0,9485,1000,0,,30915,160
07144,2007-06-01,,0.0,18949,1000,0,,36321,160
07145,2007-06-02,,0.0,5715,1000,9185,320,0,
07146,2007-06-03,,0.0,4332,1000,0,,18396,160
07147,2007-06-04,,0.0,9080,1000,0,,25344,160
07148,2007-06-05,,0.0,14095,1000,0,,33277,160
07149,2007-06-06,,0.0,11828,1000,0,,55133,160
07150,2007-06-07,,0.0,4365,1000,0,,7342,160
07151,2007-06-08,,0.0,21064,1000,51868,320,0,
07152,2007-06-09,,0.0,13874,1000,0,,48836,160
07153,2007-06-10,,0.0,9958,1000,9115,320,0,
07154,2007-06-11,,0.0,8199,1000,0,,35033,160
07155,2007-06-12,,0.0,6411,1000,0,,27838,160
07156,2007-06-13,,0.0,15962,1000,28426,320,0,
07157,2007-06-14,,0.0,13499,1000,0,,0,
07158,2007-06-15,,0.0,7578,1000,0,,23064,160
07159,2007-06-16,,0.0,23272,1000,0,,43191,160
07160,2007-06-17,,0.0,10468,1000,22948,320,0,
07161,2007-06-18,,0.0,30407,1000,0,,62549,160
07162,2007-06-19,,0.0,7726,1000,16828,320,0,
07163,2007-06-20,,0.0,5535,1000,0,,20002,160
07164,2007-06-21,,0.0,9624,1000,0,,32360,160
07165,2007-06-22,,0.0,13826,1000,0,,44681,160
07166,2007-06-23,,0.0,8757,1000,0,,39452,160
07167,2007-06-24,,0.0,9969,1000,41204,320,0,
07168,2007-06-25,,0.0,8989,1000,0,,26641,160
07169,2007-06-26,,0.0,14310,1000,15680,320,0,
07170,2007-06-27,,0.0,3995,1000,3990,320,0,
07171,2007-06-28,,0.0,6608,1000,0,,24329,160
07172,2007-06-29,,0.0,30750,1000,0,,69480,160
07173,2007-06-30,,0.0,11916,1000,0,,19835,160
07174,2007-07-01,,0.0,10641,1000,0,,35169,160
07175,2007-07-02,,0.0,39081,1000,51992,320,0,
07176,2007-07-03,,0.0,17030,1000,0,,42580,160
07177,2007-07-04,,0.0,11874,1000,0,,32943,160
07178,2007-07-05,,0.0,7953,1000,0,,16735,160
07179,2007-07-06,,0.0,18052,1000,0,,26993,160
07180,2007-07-07,,0.0,14169,1000,0,,20883,160
07181,2007-07-08,,0.0,8320,1000,0,,23432,160
07182,2007-07-09,,0.0,4944,1000,0,,9621,160
07183,2007-07-10,,0.0,5248,1000,0,,13447,160
07184,2007-07-11,,0.0,10459,1000,0,,30563,160
07185,2007-07-12,,0.0,7244,1000,0,,28210,160
07186,2007-07-13,,0.0,10064,1000,0,,0,
07187,2007-07-14,,0.0,11023,1000,0,,27797,160
07188,2007-07-15,,0.0,11456,1000,0,,28482,160
07189,2007-07-16,,0.0,6974,1000,0,,25082,160
07190,2007-07-17,,0.0,26211,1000,45631,320,0,
07191,2007-07-18,,0.0,16148,1000,26726,320,0,
07192,2007-07-19,,0.0,5335,1000,0,,14931,160
07193,2007-07-20,,0.0,7450,1000,0,,34709,160
07194,2007-07-21,,0.0,4499,1000,15549,320,0,
07195,2007-07-22,,0.0,7028,1000,13848,320,0,
07196,2007-07-23,,0.0,3805,1000,4210,320,0,
07197,2007-07-24,,0.0,12686,1000,0,,31595,160
07198,2007-07-25,,0.0,9620,1000,11669,320,0,
07199,2007-07-26,,0.0,12070,1000,17294,320,0,
07200,2007-07-27,,0.0,6687,1000,9898,320,0,
07201,2007-07-28,,0.0,30055,1000,0,,31499,160
07202,2007-07-29,,0.0,8609,1000,10156,320,0,
07203,2007-07-30,,0.0,19344,1000,17665,320,0,
07204,2007-07-31,,0.0,13189,1000,0,,32585,160
07205,2007-08-01,,0.0,5739,1000,11750,320,0,
07206,2007-08-02,,0.0,14091,1000,0,,28108,160
07207,2007-08-03,,0.0,10875,1000,0,,23260,160
07208,2007-08-04,,0.0,7905,1000,0,,28254,160
07209,2007-08-05,,0.0,17602,1000,0,,29768,160
07210,2007-08-06,,0.0,6287,1000,0,,13324,160
07211,2007-08-07,,0.0,12264,1000,23727,320,0,
07212,2007-08-08,,0.0,7818,1000,12960,320,0,
07213,2007-08-09,,0.0,127144,1000,49606,320,0,
07214,2007-08-10,,0.0,3746,1000,4563,320,0,
07215,2007-08-11,,0.0,4508,1000,12827,320,0,
07216,2007-08-12,,0.0,13384,1000,0,,42742,160
07217,2007-08-13,,0.0,14562,1000,0,,37333,160
07218,2007-08-14,,0.0,11017,1000,0,,23518,160
07219,2007-08-15,,0.0,9615,1000,0,,23849,160
07220,2007-08-16,,0.0,6729,1000,0,,18606,160
07221,2007-08-17,,0.0,14596,1000,22247,320,0,
07222,2007-08-18,,0.0,8159,1000,0,,9725,160
07223,2007-08-19,,0.0,8929,1000,0,,14393,160
07224,2007-08-20,,0.0,10162,1000,0,,21845,160
07225,2007-08-21,,0.0,22141,1000,0,,48438,160
07226,2007-08-22,,0.0,13634,1000,0,,33512,160
07227,2007-08-23,,0.0,8850,1000,0,,16743,160
07228,2007-08-24,,0.0,3917,1000,0,,12717,160
07229,2007-08-25,,0.0,4375,1000,14492,320,0,
07230,2007-08-26,,0.0,20312,1000,0,,23452,160
07231,2007-08-27,,0.0,9436,1000,0,,15387,160
07232,2007-08-28,,0.0,6740,1000,12714,320,0,
07233,2007-08-29,,0.0,4465,1000,0,,12545,160
07234,2007-08-30,,0.0,5646,1000,0,,16870,160
07235,2007-08-31,,0.0,4648,1000,0,,12310,160
07236,2007-09-01,,0.0,14720,1000,0,,22236,160
07237,2007-09-02,,0.0,10444,1000,0,,18313,160
07238,2007-09-03,,0.0,8687,1000,0,,10239,160
07239,2007-09-04,,0.0,10432,1000,0,,20203,160
07240,2007-09-05,,0.0,12389,1000,0,,21839,160
07241,2007-09-06,,0.0,8530,1000,0,,25325,160
07242,2007-09-07,,0.0,7360,1000,0,,6942,160
07243,2007-09-08,,0.0,13665,1000,0,,25557,160
07244,2007-09-09,,0.0,29918,1000,0,,0,
07245,2007-09-10,,0.0,10779,1000,0,,18730,160
07246,2007-09-11,,0.0,10239,1000,22709,320,0,
07247,2007-09-12,,0.0,10260,1000,0,,32791,160
07248,2007-09-13,,0.0,4496,1000,0,,13994,160
07249,2007-09-14,,0.0,2789,1000,0,,10416,160
07250,2007-09-15,,0.0,3799,1000,0,,11794,160
07251,2007-09-16,,0.0,4858,1000,0,,8688,160
07252,2007-09-17,,0.0,8554,1000,0,,19428,160
07253,2007-09-18,,0.0,8726,1000,20418,320,0,
07254,2007-09-19,,0.0,3745,1000,0,,10188,160
07255,2007-09-20,,0.0,16175,1000,14551,320,0,
07256,2007-09-21,,0.0,4890,1000,6325,320,0,
07257,2007-09-22,,0.0,10335,1000,11126,320,11126,160
07258,2007-09-23,,0.0,7348,1000,0,,26482,160
07259,2007-09-24,,0.0,5278,1000,0,,14468,160
07260,2007-09-25,,0.0,30109,1000,23272,320,0,
07261,2007-09-26,,0.0,4076,1000,0,,10837,160
07262,2007-09-27,,0.0,8924,1000,0,,19523,160
07263,2007-09-28,,0.0,11104,1000,0,,16580,160
07264,2007-09-29,,0.0,11606,1000,0,,17397,160
07265,2007-09-30,,0.0,7558,1000,10747,320,0,
07266,2007-10-01,,0.0,11263,1000,0,,24217,160
07267,2007-10-02,,0.0,6940,1000,0,,18975,160
07268,2007-10-03,,0.0,7831,1000,0,,21555,160
07269,2007-10-04,,0.0,6966,1000,16671,320,0,
07270,2007-10-05,,0.0,5715,1000,0,,25737,160
07271,2007-10-06,,0.0,37309,1000,0,,26653,160
07272,2007-10-07,,0.0,5364,1000,0,,16599,160
07273,2007-10-08,,0.0,6708,1000,0,,21595,160
07274,2007-10-09,,0.0,5472,1000,0,,16163,160
07275,2007-10-10,,0.0,19071,1000,0,,31147,160
07276,2007-10-11,,0.0,9859,1000,33055,320,0,
07277,2007-10-12,,0.0,11062,1000,0,,27248,160
07278,2007-10-13,,0.0,9160,1000,0,,25998,160
07279,2007-10-14,,0.0,12248,1000,0,,23341,160
07280,2007-10-15,,0.0,4425,1000,0,,16859,160
07281,2007-10-16,,0.0,6669,1000,0,,17697,160
07282,2007-10-17,,0.0,6281,1000,0,,11606,160
07283,2007-10-18,,0.0,5527,1000,0,,12028,160
07284,2007-10-19,,0.0,40381,1000,0,,52255,160
07285,2007-10-20,,0.0,9210,1000,0,,15346,160
07286,2007-10-21,,0.0,9538,1000,0,,31359,160
07287,2007-10-22,,0.0,13995,1000,0,,25893,160
07288,2007-10-23,,0.0,11722,1000,0,,16485,160
07289,2007-10-24,,0.0,6918,1000,0,,17904,160
07290,2007-10-25,,0.0,13222,1000,0,,24532,160
07291,2007-10-26,,0.0,15682,1000,54745,320,0,
07292,2007-10-27,,0.0,10509,1000,0,,19342,160
07293,2007-10-28,,0.0,7985,1000,12009,320,0,
07294,2007-10-29,,0.0,4870,1000,0,,29578,160
07295,2007-10-30,,0.0,4912,1000,6459,320,0,
07296,2007-10-31,,0.0,17787,1000,0,,41653,160
07297,2007-11-01,,0.0,6357,1000,0,,26484,160
07298,2007-11-02,,0.0,30315,1000,0,,74846,160
07299,2007-11-03,,0.0,10566,1000,9868,320,0,
07300,2007-11-04,,0.0,27360,1000,0,,61672,160
07301,2007-11-05,,0.0,9348,1000,0,,31999,160
07302,2007-11-06,,0.0,10860,1000,0,,28395,160
07303,2007-11-07,,0.0,8862,1000,0,,24477,160
07304,2007-11-08,,0.0,4326,1000,0,,11050,160
07305,2007-11-09,,0.0,13944,1000,0,,27277,160
07306,2007-11-10,,0.0,11189,1000,0,,18052,160
07307,2007-11-11,,0.0,5443,1000,0,,13547,160
07308,2007-11-12,,0.0,5451,1000,0,,12359,160
07309,2007-11-13,,0.0,9964,1000,19107,320,0,
07310,2007-11-14,,0.0,11660,1000,0,,30333,160
07311,2007-11-15,,0.0,16414,1000,0,,35850,160
07312,2007-11-16,,0.0,2816,1000,0,,9976,160
07313,2007-11-17,,0.0,12167,1000,17333,320,0,
07314,2007-11-18,,0.0,10982,1000,0,,26504,160
07315,2007-11-19,,0.0,5127,1000,0,,11609,160
07316,2007-11-20,,0.0,10604,1000,0,,27780,160
07317,2007-11-21,,0.0,11923,1000,19024,320,0,
07318,2007-11-22,,0.0,5585,1000,0,,17526,160
07319,2007-11-23,,0.0,3882,1000,0,,13754,160
07320,2007-11-24,,0.0,9672,1000,0,,28987,160
07321,2007-11-25,,0.0,11159,1000,20667,320,0,
07322,2007-11-26,,0.0,12754,1000,12303,320,0,
07323,2007-11-27,,0.0,8408,1000,0,,37461,160
07324,2007-11-28,,0.0,12778,1000,0,,18519,160
07325,2007-11-29,,0.0,17577,1000,0,,29498,160
07326,2007-11-30,,0.0,24803,1000,19616,320,0,
07327,2007-12-01,,0.0,16662,1000,0,,43308,160
07328,2007-12-02,,0.0,12876,1000,0,,19974,160
07329,2007-12-03,,0.0,24033,1000,0,,57863,160
07330,2007-12-04,,0.0,5751,1000,0,,11834,160
07331,2007-12-05,,0.0,8871,1000,0,,19469,160
07332,2007-12-06,,0.0,22593,1000,43992,320,0,
07333,2007-12-07,,0.0,10521,1000,0,,41983,160
07334,2007-12-08,,0.0,7438,1000,11843,320,0,
07335,2007-12-09,,0.0,6697,1000,0,,48347,160
07336,2007-12-10,,0.0,3964,1000,10025,320,0,
07337,2007-12-11,,0.0,11119,1000,0,,29568,160
07338,2007-12-12,,0.0,7836,1000,12360,320,0,
07339,2007-12-13,,0.0,7823,1000,0,,25367,160
07340,2007-12-14,,0.0,35411,1000,0,,63147,160
07341,2007-12-15,,0.0,8472,1000,0,,24633,160
07342,2007-12-16,,0.0,4612,1000,0,,15121,160
07343,2007-12-17,,0.0,11867,1000,0,,35379,160
07344,2007-12-18,,0.0,56834,1000,63458,320,0,
07345,2007-12-19,,0.0,14863,1000,0,,44579,160
07346,2007-12-20,,0.0,5275,1000,9589,320,0,
07347,2007-12-21,,0.0,11745,1000,0,,32001,160
07348,2007-12-22,,0.0,14787,1000,0,,46889,160
07349,2007-12-23,,0.0,7786,1000,13253,320,0,
07350,2007-12-24,,0.0,14143,1000,0,,23125,160
07351,2007-12-25,,0.0,9507,1000,0,,36823,160
07352,2007-12-26,,0.0,9887,1000,0,,26892,160
07353,2007-12-27,,0.0,6304,1000,10531,320,0,
07354,2007-12-28,,0.0,3526,1000,0,,17831,160
07355,2007-12-29,,0.0,16592,1000,0,,33836,160
07356,2007-12-30,,0.0,13120,1000,0,,18646,160
07357,2007-12-31,,0.0,5699,1000,0,,27099,160
08001,2008-01-01,,0.0,9406,1000,0,,21618,160
08002,2008-01-02,,0.0,9980,1000,0,,23707,160
08003,2008-01-03,,0.0,15301,1000,31008,320,0,
08004,2008-01-04,,0.0,13719,1000,0,,34901,160
08005,2008-01-05,,0.0,5432,1000,0,,22507,160
08006,2008-01-06,,0.0,8213,1000,11091,320,0,
08007,2008-01-07,,0.0,9939,1000,0,,21119,160
08008,2008-01-08,,0.0,6513,1000,0,,10810,160
08009,2008-01-09,,0.0,6926,1000,0,,7715,160
08010,2008-01-10,,0.0,10405,1000,0,,16564,160
08011,2008-01-11,,0.0,6845,1000,0,,9920,160
08012,2008-01-12,,0.0,4886,1000,0,,9843,160
08013,2008-01-13,,0.0,4467,1000,17319,320,0,
08014,2008-01-14,,0.0,16277,1000,0,,22631,160
08015,2008-01-15,,0.0,57606,1000,0,,103649,160
08016,2008-01-16,,0.0,18232,1000,0,,34796,160
08017,2008-01-17,,0.0,4796,1000,0,,16121,160
08018,2008-01-18,,0.0,9198,1000,16217,320,0,
08019,2008-01-19,,0.0,19783,1000,0,,44498,160
08020,2008-01-20,,0.0,12296,1000,0,,30012,160
08021,2008-01-21,,0.0,5319,1000,8678,320,0,
08022,2008-01-22,,0.0,11851,1000,0,,30064,160
08023,2008-01-23,,0.0,7201,1000,9579,320,0,
08024,2008-01-24,,0.0,5724,1000,0,,15793,160
08025,2008-01-25,,0.0,10854,1000,0,,14611,160
08026,2008-01-26,,0.0,6941,1000,0,,10856,160
08027,2008-01-27,,0.0,2513,1000,0,,5469,160
08028,2008-01-28,,0.0,25456,1000,17377,320,0,
08029,2008-01-29,,0.0,2946,1000,0,,7283,160
08030,2008-01-30,,0.0,4556,1000,0,,20401,160
08031,2008-01-31,,0.0,23108,1000,19726,320,0,
08032,2008-02-01,,0.0,12445,1000,0,,41582,160
08033,2008-02-02,,0.0,6785,1000,0,,15587,160
08034,2008-02-03,,0.0,8972,1000,0,,29057,160
08035,2008-02-04,,0.0,8653,1000,0,,18403,160
08036,2008-02-05,,0.0,22533,1000,0,,20765,160
08037,2008-02-13,,0.0,5607,1000,0,,14602,160
08038,2008-02-14,,0.0,5803,1000,0,,13907,160
08039,2008-02-15,,0.0,7396,1000,0,,16571,160
08040,2008-02-16,,0.0,10423,1000,0,,12730,160
08041,2008-02-17,,0.0,13461,1000,34844,320,0,
08042,2008-02-18,,0.0,4320,1000,0,,15786,160
08043,2008-02-19,,0.0,30511,1000,0,,0,
08044,2008-02-20,,0.0,5596,1000,7064,320,0,
08045,2008-02-21,,0.0,19117,1000,0,,0,
08046,2008-02-22,,0.0,7595,1000,0,,18155,160
08047,2008-02-23,,0.0,6273,1000,8944,320,0,
08048,2008-02-24,,0.0,1801,1000,0,,5948,160
08049,2008-02-25,,0.0,8078,1000,0,,20675,160
08050,2008-02-26,,0.0,7747,1000,5944,320,0,
08051,2008-02-27,,0.0,13112,1000,0,,24903,160
08052,2008-02-28,,0.0,6137,1000,0,,13442,160
08053,2008-02-29,,0.0,10320,1000,0,,22557,160
08054,2008-03-01,,0.0,2614,1000,0,,5883,160
08055,2008-03-02,,0.0,4628,1000,6632,320,0,
08056,2008-03-03,,0.0,7456,1000,0,,28260,160
08057,2008-03-04,,0.0,7495,1000,0,,16333,160
08058,2008-03-05,,0.0,7594,1000,7628,320,0,
08059,2008-03-06,,0.0,10337,1000,0,,37975,160
08060,2008-03-07,,0.0,15002,1000,13204,320,0,
08061,2008-03-08,,0.0,9734,1000,0,,33048,160
08062,2008-03-09,,0.0,2956,1000,0,,9536,160
08063,2008-03-10,,0.0,7813,1000,0,,17551,160
08064,2008-03-11,,0.0,5890,1000,0,,12708,160
08065,2008-03-12,,0.0,9026,1000,12423,320,0,
08066,2008-03-13,,0.0,15462,1000,0,,54121,160
08067,2008-03-14,,0.0,6875,1000,0,,13299,160
08068,2008-03-15,,0.0,9415,1000,0,,20266,160
08069,2008-03-16,,0.0,6760,1000,0,,27542,160
08070,2008-03-17,,0.0,10031,1000,0,,27583,160
08071,2008-03-18,,0.0,17768,1000,0,,47236,160
08072,2008-03-19,,0.0,6618,1000,0,,19767,160
08073,2008-03-20,,0.0,13159,1000,0,,16536,160
08074,2008-03-21,,0.0,9926,1000,0,,19457,160
08075,2008-03-22,,0.0,8774,1000,0,,27018,160
08076,2008-03-23,,0.0,19197,1000,0,,22536,160
08077,2008-03-24,,0.0,21597,1000,0,,35692,160
08078,2008-03-25,,0.0,4960,1000,0,,13604,160
08079,2008-03-26,,0.0,18886,1000,48550,320,0,
08080,2008-03-27,,0.0,12131,1000,0,,44780,160
08081,2008-03-28,,0.0,8855,1000,0,,26445,160
08082,2008-03-29,,0.0,11814,1000,0,,28046,160
08083,2008-03-30,,0.0,10182,1000,13862,320,0,
08084,2008-03-31,,0.0,13744,1000,0,,28503,160
08085,2008-04-01,,0.0,51455,1000,14603,320,0,
08086,2008-04-02,,0.0,5148,1000,0,,13937,160
08087,2008-04-03,,0.0,24980,1000,0,,38727,160
08088,2008-04-04,,0.0,10929,1000,0,,35552,160
08089,2008-04-05,,0.0,5858,1000,0,,13216,160
08090,2008-04-06,,0.0,14617,1000,0,,37634,160
08091,2008-04-07,,0.0,12476,1000,0,,23201,160
08092,2008-04-08,,0.0,11580,1000,0,,21075,160
08093,2008-04-09,,0.0,9033,1000,18916,320,0,
08094,2008-04-10,,0.0,22715,1000,19691,320,0,
08095,2008-04-11,,0.0,5654,1000,0,,16437,160
08096,2008-04-12,,0.0,19593,1000,0,,44014,160
08097,2008-04-13,,0.0,9358,1000,0,,25407,160
08098,2008-04-14,,0.0,17693,1000,0,,39241,160
08099,2008-04-15,,0.0,5575,1000,0,,18469,160
08100,2008-04-16,,0.0,8060,1000,18936,320,0,
08101,2008-04-17,,0.0,25042,1000,0,,43212,160
08102,2008-04-18,,0.0,13196,1000,5728,320,0,
08103,2008-04-19,,0.0,4817,1000,6271,320,0,
08104,2008-04-20,,0.0,4050,1000,1948,320,0,
08105,2008-04-21,,0.0,6155,1000,6950,320,0,
08106,2008-04-22,,0.0,5360,1000,5476,320,0,
08107,2008-04-23,,0.0,9158,1000,0,,28099,160
08108,2008-04-24,,0.0,12489,1000,0,,31006,160
08109,2008-04-25,,0.0,30822,1000,0,,56254,160
08110,2008-04-26,,0.0,8818,1000,16120,320,0,
08111,2008-04-27,,0.0,9133,1000,0,,26330,160
08112,2008-04-28,,0.0,33640,1000,0,,104189,160
08113,2008-04-29,,0.0,4179,1000,5613,320,0,
08114,2008-04-30,,0.0,13448,1000,0,,28013,160
08115,2008-05-01,,0.0,30858,1000,0,,0,
08116,2008-05-02,,0.0,9349,1000,0,,27849,160
08117,2008-05-03,,0.0,90084,301,0,,0,
08118,2008-05-04,,0.0,8566,1000,10800,320,0,
08119,2008-05-05,,0.0,10109,1000,0,,24512,160
08120,2008-05-06,,0.0,9919,1000,0,,25349,160
08121,2008-05-07,,0.0,6985,1000,7287,320,0,
08122,2008-05-08,,0.0,5536,1000,6316,320,0,
08123,2008-05-09,,0.0,13020,1000,0,,29736,160
08124,2008-05-10,,0.0,13033,1000,0,,16924,160
08125,2008-05-11,,0.0,16741,1000,14038,320,0,
08126,2008-05-12,,0.0,6972,1000,0,,25652,160
08127,2008-05-13,,0.0,23358,1000,0,,42178,160
08128,2008-05-14,,0.0,8901,1000,0,,20379,160
08129,2008-05-15,,0.0,8502,1000,0,,23653,160
08130,2008-05-16,,0.0,4025,1000,5678,320,0,
08131,2008-05-17,,0.0,30199,1000,0,,62326,160
08132,2008-05-18,,0.0,15020,1000,0,,34735,160
08133,2008-05-19,,0.0,3601,1000,0,,14965,160
08134,2008-05-20,,0.0,7683,1000,0,,5381,160
08135,2008-05-21,,0.0,12845,1000,0,,22886,160
08136,2008-05-22,,0.0,10541,1000,0,,20298,160
08137,2008-05-23,,0.0,5150,1000,0,,14948,160
08138,2008-05-24,,0.0,4612,1000,0,,15919,160
08139,2008-05-25,,0.0,19879,1000,0,,39078,160
08140,2008-05-26,,0.0,27059,1000,29288,320,0,
08141,2008-05-27,,0.0,19899,1000,0,,47380,160
08142,2008-05-28,,0.0,15077,1000,0,,32973,160
08143,2008-05-29,,0.0,7667,1000,8208,320,0,
08144,2008-05-30,,0.0,7409,1000,0,,13278,160
08145,2008-05-31,,0.0,25180,1000,0,,35194,160
08146,2008-06-01,,0.0,4847,1000,0,,9707,160
08147,2008-06-02,,0.0,11686,1000,0,,20645,160
08148,2008-06-03,,0.0,3560,1000,0,,10232,160
08149,2008-06-04,,0.0,8373,1000,0,,21651,160
08150,2008-06-05,,0.0,9633,1000,0,,39512,160
08151,2008-06-06,,0.0,18220,1000,0,,47834,160
08152,2008-06-07,,0.0,12119,1000,0,,30880,160
08153,2008-06-08,,0.0,22434,1000,0,,0,
08154,2008-06-09,,0.0,8662,1000,0,,19435,160
08155,2008-06-10,,0.0,28109,1000,0,,65897,160
08156,2008-06-11,,0.0,19445,1000,0,,31344,160
08157,2008-06-12,,0.0,34177,1000,0,,34450,160
08158,2008-06-13,,0.0,18532,1000,0,,30068,160
08159,2008-06-14,,0.0,3904,1000,0,,13110,160
08160,2008-06-15,,0.0,3428,1000,0,,11957,160
08161,2008-06-16,,0.0,6017,1000,13036,320,0,
08162,2008-06-17,,0.0,13104,1000,0,,24104,160
08163,2008-06-18,,0.0,8432,1000,0,,7326,160
08164,2008-06-19,,0.0,33095,1000,0,,56184,160
08165,2008-06-20,,0.0,14734,1000,0,,18475,160
08166,2008-06-21,,0.0,10877,1000,11004,320,0,
08167,2008-06-22,,0.0,22251,1000,0,,47118,160
08168,2008-06-23,,0.0,10380,1000,0,,23210,160
08169,2008-06-24,,0.0,18320,1000,14300,320,0,
08170,2008-06-25,,0.0,9257,1000,5703,320,0,
08171,2008-06-26,,0.0,6749,1000,0,,24603,160
08172,2008-06-27,,0.0,5901,1000,0,,19481,160
08173,2008-06-28,,0.0,11370,1000,0,,37000,160
08174,2008-06-29,,0.0,10314,1000,9562,320,0,
08175,2008-06-30,,0.0,7051,1000,0,,9637,160
08176,2008-07-01,,0.0,5603,1000,0,,27640,160
08177,2008-07-02,,0.0,7305,1000,0,,11410,160
08178,2008-07-03,,0.0,4600,1000,9288,320,0,
08179,2008-07-04,,0.0,5412,1000,5285,320,0,
08180,2008-07-05,,0.0,8573,1000,5855,320,0,
08181,2008-07-06,,0.0,5190,1000,7238,320,0,
08182,2008-07-07,,0.0,6876,1000,0,,22687,160
08183,2008-07-08,,0.0,13240,1000,0,,22343,160
08184,2008-07-09,,0.0,6689,1000,0,,14066,160
08185,2008-07-10,,0.0,2456,1000,0,,7565,160
08186,2008-07-11,,0.0,8788,1000,0,,26255,160
08187,2008-07-12,,0.0,31520,1000,0,,30698,160
08188,2008-07-13,,0.0,15260,1000,18082,320,0,
08189,2008-07-14,,0.0,4611,1000,0,,14960,160
08190,2008-07-15,,0.0,12666,1000,0,,24343,160
08191,2008-07-16,,0.0,21400,1000,0,,46607,160
08192,2008-07-17,,0.0,7600,1000,0,,15036,160
08193,2008-07-18,,0.0,6614,1000,0,,10994,160
08194,2008-07-19,,0.0,5352,1000,0,,11393,160
08195,2008-07-20,,0.0,5303,1000,8101,320,0,
08196,2008-07-21,,0.0,12058,1000,0,,23724,160
08197,2008-07-22,,0.0,14987,1000,0,,47778,160
08198,2008-07-23,,0.0,10619,1000,0,,15770,160
08199,2008-07-24,,0.0,13670,1000,0,,21842,160
08200,2008-07-25,,0.0,7070,1000,0,,10756,160
08201,2008-07-26,,0.0,16538,1000,0,,19766,160
08202,2008-07-27,,0.0,12329,1000,0,,21896,160
08203,2008-07-28,,0.0,8769,1000,11801,320,0,
08204,2008-07-29,,0.0,9931,1000,7570,320,0,
08205,2008-07-30,,0.0,8967,1000,0,,17359,160
08206,2008-07-31,,0.0,9999,1000,0,,21434,160
08207,2008-08-01,,0.0,4130,1000,4268,320,0,
08208,2008-08-02,,0.0,12509,1000,0,,23532,160
08209,2008-08-03,,0.0,11217,1000,0,,16653,160
08210,2008-08-04,,0.0,3751,1000,3318,320,0,
08211,2008-08-05,,0.0,8740,1000,0,,22589,160
08212,2008-08-06,,0.0,6005,1000,0,,16297,160
08213,2008-08-07,,0.0,3973,1000,0,,18832,160
08214,2008-08-08,,0.0,9308,1000,7748,320,0,
08215,2008-08-09,,0.0,16203,1000,0,,41759,160
08216,2008-08-10,,0.0,7516,1000,0,,19996,160
08217,2008-08-11,,0.0,4603,1000,0,,11843,160
08218,2008-08-12,,0.0,7540,1000,8869,320,0,
08219,2008-08-13,,0.0,8842,1000,0,,23827,160
08220,2008-08-14,,0.0,5416,1000,7598,320,0,
08221,2008-08-15,,0.0,4960,1000,0,,10573,160
08222,2008-08-16,,0.0,11877,1000,0,,10740,160
08223,2008-08-17,,0.0,3779,1000,6141,320,0,
08224,2008-08-18,,0.0,10915,1000,0,,28165,160
08225,2008-08-19,,0.0,18018,1000,0,,31007,160
08226,2008-08-20,,0.0,5119,1000,0,,17942,160
08227,2008-08-21,,0.0,8566,1000,0,,22282,160
08228,2008-08-22,,0.0,10379,1000,0,,12788,160
08229,2008-08-23,,0.0,9495,1000,0,,25818,160
08230,2008-08-24,,0.0,7399,1000,0,,20792,160
08231,2008-08-25,,0.0,2581,1000,0,,15013,160
08232,2008-08-26,,0.0,14091,1000,0,,31174,160
08233,2008-08-27,,0.0,9967,1000,0,,14249,160
08234,2008-08-28,,0.0,3822,1000,5959,320,0,
08235,2008-08-29,,0.0,10192,1000,0,,23893,160
08236,2008-08-30,,0.0,9646,1000,0,,18585,160
08237,2008-08-31,,0.0,5566,1000,6313,320,0,
08238,2008-09-01,,0.0,13339,1000,0,,23050,160
08239,2008-09-02,,0.0,9531,1000,6853,320,0,
08240,2008-09-03,,0.0,2367,1000,2554,320,0,
08241,2008-09-04,,0.0,8077,1000,0,,19881,160
08242,2008-09-05,,0.0,10464,1000,0,,33649,160
08243,2008-09-06,,0.0,4180,1000,3996,320,0,
08244,2008-09-07,,0.0,7583,1000,0,,9564,160
08245,2008-09-08,,0.0,14865,1000,11104,320,0,
08246,2008-09-09,,0.0,8192,1000,0,,21344,160
08247,2008-09-10,,0.0,4765,1000,0,,10940,160
08248,2008-09-11,,0.0,7122,1000,0,,23242,160
08249,2008-09-12,,0.0,9302,1000,0,,18253,160
08250,2008-09-13,,0.0,2586,1000,0,,8361,160
08251,2008-09-14,,0.0,6521,1000,0,,17252,160
08252,2008-09-15,,0.0,6399,1000,0,,11872,160
08253,2008-09-16,,0.0,15638,1000,0,,17080,160
08254,2008-09-17,,0.0,8952,1000,0,,15884,160
08255,2008-09-18,,0.0,5544,1000,0,,18047,160
08256,2008-09-19,,0.0,11272,1000,0,,18258,160
08257,2008-09-20,,0.0,9715,1000,13801,320,0,
08258,2008-09-21,,0.0,12586,1000,0,,37856,160
08259,2008-09-22,,0.0,7590,1000,8472,320,0,
08260,2008-09-23,,0.0,11318,1000,0,,38618,160
08261,2008-09-24,,0.0,6344,1000,5409,320,0,
08262,2008-09-25,,0.0,5320,1000,0,,15743,160
08263,2008-09-26,,0.0,3359,1000,3547,320,0,
08264,2008-09-27,,0.0,4284,1000,5295,320,0,
08265,2008-09-28,,0.0,21870,1000,0,,41414,160
08266,2008-09-29,,0.0,5195,1000,0,,14254,160
08267,2008-09-30,,0.0,14227,1000,0,,18634,160
08268,2008-10-01,,0.0,3835,1000,3964,320,0,
08269,2008-10-02,,0.0,6804,1000,4733,320,0,
08270,2008-10-03,,0.0,3863,1000,6506,320,0,
08271,2008-10-04,,0.0,5813,1000,0,,11812,160
08272,2008-10-05,,0.0,3024,1000,4271,320,0,
08273,2008-10-06,,0.0,3171,1000,5727,320,0,
08274,2008-10-07,,0.0,5869,1000,0,,11403,160
08275,2008-10-08,,0.0,4057,1000,5550,320,0,
08276,2008-10-09,,0.0,1603,1000,0,,4506,160
08277,2008-10-10,,0.0,4037,1000,0,,10905,160
08278,2008-10-11,,0.0,5021,1000,0,,11528,160
08279,2008-10-12,,0.0,6406,1000,0,,17112,160
08280,2008-10-13,,0.0,15050,1000,0,,26798,160
08281,2008-10-14,,0.0,5064,1000,3126,320,0,
08282,2008-10-15,,0.0,5521,1000,0,,14612,160
08283,2008-10-16,,0.0,13654,1000,0,,31634,160
08284,2008-10-17,,0.0,6797,1000,0,,29672,160
08285,2008-10-18,,0.0,16554,1000,14982,320,0,
08286,2008-10-19,,0.0,16962,1000,0,,26223,160
08287,2008-10-20,,0.0,11065,1000,0,,25263,160
08288,2008-10-21,,0.0,11989,1000,0,,23944,160
08289,2008-10-22,,0.0,5794,1000,7943,320,0,
08290,2008-10-23,,0.0,5396,1000,7464,320,0,
08291,2008-10-24,,0.0,9919,1000,0,,22711,160
08292,2008-10-25,,0.0,12856,1000,0,,32393,160
08293,2008-10-26,,0.0,9704,1000,16732,320,0,
08294,2008-10-27,,0.0,2396,1000,0,,9860,160
08295,2008-10-28,,0.0,6025,1000,5973,320,0,
08296,2008-10-29,,0.0,7893,1000,8019,320,0,
08297,2008-10-30,,0.0,4691,1000,0,,17696,160
08298,2008-10-31,,0.0,7439,1000,0,,27462,160
08299,2008-11-01,,0.0,6241,1000,0,,13005,160
08300,2008-11-02,,0.0,9284,1000,11342,320,0,
08301,2008-11-03,,0.0,13269,1000,10885,320,0,
08302,2008-11-04,,0.0,5379,1000,0,,11265,160
08303,2008-11-05,,0.0,7410,1000,6142,320,0,
08304,2008-11-06,,0.0,5190,1000,0,,11077,160
08305,2008-11-07,,0.0,12073,1000,8795,320,0,
08306,2008-11-08,,0.0,13060,1000,0,,17597,160
08307,2008-11-09,,0.0,6926,1000,0,,27851,160
08308,2008-11-10,,0.0,13951,1000,0,,26205,160
08309,2008-11-11,,0.0,6434,1000,0,,16680,160
08310,2008-11-12,,0.0,5010,1000,0,,20063,160
08311,2008-11-13,,0.0,4694,1000,0,,12764,160
08312,2008-11-14,,0.0,14177,1000,14501,320,0,
08313,2008-11-15,,0.0,3958,1000,0,,11764,160
08314,2008-11-16,,0.0,9891,1000,7353,320,0,
08315,2008-11-17,,0.0,7762,1000,8013,320,0,
08316,2008-11-18,,0.0,5213,1000,0,,23941,160
08317,2008-11-19,,0.0,12812,1000,0,,22358,160
08318,2008-11-20,,0.0,4297,1000,0,,9792,160
08319,2008-11-21,,0.0,7913,1000,6448,320,0,
08320,2008-11-22,,0.0,6136,1000,0,,31739,160
08321,2008-11-23,,0.0,6898,1000,9993,320,0,
08322,2008-11-24,,0.0,17133,1000,0,,31554,160
08323,2008-11-25,,0.0,14223,1000,0,,29622,160
08324,2008-11-26,,0.0,10894,1000,0,,23162,160
08325,2008-11-27,,0.0,10024,1000,0,,27191,160
08326,2008-11-28,,0.0,3448,1000,0,,4250,160
08327,2008-11-29,,0.0,15630,1000,31453,320,0,
08328,2008-11-30,,0.0,6948,1000,0,,12465,160
08329,2008-12-01,,0.0,10740,1000,11156,320,0,
08330,2008-12-02,,0.0,28441,1000,0,,29309,160
08331,2008-12-03,,0.0,12081,1000,0,,23812,160
08332,2008-12-04,,0.0,8918,1000,17736,320,0,
08333,2008-12-05,,0.0,5302,1000,8015,320,0,
08334,2008-12-06,,0.0,4323,1000,0,,11735,160
08335,2008-12-07,,0.0,8165,1000,0,,18635,160
08336,2008-12-08,,0.0,2786,1000,0,,8001,160
08337,2008-12-09,,0.0,5815,1000,0,,16237,160
08338,2008-12-10,,0.0,37828,1000,0,,0,
08339,2008-12-11,,0.0,12134,1000,0,,22893,160
08340,2008-12-12,,0.0,7922,1000,0,,18016,160
08341,2008-12-13,,0.0,5550,1000,0,,13080,160
08342,2008-12-14,,0.0,3888,1000,9008,320,0,
08343,2008-12-15,,0.0,22397,1000,0,,13989,160
08344,2008-12-16,,0.0,9699,1000,8216,320,0,
08345,2008-12-17,,0.0,25659,1000,0,,37062,160
08346,2008-12-18,,0.0,8934,1000,9712,320,0,
08347,2008-12-19,,0.0,10152,1000,0,,15580,160
08348,2008-12-20,,0.0,8905,1000,0,,23833,160
08349,2008-12-21,,0.0,4405,1000,0,,18653,160
08350,2008-12-22,,0.0,4262,1000,5690,320,0,
08351,2008-12-23,,0.0,9807,1000,0,,24473,160
08352,2008-12-24,,0.0,4511,1000,5830,320,0,
08353,2008-12-25,,0.0,3236,1000,0,,13105,160
08354,2008-12-26,,0.0,6003,1000,8077,320,0,
08355,2008-12-27,,0.0,4689,1000,0,,11606,160
08356,2008-12-28,,0.0,9202,1000,0,,14552,160
08357,2008-12-29,,0.0,9802,1000,0,,25566,160
08358,2008-12-30,,0.0,13132,1000,0,,29796,160
08359,2008-12-31,,0.0,6029,1000,0,,16062,160
09001,2009-01-01,,0.0,10106,1000,0,,17149,160
09002,2009-01-02,,0.0,7799,1000,0,,35287,160
09003,2009-01-03,,0.0,15102,1000,25918,320,0,
09004,2009-01-04,,0.0,7597,1000,0,,13044,160
09005,2009-01-05,,0.0,3444,1000,0,,9949,160
09006,2009-01-06,,0.0,6819,1000,0,,13049,160
09007,2009-01-07,,0.0,4486,1000,0,,14849,160
09008,2009-01-08,,0.0,3960,1000,0,,16254,160
09009,2009-01-09,,0.0,15119,1000,20399,320,0,
09010,2009-01-10,,0.0,6729,1000,0,,19557,160
09011,2009-01-11,,0.0,4176,1000,4766,320,0,
09012,2009-01-12,,0.0,6606,1000,0,,15679,160
09013,2009-01-13,,0.0,4440,1000,7480,320,0,
09014,2009-01-14,,0.0,5248,1000,4683,320,0,
09015,2009-01-15,,0.0,13177,1000,0,,21915,160
09016,2009-01-16,,0.0,3598,1000,6187,320,0,
09017,2009-01-17,,0.0,3998,1000,4952,320,0,
09018,2009-01-18,,0.0,7449,1000,7062,320,0,
09019,2009-01-19,,0.0,10907,1000,0,,21657,160
09020,2009-01-20,,0.0,10484,1000,0,,18999,160
09021,2009-01-21,,0.0,8349,1000,11320,320,0,
09022,2009-01-22,,0.0,16498,1000,0,,31390,160
09023,2009-01-23,,0.0,8137,1000,6389,320,0,
09024,2009-01-24,,0.0,11453,1000,0,,13499,160
09025,2009-02-01,,0.0,5634,1000,0,,12320,160
09026,2009-02-02,,0.0,4115,1000,7459,320,0,
09027,2009-02-03,,0.0,4665,1000,6454,320,0,
09028,2009-02-04,,0.0,4191,1000,5240,320,0,
09029,2009-02-05,,0.0,6903,1000,0,,25322,160
09030,2009-02-06,,0.0,9172,1000,0,,13384,160
09031,2009-02-07,,0.0,10599,1000,0,,25244,160
09032,2009-02-08,,0.0,12070,1000,0,,27968,160
09033,2009-02-09,,0.0,15512,1000,0,,35429,160
09034,2009-02-10,,0.0,9360,1000,0,,16575,160
09035,2009-02-11,,0.0,7274,1000,0,,15047,160
09036,2009-02-12,,0.0,5028,1000,0,,10464,160
09037,2009-02-13,,0.0,5245,1000,0,,11317,160
09038,2009-02-14,,0.0,7260,1000,0,,22334,160
09039,2009-02-15,,0.0,6820,1000,0,,23724,160
09040,2009-02-16,,0.0,13877,1000,0,,38090,160
09041,2009-02-17,,0.0,6051,1000,0,,12668,160
09042,2009-02-18,,0.0,11445,1000,23096,320,0,
09043,2009-02-19,,0.0,8830,1000,12932,320,0,
09044,2009-02-20,,0.0,4825,1000,6250,320,0,
09045,2009-02-21,,0.0,3088,1000,5677,320,0,
09046,2009-02-22,,0.0,9539,1000,0,,21298,160
09047,2009-02-23,,0.0,6917,1000,0,,19277,160
09048,2009-02-24,,0.0,5224,1000,0,,9989,160
09049,2009-02-25,,0.0,13561,1000,6814,320,0,
09050,2009-02-26,,0.0,8457,1000,0,,24460,160
09051,2009-02-27,,0.0,8355,1000,0,,17213,160
09052,2009-02-28,,0.0,13390,1000,0,,24053,160
09053,2009-03-01,,0.0,4358,1000,6296,320,0,
09054,2009-03-02,,0.0,16741,1000,0,,32271,160
09055,2009-03-03,,0.0,4535,1000,0,,12906,160
09056,2009-03-04,,0.0,6956,1000,7057,320,0,
09057,2009-03-05,,0.0,16409,1000,0,,41875,160
09058,2009-03-06,,0.0,17133,1000,0,,36101,160
09059,2009-03-07,,0.0,9047,1000,0,,15605,160
09060,2009-03-08,,0.0,5426,1000,9506,320,0,
09061,2009-03-09,,0.0,7461,1000,0,,10447,160
09062,2009-03-10,,0.0,11752,1000,0,,39031,160
09063,2009-03-11,,0.0,39824,1000,0,,38693,160
09064,2009-03-12,,0.0,12172,1000,17880,320,0,
09065,2009-03-13,,0.0,4136,1000,8641,320,0,
09066,2009-03-14,,0.0,4456,1000,0,,21126,160
09067,2009-03-15,,0.0,15980,1000,0,,33418,160
09068,2009-03-16,,0.0,5181,1000,0,,20765,160
09069,2009-03-17,,0.0,9580,1000,0,,25137,160
09070,2009-03-18,,0.0,14727,1000,0,,25311,160
09071,2009-03-19,,0.0,9616,1000,0,,14197,160
09072,2009-03-20,,0.0,14048,1000,0,,31359,160
09073,2009-03-21,,0.0,7985,1000,0,,15268,160
09074,2009-03-22,,0.0,12311,1000,21637,320,0,
09075,2009-03-23,,0.0,15946,1000,0,,43806,160
09076,2009-03-24,,0.0,20478,1000,0,,47965,160
09077,2009-03-25,,0.0,15186,1000,0,,33775,160
09078,2009-03-26,,0.0,27555,1000,0,,41647,160
09079,2009-03-27,,0.0,13743,1000,0,,31279,160
09080,2009-03-28,,0.0,9940,1000,15499,320,0,
09081,2009-03-29,,0.0,4850,1000,0,,10154,160
09082,2009-03-30,,0.0,10204,1000,0,,13239,160
09083,2009-03-31,,0.0,12001,1000,0,,20701,160
09084,2009-04-01,,0.0,8022,1000,0,,22070,160
09085,2009-04-02,,0.0,5951,1000,0,,20306,160
09086,2009-04-03,,0.0,7557,1000,0,,13620,160
09087,2009-04-04,,0.0,5539,1000,8728,320,0,
09088,2009-04-05,,0.0,3313,1000,0,,11068,160
09089,2009-04-06,,0.0,11625,1000,0,,29076,160
09090,2009-04-07,,0.0,5558,1000,0,,20124,160
09091,2009-04-08,,0.0,8750,1000,0,,13021,160
09092,2009-04-09,,0.0,8716,1000,0,,11318,160
09093,2009-04-10,,0.0,5360,1000,14816,320,0,
09094,2009-04-11,,0.0,7593,1000,7670,320,0,
09095,2009-04-12,,0.0,7769,1000,0,,17480,160
09096,2009-04-13,,0.0,4880,1000,0,,27323,160
09097,2009-04-14,,0.0,2631,1000,0,,11202,160
09098,2009-04-15,,0.0,22291,1000,0,,51816,160
09099,2009-04-16,,0.0,5209,1000,0,,21181,160
09100,2009-04-17,,0.0,10659,1000,19021,320,0,
09101,2009-04-18,,0.0,9732,1000,0,,27745,160
09102,2009-04-19,,0.0,8113,1000,0,,28027,160
09103,2009-04-20,,0.0,3496,1000,5497,320,0,
09104,2009-04-21,,0.0,13703,1000,0,,43217,160
09105,2009-04-22,,0.0,14933,1000,0,,32345,160
09106,2009-04-23,,0.0,4545,1000,0,,13553,160
09107,2009-04-24,,0.0,10925,1000,0,,25283,160
09108,2009-04-25,,0.0,7199,1000,0,,12292,160
09109,2009-04-26,,0.0,2893,1000,0,,8515,160
09110,2009-04-27,,0.0,9473,1000,24373,320,0,
09111,2009-04-28,,0.0,12897,1000,0,,27421,160
09112,2009-04-29,,0.0,4148,1000,5798,320,0,
09113,2009-04-30,,0.0,13457,1000,0,,31742,160
09114,2009-05-01,,0.0,5795,1000,0,,12304,160
09115,2009-05-02,,0.0,6672,1000,0,,24472,160
09116,2009-05-03,,0.0,2726,1000,5399,320,0,
09117,2009-05-04,,0.0,8137,1000,0,,25204,160
09118,2009-05-05,,0.0,8240,1000,0,,31933,160
09119,2009-05-06,,0.0,5757,1000,0,,16389,160
09120,2009-05-07,,0.0,4234,1000,0,,10207,160
09121,2009-05-08,,0.0,5087,1000,7795,320,0,
09122,2009-05-09,,0.0,14991,1000,28917,320,0,
09123,2009-05-10,,0.0,7072,1000,0,,12744,160
09124,2009-05-11,,0.0,10041,1000,0,,27394,160
09125,2009-05-12,,0.0,13392,1000,0,,31409,160
09126,2009-05-13,,0.0,6106,1000,0,,12342,160
09127,2009-05-14,,0.0,52488,1000,28779,320,0,
09128,2009-05-15,,0.0,20497,1000,10986,320,0,
09129,2009-05-16,,0.0,7529,1000,7748,320,0,
09130,2009-05-17,,0.0,7895,1000,0,,25231,160
09131,2009-05-18,,0.0,4027,1000,4641,320,0,
09132,2009-05-19,,0.0,8080,1000,6777,320,0,
09133,2009-05-20,,0.0,4929,1000,0,,16386,160
09134,2009-05-21,,0.0,2934,1000,5884,320,0,
09135,2009-05-22,,0.0,15411,1000,0,,16254,160
09136,2009-05-23,,0.0,4847,1000,0,,25780,160
09137,2009-05-24,,0.0,10810,1000,0,,21430,160
09138,2009-05-25,,0.0,9285,1000,12609,320,0,
09139,2009-05-26,,0.0,32739,1000,0,,51374,160
09140,2009-05-27,,0.0,11200,1000,0,,19931,160
09141,2009-05-28,,0.0,6134,1000,7704,320,0,
09142,2009-05-29,,0.0,6956,1000,0,,16184,160
09143,2009-05-30,,0.0,10274,1000,7321,320,0,
09144,2009-05-31,,0.0,10462,1000,0,,19804,160
09145,2009-06-01,,0.0,5475,1000,0,,17479,160
09146,2009-06-02,,0.0,3060,1000,0,,11656,160
09147,2009-06-03,,0.0,6356,1000,0,,7774,160
09148,2009-06-04,,0.0,1868,1000,0,,8619,160
09149,2009-06-05,,0.0,13616,1000,0,,34189,160
09150,2009-06-06,,0.0,9227,1000,15205,320,0,
09151,2009-06-07,,0.0,13470,1000,0,,18436,160
09152,2009-06-08,,0.0,13948,1000,0,,33252,160
09153,2009-06-09,,0.0,4058,1000,0,,15988,160
09154,2009-06-10,,0.0,19826,1000,0,,41889,160
09155,2009-06-11,,0.0,5549,1000,0,,9688,160
09156,2009-06-12,,0.0,2473,1000,0,,9528,160
09157,2009-06-13,,0.0,5965,1000,15931,320,0,
09158,2009-06-14,,0.0,11492,1000,0,,33917,160
09159,2009-06-15,,0.0,5900,1000,0,,18657,160
09160,2009-06-16,,0.0,5656,1000,6827,320,0,
09161,2009-06-17,,0.0,6715,1000,0,,17026,160
09162,2009-06-18,,0.0,8967,1000,0,,29142,160
09163,2009-06-19,,0.0,4430,1000,0,,14309,160
09164,2009-06-20,,0.0,13318,1000,16354,320,0,
09165,2009-06-21,,0.0,5141,1000,0,,11978,160
09166,2009-06-22,,0.0,9822,1000,0,,30700,160
09167,2009-06-23,,0.0,11122,1000,0,,23142,160
09168,2009-06-24,,0.0,7902,1000,0,,17864,160
09169,2009-06-25,,0.0,12791,1000,0,,33199,160
09170,2009-06-26,,0.0,10701,1000,21060,320,0,
09171,2009-06-27,,0.0,27709,1000,0,,29815,160
09172,2009-06-28,,0.0,5021,1000,0,,20518,160
09173,2009-06-29,,0.0,7373,1000,10987,320,0,
09174,2009-06-30,,0.0,10740,1000,0,,20825,160
09175,2009-07-01,,0.0,6627,1000,7154,320,0,
09176,2009-07-02,,0.0,8617,1000,0,,14768,160
09177,2009-07-03,,0.0,3726,1000,4026,320,0,
09178,2009-07-04,,0.0,7497,1000,7616,320,0,
09179,2009-07-05,,0.0,12306,1000,0,,31945,160
09180,2009-07-06,,0.0,4908,1000,0,,13333,160
09181,2009-07-07,,0.0,9501,1000,0,,3857,160
09182,2009-07-08,,0.0,6196,1000,7918,320,0,
09183,2009-07-09,,0.0,9591,1000,0,,16831,160
09184,2009-07-10,,0.0,5780,1000,0,,8551,160
09185,2009-07-11,,0.0,1196,1000,0,,4434,160
09186,2009-07-12,,0.0,14591,1000,15301,320,0,
09187,2009-07-13,,0.0,13484,1000,0,,29540,160
09188,2009-07-14,,0.0,29519,1000,0,,41289,160
09189,2009-07-15,,0.0,18706,1000,0,,33658,160
09190,2009-07-16,,0.0,17724,1000,0,,21498,160
09191,2009-07-17,,0.0,18590,1000,0,,35900,160
09192,2009-07-18,,0.0,6221,1000,0,,14037,160
09193,2009-07-19,,0.0,6168,1000,0,,22353,160
09194,2009-07-20,,0.0,17164,1000,0,,43430,160
09195,2009-07-21,,0.0,13600,1000,0,,16226,160
09196,2009-07-22,,0.0,6814,1000,0,,14248,160
09197,2009-07-23,,0.0,7058,1000,0,,11738,160
09198,2009-07-24,,0.0,10025,1000,0,,17384,160
09199,2009-07-25,,0.0,4973,1000,0,,16185,160
09200,2009-07-26,,0.0,7171,1000,30019,320,0,
09201,2009-07-27,,0.0,4112,1000,0,,8695,160
09202,2009-07-28,,0.0,6471,1000,0,,12053,160
09203,2009-07-29,,0.0,4311,1000,0,,13352,160
09204,2009-07-30,,0.0,10887,1000,0,,22625,160
09205,2009-07-31,,0.0,22561,1000,0,,40335,160
09206,2009-08-01,,0.0,3459,1000,0,,6498,160
09207,2009-08-02,,0.0,7228,1000,14242,320,0,
09208,2009-08-03,,0.0,8040,1000,0,,19661,160
09209,2009-08-04,,0.0,7046,1000,0,,27383,160
09210,2009-08-05,,0.0,10415,1000,0,,17739,160
09211,2009-08-06,,0.0,14172,1000,0,,44998,160
09212,2009-08-07,,0.0,11368,1000,0,,33592,160
09213,2009-08-08,,0.0,15811,1000,0,,25396,160
09214,2009-08-09,,0.0,6398,1000,0,,18336,160
09215,2009-08-10,,0.0,23189,1000,0,,45811,160
09216,2009-08-11,,0.0,3670,1000,0,,18669,160
09217,2009-08-12,,0.0,17240,1000,18923,320,0,
09218,2009-08-13,,0.0,6637,1000,7040,320,0,
09219,2009-08-14,,0.0,10082,1000,0,,23595,160
09220,2009-08-15,,0.0,15077,1000,0,,22657,160
09221,2009-08-16,,0.0,6230,1000,9081,320,0,
09222,2009-08-17,,0.0,9861,1000,9589,320,0,
09223,2009-08-18,,0.0,2910,1000,2474,320,0,
09224,2009-08-19,,0.0,19180,1000,0,,39475,160
09225,2009-08-20,,0.0,5640,1000,9231,320,0,
09226,2009-08-21,,0.0,6591,1000,0,,18954,160
09227,2009-08-22,,0.0,8972,1000,0,,19622,160
09228,2009-08-23,,0.0,5184,1000,0,,9509,160
09229,2009-08-24,,0.0,22569,1000,0,,48071,160
09230,2009-08-25,,0.0,14692,1000,12493,320,0,
09231,2009-08-26,,0.0,5756,1000,0,,30799,160
09232,2009-08-27,,0.0,13517,1000,0,,49637,160
09233,2009-08-28,,0.0,9825,1000,0,,21074,160
09234,2009-08-29,,0.0,3220,1000,0,,14456,160
09235,2009-08-30,,0.0,3504,1000,0,,13030,160
09236,2009-08-31,,0.0,15639,1000,0,,19721,160
09237,2009-09-01,,0.0,8363,1000,0,,15169,160
09238,2009-09-02,,0.0,15458,1000,0,,38622,160
09239,2009-09-03,,0.0,4888,1000,0,,21765,160
09240,2009-09-04,,0.0,9845,1000,0,,20547,160
09241,2009-09-05,,0.0,7446,1000,0,,24689,160
09242,2009-09-06,,0.0,7360,1000,15690,320,0,
09243,2009-09-07,,0.0,6376,1000,0,,16951,160
09244,2009-09-08,,0.0,23957,1000,0,,39429,160
09245,2009-09-09,,0.0,9338,1000,0,,28956,160
09246,2009-09-10,,0.0,7219,1000,6679,320,0,
09247,2009-09-11,,0.0,8404,1000,0,,23878,160
09248,2009-09-12,,0.0,4855,1000,0,,18803,160
09249,2009-09-13,,0.0,6659,1000,0,,14857,160
09250,2009-09-14,,0.0,14380,1000,0,,37255,160
09251,2009-09-15,,0.0,11641,1000,0,,20984,160
09252,2009-09-16,,0.0,4449,1000,6314,320,0,
09253,2009-09-17,,0.0,4682,1000,0,,11821,160
09254,2009-09-18,,0.0,8566,1000,0,,13535,160
09255,2009-09-19,,0.0,6338,1000,0,,15365,160
09256,2009-09-20,,0.0,9682,1000,12319,320,0,
09257,2009-09-21,,0.0,6778,1000,0,,15077,160
09258,2009-09-22,,0.0,8794,1000,0,,18844,160
09259,2009-09-23,,0.0,12172,1000,11794,320,0,
09260,2009-09-24,,0.0,22871,1000,0,,41493,160
09261,2009-09-25,,0.0,8868,1000,10322,320,0,
09262,2009-09-26,,0.0,5637,1000,0,,16477,160
09263,2009-09-27,,0.0,6174,1000,5072,320,0,
09264,2009-09-28,,0.0,6454,1000,4317,320,0,
09265,2009-09-29,,0.0,9495,1000,7930,320,0,
09266,2009-09-30,,0.0,4675,1000,0,,11892,160
09267,2009-10-01,,0.0,4959,1000,3991,320,0,
09268,2019-10-08,,0.0,5810,1000,0,,16924,160
09269,2009-10-03,,0.0,8737,1000,0,,27668,160
09270,2009-10-04,,0.0,9788,1000,0,,24763,160
09271,2009-10-05,,0.0,10494,1000,0,,23228,160
09272,2009-10-06,,0.0,2994,1000,0,,16090,160
09273,2009-10-07,,0.0,22503,1000,0,,19369,160
09274,2009-10-08,,0.0,6914,1000,0,,18311,160
09275,2009-10-09,,0.0,4037,1000,0,,10525,160
09276,2009-10-10,,0.0,4014,1000,0,,9387,160
09277,2009-10-11,,0.0,11004,1000,0,,16956,160
09278,2009-10-12,,0.0,9648,1000,0,,27370,160
09279,2009-10-13,,0.0,4381,1000,0,,12915,160
09280,2009-10-14,,0.0,11867,1000,15810,320,0,
09281,2009-10-15,,0.0,8713,1000,0,,15889,160
09282,2009-10-16,,0.0,7972,1000,0,,10727,160
09283,2009-10-17,,0.0,39226,1000,0,,35855,160
09284,2009-10-18,,0.0,5815,1000,8011,320,0,
09285,2009-10-19,,0.0,12716,1000,14495,320,0,
09286,2009-10-20,,0.0,6576,1000,0,,14437,160
09287,2009-10-21,,0.0,15704,1000,0,,36033,160
09288,2009-10-22,,0.0,3159,1000,0,,8847,160
09289,2009-10-23,,0.0,16248,1000,0,,18940,160
09290,2009-10-24,,0.0,2582,1000,0,,5647,160
09291,2009-10-25,,0.0,9517,1000,0,,19080,160
09292,2009-10-26,,0.0,7725,1000,12665,320,0,
09293,2009-10-27,,0.0,7348,1000,0,,17578,160
09294,2009-10-28,,0.0,14507,1000,0,,24696,160
09295,2009-10-29,,0.0,2869,1000,5064,320,0,
09296,2009-10-30,,0.0,4887,1000,4790,320,0,
09297,2009-10-31,,0.0,2749,1000,0,,8365,160
09298,2009-11-01,,0.0,4674,1000,4083,320,0,
09299,2009-11-02,,0.0,3415,1000,5276,320,0,
09300,2009-11-03,,0.0,14672,1000,0,,26044,160
09301,2009-11-04,,0.0,3444,1000,4434,320,0,
09302,2009-11-05,,0.0,31096,1000,0,,34457,160
09303,2009-11-06,,0.0,6432,1000,0,,19347,160
09304,2009-11-07,,0.0,12479,1000,0,,27160,160
09305,2009-11-08,,0.0,8654,1000,0,,26181,160
09306,2009-11-09,,0.0,3443,1000,0,,12327,160
09307,2009-11-10,,0.0,16969,1000,0,,21067,160
09308,2009-11-11,,0.0,17840,1000,0,,28316,160
09309,2009-11-12,,0.0,4468,1000,10180,320,0,
09310,2009-11-13,,0.0,10189,1000,12132,320,0,
09311,2009-11-14,,0.0,3688,1000,4908,320,0,
09312,2009-11-15,,0.0,3778,1000,3900,320,0,
09313,2009-11-16,,0.0,4796,1000,0,,9434,160
09314,2009-11-17,,0.0,15421,1000,9698,320,0,
09315,2009-11-18,,0.0,12448,1000,0,,13085,160
09316,2009-11-19,,0.0,6328,1000,0,,18640,160
09317,2009-11-20,,0.0,8208,1000,0,,14372,160
09318,2009-11-21,,0.0,11739,1000,0,,23794,160
09319,2009-11-22,,0.0,11986,1000,0,,25259,160
09320,2009-11-23,,0.0,10217,1000,18402,320,0,
09321,2009-11-24,,0.0,7380,1000,0,,17430,160
09322,2009-11-25,,0.0,5348,1000,5569,320,0,
09323,2009-11-26,,0.0,5736,1000,4542,320,0,
09324,2009-11-27,,0.0,5161,1000,0,,11026,160
09325,2009-11-28,,0.0,5585,1000,7150,320,0,
09326,2009-11-29,,0.0,4168,1000,5343,320,0,
09327,2009-11-30,,0.0,5446,1000,0,,16013,160
09328,2009-12-01,,0.0,13444,1000,0,,24495,160
09329,2009-12-02,,0.0,14804,1000,0,,21071,160
09330,2009-12-03,,0.0,6879,1000,0,,19819,160
09331,2009-12-04,,0.0,11138,1000,0,,20910,160
09332,2009-12-05,,0.0,7166,1000,0,,8109,160
09333,2009-12-06,,0.0,8736,1000,0,,11962,160
09334,2009-12-07,,0.0,9339,1000,0,,18589,160
09335,2009-12-08,,0.0,4408,1000,0,,7517,160
09336,2009-12-09,,0.0,15146,1000,0,,35067,160
09337,2009-12-10,,0.0,5412,1000,0,,15195,160
09338,2009-12-11,,0.0,3385,1000,0,,13413,160
09339,2009-12-12,,0.0,4922,1000,0,,14254,160
09340,2009-12-13,,0.0,3811,1000,0,,13165,160
09341,2009-12-14,,0.0,12298,1000,34219,320,0,
09342,2009-12-15,,0.0,4824,1000,0,,18195,160
09343,2009-12-16,,0.0,7801,1000,0,,11429,160
09344,2009-12-17,,0.0,6733,1000,0,,22691,160
09345,2009-12-18,,0.0,11108,1000,0,,14158,160
09346,2009-12-19,,0.0,7529,1000,6171,320,0,
09347,2009-12-20,,0.0,17268,1000,0,,15887,160
09348,2009-12-21,,0.0,6041,1000,0,,14928,160
09349,2009-12-22,,0.0,6228,1000,0,,14269,160
09350,2009-12-23,,0.0,6417,1000,10304,320,0,
09351,2009-12-24,,0.0,9776,1000,0,,18664,160
09352,2009-12-25,,0.0,8673,1000,9997,320,0,
09353,2009-12-26,,0.0,8870,1000,7750,320,0,
09354,2009-12-27,,0.0,6812,1000,0,,14157,160
09355,2009-12-28,,0.0,8155,1000,9739,320,0,
09356,2009-12-29,,0.0,12393,1000,0,,16771,160
09357,2009-12-30,,0.0,10749,1000,8714,320,0,
09358,2009-12-31,,0.0,25061,1000,0,,27010,160
10001,2010-01-01,,0.0,4083,1000,0,,9436,160
10002,2010-01-02,,0.0,12133,1000,0,,31881,160
10003,2010-01-03,,0.0,4690,1000,0,,15770,160
10004,2010-01-04,,0.0,9004,1000,7212,320,0,
10005,2010-01-05,,0.0,10066,1000,0,,27884,160
10006,2010-01-06,,0.0,13110,1000,0,,29578,160
10007,2010-01-07,,0.0,9133,1000,0,,17364,160
10008,2010-01-08,,0.0,14686,1000,0,,29782,160
10009,2010-01-09,,0.0,5366,1000,0,,26525,160
10010,2010-01-10,,0.0,7243,1000,10946,320,0,
10011,2010-01-11,,0.0,3740,1000,0,,11895,160
10012,2010-01-12,,0.0,4753,1000,5939,320,0,
10013,2010-01-13,,0.0,11781,1000,0,,29561,160
10014,2010-01-14,,0.0,14454,1000,0,,15271,160
10015,2010-01-15,,0.0,8280,1000,0,,17114,160
10016,2010-01-16,,0.0,24029,1000,0,,23783,160
10017,2010-01-17,,0.0,9233,1000,13828,320,0,
10018,2010-01-18,,0.0,16252,1000,0,,28993,160
10019,2010-01-19,,0.0,7109,1000,0,,16312,160
10020,2010-01-20,,0.0,4906,1000,0,,12108,160
10021,2010-01-21,,0.0,2989,1000,0,,11795,160
10022,2010-01-22,,0.0,4621,1000,0,,7673,160
10023,2010-01-23,,0.0,10506,1000,0,,16009,160
10024,2010-01-24,,0.0,12780,1000,0,,21566,160
10025,2010-01-25,,0.0,30521,1000,0,,40421,160
10026,2010-01-26,,0.0,13060,1000,0,,24971,160
10027,2010-01-27,,0.0,5847,1000,7584,320,0,
10028,2010-01-28,,0.0,9280,1000,0,,20240,160
10029,2010-01-29,,0.0,6421,1000,5603,320,0,
10030,2010-01-30,,0.0,4402,1000,0,,10209,160
10031,2010-01-31,,0.0,4059,1000,0,,6199,160
10032,2010-02-01,,0.0,3223,1000,0,,10731,160
10033,2010-02-02,,0.0,11423,1000,7875,320,0,
10034,2010-02-03,,0.0,4632,1000,0,,11603,160
10035,2010-02-04,,0.0,5810,1000,0,,21689,160
10036,2010-02-05,,0.0,6611,1000,0,,17684,160
10037,2010-02-06,,0.0,7102,1000,11964,320,0,
10038,2010-02-07,,0.0,5347,1000,0,,11768,160
10039,2010-02-08,,0.0,4084,1000,5198,320,0,
10040,2010-02-09,,0.0,7430,1000,0,,16454,160
10041,2010-02-10,,0.0,14296,1000,0,,26110,160
10042,2010-02-11,,0.0,3289,1000,0,,7585,160
10043,2010-02-12,,0.0,3419,1000,0,,9737,160
10044,2010-02-20,,0.0,3383,1000,0,,10762,160
10045,2010-02-21,,0.0,10618,1000,0,,25841,160
10046,2010-02-22,,0.0,6054,1000,0,,16470,160
10047,2010-02-23,,0.0,2945,1000,5212,320,0,
10048,2010-02-24,,0.0,3625,1000,2684,320,0,
10049,2010-02-25,,0.0,9642,1000,0,,18769,160
10050,2010-02-26,,0.0,27485,1000,0,,46966,160
10051,2010-02-27,,0.0,4340,1000,0,,19371,160
10052,2010-02-28,,0.0,3066,1000,0,,7841,160
10053,2010-03-01,,0.0,13127,1000,0,,16923,160
10054,2010-03-02,,0.0,7239,1000,0,,24674,160
10055,2010-03-03,,0.0,3671,1000,0,,10340,160
10056,2010-03-04,,0.0,6010,1000,0,,15769,160
10057,2010-03-05,,0.0,6389,1000,0,,10745,160
10058,2010-03-06,,0.0,5828,1000,9754,320,0,
10059,2010-03-07,,0.0,29274,1000,0,,27501,160
10060,2010-03-08,,0.0,4468,1000,0,,12375,160
10061,2010-03-09,,0.0,4243,1000,0,,10935,160
10062,2010-03-10,,0.0,12113,1000,0,,19893,160
10063,2010-03-11,,0.0,5190,1000,9660,320,0,
10064,2010-03-12,,0.0,10208,1000,0,,14838,160
10065,2010-03-13,,0.0,3307,1000,0,,11090,160
10066,2010-03-14,,0.0,5362,1000,0,,14881,160
10067,2010-03-15,,0.0,6079,1000,7907,320,0,
10068,2010-03-16,,0.0,6248,1000,0,,28279,160
10069,2010-03-17,,0.0,13044,1000,0,,16194,160
10070,2010-03-18,,0.0,4855,1000,4110,320,0,
10071,2010-03-19,,0.0,13789,1000,0,,23521,160
10072,2010-03-20,,0.0,4644,1000,0,,13135,160
10073,2010-03-21,,0.0,20522,1000,0,,0,
10074,2010-03-22,,0.0,7844,1000,0,,18562,160
10075,2010-03-23,,0.0,9167,1000,0,,28667,160
10076,2010-03-24,,0.0,11261,1000,0,,26454,160
10077,2010-03-25,,0.0,6242,1000,7795,320,0,
10078,2010-03-26,,0.0,15891,1000,0,,23232,160
10079,2010-03-27,,0.0,3431,1000,0,,8238,160
10080,2010-03-28,,0.0,7379,1000,0,,22412,160
10081,2010-03-29,,0.0,9101,1000,0,,17141,160
10082,2010-03-30,,0.0,7867,1000,0,,16383,160
10083,2010-03-31,,0.0,6323,1000,0,,16524,160
10084,2010-04-01,,0.0,5621,1000,8448,320,0,
10085,2010-04-02,,0.0,5624,1000,0,,9996,160
10086,2010-04-03,,0.0,6215,1000,0,,11321,160
10087,2010-04-04,,0.0,5047,1000,0,,13218,160
10088,2010-04-05,,0.0,8102,1000,0,,15078,160
10089,2010-04-06,,0.0,7614,1000,0,,15208,160
10090,2010-04-07,,0.0,11418,1000,0,,15506,160
10091,2010-04-08,,0.0,4622,1000,7950,320,0,
10092,2010-04-09,,0.0,12226,1000,0,,18183,160
10093,2010-04-10,,0.0,7026,1000,0,,27236,160
10094,2010-04-11,,0.0,7797,1000,0,,21845,160
10095,2010-04-12,,0.0,10529,1000,0,,22828,160
10096,2010-04-13,,0.0,9547,1000,0,,19918,160
10097,2010-04-14,,0.0,16717,1000,0,,26550,160
10098,2010-04-15,,0.0,6411,1000,0,,19539,160
10099,2010-04-16,,0.0,11053,1000,0,,26491,160
10100,2010-04-17,,0.0,7547,1000,0,,13004,160
10101,2010-04-18,,0.0,14386,1000,0,,12882,160
10102,2010-04-19,,0.0,33519,1000,0,,0,
10103,2010-04-20,,0.0,4118,1000,0,,13708,160
10104,2010-04-21,,0.0,4912,1000,9445,320,0,
10105,2010-04-22,,0.0,3162,1000,0,,9973,160
10106,2010-04-23,,0.0,12278,1000,0,,24257,160
10107,2010-04-24,,0.0,10749,1000,0,,28674,160
10108,2010-04-25,,0.0,4928,1000,0,,10529,160
10109,2010-04-26,,0.0,7744,1000,8268,320,0,
10110,2010-04-27,,0.0,8401,1000,0,,17461,160
10111,2010-04-28,,0.0,2938,1000,0,,10701,160
10112,2010-04-29,,0.0,7647,1000,10401,320,0,
10113,2010-04-30,,0.0,9947,1000,0,,22736,160
10114,2010-05-01,,0.0,2097,1000,0,,5356,160
10115,2010-05-02,,0.0,9134,1000,6662,320,0,
10116,2010-05-03,,0.0,9495,1000,0,,12477,160
10117,2010-05-04,,0.0,5897,1000,6496,320,0,
10118,2010-05-05,,0.0,8762,1000,0,,25451,160
10119,2010-05-06,,0.0,4370,1000,3922,320,0,
10120,2010-05-07,,0.0,13999,1000,0,,17538,160
10121,2010-05-08,,0.0,16410,1000,0,,18950,160
10122,2010-05-09,,0.0,7597,1000,0,,15158,160
10123,2010-05-10,,0.0,6410,1000,0,,12421,160
10124,2010-05-11,,0.0,21675,1000,0,,48106,160
10125,2010-05-12,,0.0,12843,1000,11896,320,0,
10126,2010-05-13,,0.0,8655,1000,0,,21277,160
10127,2010-05-14,,0.0,6343,1000,7025,320,0,
10128,2010-05-15,,0.0,11764,1000,0,,24574,160
10129,2010-05-16,,0.0,7738,1000,5858,320,0,
10130,2010-05-17,,0.0,8345,1000,0,,16783,160
10131,2010-05-18,,0.0,3854,1000,5202,320,0,
10132,2010-05-19,,0.0,4068,1000,4267,320,0,
10133,2010-05-20,,0.0,2476,1000,3352,320,0,
10134,2010-05-21,,0.0,9991,1000,0,,19913,160
10135,2010-05-22,,0.0,10398,1000,0,,19322,160
10136,2010-05-23,,0.0,13126,1000,0,,23858,160
10137,2010-05-24,,0.0,3517,1000,5582,320,0,
10138,2010-05-25,,0.0,8982,1000,0,,22219,160
10139,2010-05-26,,0.0,7535,1000,0,,23494,160
10140,2010-05-27,,0.0,19863,1000,0,,26554,160
10141,2010-05-28,,0.0,10248,1000,0,,24799,160
10142,2010-05-29,,0.0,5575,1000,0,,11189,160
10143,2010-05-30,,0.0,7655,1000,0,,14963,160
10144,2010-05-31,,0.0,5684,1000,9746,320,0,
10145,2010-06-01,,0.0,11836,1000,0,,24824,160
10146,2010-06-02,,0.0,6841,1000,0,,27238,160
10147,2010-06-03,,0.0,2760,1000,3729,320,0,
10148,2010-06-04,,0.0,8616,1000,0,,24919,160
10149,2010-06-05,,0.0,9529,1000,0,,28555,160
10150,2010-06-06,,0.0,3759,1000,3502,320,0,
10151,2010-06-07,,0.0,4921,1000,0,,12484,160
10152,2010-06-08,,0.0,4680,1000,4340,320,0,
10153,2010-06-09,,0.0,1459,1000,1668,320,0,
10154,2010-06-10,,0.0,4673,1000,0,,13297,160
10155,2010-06-11,,0.0,4417,1000,6235,320,0,
10156,2010-06-12,,0.0,6147,1000,0,,15305,160
10157,2010-06-13,,0.0,5725,1000,0,,14359,160
10158,2010-06-14,,0.0,5354,1000,0,,6194,160
10159,2010-06-15,,0.0,8079,1000,9580,320,0,
10160,2010-06-16,,0.0,3793,1000,3492,320,0,
10161,2010-06-17,,0.0,12551,1000,0,,32159,160
10162,2010-06-18,,0.0,8414,1000,0,,13073,160
10163,2010-06-19,,0.0,3684,1000,0,,9716,160
10164,2010-06-20,,0.0,6143,1000,0,,15794,160
10165,2010-06-21,,0.0,5923,1000,0,,7631,160
10166,2010-06-22,,0.0,14340,1000,0,,22534,160
10167,2010-06-23,,0.0,4869,1000,0,,14477,160
10168,2010-06-24,,0.0,9168,1000,9324,320,0,
10169,2010-06-25,,0.0,6798,1000,5892,320,0,
10170,2010-06-26,,0.0,10855,1000,0,,20779,160
10171,2010-06-27,,0.0,3294,1000,3812,320,0,
10172,2010-06-28,,0.0,4712,1000,0,,15010,160
10173,2010-06-29,,0.0,5541,1000,0,,14229,160
10174,2010-06-30,,0.0,6159,1000,0,,17011,160
10175,2010-07-01,,0.0,9360,1000,0,,18412,160
10176,2010-07-02,,0.0,5571,1000,6788,320,0,
10177,2010-07-03,,0.0,6986,1000,0,,12903,160
10178,2010-07-04,,0.0,13631,1000,0,,18681,160
10179,2010-07-05,,0.0,13823,1000,0,,18018,160
10180,2010-07-06,,0.0,5404,1000,8705,320,0,
10181,2010-07-07,,0.0,6099,1000,0,,7754,160
10182,2010-07-08,,0.0,14500,1000,0,,29641,160
10183,2010-07-09,,0.0,7952,1000,13009,320,0,
10184,2010-07-10,,0.0,6006,1000,0,,16449,160
10185,2010-07-11,,0.0,9994,1000,0,,16974,160
10186,2010-07-12,,0.0,5636,1000,0,,15855,160
10187,2010-07-13,,0.0,5375,1000,0,,13729,160
10188,2010-07-14,,0.0,11662,1000,0,,19055,160
10189,2010-07-15,,0.0,9059,1000,0,,14975,160
10190,2010-07-16,,0.0,16438,1000,13458,320,0,
10191,2010-07-17,,0.0,20046,1000,13605,320,0,
10192,2010-07-18,,0.0,6612,1000,0,,16645,160
10193,2010-07-19,,0.0,15197,1000,0,,0,
10194,2010-07-20,,0.0,6931,1000,0,,10794,160
10195,2010-07-21,,0.0,9992,1000,0,,17061,160
10196,2010-07-22,,0.0,13660,1000,0,,22990,160
10197,2010-07-23,,0.0,5218,1000,6028,320,0,
10198,2010-07-24,,0.0,7415,1000,5692,320,0,
10199,2010-07-25,,0.0,4664,1000,4264,320,0,
10200,2010-07-26,,0.0,4616,1000,0,,10345,160
10201,2010-07-27,,0.0,6536,1000,0,,12729,160
10202,2010-07-28,,0.0,4000,1000,0,,7592,160
10203,2010-07-29,,0.0,5108,1000,0,,8422,160
10204,2010-07-30,,0.0,2294,1000,0,,6293,160
10205,2010-07-31,,0.0,5145,1000,0,,12258,160
10206,2010-08-01,,0.0,7089,1000,10438,320,0,
10207,2010-08-02,,0.0,11363,1000,7767,320,0,
10208,2010-08-03,,0.0,16121,1000,0,,40249,160
10209,2010-08-04,,0.0,4050,1000,0,,7897,160
10210,2010-08-05,,0.0,9100,1000,0,,12192,160
10211,2010-08-06,,0.0,13895,1000,0,,18928,160
10212,2010-08-07,,0.0,14421,1000,0,,20863,160
10213,2010-08-08,,0.0,9879,1000,0,,17295,160
10214,2010-08-09,,0.0,7124,1000,0,,10057,160
10215,2010-08-10,,0.0,14951,1000,19567,320,0,
10216,2010-08-11,,0.0,5493,1000,0,,14398,160
10217,2010-08-12,,0.0,8412,1000,0,,24655,160
10218,2010-08-13,,0.0,12622,1000,0,,21729,160
10219,2010-08-14,,0.0,3360,1000,0,,15230,160
10220,2010-08-15,,0.0,3434,1000,0,,13903,160
10221,2010-08-16,,0.0,7086,1000,0,,21826,160
10222,2010-08-17,,0.0,11174,1000,0,,18628,160
10223,2010-08-18,,0.0,16765,1000,0,,17717,160
10224,2010-08-19,,0.0,2550,1000,0,,9113,160
10225,2010-08-20,,0.0,7736,1000,18323,320,0,
10226,2010-08-21,,0.0,4941,1000,0,,12116,160
10227,2010-08-22,,0.0,10898,1000,0,,14898,160
10228,2010-08-23,,0.0,12480,1000,0,,21851,160
10229,2010-08-24,,0.0,5485,1000,6243,320,0,
10230,2010-08-25,,0.0,11352,1000,0,,30893,160
10231,2010-08-26,,0.0,5706,1000,5507,320,0,
10232,2010-08-27,,0.0,17712,1000,0,,30912,160
10233,2010-08-28,,0.0,7359,1000,0,,21624,160
10234,2010-08-29,,0.0,9103,1000,0,,14543,160
10235,2010-08-30,,0.0,4227,1000,3939,320,0,
10236,2010-08-31,,0.0,5364,1000,0,,11309,160
10237,2010-09-01,,0.0,3633,1000,0,,7264,160
10238,2010-09-02,,0.0,10245,1000,0,,20222,160
10239,2010-09-03,,0.0,17007,1000,11227,320,0,
10240,2010-09-04,,0.0,2982,1000,3132,320,0,
10241,2010-09-05,,0.0,8731,1000,0,,27358,160
10242,2010-09-06,,0.0,11113,1000,0,,19757,160
10243,2010-09-07,,0.0,9179,1000,15753,320,0,
10244,2010-09-08,,0.0,3969,1000,0,,21555,160
10245,2010-09-09,,0.0,2045,1000,3349,320,0,
10246,2010-09-10,,0.0,8470,1000,0,,15184,160
10247,2010-09-11,,0.0,3324,1000,2993,320,0,
10248,2010-09-12,,0.0,6368,1000,0,,9245,160
10249,2010-09-13,,0.0,6154,1000,0,,17955,160
10250,2010-09-14,,0.0,4229,1000,0,,10746,160
10251,2010-09-15,,0.0,5241,1000,0,,10623,160
10252,2010-09-16,,0.0,2808,1000,4591,320,0,
10253,2010-09-17,,0.0,16751,1000,0,,34396,160
10254,2010-09-18,,0.0,10290,1000,0,,24991,160
10255,2010-09-19,,0.0,12107,1000,0,,32598,160
10256,2010-09-20,,0.0,3102,1000,0,,4745,160
10257,2010-09-21,,0.0,8338,1000,7873,320,0,
10258,2010-09-22,,0.0,4535,1000,0,,10723,160
10259,2010-09-23,,0.0,8471,1000,0,,22138,160
10260,2010-09-24,,0.0,6158,1000,5829,320,0,
10261,2010-09-25,,0.0,8851,1000,0,,0,
10262,2010-09-26,,0.0,11562,1000,0,,23801,160
10263,2010-09-27,,0.0,15230,1000,0,,25338,160
10264,2010-09-28,,0.0,7408,1000,7968,320,0,
10265,2010-09-29,,0.0,7416,1000,0,,18470,160
10266,2010-09-30,,0.0,7987,1000,0,,21182,160
10267,2010-10-01,,0.0,13341,1000,0,,13278,160
10268,2010-10-02,,0.0,5186,1000,0,,14308,160
10269,2010-10-03,,0.0,3831,1000,0,,11150,160
10270,2010-10-04,,0.0,6840,1000,10294,320,0,
10271,2010-10-05,,0.0,5284,1000,0,,11073,160
10272,2010-10-06,,0.0,16990,1000,0,,26630,160
10273,2010-10-07,,0.0,5987,1000,7109,320,0,
10274,2010-10-08,,0.0,1983,1000,2337,320,0,
10275,2010-10-09,,0.0,6548,1000,0,,23875,160
10276,2010-10-10,,0.0,3602,1000,0,,13162,160
10277,2010-10-11,,0.0,13054,1000,0,,21909,160
10278,2010-10-12,,0.0,8652,1000,5888,320,0,
10279,2010-10-13,,0.0,7369,1000,0,,20876,160
10280,2010-10-14,,0.0,4713,1000,0,,12761,160
10281,2010-10-15,,0.0,10767,1000,0,,32087,160
10282,2010-10-16,,0.0,12622,1000,0,,16800,160
10283,2010-10-17,,0.0,9506,1000,0,,22361,160
10284,2010-10-18,,0.0,3693,1000,0,,8698,160
10285,2010-10-19,,0.0,8349,1000,16068,320,0,
10286,2010-10-20,,0.0,21432,1000,0,,35292,160
10287,2010-10-21,,0.0,5486,1000,0,,20148,160
10288,2010-10-22,,0.0,3348,1000,0,,10477,160
10289,2010-10-23,,0.0,6054,1000,0,,15267,160
10290,2010-10-24,,0.0,11691,1000,12162,320,0,
10291,2010-10-25,,0.0,7094,1000,0,,22185,160
10292,2010-10-26,,0.0,4269,1000,7585,320,0,
10293,2010-10-27,,0.0,3926,1000,0,,11970,160
10294,2010-10-28,,0.0,6665,1000,5595,320,0,
10295,2010-10-29,,0.0,16581,1000,0,,28189,160
10296,2010-10-30,,0.0,5674,1000,6211,320,0,
10297,2010-10-31,,0.0,8141,1000,0,,17196,160
10298,2010-11-01,,0.0,8176,1000,0,,28102,160
10299,2010-11-02,,0.0,7072,1000,9314,320,0,
10300,2010-11-03,,0.0,10406,1000,0,,23340,160
10301,2010-11-04,,0.0,4884,1000,0,,16120,160
10302,2010-11-05,,0.0,6816,1000,0,,19147,160
10303,2010-11-06,,0.0,2894,1000,6131,320,0,
10304,2010-11-07,,0.0,4687,1000,4380,320,0,
10305,2010-11-08,,0.0,10573,1000,0,,22271,160
10306,2010-11-09,,0.0,11130,1000,0,,16013,160
10307,2010-11-10,,0.0,9461,1000,0,,17300,160
10308,2010-11-11,,0.0,2276,1000,5119,320,0,
10309,2010-11-12,,0.0,5742,1000,0,,10373,160
10310,2010-11-13,,0.0,10657,1000,0,,28934,160
10311,2010-11-14,,0.0,13002,1000,0,,21164,160
10312,2010-11-15,,0.0,4077,1000,0,,12818,160
10313,2010-11-16,,0.0,9889,1000,7702,320,0,
10314,2010-11-17,,0.0,5505,1000,0,,17916,160
10315,2010-11-18,,0.0,4707,1000,7899,320,0,
10316,2010-11-19,,0.0,16123,1000,0,,31715,160
10317,2010-11-20,,0.0,17360,1000,0,,19921,160
10318,2010-11-21,,0.0,9792,1000,12011,320,0,
10319,2010-11-22,,0.0,9521,1000,5688,320,0,
10320,2010-11-23,,0.0,4558,1000,0,,13375,160
10321,2010-11-24,,0.0,15189,1000,0,,17606,160
10322,2010-11-25,,0.0,14622,1000,0,,23032,160
10323,2010-11-26,,0.0,18780,1000,21472,320,0,
10324,2010-11-27,,0.0,8002,1000,0,,14138,160
10325,2010-11-28,,0.0,4008,1000,0,,12434,160
10326,2010-11-29,,0.0,8848,1000,0,,30627,160
10327,2010-11-30,,0.0,10069,1000,0,,32518,160
10328,2010-12-01,,0.0,9929,1000,0,,21614,160
10329,2010-12-02,,0.0,10339,1000,18260,320,0,
10330,2010-12-03,,0.0,6416,1000,0,,13290,160
10331,2010-12-04,,0.0,8575,1000,7512,320,0,
10332,2010-12-05,,0.0,2753,1000,3021,320,0,
10333,2010-12-06,,0.0,12612,1000,0,,19984,160
10334,2010-12-07,,0.0,6108,1000,0,,17271,160
10335,2010-12-08,,0.0,5219,1000,7209,320,0,
10336,2010-12-09,,0.0,4802,1000,4138,320,0,
10337,2010-12-10,,0.0,4501,1000,0,,16598,160
10338,2010-12-11,,0.0,6023,1000,0,,18371,160
10339,2010-12-12,,0.0,6861,1000,6251,320,0,
10340,2010-12-13,,0.0,5371,1000,0,,22220,160
10341,2010-12-14,,0.0,13300,1000,0,,12483,160
10342,2010-12-15,,0.0,10014,1000,0,,20583,160
10343,2010-12-16,,0.0,16685,1000,0,,27451,160
10344,2010-12-17,,0.0,11553,1000,15486,320,0,
10345,2010-12-18,,0.0,6791,1000,0,,20514,160
10346,2010-12-19,,0.0,7397,1000,10619,320,0,
10347,2010-12-20,,0.0,4203,1000,4132,320,0,
10348,2010-12-21,,0.0,4552,1000,5998,320,0,
10349,2010-12-22,,0.0,10493,1000,0,,30827,160
10350,2010-12-23,,0.0,18787,1000,0,,28906,160
10351,2010-12-24,,0.0,9927,1000,0,,38739,160
10352,2010-12-25,,0.0,4389,1000,5670,320,0,
10353,2010-12-26,,0.0,8339,1000,0,,14968,160
10354,2010-12-27,,0.0,3098,1000,0,,8399,160
10355,2010-12-28,,0.0,7651,1000,9573,320,0,
10356,2010-12-29,,0.0,5138,1000,6029,320,0,
10357,2010-12-30,,0.0,3575,1000,4069,320,0,
10358,2010-12-31,,0.0,3146,1000,4025,320,0,
11001,2011-01-01,,0.0,9119,1000,0,,14869,160
11002,2011-01-02,,0.0,3867,1000,4570,320,0,
11003,2011-01-03,,0.0,3532,1000,7389,320,0,
11004,2011-01-04,,0.0,5440,1000,7495,320,0,
11005,2011-01-05,,0.0,11120,1000,0,,25575,160
11006,2011-01-06,,0.0,8754,1000,0,,13031,160
11007,2011-01-07,,0.0,13319,1000,12376,320,0,
11008,2011-01-08,,0.0,6360,1000,0,,19201,160
11009,2011-01-09,,0.0,8013,1000,0,,13821,160
11010,2011-01-10,,0.0,7783,1000,0,,14372,160
11011,2011-01-11,,0.0,10633,1000,0,,13211,160
11012,2011-01-12,,0.0,5481,1000,0,320,20571,160
11013,2011-01-13,,0.0,3147,1000,0,320,8828,160
11014,2011-01-14,,0.0,4558,1000,0,320,7463,160
11015,2011-01-15,,0.0,11080,1000,25530,320,0,160
11016,2011-01-16,,0.0,3821,1000,0,320,8943,160
11017,2011-01-17,,0.0,14127,1000,0,320,8371,160
11018,2011-01-18,,0.0,7426,1000,0,320,16841,160
11019,2011-01-19,,0.0,14730,1000,0,320,13032,160
11020,2011-01-20,,0.0,8919,1000,0,320,18153,160
11021,2011-01-21,,0.0,1866,1000,0,320,3819,160
11022,2011-01-22,,0.0,4487,1000,0,320,8550,160
11023,2011-01-23,,0.0,7124,1000,0,320,13726,160
11024,2011-01-24,,0.0,7934,1000,0,320,12180,160
11025,2011-01-25,,0.0,10833,1000,0,320,22064,160
11026,2011-01-26,,0.0,5624,1000,5305,320,0,160
11027,2011-01-27,,0.0,11152,1000,5041,320,0,160
11028,2011-01-28,,0.0,8203,1000,0,320,12378,160
11029,2011-01-29,,0.0,14987,1000,0,320,29859,160
11030,2011-01-30,,0.0,10822,1000,0,320,12327,160
11031,2011-01-31,,0.0,8927,1000,0,320,23939,160
11032,2011-02-01,,0.0,3894,1000,0,320,4706,160
11033,2011-02-09,,0.0,2443,1000,0,320,7209,160
11034,2011-02-10,,0.0,5505,1000,0,320,12954,160
11035,2011-02-11,,0.0,11958,1000,15999,320,0,160
11036,2011-02-12,,0.0,6754,1000,0,320,17783,160
11037,2011-02-13,,0.0,5383,1000,0,320,15585,160
11038,2011-02-14,,0.0,4799,1000,0,320,6175,160
11039,2011-02-15,,0.0,3666,1000,0,320,5087,160
11040,2011-02-16,,0.0,6309,1000,10844,320,0,160
11041,2011-02-17,,0.0,5180,1000,5611,320,0,160
11042,2011-02-18,,0.0,6873,1000,9649,320,0,160
11043,2011-02-19,,0.0,10451,1000,0,320,42632,160
11044,2011-02-20,,0.0,10100,1000,0,320,21340,160
11045,2011-02-21,,0.0,10297,1000,0,320,24775,160
11046,2011-02-22,,0.0,8124,1000,8219,320,0,160
11047,2011-02-23,,0.0,11459,1000,0,320,21528,160
11048,2011-02-24,,0.0,16570,1000,0,320,20411,160
11049,2011-02-25,,0.0,9580,1000,0,320,25308,160
11050,2011-02-26,,0.0,3828,1000,0,320,15121,160
11051,2011-02-27,,0.0,4652,1000,0,320,10135,160
11052,2011-02-28,,0.0,7751,1000,0,320,13260,160
11053,2011-03-01,,0.0,18196,1000,0,320,21082,160
11054,2011-03-02,,0.0,6455,1000,0,320,9538,160
11055,2011-03-03,,0.0,2358,1000,0,320,7829,160
11056,2011-03-04,,0.0,18735,1000,0,320,19947,160
11057,2011-03-05,,0.0,10976,1000,20206,320,0,160
11058,2011-03-06,,0.0,3162,1000,4142,320,0,160
11059,2011-03-07,,0.0,8016,1000,0,320,19035,160
11060,2011-03-08,,0.0,6068,1000,6628,320,0,160
11061,2011-03-09,,0.0,11969,1000,0,320,11886,160
11062,2011-03-10,,0.0,7724,1000,0,320,15599,160
11063,2011-03-11,,0.0,6504,1000,5694,320,0,160
11064,2011-03-12,,0.0,4201,1000,0,320,10156,160
11065,2011-03-13,,0.0,7994,1000,0,320,21062,160
11066,2011-03-14,,0.0,6346,1000,0,320,8221,160
11067,2011-03-15,,0.0,7320,1000,0,320,14944,160
11068,2011-03-16,,0.0,4573,1000,5486,320,0,160
11069,2011-03-17,,0.0,14493,1000,0,320,27795,160
11070,2011-03-18,,0.0,10908,1000,0,320,16869,160
11071,2011-03-19,,0.0,4866,1000,0,320,15087,160
11072,2011-03-20,,0.0,4095,1000,5801,320,0,160
11073,2011-03-21,,0.0,6863,1000,0,320,17106,160
11074,2011-03-22,,0.0,6404,1000,0,320,19727,160
11075,2011-03-23,,0.0,12203,1000,0,320,26080,160
11076,2011-03-24,,0.0,6190,1000,7267,320,0,160
11077,2011-03-25,,0.0,4149,1000,5738,320,0,160
11078,2011-03-26,,0.0,12758,1000,7345,320,0,160
11079,2011-03-27,,0.0,13181,1000,0,320,26004,160
11080,2011-03-28,,0.0,4626,1000,0,320,20308,160
11081,2011-03-29,,0.0,5911,1000,0,320,22023,160
11082,2011-03-30,,0.0,7373,1000,5845,320,0,160
11083,2011-03-31,,0.0,10450,1000,0,320,22562,160
11084,2011-04-01,,0.0,7557,1000,4797,320,0,160
11085,2011-04-02,,0.0,3651,1000,4013,320,0,160
11086,2011-04-03,,0.0,15253,1000,0,320,26596,160
11087,2011-04-04,,0.0,5031,1000,0,320,11850,160
11088,2011-04-05,,0.0,9525,1000,0,320,18440,160
11089,2011-04-06,,0.0,7179,1000,0,320,11392,160
11090,2011-04-07,,0.0,8670,1000,0,320,17226,160
11091,2011-04-08,,0.0,26864,1000,0,320,0,160
11092,2011-04-09,,0.0,25247,1000,0,320,35625,160
11093,2011-04-10,,0.0,5026,1000,5997,320,0,160
11094,2011-04-11,,0.0,12725,1000,0,320,21277,160
11095,2011-04-12,,0.0,8428,1000,10497,320,0,160
11096,2011-04-13,,0.0,8481,1000,0,320,12067,160
11097,2011-04-14,,0.0,11795,1000,0,320,15703,160
11098,2011-04-15,,0.0,5941,1000,0,320,12000,160
11099,2011-04-16,,0.0,7643,1000,0,320,14523,160
11100,2011-04-17,,0.0,8847,1000,9487,320,0,160
11101,2011-04-18,,0.0,9308,1000,0,320,22610,160
11102,2011-04-19,,0.0,6608,1000,7033,320,0,160
11103,2011-04-20,,0.0,8397,1000,0,320,20924,160
11104,2011-04-21,,0.0,6876,1000,0,320,15206,160
11105,2011-04-22,,0.0,4269,1000,6818,320,0,160
11106,2011-04-23,,0.0,9399,1000,0,320,21647,160
11107,2011-04-24,,0.0,18309,1000,0,320,25797,160
11108,2011-04-25,,0.0,8688,1000,6629,320,0,160
11109,2011-04-26,,0.0,8461,1000,0,320,0,160
11110,2011-04-27,,0.0,12010,1000,0,320,21706,160
11111,2011-04-28,,0.0,3083,1000,4375,320,0,160
11112,2011-04-29,,0.0,9052,1000,0,320,21720,160
11113,2011-04-30,,0.0,8383,1000,6897,320,0,160
11114,2011-05-01,,0.0,4930,1000,0,320,12713,160
11115,2011-05-02,,0.0,11437,1000,0,320,16343,160
11116,2011-05-03,,0.0,9416,1000,0,320,18588,160
11117,2011-05-04,,0.0,1773,1000,0,320,2939,160
11118,2011-05-05,,0.0,16802,1000,0,320,18854,160
11119,2011-05-06,,0.0,5579,1000,0,320,21482,160
11120,2011-05-07,,0.0,4604,1000,0,320,11225,160
11121,2011-05-08,,0.0,12328,1000,0,320,16752,160
11122,2011-05-09,,0.0,3457,1000,14335,320,0,160
11123,2011-05-10,,0.0,6177,1000,9240,320,0,160
11124,2011-05-11,,0.0,8736,1000,7664,320,0,160
11125,2011-05-12,,0.0,31270,1000,0,320,17647,160
11126,2011-05-13,,0.0,7053,1000,5562,320,0,160
11127,2011-05-14,,0.0,8149,1000,0,320,17444,160
11128,2011-05-15,,0.0,3592,1000,5249,320,0,160
11129,2011-05-16,,0.0,5297,1000,0,320,13248,160
11130,2011-05-17,,0.0,10636,1000,0,320,15711,160
11131,2011-05-18,,0.0,3381,1000,5277,320,0,160
11132,2011-05-19,,0.0,9732,1000,0,320,20251,160
11133,2011-05-20,,0.0,15504,1000,0,320,29781,160
11134,2011-05-21,,0.0,15248,1000,0,320,26196,160
11135,2011-05-22,,0.0,3832,1000,0,320,15154,160
11136,2011-05-23,,0.0,19556,1000,0,320,16891,160
11137,2011-05-24,,0.0,7969,1000,0,320,9729,160
11138,2011-05-25,,0.0,7735,1000,0,320,14380,160
11139,2011-05-26,,0.0,9209,1000,0,320,20908,160
11140,2011-05-27,,0.0,7455,1000,0,320,16787,160
11141,2011-05-28,,0.0,5123,1000,0,320,10005,160
11142,2011-05-29,,0.0,7884,1000,23777,320,0,160
11143,2011-05-30,,0.0,7905,1000,0,320,13277,160
11144,2011-05-31,,0.0,6881,1000,0,320,10997,160
11145,2011-06-01,,0.0,4166,1000,0,320,11616,160
11146,2011-06-02,,0.0,15381,1000,0,320,26066,160
11147,2011-06-03,,0.0,8742,1000,8365,320,0,160
11148,2011-06-04,,0.0,9128,1000,0,320,17953,160
11149,2011-06-05,,0.0,3542,1000,5039,320,0,160
11150,2011-06-06,,0.0,9958,1000,0,320,11055,160
11151,2011-06-07,,0.0,2247,1000,0,320,4763,160
11152,2011-06-08,,0.0,7935,1000,0,320,25830,160
11153,2011-06-09,,0.0,15525,1000,0,320,21739,160
11154,2011-06-10,,0.0,6660,1000,0,320,17686,160
11155,2011-06-11,,0.0,3285,1000,0,320,11485,160
11156,2011-06-12,,0.0,5074,1000,0,320,9346,160
11157,2011-06-13,,0.0,8460,1000,0,320,11320,160
11158,2011-06-14,,0.0,4884,1000,0,320,7020,160
11159,2011-06-15,,0.0,7010,1000,0,320,9575,160
11160,2011-06-16,,0.0,8092,1000,0,320,13905,160
11161,2011-06-17,,0.0,7435,1000,0,320,15227,160
11162,2011-06-18,,0.0,6644,1000,0,320,12829,160
11163,2011-06-19,,0.0,15138,1000,0,320,22244,160
11164,2011-06-20,,0.0,7089,1000,0,320,10533,160
11165,2011-06-21,,0.0,10833,1000,0,320,18589,160
11166,2011-06-22,,0.0,13507,1000,0,320,15154,160
11167,2011-06-23,,0.0,10844,1000,0,320,12402,160
11168,2011-06-24,,0.0,13728,1000,0,320,14777,160
11169,2011-06-25,,0.0,5574,1000,0,320,7037,160
11170,2011-06-26,,0.0,32238,1000,36040,320,0,160
11171,2011-06-27,,0.0,5594,1000,6905,320,0,160
11172,2011-06-28,,0.0,8639,1000,11084,320,0,160
11173,2011-06-29,,0.0,5402,1000,0,320,11638,160
11174,2011-06-30,,0.0,6286,1000,0,320,8884,160
11175,2011-07-01,,0.0,6764,1000,5653,320,0,160
11176,2011-07-02,,0.0,10365,1000,0,320,20924,160
11177,2011-07-03,,0.0,15028,1000,0,320,39135,160
11178,2011-07-04,,0.0,29172,1000,0,320,22270,160
11179,2011-07-05,,0.0,5482,1000,0,320,9127,160
11180,2011-07-06,,0.0,5847,1000,11635,320,0,160
11181,2011-07-07,,0.0,5725,1000,4250,320,0,160
11182,2011-07-08,,0.0,17823,1000,11173,320,0,160
11183,2011-07-09,,0.0,5296,1000,0,320,23706,160
11184,2011-07-10,,0.0,10070,1000,0,320,9793,160
11185,2011-07-11,,0.0,18204,1000,0,320,30860,160
11186,2011-07-12,,0.0,7127,1000,5202,320,0,160
11187,2011-07-13,,0.0,11509,1000,0,320,26839,160
11188,2011-07-14,,0.0,22191,1000,0,320,23997,160
11189,2011-07-15,,0.0,4574,1000,4403,320,0,160
11190,2011-07-16,,0.0,13744,1000,0,320,17625,160
11191,2011-07-17,,0.0,13566,1000,0,320,35935,160
11192,2011-07-18,,0.0,2603,1000,0,320,6311,160
11193,2011-07-19,,0.0,4660,1000,5339,320,0,160
11194,2011-07-20,,0.0,5295,1000,5310,320,0,160
11195,2011-07-21,,0.0,7375,1000,0,320,15524,160
11196,2011-07-22,,0.0,5647,1000,0,320,9416,160
11197,2011-07-23,,0.0,7653,1000,0,320,9689,160
11198,2011-07-24,,0.0,6848,1000,6059,320,0,160
11199,2011-07-25,,0.0,3060,1000,3275,320,0,160
11200,2011-07-26,,0.0,6481,1000,0,320,14163,160
11201,2011-07-27,,0.0,1688,1000,0,320,2942,160
11202,2011-07-28,,0.0,4042,1000,4369,320,0,160
11203,2011-07-29,,0.0,10831,1000,0,320,25946,160
11204,2011-07-30,,0.0,4492,1000,0,320,15616,160
11205,2011-07-31,,0.0,3239,1000,0,320,8771,160
11206,2011-08-01,,0.0,11825,1000,0,320,14877,160
11207,2011-08-02,,0.0,5260,1000,0,320,12088,160
11208,2011-08-03,,0.0,4831,1000,0,320,10755,160
11209,2011-08-04,,0.0,9179,1000,0,320,9478,160
11210,2011-08-05,,0.0,9989,1000,0,320,11282,160
11211,2011-08-06,,0.0,8664,1000,0,320,11852,160
11212,2011-08-07,,0.0,7138,1000,11031,320,0,160
11213,2011-08-08,,0.0,8281,1000,0,320,18014,160
11214,2011-08-09,,0.0,11329,1000,0,320,16295,160
11215,2011-08-10,,0.0,17422,1000,13774,320,0,160
11216,2011-08-11,,0.0,4755,1000,0,320,12585,160
11217,2011-08-12,,0.0,4340,1000,0,320,8111,160
11218,2011-08-13,,0.0,3257,1000,0,320,8079,160
11219,2011-08-14,,0.0,7621,1000,0,320,19317,160
11220,2011-08-15,,0.0,8202,1000,0,320,8639,160
11221,2011-08-16,,0.0,16564,1000,0,320,14421,160
11222,2011-08-17,,0.0,10650,1000,0,320,17132,160
11223,2011-08-18,,0.0,7462,1000,10879,320,0,160
11224,2011-08-19,,0.0,8955,1000,0,320,20654,160
11225,2011-08-20,,0.0,9412,1000,7527,320,0,160
11226,2011-08-21,,0.0,4917,1000,0,320,12863,160
11227,2011-08-22,,0.0,5017,1000,0,320,9757,160
11228,2011-08-23,,0.0,6451,1000,0,320,11460,160
11229,2011-08-24,,0.0,9325,1000,0,320,14051,160
11230,2011-08-25,,0.0,3656,1000,0,320,11638,160
11231,2011-08-26,,0.0,6177,1000,0,320,21759,160
11232,2011-08-27,,0.0,6204,1000,0,320,15706,160
11233,2011-08-28,,0.0,8343,1000,0,320,17975,160
11234,2011-08-29,,0.0,4450,1000,0,320,6714,160
11235,2011-08-30,,0.0,7459,1000,0,320,8825,160
11236,2011-08-31,,0.0,23580,1000,20805,320,0,160
11237,2011-09-01,,0.0,4800,1000,0,320,10220,160
11238,2011-09-02,,0.0,6553,1000,0,320,6145,160
11239,2011-09-03,,0.0,5796,1000,7605,320,0,160
11240,2011-09-04,,0.0,5558,1000,0,320,11908,160
11241,2011-09-05,,0.0,8376,1000,0,320,10336,160
11242,2011-09-06,,0.0,12758,1000,0,320,18300,160
11243,2011-09-07,,0.0,9275,1000,0,320,14053,160
11244,2011-09-08,,0.0,4288,1000,0,320,14418,160
11245,2011-09-09,,0.0,8034,1000,0,320,6881,160
11246,2011-09-10,,0.0,3858,1000,0,320,5735,160
11247,2011-09-11,,0.0,3430,1000,0,320,4552,160
11248,2011-09-12,,0.0,4806,1000,8729,320,0,160
11249,2011-09-13,,0.0,10446,1000,0,320,20318,160
11250,2011-09-14,,0.0,4876,1000,4084,320,0,160
11251,2011-09-15,,0.0,7487,1000,0,320,11481,160
11252,2011-09-16,,0.0,3819,1000,0,320,13229,160
11253,2011-09-17,,0.0,13818,1000,0,320,13817,160
11254,2011-09-18,,0.0,9698,1000,0,320,20886,160
11255,2011-09-19,,0.0,11685,1000,0,320,16850,160
11256,2011-09-20,,0.0,10900,1000,0,320,14006,160
11257,2011-09-21,,0.0,8758,1000,6806,320,0,160
11258,2011-09-22,,0.0,6849,1000,0,320,16486,160
11259,2011-09-23,,0.0,10218,1000,0,320,13622,160
11260,2011-09-24,,0.0,12366,1000,0,320,20956,160
11261,2011-09-25,,0.0,6514,1000,0,320,16288,160
11262,2011-09-26,,0.0,14886,1000,0,320,17394,160
11263,2011-09-27,,0.0,4507,1000,0,320,7443,160
11264,2011-09-28,,0.0,15885,1000,0,320,22826,160
11265,2011-09-29,,0.0,12616,1000,0,320,14613,160
11266,2011-09-30,,0.0,1874,1000,0,320,3601,160
11267,2011-10-01,,0.0,6589,1000,0,320,13628,160
11268,2011-10-02,,0.0,7221,1000,0,320,8622,160
11269,2011-10-03,,0.0,3026,1000,0,320,8247,160
11270,2011-10-04,,0.0,9910,1000,15189,320,0,160
11271,2011-10-05,,0.0,4085,1000,0,320,7578,160
11272,2011-10-06,,0.0,6323,1000,0,320,12349,160
11273,2011-10-07,,0.0,14019,1000,0,320,30396,160
11274,2011-10-08,,0.0,7856,1000,0,320,12871,160
11275,2011-10-09,,0.0,2654,1000,0,320,7823,160
11276,2011-10-10,,0.0,9067,1000,9581,320,0,160
11277,2011-10-11,,0.0,5838,1000,0,320,13451,160
11278,2011-10-12,,0.0,7747,1000,0,320,17156,160
11279,2011-10-13,,0.0,5938,1000,0,320,14078,160
11280,2011-10-14,,0.0,10829,1000,0,320,23793,160
11281,2011-10-15,,0.0,17005,1000,0,320,13286,160
11282,2011-10-16,,0.0,4402,1000,0,320,10740,160
11283,2011-10-17,,0.0,6322,1000,0,320,10042,160
11284,2011-10-18,,0.0,5419,1000,0,320,6303,160
11285,2011-10-19,,0.0,5607,1000,0,320,18973,160
11286,2011-10-20,,0.0,2418,1000,0,320,9222,160
11287,2011-10-21,,0.0,17655,1000,0,320,17301,160
11288,2011-10-22,,0.0,3448,1000,0,320,7004,160
11289,2011-10-23,,0.0,11928,1000,0,320,18645,160
11290,2011-10-24,,0.0,3167,1000,0,320,7886,160
11291,2011-10-25,,0.0,3567,1000,0,320,9580,160
11292,2011-10-26,,0.0,7440,1000,12534,320,0,160
11293,2011-10-27,,0.0,10364,1000,0,320,22658,160
11294,2011-10-28,,0.0,6125,1000,5533,320,0,160
11295,2011-10-29,,0.0,6244,1000,0,320,11799,160
11296,2011-10-30,,0.0,6201,1000,6712,320,0,160
11297,2011-10-31,,0.0,17306,1000,0,320,27894,160
11298,2011-11-01,,0.0,3272,1000,3773,320,0,160
11299,2011-11-02,,0.0,2521,1000,3065,320,0,160
11300,2011-11-03,,0.0,2600,1000,3293,320,0,160
11301,2011-11-04,,0.0,17196,1000,0,320,28217,160
11302,2011-11-05,,0.0,7399,1000,0,320,12846,160
11303,2011-11-06,,0.0,10685,1000,0,320,17486,160
11304,2011-11-07,,0.0,5942,1000,5611,320,0,160
11305,2011-11-08,,0.0,4882,1000,2920,320,0,160
11306,2011-11-09,,0.0,3354,1000,3304,320,0,160
11307,2011-11-10,,0.0,3280,1000,2988,320,0,160
11308,2011-11-11,,0.0,5725,1000,4826,320,0,160
11309,2011-11-12,,0.0,6024,1000,4693,320,0,160
11310,2011-11-13,,0.0,10972,1000,0,320,34827,160
11311,2011-11-14,,0.0,10442,1000,0,320,18847,160
11312,2011-11-15,,0.0,12805,1000,0,320,31723,160
11313,2011-11-16,,0.0,5802,1000,8069,320,0,160
11314,2011-11-17,,0.0,15544,1000,0,320,28962,160
11315,2011-11-18,,0.0,13216,1000,0,320,15710,160
11316,2011-11-19,,0.0,20057,1000,0,320,21670,160
11317,2011-11-20,,0.0,15199,1000,0,320,27887,160
11318,2011-11-21,,0.0,4556,1000,0,320,10976,160
11319,2011-11-22,,0.0,7093,1000,0,320,14208,160
11320,2011-11-23,,0.0,7848,1000,0,320,18110,160
11321,2011-11-24,,0.0,3515,1000,0,320,7190,160
11322,2011-11-25,,0.0,5282,1000,0,320,15205,160
11323,2011-11-26,,0.0,11837,1000,0,320,34766,160
11324,2011-11-27,,0.0,11560,1000,0,320,23634,160
11325,2011-11-28,,0.0,7252,1000,0,320,14980,160
11326,2011-11-29,,0.0,3704,1000,0,320,8855,160
11327,2011-11-30,,0.0,10844,1000,0,320,22694,160
11328,2011-12-01,,0.0,18340,1000,21165,320,0,160
11329,2011-12-02,,0.0,10607,1000,0,320,13381,160
11330,2011-12-03,,0.0,20492,1000,0,320,0,160
11331,2011-12-04,,0.0,7953,1000,0,320,19925,160
11332,2011-12-05,,0.0,6790,1000,0,320,15400,160
11333,2011-12-06,,0.0,16662,1000,0,320,24133,160
11334,2011-12-07,,0.0,9993,1000,0,320,16684,160
11335,2011-12-08,,0.0,27554,1000,0,320,29377,160
11336,2011-12-09,,0.0,17407,1000,14004,320,0,160
11337,2011-12-10,,0.0,6347,1000,0,320,16287,160
11338,2011-12-11,,0.0,10784,1000,0,320,0,160
11339,2011-12-12,,0.0,15136,1000,0,320,18574,160
11340,2011-12-13,,0.0,19622,1000,0,320,27852,160
11341,2011-12-14,,0.0,4256,1000,0,320,17841,160
11342,2011-12-15,,0.0,5149,1000,0,320,8112,160
11343,2011-12-16,,0.0,11199,1000,0,320,25297,160
11344,2011-12-17,,0.0,12104,1000,0,320,14642,160
11345,2011-12-18,,0.0,8209,1000,0,320,13794,160
11346,2011-12-19,,0.0,8464,1000,11189,320,0,160
11347,2011-12-20,,0.0,2445,1000,0,320,7265,160
11348,2011-12-21,,0.0,7152,1000,6597,320,0,160
11349,2011-12-22,,0.0,44228,1000,0,320,0,160
11350,2011-12-23,,0.0,5673,1000,0,320,9658,160
11351,2011-12-24,,0.0,4930,1000,2883,320,0,160
11352,2011-12-25,,0.0,6512,1000,0,320,11112,160
11353,2011-12-26,,0.0,10767,1000,0,320,22032,160
11354,2011-12-27,,0.0,5101,1000,0,320,7225,160
11355,2011-12-28,,0.0,14747,1000,0,320,15061,160
11356,2011-12-29,,0.0,9599,1000,0,320,13329,160
11357,2011-12-30,,0.0,9331,1000,0,320,18742,160
11358,2011-12-31,,0.0,13317,1000,0,320,15955,160
12001,2012-01-01,,0.0,2559,1000,3179,320,0,160
12002,2012-01-02,,0.0,5168,1000,0,320,11376,160
12003,2012-01-03,,0.0,6406,1000,5367,320,0,160
12004,2012-01-04,,0.0,13999,1000,7690,320,0,160
12005,2012-01-05,,0.0,7208,1000,0,320,13925,160
12006,2012-01-06,,0.0,15105,1000,0,320,21935,160
12007,2012-01-07,,0.0,8139,1000,0,320,17159,160
12008,2012-01-08,,0.0,6804,1000,0,320,10178,160
12009,2012-01-09,,0.0,9772,1000,0,320,14631,160
12010,2012-01-10,,0.0,5976,1000,0,320,12296,160
12011,2012-01-11,,0.0,6554,1000,0,320,13172,160
12012,2012-01-12,,0.0,3844,1000,0,320,8024,160
12013,2012-01-13,,0.0,7866,1000,0,320,9115,160
12014,2012-01-14,,0.0,11129,1000,0,320,25257,160
12015,2012-01-15,,0.0,7511,1000,0,320,11850,160
12016,2012-01-16,,0.0,7096,1000,0,320,17947,160
12017,2012-01-17,,0.0,14337,1000,17794,320,0,160
12018,2012-01-18,,0.0,3547,1000,0,320,11524,160
12019,2012-01-19,,0.0,3508,1000,4358,320,0,160
12020,2012-01-20,,0.0,5751,1000,0,320,14437,160
12021,2012-01-21,,0.0,7694,1000,0,320,11789,160
12022,2012-01-29,,0.0,8045,1000,6392,320,0,160
12023,2012-01-30,,0.0,5097,1000,0,320,12540,160
12024,2012-01-31,,0.0,5723,1000,5692,320,0,160
12025,2012-02-01,,0.0,12260,1000,7414,320,0,160
12026,2012-02-02,,0.0,3662,1000,3894,320,0,160
12027,2012-02-03,,0.0,2772,1000,3549,320,0,160
12028,2012-02-04,,0.0,8118,1000,0,320,9626,160
12029,2012-02-05,,0.0,3009,1000,3299,320,0,160
12030,2012-02-06,,0.0,5586,1000,5454,320,0,160
12031,2012-02-07,,0.0,4128,1000,4527,320,0,160
12032,2012-02-08,,0.0,6091,1000,0,320,12831,160
12033,2012-02-09,,0.0,13853,1000,0,320,18999,160
12034,2012-02-10,,0.0,11256,1000,0,320,16156,160
12035,2012-02-11,,0.0,9332,1000,0,320,8894,160
12036,2012-02-12,,0.0,6314,1000,0,320,11308,160
12037,2012-02-13,,0.0,8013,1000,6890,320,0,160
12038,2012-02-14,,0.0,16230,1000,0,320,35450,160
12039,2012-02-15,,0.0,11420,1000,7549,320,0,160
12040,2012-02-16,,0.0,6740,1000,4657,320,0,160
12041,2012-02-17,,0.0,4674,1000,0,320,9438,160
12042,2012-02-18,,0.0,2684,1000,0,320,8692,160
12043,2012-02-19,,0.0,7764,1000,0,320,19574,160
12044,2012-02-20,,0.0,12774,1000,0,320,21775,160
12045,2012-02-21,,0.0,4531,1000,0,320,9664,160
12046,2012-02-22,,0.0,4744,1000,6558,320,0,160
12047,2012-02-23,,0.0,10311,1000,0,320,21874,160
12048,2012-02-24,,0.0,5092,1000,5725,320,0,160
12049,2012-02-25,,0.0,5033,1000,5585,320,0,160
12050,2012-02-26,,0.0,6174,1000,6739,320,0,160
12051,2012-02-27,,0.0,11723,1000,0,320,17418,160
12052,2012-02-28,,0.0,5209,1000,0,320,12440,160
12053,2012-02-29,,0.0,9487,1000,11969,320,0,160
12054,2012-03-01,,0.0,5814,1000,0,320,11412,160
12055,2012-03-02,,0.0,4180,1000,5412,320,0,160
12056,2012-03-03,,0.0,5848,1000,0,320,12395,160
12057,2012-03-04,,0.0,13768,1000,0,320,19494,160
12058,2012-03-05,,0.0,10109,1000,0,320,16889,160
12059,2012-03-06,,0.0,11877,1000,0,320,26253,160
12060,2012-03-07,,0.0,6229,1000,6215,320,0,160
12061,2012-03-08,,0.0,18328,1000,0,320,26311,160
12062,2012-03-09,,0.0,10121,1000,0,320,12924,160
12063,2012-03-10,,0.0,3550,1000,4886,320,0,160
12064,2012-03-11,,0.0,6478,1000,0,320,9761,160
12065,2012-03-12,,0.0,11509,1000,7730,320,0,160
12066,2012-03-13,,0.0,5507,1000,0,320,9920,160
12067,2012-03-14,,0.0,9951,1000,10993,320,0,160
12068,2012-03-15,,0.0,10035,1000,0,320,18459,160
12069,2012-03-16,,0.0,5195,1000,0,320,10587,160
12070,2012-03-17,,0.0,4342,1000,5106,320,0,160
12071,2012-03-18,,0.0,12283,1000,0,320,12394,160
12072,2012-03-19,,0.0,7712,1000,5631,320,0,160
12073,2012-03-20,,0.0,9243,1000,5890,320,0,160
12074,2012-03-21,,0.0,25264,1000,0,320,25074,160
12075,2012-03-22,,0.0,5506,1000,3096,320,0,160
12076,2012-03-23,,0.0,5254,1000,0,320,10732,160
12077,2012-03-24,,0.0,5524,1000,0,320,12691,160
12078,2012-03-25,,0.0,6362,1000,6456,320,0,160
12079,2012-03-26,,0.0,18513,1000,7637,320,0,160
12080,2012-03-27,,0.0,6824,1000,5471,320,0,160
12081,2012-03-28,,0.0,4923,1000,3994,320,0,160
12082,2012-03-29,,0.0,2784,1000,4688,320,0,160
12083,2012-03-30,,0.0,6680,1000,6195,320,0,160
12084,2012-03-31,,0.0,7230,1000,0,320,17521,160
12085,2012-04-01,,0.0,11062,1000,0,320,21899,160
12086,2012-04-02,,0.0,20670,1000,0,320,23697,160
12087,2012-04-03,,0.0,8579,1000,0,320,16182,160
12088,2012-04-04,,0.0,10805,1000,12974,320,0,160
12089,2012-04-05,,0.0,7723,1000,6460,320,0,160
12090,2012-04-06,,0.0,5021,1000,0,320,8515,160
12091,2012-04-07,,0.0,10986,1000,0,320,25048,160
12092,2012-04-08,,0.0,7801,1000,0,320,20700,160
12093,2012-04-09,,0.0,7409,1000,0,320,15899,160
12094,2012-04-10,,0.0,5052,1000,0,320,10403,160
12095,2012-04-11,,0.0,34020,1000,0,320,27882,160
12096,2012-04-12,,0.0,15840,1000,0,320,30328,160
12097,2012-04-13,,0.0,6824,1000,0,320,14550,160
12098,2012-04-14,,0.0,5006,1000,8266,320,0,160
12099,2012-04-15,,0.0,5936,1000,0,320,7872,160
12100,2012-04-16,,0.0,9908,1000,0,320,14932,160
12101,2012-04-17,,0.0,16541,1000,19781,320,0,160
12102,2012-04-18,,0.0,5150,1000,5539,320,0,160
12103,2012-04-19,,0.0,5380,1000,0,320,16380,160
12104,2012-04-20,,0.0,7545,1000,8034,320,0,160
12105,2012-04-21,,0.0,15445,1000,0,320,19840,160
12106,2012-04-22,,0.0,3159,1000,0,320,12327,160
12107,2012-04-23,,0.0,9281,1000,0,320,9193,160
12108,2012-04-24,,0.0,5883,1000,5448,320,0,160
12109,2012-04-25,,0.0,3196,1000,0,320,10646,160
12110,2012-04-26,,0.0,10531,1000,0,320,14201,160
12111,2012-04-27,,0.0,5451,1000,0,320,9657,160
12112,2012-04-28,,0.0,5581,1000,0,320,13605,160
12113,2012-04-29,,0.0,8305,1000,0,320,20569,160
12114,2012-04-30,,0.0,7866,1000,0,320,9577,160
12115,2012-05-01,,0.0,3466,1000,0,320,5179,160
12116,2012-05-02,,0.0,6593,1000,0,320,13909,160
12117,2012-05-03,,0.0,2640,1000,0,320,6109,160
12118,2012-05-04,,0.0,5228,1000,0,320,5969,160
12119,2012-05-05,,0.0,8535,1000,0,320,22678,160
12120,2012-05-06,,0.0,15132,1000,0,320,14131,160
12121,2012-05-07,,0.0,8071,1000,0,320,13685,160
12122,2012-05-08,,0.0,11029,1000,17298,320,0,160
12123,2012-05-09,,0.0,5889,1000,9587,320,0,160
12124,2012-05-10,,0.0,10252,1000,0,320,8343,160
12125,2012-05-11,,0.0,6516,1000,0,320,12460,160
12126,2012-05-12,,0.0,6843,1000,0,320,11424,160
12127,2012-05-13,,0.0,3287,1000,0,320,10059,160
12128,2012-05-14,,0.0,5937,1000,0,320,12305,160
12129,2012-05-15,,0.0,7260,1000,0,320,10341,160
12130,2012-05-16,,0.0,3813,1000,4440,320,0,160
12131,2012-05-17,,0.0,15340,1000,0,320,15041,160
12132,2012-05-18,,0.0,6903,1000,6192,320,0,160
12133,2012-05-19,,0.0,4599,1000,0,320,10224,160
12134,2012-05-20,,0.0,8778,1000,0,320,23110,160
12135,2012-05-21,,0.0,5397,1000,0,320,11560,160
12136,2012-05-22,,0.0,6269,1000,0,320,10650,160
12137,2012-05-23,,0.0,12851,1000,11329,320,0,160
12138,2012-05-24,,0.0,9703,1000,0,320,22117,160
12139,2012-05-25,,0.0,11751,1000,0,320,26179,160
12140,2012-05-26,,0.0,2972,1000,5357,320,0,160
12141,2012-05-27,,0.0,3660,1000,0,320,7717,160
12142,2012-05-28,,0.0,14146,1000,0,320,17296,160
12143,2012-05-29,,0.0,7561,1000,7043,320,0,160
12144,2012-05-30,,0.0,11539,1000,0,320,24207,160
12145,2012-05-31,,0.0,12548,1000,0,320,18844,160
12146,2012-06-01,,0.0,4359,1000,0,320,5229,160
12147,2012-06-02,,0.0,6253,1000,0,320,10457,160
12148,2012-06-03,,0.0,3022,1000,0,320,11090,160
12149,2012-06-04,,0.0,6014,1000,0,320,9931,160
12150,2012-06-05,,0.0,4055,1000,0,320,9973,160
12151,2012-06-06,,0.0,16173,1000,0,320,25622,160
12152,2012-06-07,,0.0,9333,1000,0,320,11158,160
12153,2012-06-08,,0.0,18899,1000,13515,320,0,160
12154,2012-06-09,,0.0,7388,1000,0,320,13403,160
12155,2012-06-10,,0.0,5303,1000,0,320,11693,160
12156,2012-06-11,,0.0,3540,1000,4467,320,0,160
12157,2012-06-12,,0.0,3577,1000,4247,320,0,160
12158,2012-06-13,,0.0,9171,1000,7921,320,0,160
12159,2012-06-14,,0.0,19471,1000,0,320,14216,160
12160,2012-06-15,,0.0,2708,1000,0,320,4743,160
12161,2012-06-16,,0.0,5072,1000,0,320,17238,160
12162,2012-06-17,,0.0,5474,1000,0,320,10100,160
12163,2012-06-18,,0.0,5408,1000,0,320,17699,160
12164,2012-06-19,,0.0,17496,1000,0,320,22451,160
12165,2012-06-20,,0.0,4402,1000,0,320,9445,160
12166,2012-06-21,,0.0,6964,1000,0,320,12087,160
12167,2012-06-22,,0.0,9623,1000,0,320,10842,160
12168,2012-06-23,,0.0,11701,1000,0,320,17294,160
12169,2012-06-24,,0.0,8622,1000,0,320,10624,160
12170,2012-06-25,,0.0,5407,1000,6103,320,0,160
12171,2012-06-26,,0.0,6993,1000,0,320,21892,160
12172,2012-06-27,,0.0,9755,1000,0,320,16051,160
12173,2012-06-28,,0.0,3442,1000,0,320,8643,160
12174,2012-06-29,,0.0,8946,1000,0,320,14356,160
12175,2012-06-30,,0.0,6807,1000,0,320,16258,160
12176,2012-07-01,,0.0,2307,1000,3215,320,0,160
12177,2012-07-02,,0.0,3990,1000,0,320,7887,160
12178,2012-07-03,,0.0,6105,1000,0,320,14644,160
12179,2012-07-04,,0.0,13511,1000,0,320,12226,160
12180,2012-07-05,,0.0,9037,1000,6497,320,0,160
12181,2012-07-06,,0.0,4628,1000,0,320,15277,160
12182,2012-07-07,,0.0,16524,1000,0,320,17861,160
12183,2012-07-08,,0.0,3083,1000,0,320,11045,160
12184,2012-07-09,,0.0,10687,1000,0,320,13235,160
12185,2012-07-10,,0.0,3394,1000,0,320,10639,160
12186,2012-07-11,,0.0,7525,1000,0,320,14812,160
12187,2012-07-12,,0.0,6014,1000,0,320,15017,160
12188,2012-07-13,,0.0,7319,1000,0,320,12777,160
12189,2012-07-14,,0.0,11071,1000,0,320,19705,160
12190,2012-07-15,,0.0,3481,1000,5528,320,0,160
12191,2012-07-16,,0.0,12847,1000,0,320,16135,160
12192,2012-07-17,,0.0,9129,1000,0,320,24494,160
12193,2012-07-18,,0.0,14057,1000,0,320,18227,160
12194,2012-07-19,,0.0,8990,1000,0,320,13620,160
12195,2012-07-20,,0.0,3085,1000,0,320,6362,160
12196,2012-07-21,,0.0,4199,1000,5819,320,0,160
12197,2012-07-22,,0.0,7217,1000,0,320,20463,160
12198,2012-07-23,,0.0,3538,1000,2679,320,0,160
12199,2012-07-24,,0.0,5964,1000,0,320,10700,160
12200,2012-07-25,,0.0,4981,1000,4216,320,0,160
12201,2012-07-26,,0.0,7244,1000,0,320,13875,160
12202,2012-07-27,,0.0,3940,1000,0,320,6950,160
12203,2012-07-28,,0.0,4760,1000,0,320,18700,160
12204,2012-07-29,,0.0,9215,1000,0,320,8328,160
12205,2012-07-30,,0.0,6715,1000,0,320,11197,160
12206,2012-07-31,,0.0,7495,1000,0,320,13287,160
12207,2012-08-01,,0.0,6450,1000,0,320,7168,160
12208,2012-08-02,,0.0,7733,1000,8362,320,0,160
12209,2012-08-03,,0.0,6457,1000,5567,320,0,160
12210,2012-08-04,,0.0,11499,1000,0,320,13086,160
12211,2012-08-05,,0.0,4658,1000,0,320,9484,160
12212,2012-08-06,,0.0,5327,1000,6069,320,0,160
12213,2012-08-07,,0.0,16334,1000,0,320,25503,160
12214,2012-08-08,,0.0,3568,1000,0,320,6591,160
12215,2012-08-09,,0.0,22126,1000,0,320,24393,160
12216,2012-08-10,,0.0,6729,1000,7730,320,0,160
12217,2012-08-11,,0.0,4095,1000,0,320,11289,160
12218,2012-08-12,,0.0,3355,1000,0,320,4940,160
12219,2012-08-13,,0.0,8574,1000,0,320,20493,160
12220,2012-08-14,,0.0,5939,1000,7895,320,0,160
12221,2012-08-15,,0.0,3605,1000,5256,320,0,160
12222,2012-08-16,,0.0,5857,1000,0,320,10474,160
12223,2012-08-17,,0.0,3841,1000,0,320,9140,160
12224,2012-08-18,,0.0,4204,1000,0,320,6335,160
12225,2012-08-19,,0.0,11538,1000,0,320,15281,160
12226,2012-08-20,,0.0,4355,1000,6491,320,0,160
12227,2012-08-21,,0.0,9021,1000,0,320,14309,160
12228,2012-08-22,,0.0,2389,1000,0,320,7620,160
12229,2012-08-23,,0.0,3485,1000,0,320,8479,160
12230,2012-08-24,,0.0,8666,1000,9100,320,0,160
12231,2012-08-25,,0.0,6708,1000,0,320,22375,160
12232,2012-08-26,,0.0,8436,1000,0,320,11571,160
12233,2012-08-27,,0.0,7372,1000,0,320,14958,160
12234,2012-08-28,,0.0,4314,1000,7829,320,0,160
12235,2012-08-29,,0.0,4683,1000,0,320,6992,160
12236,2012-08-30,,0.0,9274,1000,10677,320,0,160
12237,2012-08-31,,0.0,6528,1000,0,320,13742,160
12238,2012-09-01,,0.0,2201,1000,0,320,5199,160
12239,2012-09-02,,0.0,2202,1000,0,320,5768,160
12240,2012-09-03,,0.0,1381,1000,0,320,6741,160
12241,2012-09-04,,0.0,10984,1000,0,320,8256,160
12242,2012-09-05,,0.0,7010,1000,0,320,14538,160
12243,2012-09-06,,0.0,8043,1000,0,320,14100,160
12244,2012-09-07,,0.0,7626,1000,0,320,12279,160
12245,2012-09-08,,0.0,5064,1000,21447,320,0,160
12246,2012-09-09,,0.0,16031,1000,0,320,18746,160
12247,2012-09-10,,0.0,4650,1000,3595,320,0,160
12248,2012-09-11,,0.0,5225,1000,0,320,7870,160
12249,2012-09-12,,0.0,6524,1000,7406,320,0,160
12250,2012-09-13,,0.0,72485,1000,0,320,0,160
12251,2012-09-14,,0.0,7648,1000,0,320,9438,160
12252,2012-09-15,,0.0,4797,1000,0,320,12260,160
12253,2012-09-16,,0.0,4575,1000,0,320,9645,160
12254,2012-09-17,,0.0,6869,1000,0,320,10550,160
12255,2012-09-18,,0.0,5964,1000,11117,320,0,160
12256,2012-09-19,,0.0,3965,1000,0,320,9380,160
12257,2012-09-20,,0.0,10798,1000,9927,320,0,160
12258,2012-09-21,,0.0,4713,1000,0,320,13929,160
12259,2012-09-22,,0.0,3610,1000,0,320,10298,160
12260,2012-09-23,,0.0,7940,1000,0,320,16675,160
12261,2012-09-24,,0.0,11447,1000,9756,320,0,160
12262,2012-09-25,,0.0,6897,1000,0,320,9576,160
12263,2012-09-26,,0.0,5635,1000,0,320,15543,160
12264,2012-09-27,,0.0,3512,1000,0,320,7490,160
12265,2012-09-28,,0.0,8057,1000,0,320,12257,160
12266,2012-09-29,,0.0,4582,1000,7601,320,0,160
12267,2012-09-30,,0.0,4106,1000,5169,320,0,160
12268,2012-10-01,,0.0,4216,1000,0,320,5895,160
12269,2012-10-02,,0.0,3356,1000,0,320,10978,160
12270,2012-10-03,,0.0,8129,1000,0,320,7568,160
12271,2012-10-04,,0.0,3304,1000,5273,320,0,160
12272,2012-10-05,,0.0,5070,1000,0,320,16680,160
12273,2012-10-06,,0.0,4839,1000,0,320,9068,160
12274,2012-10-07,,0.0,7844,1000,0,320,8952,160
12275,2012-10-08,,0.0,5890,1000,0,320,12233,160
12276,2012-10-09,,0.0,9636,1000,0,320,15623,160
12277,2012-10-10,,0.0,5765,1000,5650,320,0,160
12278,2012-10-11,,0.0,11695,1000,9976,320,0,160
12279,2012-10-12,,0.0,6978,1000,0,320,17550,160
12280,2012-10-13,,0.0,2928,1000,0,320,6237,160
12281,2012-10-14,,0.0,3835,1000,0,320,7245,160
12282,2012-10-15,,0.0,4319,1000,3929,320,0,160
12283,2012-10-16,,0.0,6350,1000,0,320,16096,160
12284,2012-10-17,,0.0,6523,1000,0,320,8389,160
12285,2012-10-18,,0.0,4799,1000,0,320,2557,160
12286,2012-10-19,,0.0,5457,1000,5668,320,0,160
12287,2012-10-20,,0.0,8738,1000,0,320,12412,160
12288,2012-10-21,,0.0,6447,1000,0,320,14589,160
12289,2012-10-22,,0.0,8187,1000,10570,320,0,160
12290,2012-10-23,,0.0,3489,1000,0,320,20087,160
12291,2012-10-24,,0.0,3044,1000,0,320,6739,160
12292,2012-10-25,,0.0,14321,1000,0,320,17676,160
12293,2012-10-26,,0.0,3562,1000,0,320,10806,160
12294,2012-10-27,,0.0,6960,1000,0,320,11837,160
12295,2012-10-28,,0.0,6415,1000,0,320,18754,160
12296,2012-10-29,,0.0,7394,1000,0,320,12462,160
12297,2012-10-30,,0.0,7181,1000,0,320,8840,160
12298,2012-10-31,,0.0,6293,1000,12218,320,0,160
12299,2012-11-01,,0.0,6019,1000,0,320,13228,160
12300,2012-11-02,,0.0,7213,1000,0,320,13474,160
12301,2012-11-03,,0.0,5133,1000,0,320,6843,160
12302,2012-11-04,,0.0,5155,1000,5456,320,0,160
12303,2012-11-05,,0.0,3239,1000,3334,320,0,160
12304,2012-11-06,,0.0,10681,1000,0,320,17879,160
12305,2012-11-07,,0.0,6262,1000,0,320,10824,160
12306,2012-11-08,,0.0,6965,1000,7037,320,0,160
12307,2012-11-09,,0.0,4797,1000,0,320,17544,160
12308,2012-11-10,,0.0,6073,1000,5115,320,0,160
12309,2012-11-11,,0.0,5066,1000,0,320,16801,160
12310,2012-11-12,,0.0,4186,1000,5206,320,0,160
12311,2012-11-13,,0.0,1226,1000,1078,320,0,160
12312,2012-11-14,,0.0,5475,1000,0,320,10102,160
12313,2012-11-15,,0.0,34922,1000,0,320,31043,160
12314,2012-11-16,,0.0,5567,1000,0,320,16009,160
12315,2012-11-17,,0.0,3420,1000,4379,320,0,160
12316,2012-11-18,,0.0,7957,1000,0,320,8755,160
12317,2012-11-19,,0.0,3513,1000,4881,320,0,160
12318,2012-11-20,,0.0,10810,1000,0,320,18857,160
12319,2012-11-21,,0.0,4412,1000,0,320,7659,160
12320,2012-11-22,,0.0,8401,1000,7891,320,0,160
12321,2012-11-23,,0.0,5773,1000,3783,320,0,160
12322,2012-11-24,,0.0,10681,1000,0,320,14155,160
12323,2012-11-25,,0.0,5099,1000,4744,320,0,160
12324,2012-11-26,,0.0,17180,1000,0,320,0,160
12325,2012-11-27,,0.0,9237,1000,0,320,13710,160
12326,2012-11-28,,0.0,7259,1000,0,320,12162,160
12327,2012-11-29,,0.0,2570,1000,3384,320,0,160
12328,2012-11-30,,0.0,5702,1000,0,320,11074,160
12329,2012-12-01,,0.0,2403,1000,4028,320,0,160
12330,2012-12-02,,0.0,5204,1000,0,320,11664,160
12331,2012-12-03,,0.0,5414,1000,0,320,14032,160
12332,2012-12-04,,0.0,10703,1000,5228,320,0,160
12333,2012-12-05,,0.0,3053,1000,0,320,10159,160
12334,2012-12-06,,0.0,3659,1000,0,320,9809,160
12335,2012-12-07,,0.0,9248,1000,0,320,15753,160
12336,2012-12-08,,0.0,6211,1000,7765,320,0,160
12337,2012-12-09,,0.0,5899,1000,0,320,10668,160
12338,2012-12-10,,0.0,6244,1000,5957,320,0,160
12339,2012-12-11,,0.0,7234,1000,0,320,12515,160
12340,2012-12-12,,0.0,4817,1000,0,320,16360,160
12341,2012-12-13,,0.0,5402,1000,0,320,5020,160
12342,2012-12-14,,0.0,2624,1000,0,320,6665,160
12343,2012-12-15,,0.0,3858,1000,5671,320,0,160
12344,2012-12-16,,0.0,2688,1000,3717,320,0,160
12345,2012-12-17,,0.0,7275,1000,0,320,14323,160
12346,2012-12-18,,0.0,5954,1000,0,320,17175,160
12347,2012-12-19,,0.0,5338,1000,0,320,9824,160
12348,2012-12-20,,0.0,7942,1000,0,320,14682,160
12349,2012-12-21,,0.0,2274,1000,0,320,5094,160
12350,2012-12-22,,0.0,9000,1000,0,320,23831,160
12351,2012-12-23,,0.0,21224,1000,16460,320,0,160
12352,2012-12-24,,0.0,4620,1000,5768,320,0,160
12353,2012-12-25,,0.0,8260,1000,0,320,9521,160
12354,2012-12-26,,0.0,19414,1000,0,320,19500,160
12355,2012-12-27,,0.0,10507,1000,0,320,15884,160
12356,2012-12-28,,0.0,3687,1000,0,320,13049,160
12357,2012-12-29,,0.0,9255,1000,0,320,0,160
12358,2012-12-30,,0.0,6733,1000,0,320,8968,160
12359,2012-12-31,,0.0,5093,1000,0,320,10513,160
13001,2013-01-01,,0.0,5447,1000,0,320,10607,160
13002,2013-01-02,,0.0,3033,1000,4742,320,0,160
13003,2013-01-03,,0.0,3717,1000,0,320,9251,160
13004,2013-01-04,,0.0,3127,1000,0,320,8512,160
13005,2013-01-05,,0.0,9014,1000,0,320,9343,160
13006,2013-01-06,,0.0,21841,1000,0,320,36566,160
13007,2013-01-07,,0.0,13536,1000,11521,320,0,160
13008,2013-01-08,,0.0,3087,1000,2812,320,0,160
13009,2013-01-09,,0.0,7246,1000,0,320,22815,160
13010,2013-01-10,,0.0,5425,1000,5445,320,0,160
13011,2013-01-11,,0.0,6783,1000,0,320,14009,160
13012,2013-01-12,,0.0,10983,1000,0,320,11738,160
13013,2013-01-13,,0.0,5287,1000,5656,320,0,160
13014,2013-01-14,,0.0,4781,1000,5640,320,0,160
13015,2013-01-15,,0.0,11494,1000,0,320,17669,160
13016,2013-01-16,,0.0,9334,1000,0,320,11183,160
13017,2013-01-17,,0.0,9371,1000,0,320,17289,160
13018,2013-01-18,,0.0,11109,1000,0,320,16290,160
13019,2013-01-19,,0.0,15764,1000,0,320,21931,160
13020,2013-01-20,,0.0,7317,1000,0,320,10975,160
13021,2013-01-21,,0.0,6653,1000,0,320,9408,160
13022,2013-01-22,,0.0,6339,1000,17604,320,0,160
13023,2013-01-23,,0.0,11115,1000,0,320,15285,160
13024,2013-01-24,,0.0,9122,1000,0,320,22518,160
13025,2013-01-25,,0.0,5614,1000,7246,320,0,160
13026,2013-01-26,,0.0,3795,1000,0,320,6089,160
13027,2013-01-27,,0.0,6537,1000,0,320,12903,160
13028,2013-01-28,,0.0,4376,1000,0,320,11684,160
13029,2013-01-29,,0.0,3719,1000,5575,320,0,160
13030,2013-01-30,,0.0,13553,1000,0,320,21781,160
13031,2013-01-31,,0.0,3882,1000,0,320,6632,160
13032,2013-02-01,,0.0,8494,1000,7124,320,0,160
13033,2013-02-02,,0.0,14954,1000,0,320,18251,160
13034,2013-02-03,,0.0,3443,1000,0,320,8583,160
13035,2013-02-04,,0.0,9646,1000,8368,320,0,160
13036,2013-02-05,,0.0,7371,1000,0,320,13988,160
13037,2013-02-06,,0.0,10776,1000,0,320,17810,160
13038,2013-02-07,,0.0,4557,1000,0,320,7454,160
13039,2013-02-08,,0.0,4584,1000,5915,320,0,160
13040,2013-02-16,,0.0,5448,1000,3096,320,0,160
13041,2013-02-17,,0.0,3567,1000,0,320,7944,160
13042,2013-02-18,,0.0,7890,1000,0,320,14912,160
13043,2013-02-19,,0.0,8683,1000,0,320,10070,160
13044,2013-02-20,,0.0,4584,1000,0,320,11070,160
13045,2013-02-21,,0.0,6918,1000,9347,320,0,160
13046,2013-02-22,,0.0,5302,1000,7178,320,0,160
13047,2013-02-23,,0.0,3822,1000,0,320,7147,160
13048,2013-02-24,,0.0,5876,1000,0,320,14493,160
13049,2013-02-25,,0.0,12970,1000,0,320,12182,160
13050,2013-02-26,,0.0,2144,1000,3815,320,0,160
13051,2013-02-27,,0.0,7309,1000,0,320,10393,160
13052,2013-02-28,,0.0,1902,1000,0,320,6421,160
13053,2013-03-01,,0.0,3712,1000,4010,320,0,160
13054,2013-03-02,,0.0,4365,1000,0,320,9384,160
13055,2013-03-03,,0.0,3478,1000,0,320,8197,160
13056,2013-03-04,,0.0,9499,1000,0,320,20371,160
13057,2013-03-05,,0.0,9079,1000,0,320,17695,160
13058,2013-03-06,,0.0,11318,1000,0,320,15823,160
13059,2013-03-07,,0.0,5317,1000,0,320,10803,160
13060,2013-03-08,,0.0,6314,1000,0,320,6117,160
13061,2013-03-09,,0.0,10683,1000,0,320,11744,160
13062,2013-03-10,,0.0,3961,1000,0,320,7610,160
13063,2013-03-11,,0.0,4452,1000,10060,320,0,160
13064,2013-03-12,,0.0,20595,1000,0,320,28510,160
13065,2013-03-13,,0.0,19783,1000,0,320,0,160
13066,2013-03-14,,0.0,8393,1000,0,320,12009,160
13067,2013-03-15,,0.0,7885,1000,4751,320,0,160
13068,2013-03-16,,0.0,1586,1000,2371,320,0,160
13069,2013-03-17,,0.0,6332,1000,4436,320,0,160
13070,2013-03-18,,0.0,4162,1000,0,320,7119,160
13071,2013-03-19,,0.0,5496,1000,2786,320,0,160
13072,2013-03-20,,0.0,3569,1000,4015,320,0,160
13073,2013-03-21,,0.0,3173,1000,0,320,7976,160
13074,2013-03-22,,0.0,9093,1000,5704,320,0,160
13075,2013-03-23,,0.0,4884,1000,0,320,12934,160
13076,2013-03-24,,0.0,4423,1000,3974,320,0,160
13077,2013-03-25,,0.0,5710,1000,5365,320,0,160
13078,2013-03-26,,0.0,15529,1000,0,320,0,160
13079,2013-03-27,,0.0,5127,1000,0,320,6895,160
13080,2013-03-28,,0.0,17989,1000,0,320,24806,160
13081,2013-03-29,,0.0,5652,1000,0,320,11679,160
13082,2013-03-30,,0.0,6733,1000,0,320,20126,160
13083,2013-03-31,,0.0,6416,1000,0,320,11215,160
13084,2013-04-01,,0.0,7897,1000,0,320,6286,160
13085,2013-04-02,,0.0,3239,1000,0,320,4589,160
13086,2013-04-03,,0.0,8083,1000,0,320,13034,160
13087,2013-04-04,,0.0,5606,1000,6504,320,0,160
13088,2013-04-05,,0.0,6617,1000,0,320,8066,160
13089,2013-04-06,,0.0,2469,1000,2270,320,0,160
13090,2013-04-07,,0.0,6205,1000,0,320,12246,160
13091,2013-04-08,,0.0,3547,1000,5077,320,0,160
13092,2013-04-09,,0.0,13945,1000,0,320,16097,160
13093,2013-04-10,,0.0,9988,1000,0,320,16476,160
13094,2013-04-11,,0.0,5608,1000,0,320,11117,160
13095,2013-04-12,,0.0,2222,1000,0,320,4354,160
13096,2013-04-13,,0.0,3841,1000,0,320,16588,160
13097,2013-04-14,,0.0,6055,1000,0,320,8421,160
13098,2013-04-15,,0.0,4067,1000,0,320,6747,160
13099,2013-04-16,,0.0,5868,1000,0,320,10555,160
13100,2013-04-17,,0.0,22702,1000,0,320,17798,160
13101,2013-04-18,,0.0,8301,1000,0,320,17646,160
13102,2013-04-19,,0.0,3344,1000,0,320,9730,160
13103,2013-04-20,,0.0,5261,1000,9688,320,0,160
13104,2013-04-21,,0.0,8564,1000,0,320,16201,160
13105,2013-04-22,,0.0,3666,1000,0,320,7493,160
13106,2013-04-23,,0.0,4282,1000,5539,320,0,160
13107,2013-04-24,,0.0,6382,1000,0,320,12110,160
13108,2013-04-25,,0.0,3057,1000,0,320,7642,160
13109,2013-04-26,,0.0,4234,1000,0,320,7936,160
13110,2013-04-27,,0.0,3985,1000,0,320,13914,160
13111,2013-04-28,,0.0,4595,1000,5255,320,0,160
13112,2013-04-29,,0.0,5246,1000,4223,320,0,160
13113,2013-04-30,,0.0,5844,1000,0,320,15061,160
13114,2013-05-01,,0.0,9609,1000,0,320,10203,160
13115,2013-05-02,,0.0,4509,1000,4765,320,0,160
13116,2013-05-03,,0.0,3443,1000,0,320,10147,160
13117,2013-05-04,,0.0,13806,1000,0,320,12350,160
13118,2013-05-05,,0.0,6090,1000,0,320,8008,160
13119,2013-05-06,,0.0,9060,1000,11261,320,0,160
13120,2013-05-07,,0.0,2888,1000,0,320,5505,160
13121,2013-05-08,,0.0,4931,1000,4975,320,0,160
13122,2013-05-09,,0.0,3847,1000,5244,320,0,160
13123,2013-05-10,,0.0,3212,1000,0,320,6078,160
13124,2013-05-11,,0.0,3234,1000,4310,320,0,160
13125,2013-05-12,,0.0,3452,1000,3437,320,0,160
13126,2013-05-13,,0.0,5045,1000,0,320,6177,160
13127,2013-05-14,,0.0,3657,1000,0,320,6430,160
13128,2013-05-15,,0.0,4816,1000,0,320,11371,160
13129,2013-05-16,,0.0,2391,1000,0,320,6477,160
13130,2013-05-17,,0.0,2194,1000,0,320,7115,160
13131,2013-05-18,,0.0,8937,1000,0,320,8757,160
13132,2013-05-19,,0.0,5727,1000,0,320,8561,160
13133,2013-05-20,,0.0,3646,1000,5520,320,0,160
13134,2013-05-21,,0.0,4942,1000,0,320,6870,160
13135,2013-05-22,,0.0,9553,1000,0,320,14934,160
13136,2013-05-23,,0.0,12265,1000,0,320,24682,160
13137,2013-05-24,,0.0,4198,1000,0,320,7748,160
13138,2013-05-25,,0.0,3843,1000,4541,320,0,160
13139,2013-05-26,,0.0,3701,1000,0,320,11770,160
13140,2013-05-27,,0.0,11713,1000,0,320,17939,160
13141,2013-05-28,,0.0,7262,1000,0,320,16112,160
13142,2013-05-29,,0.0,14094,1000,0,320,14511,160
13143,2013-05-30,,0.0,7671,1000,0,320,13524,160
13144,2013-05-31,,0.0,4301,1000,0,320,8294,160
13145,2013-06-01,,0.0,3340,1000,0,320,6706,160
13146,2013-06-02,,0.0,7591,1000,0,320,6538,160
13147,2013-06-03,,0.0,7654,1000,9110,320,0,160
13148,2013-06-04,,0.0,8174,1000,0,320,14551,160
13149,2013-06-05,,0.0,8605,1000,0,320,16540,160
13150,2013-06-06,,0.0,3429,1000,0,320,7685,160
13151,2013-06-07,,0.0,4533,1000,0,320,10678,160
13152,2013-06-08,,0.0,12179,1000,0,320,19912,160
13153,2013-06-09,,0.0,2870,1000,0,320,7792,160
13154,2013-06-10,,0.0,7143,1000,0,320,15631,160
13155,2013-06-11,,0.0,4230,1000,0,320,8720,160
13156,2013-06-12,,0.0,5909,1000,0,320,11009,160
13157,2013-06-13,,0.0,5097,1000,8001,320,0,160
13158,2013-06-14,,0.0,3664,1000,0,320,11466,160
13159,2013-06-15,,0.0,3478,1000,4695,320,0,160
13160,2013-06-16,,0.0,7473,1000,0,320,9562,160
13161,2013-06-17,,0.0,6234,1000,6629,320,0,160
13162,2013-06-18,,0.0,4489,1000,4251,320,0,160
13163,2013-06-19,,0.0,3603,1000,0,320,7197,160
13164,2013-06-20,,0.0,4175,1000,0,320,7452,160
13165,2013-06-21,,0.0,3150,1000,0,320,7984,160
13166,2013-06-22,,0.0,11338,1000,0,320,0,160
13167,2013-06-23,,0.0,2868,1000,0,320,6910,160
13168,2013-06-24,,0.0,3199,1000,4825,320,0,160
13169,2013-06-25,,0.0,6270,1000,0,320,14646,160
13170,2013-06-26,,0.0,6452,1000,0,320,10713,160
13171,2013-06-27,,0.0,4330,1000,0,320,7582,160
13172,2013-06-28,,0.0,5927,1000,0,320,9664,160
13173,2013-06-29,,0.0,7213,1000,0,320,12473,160
13174,2013-06-30,,0.0,3864,1000,0,320,6992,160
13175,2013-07-01,,0.0,11793,1000,0,320,14952,160
13176,2013-07-02,,0.0,2609,1000,0,320,7779,160
13177,2013-07-03,,0.0,6806,1000,0,320,13400,160
13178,2013-07-04,,0.0,7505,1000,0,320,7598,160
13179,2013-07-05,,0.0,4377,1000,9010,320,0,160
13180,2013-07-06,,0.0,3625,1000,3797,320,0,160
13181,2013-07-07,,0.0,8928,1000,0,320,9891,160
13182,2013-07-08,,0.0,3520,1000,0,320,9036,160
13183,2013-07-09,,0.0,7157,1000,0,320,16116,160
13184,2013-07-10,,0.0,3855,1000,0,320,7503,160
13185,2013-07-11,,0.0,6310,1000,0,320,8215,160
13186,2013-07-12,,0.0,3722,1000,0,320,6865,160
13187,2013-07-13,,0.0,3649,1000,5654,320,0,160
13188,2013-07-14,,0.0,12130,1000,0,320,16176,160
13189,2013-07-15,,0.0,8766,1000,0,320,5183,160
13190,2013-07-16,,0.0,6527,1000,0,320,12475,160
13191,2013-07-17,,0.0,13752,1000,0,320,19987,160
13192,2013-07-18,,0.0,7318,1000,5222,320,0,160
13193,2013-07-19,,0.0,5198,1000,4874,320,0,160
13194,2013-07-20,,0.0,7830,1000,0,320,11322,160
13195,2013-07-21,,0.0,2268,1000,2474,320,0,160
13196,2013-07-22,,0.0,8521,1000,0,320,0,160
13197,2013-07-23,,0.0,2307,1000,0,320,5839,160
13198,2013-07-24,,0.0,4523,1000,4640,320,0,160
13199,2013-07-25,,0.0,4328,1000,4689,320,0,160
13200,2013-07-26,,0.0,4291,1000,0,320,9772,160
13201,2013-07-27,,0.0,3447,1000,4374,320,0,160
13202,2013-07-28,,0.0,8717,1000,0,320,19744,160
13203,2013-07-29,,0.0,4322,1000,0,320,7829,160
13204,2013-07-30,,0.0,6794,1000,5527,320,0,160
13205,2013-07-31,,0.0,19454,1000,0,320,14925,160
13206,2013-08-01,,0.0,2313,1000,0,320,5455,160
13207,2013-08-02,,0.0,5627,1000,4548,320,0,160
13208,2013-08-03,,0.0,4356,1000,0,320,6345,160
13209,2013-08-04,,0.0,9864,1000,0,320,14983,160
13210,2013-08-05,,0.0,5028,1000,0,320,9907,160
13211,2013-08-06,,0.0,7731,1000,0,320,22378,160
13212,2013-08-07,,0.0,3545,1000,0,320,5086,160
13213,2013-08-08,,0.0,6294,1000,6637,320,0,160
13214,2013-08-09,,0.0,3397,1000,4137,320,0,160
13215,2013-08-10,,0.0,6448,1000,0,320,11624,160
13216,2013-08-11,,0.0,2874,1000,2525,320,0,160
13217,2013-08-12,,0.0,5673,1000,5270,320,0,160
13218,2013-08-13,,0.0,14867,1000,0,320,18571,160
13219,2013-08-14,,0.0,5237,1000,0,320,12711,160
13220,2013-08-15,,0.0,4405,1000,3957,320,0,160
13221,2013-08-16,,0.0,6095,1000,0,320,16440,160
13222,2013-08-17,,0.0,2890,1000,0,320,8051,160
13223,2013-08-18,,0.0,6704,1000,0,320,9901,160
13224,2013-08-19,,0.0,14099,1000,0,320,0,160
13225,2013-08-20,,0.0,7115,1000,0,320,9419,160
13226,2013-08-21,,0.0,3462,1000,0,320,7313,160
13227,2013-08-22,,0.0,7436,1000,6406,320,0,160
13228,2013-08-23,,0.0,5784,1000,0,320,13568,160
13229,2013-08-24,,0.0,5949,1000,0,320,5865,160
13230,2013-08-25,,0.0,3290,1000,0,320,6884,160
13231,2013-08-26,,0.0,5195,1000,0,320,9226,160
13232,2013-08-27,,0.0,13108,1000,0,320,18664,160
13233,2013-08-28,,0.0,3446,1000,5011,320,0,160
13234,2013-08-29,,0.0,9466,1000,6431,320,0,160
13235,2013-08-30,,0.0,6474,1000,3436,320,0,160
13236,2013-08-31,,0.0,3009,1000,3003,320,0,160
13237,2013-09-01,,0.0,7527,1000,0,320,14361,160
13238,2013-09-02,,0.0,7009,1000,0,320,16875,160
13239,2013-09-03,,0.0,2399,1000,0,320,7088,160
13240,2013-09-04,,0.0,4843,1000,0,320,16935,160
13241,2013-09-05,,0.0,5960,1000,4980,320,0,160
13242,2013-09-06,,0.0,5700,1000,5024,320,0,160
13243,2013-09-07,,0.0,3346,1000,0,320,10741,160
13244,2013-09-08,,0.0,5898,1000,0,320,10595,160
13245,2013-09-09,,0.0,5821,1000,0,320,9580,160
13246,2013-09-10,,0.0,5345,1000,0,320,13823,160
13247,2013-09-11,,0.0,4696,1000,0,320,15194,160
13248,2013-09-12,,0.0,4927,1000,8660,320,0,160
13249,2013-09-13,,0.0,4430,1000,0,320,12844,160
13250,2013-09-14,,0.0,9029,1000,0,320,10999,160
13251,2013-09-15,,0.0,3708,1000,0,320,10277,160
13252,2013-09-16,,0.0,8312,1000,0,320,15170,160
13253,2013-09-17,,0.0,3713,1000,0,320,7619,160
13254,2013-09-18,,0.0,10474,1000,9162,320,0,160
13255,2013-09-19,,0.0,8266,1000,0,320,9557,160
13256,2013-09-20,,0.0,4105,1000,0,320,10600,160
13257,2013-09-21,,0.0,5327,1000,0,320,10318,160
13258,2013-09-22,,0.0,5587,1000,0,320,10035,160
13259,2013-09-23,,0.0,6911,1000,7291,320,0,160
13260,2013-09-24,,0.0,4042,1000,0,320,11865,160
13261,2013-09-25,,0.0,20987,1000,0,320,25765,160
13262,2013-09-26,,0.0,5244,1000,5766,320,0,160
13263,2013-09-27,,0.0,3666,1000,0,320,8592,160
13264,2013-09-28,,0.0,2996,1000,0,320,5144,160
13265,2013-09-29,,0.0,3835,1000,0,320,12468,160
13266,2013-09-30,,0.0,3953,1000,0,320,10301,160
13267,2013-10-01,,0.0,5413,1000,0,320,10904,160
13268,2013-10-02,,0.0,8525,1000,0,320,12725,160
13269,2013-10-03,,0.0,3661,1000,0,320,7113,160
13270,2013-10-04,,0.0,4565,1000,0,320,8120,160
13271,2013-10-05,,0.0,5042,1000,0,320,8874,160
13272,2013-10-06,,0.0,3548,1000,0,320,6812,160
13273,2013-10-07,,0.0,9324,1000,0,320,18599,160
13274,2013-10-08,,0.0,4088,1000,0,320,13473,160
13275,2013-10-09,,0.0,5846,1000,0,320,6931,160
13276,2013-10-10,,0.0,4558,1000,0,320,8345,160
13277,2013-10-11,,0.0,4426,1000,0,320,7682,160
13278,2013-10-12,,0.0,11672,1000,18132,320,0,160
13279,2013-10-13,,0.0,8344,1000,8433,320,0,160
13280,2013-10-14,,0.0,3937,1000,4752,320,0,160
13281,2013-10-15,,0.0,4279,1000,4448,320,0,160
13282,2013-10-16,,0.0,2953,1000,0,320,7586,160
13283,2013-10-17,,0.0,6711,1000,0,320,11459,160
13284,2013-10-18,,0.0,8520,1000,0,320,13608,160
13285,2013-10-19,,0.0,5848,1000,0,320,9455,160
13286,2013-10-20,,0.0,8384,1000,0,320,13181,160
13287,2013-10-21,,0.0,7325,1000,7910,320,0,160
13288,2013-10-22,,0.0,3081,1000,0,320,11052,160
13289,2013-10-23,,0.0,4212,1000,0,320,8118,160
13290,2013-10-24,,0.0,2896,1000,4201,320,0,160
13291,2013-10-25,,0.0,7247,1000,6626,320,0,160
13292,2013-10-26,,0.0,5134,1000,5093,320,0,160
13293,2013-10-27,,0.0,3184,1000,0,320,6558,160
13294,2013-10-28,,0.0,15047,1000,0,320,16410,160
13295,2013-10-29,,0.0,5549,1000,0,320,14912,160
13296,2013-10-30,,0.0,5570,1000,5334,320,0,160
13297,2013-10-31,,0.0,18137,1000,0,320,15229,160
13298,2013-11-01,,0.0,5540,1000,8466,320,0,160
13299,2013-11-02,,0.0,5016,1000,0,320,12418,160
13300,2013-11-03,,0.0,9042,1000,0,320,13084,160
13301,2013-11-04,,0.0,6919,1000,0,320,12770,160
13302,2013-11-05,,0.0,2347,1000,0,320,8826,160
13303,2013-11-06,,0.0,2227,1000,0,320,5618,160
13304,2013-11-07,,0.0,3231,1000,0,320,6396,160
13305,2013-11-08,,0.0,11478,1000,0,320,12484,160
13306,2013-11-09,,0.0,3581,1000,0,320,5704,160
13307,2013-11-10,,0.0,3540,1000,0,320,7579,160
13308,2013-11-11,,0.0,12282,1000,0,320,16697,160
13309,2013-11-12,,0.0,6154,1000,0,320,11968,160
13310,2013-11-13,,0.0,7471,1000,0,320,10585,160
13311,2013-11-14,,0.0,11057,1000,0,320,29377,160
13312,2013-11-15,,0.0,6153,1000,0,320,5605,160
13313,2013-11-16,,0.0,6029,1000,0,320,12725,160
13314,2013-11-17,,0.0,4172,1000,8394,320,0,160
13315,2013-11-18,,0.0,5423,1000,0,320,7932,160
13316,2013-11-19,,0.0,8797,1000,0,320,17184,160
13317,2013-11-20,,0.0,6086,1000,10995,320,0,160
13318,2013-11-21,,0.0,6233,1000,0,320,14822,160
13319,2013-11-22,,0.0,18251,1000,0,320,19131,160
13320,2013-11-23,,0.0,4133,1000,6347,320,0,160
13321,2013-11-24,,0.0,4345,1000,3282,320,0,160
13322,2013-11-25,,0.0,6116,1000,0,320,17654,160
13323,2013-11-26,,0.0,9169,1000,7363,320,0,160
13324,2013-11-27,,0.0,5671,1000,0,320,14237,160
13325,2013-11-28,,0.0,2989,1000,3647,320,0,160
13326,2013-11-29,,0.0,5301,1000,2971,320,0,160
13327,2013-11-30,,0.0,2412,1000,1830,320,0,160
13328,2013-12-01,,0.0,4704,1000,0,320,10202,160
13329,2013-12-02,,0.0,11395,1000,0,320,18157,160
13330,2013-12-03,,0.0,24128,1000,0,320,11846,160
13331,2013-12-04,,0.0,10697,1000,0,320,7129,160
13332,2013-12-05,,0.0,17347,1000,0,320,30279,160
13333,2013-12-06,,0.0,9730,1000,8931,320,0,160
13334,2013-12-07,,0.0,11322,1000,0,320,17350,160
13335,2013-12-08,,0.0,9103,1000,0,320,18216,160
13336,2013-12-09,,0.0,6231,1000,4742,320,0,160
13337,2013-12-10,,0.0,7672,1000,0,320,15377,160
13338,2013-12-11,,0.0,13531,1000,0,320,18749,160
13339,2013-12-12,,0.0,5510,1000,0,320,7518,160
13340,2013-12-13,,0.0,16578,1000,9583,320,0,160
13341,2013-12-14,,0.0,5560,1000,0,320,10108,160
13342,2013-12-15,,0.0,7697,1000,0,320,10840,160
13343,2013-12-16,,0.0,5440,1000,3665,320,0,160
13344,2013-12-17,,0.0,29899,1000,9052,320,0,160
13345,2013-12-18,,0.0,5635,1000,0,320,9241,160
13346,2013-12-19,,0.0,4366,1000,5567,320,0,160
13347,2013-12-20,,0.0,2707,1000,3449,320,0,160
13348,2013-12-21,,0.0,3497,1000,4251,320,0,160
13349,2013-12-22,,0.0,11439,1000,11398,320,0,160
13350,2013-12-23,,0.0,4071,1000,0,320,8704,160
13351,2013-12-24,,0.0,4996,1000,4976,320,0,160
13352,2013-12-25,,0.0,6131,1000,7330,320,0,160
13353,2013-12-26,,0.0,5467,1000,0,320,10794,160
13354,2013-12-27,,0.0,5559,1000,4440,320,0,160
13355,2013-12-28,,0.0,4017,1000,3965,320,0,160
13356,2013-12-29,,0.0,3434,1000,3007,320,0,160
13357,2013-12-30,,0.0,10100,1000,0,320,12885,160
13358,2013-12-31,,0.0,5589,1000,5819,320,0,160
14001,2014-01-01,,0.0,3883,1000,0,320,14622,160
14002,2014-01-02,,0.0,23566,1000,0,320,19606,160
14003,2014-01-03,,0.0,17262,1000,0,320,15698,160
14004,2014-01-04,,0.0,6951,1000,6797,320,0,160
14005,2014-01-05,,0.0,2767,1000,2919,320,0,160
14006,2014-01-06,,0.0,5806,1000,6886,320,0,160
14007,2014-01-07,,0.0,4984,1000,4185,320,0,160
14008,2014-01-08,,0.0,3813,1000,0,320,8240,160
14009,2014-01-09,,0.0,9962,1000,0,320,13467,160
14010,2014-01-10,,0.0,4297,1000,0,320,5743,160
14011,2014-01-11,,0.0,8933,1000,0,320,12957,160
14012,2014-01-12,,0.0,8871,1000,0,320,10629,160
14013,2014-01-13,,0.0,4115,1000,5611,320,0,160
14014,2014-01-14,,0.0,6283,1000,9370,320,0,160
14015,2014-01-15,,0.0,6245,1000,0,320,7863,160
14016,2014-01-16,,0.0,4808,1000,0,320,16507,160
14017,2014-01-17,,0.0,4076,1000,0,320,7131,160
14018,2014-01-18,,0.0,1966,1000,0,320,5101,160
14019,2014-01-19,,0.0,3457,1000,0,320,6692,160
14020,2014-01-20,,0.0,3792,1000,0,320,8125,160
14021,2014-01-21,,0.0,12267,1000,0,320,12673,160
14022,2014-01-22,,0.0,8652,1000,0,320,7540,160
14023,2014-01-23,,0.0,4400,1000,0,320,9409,160
14024,2014-01-24,,0.0,7537,1000,8137,320,0,160
14025,2014-01-25,,0.0,3261,1000,0,320,5618,160
14026,2014-01-26,,0.0,2140,1000,0,320,3459,160
14027,2014-01-27,,0.0,6443,1000,6510,320,0,160
14028,2014-01-28,,0.0,6272,1000,4914,320,0,160
14029,2014-01-29,,0.0,5292,1000,0,320,7515,160
14030,2014-02-07,,0.0,2678,1000,0,320,4705,160
14031,2014-02-08,,0.0,7736,1000,0,320,12367,160
14032,2014-02-09,,0.0,7503,1000,5517,320,0,160
14033,2014-02-10,,0.0,4638,1000,4021,320,0,160
14034,2014-02-11,,0.0,20048,1000,0,320,12407,160
14035,2014-02-12,,0.0,11650,1000,0,320,26293,160
14036,2014-02-13,,0.0,3898,1000,0,320,4851,160
14037,2014-02-14,,0.0,3320,1000,0,320,5342,160
14038,2014-02-15,,0.0,4314,1000,0,320,7260,160
14039,2014-02-16,,0.0,4848,1000,5826,320,0,160
14040,2014-02-17,,0.0,2860,1000,0,320,7550,160
14041,2014-02-18,,0.0,4933,1000,0,320,9795,160
14042,2014-02-19,,0.0,7590,1000,8993,320,0,160
14043,2014-02-20,,0.0,2783,1000,0,320,4832,160
14044,2014-02-21,,0.0,3901,1000,0,320,8538,160
14045,2014-02-22,,0.0,6742,1000,6871,320,0,160
14046,2014-02-23,,0.0,4414,1000,0,320,10897,160
14047,2014-02-24,,0.0,10757,1000,7949,320,0,160
14048,2014-02-25,,0.0,4158,1000,0,320,10123,160
14049,2014-02-26,,0.0,11081,1000,0,320,10202,160
14050,2014-02-27,,0.0,5244,1000,5837,320,0,160
14051,2014-02-28,,0.0,10804,1000,0,320,22424,160
14052,2014-03-01,,0.0,2891,1000,0,320,6530,160
14053,2014-03-02,,0.0,5308,1000,0,320,12311,160
14054,2014-03-03,,0.0,4067,1000,0,320,8621,160
14055,2014-03-04,,0.0,6266,1000,0,320,8427,160
14056,2014-03-05,,0.0,14245,1000,0,320,12363,160
14057,2014-03-06,,0.0,2166,1000,0,320,4997,160
14058,2014-03-07,,0.0,6937,1000,7428,320,0,160
14059,2014-03-08,,0.0,5231,1000,0,320,9384,160
14060,2014-03-09,,0.0,2838,1000,0,320,5888,160
14061,2014-03-10,,0.0,4268,1000,4402,320,0,160
14062,2014-03-11,,0.0,4826,1000,0,320,10789,160
14063,2014-03-12,,0.0,9325,1000,0,320,15679,160
14064,2014-03-13,,0.0,2522,1000,0,320,6127,160
14065,2014-03-14,,0.0,4203,1000,0,320,7544,160
14066,2014-03-15,,0.0,4925,1000,4371,320,0,160
14067,2014-03-16,,0.0,5081,1000,0,320,10937,160
14068,2014-03-17,,0.0,5025,1000,0,320,5210,160
14069,2014-03-18,,0.0,5816,1000,0,320,13473,160
14070,2014-03-19,,0.0,6857,1000,7046,320,0,160
14071,2014-03-20,,0.0,7281,1000,5594,320,0,160
14072,2014-03-21,,0.0,6099,1000,5028,320,0,160
14073,2014-03-22,,0.0,2241,1000,0,320,7885,160
14074,2014-03-23,,0.0,4605,1000,3289,320,0,160
14075,2014-03-24,,0.0,3755,1000,4040,320,0,160
14076,2014-03-25,,0.0,6017,1000,0,320,17385,160
14077,2014-03-26,,0.0,5465,1000,4709,320,0,160
14078,2014-03-27,,0.0,5184,1000,0,320,10254,160
14079,2014-03-28,,0.0,4767,1000,0,320,7930,160
14080,2014-03-29,,0.0,7265,1000,0,320,9758,160
14081,2014-03-30,,0.0,4409,1000,0,320,6313,160
14082,2014-03-31,,0.0,6879,1000,0,320,11711,160
14083,2014-04-01,,0.0,4317,1000,0,320,7183,160
14084,2014-04-02,,0.0,5206,1000,0,320,8156,160
14085,2014-04-03,,0.0,2536,1000,0,320,3844,160
14086,2014-04-04,,0.0,5694,1000,0,320,9154,160
14087,2014-04-05,,0.0,7818,1000,12629,320,0,160
14088,2014-04-06,,0.0,7840,1000,0,320,10404,160
14089,2014-04-07,,0.0,8016,1000,6466,320,0,160
14090,2014-04-08,,0.0,6145,1000,5416,320,0,160
14091,2014-04-09,,0.0,5816,1000,0,320,9196,160
14092,2014-04-10,,0.0,6066,1000,0,320,9974,160
14093,2014-04-11,,0.0,4381,1000,0,320,15106,160
14094,2014-04-12,,0.0,4549,1000,0,320,7131,160
14095,2014-04-13,,0.0,4895,1000,7211,320,0,160
14096,2014-04-14,,0.0,6478,1000,0,320,8858,160
14097,2014-04-15,,0.0,3616,1000,3866,320,0,160
14098,2014-04-16,,0.0,11451,1000,0,320,12250,160
14099,2014-04-17,,0.0,6378,1000,6967,320,0,160
14100,2014-04-18,,0.0,4801,1000,0,320,16199,160
14101,2014-04-19,,0.0,3772,1000,0,320,8647,160
14102,2014-04-20,,0.0,8254,1000,0,320,8758,160
14103,2014-04-21,,0.0,8275,1000,0,320,17190,160
14104,2014-04-22,,0.0,9079,1000,0,320,10860,160
14105,2014-04-23,,0.0,4266,1000,0,320,8464,160
14106,2014-04-24,,0.0,3302,1000,0,320,6741,160
14107,2014-04-25,,0.0,7083,1000,0,320,16183,160
14108,2014-04-26,,0.0,17014,1000,0,320,14570,160
14109,2014-04-27,,0.0,4749,1000,0,320,9264,160
14110,2014-04-28,,0.0,12510,1000,0,320,20265,160
14111,2014-04-29,,0.0,4435,1000,0,320,8370,160
14112,2014-04-30,,0.0,3689,1000,0,320,5208,160
14113,2014-05-01,,0.0,4894,1000,0,320,7842,160
14114,2014-05-02,,0.0,4808,1000,0,320,9641,160
14115,2014-05-03,,0.0,4939,1000,0,320,10176,160
14116,2014-05-04,,0.0,6249,1000,0,320,11684,160
14117,2014-05-05,,0.0,3699,1000,0,320,8122,160
14118,2014-05-06,,0.0,3399,1000,0,320,9681,160
14119,2014-05-07,,0.0,2038,1000,0,320,4443,160
14120,2014-05-08,,0.0,4560,1000,13567,320,0,160
14121,2014-05-09,,0.0,7142,1000,0,320,7496,160
14122,2014-05-10,,0.0,3083,1000,0,320,6392,160
14123,2014-05-11,,0.0,8618,1000,0,320,12341,160
14124,2014-05-12,,0.0,6396,1000,0,320,9938,160
14125,2014-05-13,,0.0,7474,1000,0,320,11293,160
14126,2014-05-14,,0.0,4068,1000,6774,320,0,160
14127,2014-05-15,,0.0,10108,1000,12524,320,0,160
14128,2014-05-16,,0.0,3822,1000,0,320,9417,160
14129,2014-05-17,,0.0,4339,1000,5521,320,0,160
14130,2014-05-18,,0.0,2188,1000,0,320,4080,160
14131,2014-05-19,,0.0,4960,1000,0,320,12364,160
14132,2014-05-20,,0.0,8133,1000,0,320,11312,160
14133,2014-05-21,,0.0,5073,1000,4431,320,0,160
14134,2014-05-22,,0.0,6202,1000,5477,320,0,160
14135,2014-05-23,,0.0,4445,1000,4049,320,0,160
14136,2014-05-24,,0.0,5823,1000,0,320,11407,160
14137,2014-05-25,,0.0,5492,1000,5888,320,0,160
14138,2014-05-26,,0.0,8032,1000,0,320,13496,160
14139,2014-05-27,,0.0,4932,1000,0,320,5449,160
14140,2014-05-28,,0.0,8957,1000,9403,320,0,160
14141,2014-05-29,,0.0,4932,1000,0,320,6004,160
14142,2014-05-30,,0.0,7020,1000,4840,320,0,160
14143,2014-05-31,,0.0,2843,1000,0,320,7081,160
14144,2014-06-01,,0.0,4025,1000,0,320,9428,160
14145,2014-06-02,,0.0,3979,1000,0,320,10713,160
14146,2014-06-03,,0.0,4092,1000,5500,320,0,160
14147,2014-06-04,,0.0,3383,1000,0,320,5404,160
14148,2014-06-05,,0.0,4502,1000,0,320,13620,160
14149,2014-06-06,,0.0,10256,1000,0,320,11784,160
14150,2014-06-07,,0.0,4727,1000,0,320,5002,160
14151,2014-06-08,,0.0,4363,1000,0,320,6488,160
14152,2014-06-09,,0.0,1364,1000,0,320,2805,160
14153,2014-06-10,,0.0,4063,1000,0,320,5695,160
14154,2014-06-11,,0.0,2003,1000,0,320,5407,160
14155,2014-06-12,,0.0,2544,1000,0,320,6128,160
14156,2014-06-13,,0.0,13683,1000,0,320,16250,160
14157,2014-06-14,,0.0,4406,1000,0,320,7410,160
14158,2014-06-15,,0.0,2801,1000,0,320,5636,160
14159,2014-06-16,,0.0,5930,1000,6332,320,0,160
14160,2014-06-17,,0.0,6280,1000,0,320,9534,160
14161,2014-06-18,,0.0,4360,1000,4816,320,0,160
14162,2014-06-19,,0.0,5686,1000,0,320,8982,160
14163,2014-06-20,,0.0,4625,1000,0,320,6218,160
14164,2014-06-21,,0.0,3868,1000,4600,320,0,160
14165,2014-06-22,,0.0,3464,1000,0,320,7899,160
14166,2014-06-23,,0.0,5536,1000,4809,320,0,160
14167,2014-06-24,,0.0,2575,1000,0,320,6704,160
14168,2014-06-25,,0.0,2952,1000,0,320,6211,160
14169,2014-06-26,,0.0,4010,1000,0,320,5529,160
14170,2014-06-27,,0.0,14141,1000,0,320,17688,160
14171,2014-06-28,,0.0,7177,1000,0,320,14807,160
14172,2014-06-29,,0.0,2967,1000,3635,320,0,160
14173,2014-06-30,,0.0,27965,1000,0,320,0,160
14174,2014-07-01,,0.0,6389,1000,0,320,5893,160
14175,2014-07-02,,0.0,8219,1000,0,320,8684,160
14176,2014-07-03,,0.0,3122,1000,0,320,7005,160
14177,2014-07-04,,0.0,4942,1000,0,320,7144,160
14178,2014-07-05,,0.0,8894,1000,4560,320,0,160
14179,2014-07-06,,0.0,4170,1000,0,320,12277,160
14180,2014-07-07,,0.0,5013,1000,0,320,9335,160
14181,2014-07-08,,0.0,4479,1000,4162,320,0,160
14182,2014-07-09,,0.0,3444,1000,0,320,10546,160
14183,2014-07-10,,0.0,1990,1000,3409,320,0,160
14184,2014-07-11,,0.0,4391,1000,0,320,10444,160
14185,2014-07-12,,0.0,4240,1000,0,320,8123,160
14186,2014-07-13,,0.0,6158,1000,0,320,6505,160
14187,2014-07-14,,0.0,5471,1000,0,320,7925,160
14188,2014-07-15,,0.0,1667,1000,0,320,3219,160
14189,2014-07-16,,0.0,6655,1000,5848,320,0,160
14190,2014-07-17,,0.0,3230,1000,0,320,7836,160
14191,2014-07-18,,0.0,6013,1000,4555,320,0,160
14192,2014-07-19,,0.0,2708,1000,0,320,4940,160
14193,2014-07-20,,0.0,2598,1000,0,320,5683,160
14194,2014-07-21,,0.0,10417,1000,0,320,16734,160
14195,2014-07-22,,0.0,5129,1000,0,320,10935,160
14196,2014-07-23,,0.0,2118,1000,0,320,5129,160
14197,2014-07-24,,0.0,7311,1000,0,320,10517,160
14198,2014-07-25,,0.0,3978,1000,0,320,9740,160
14199,2014-07-26,,0.0,4817,1000,0,320,10100,160
14200,2014-07-27,,0.0,3598,1000,0,320,6241,160
14201,2014-07-28,,0.0,9832,1000,0,320,17723,160
14202,2014-07-29,,0.0,4824,1000,0,320,14869,160
14203,2014-07-30,,0.0,5541,1000,6215,320,0,160
14204,2014-07-31,,0.0,6541,1000,0,320,13011,160
14205,2014-08-01,,0.0,9116,1000,0,320,11748,160
14206,2014-08-02,,0.0,3037,1000,0,320,6131,160
14207,2014-08-03,,0.0,5400,1000,0,320,8160,160
14208,2014-08-04,,0.0,6144,1000,5544,320,0,160
14209,2014-08-05,,0.0,3714,1000,0,320,6183,160
14210,2014-08-06,,0.0,5503,1000,0,320,10112,160
14211,2014-08-07,,0.0,1926,1000,0,320,4983,160
14212,2014-08-08,,0.0,4918,1000,0,320,6274,160
14213,2014-08-09,,0.0,3279,1000,4365,320,0,160
14214,2014-08-10,,0.0,3703,1000,0,320,6483,160
14215,2014-08-11,,0.0,3666,1000,0,320,6864,160
14216,2014-08-12,,0.0,3647,1000,5124,320,0,160
14217,2014-08-13,,0.0,3433,1000,0,320,7098,160
14218,2014-08-14,,0.0,4701,1000,3923,320,0,160
14219,2014-08-15,,0.0,5142,1000,0,320,15159,160
14220,2014-08-16,,0.0,9643,1000,6008,320,0,160
14221,2014-08-17,,0.0,4174,1000,3316,320,0,160
14222,2014-08-18,,0.0,5898,1000,0,320,6778,160
14223,2014-08-19,,0.0,2662,1000,0,320,4729,160
14224,2014-08-20,,0.0,6958,1000,6682,320,0,160
14225,2014-08-21,,0.0,3448,1000,0,320,10278,160
14226,2014-08-22,,0.0,5261,1000,0,320,10683,160
14227,2014-08-23,,0.0,6214,1000,0,320,9313,160
14228,2014-08-24,,0.0,2732,1000,0,320,6801,160
14229,2014-08-25,,0.0,11015,1000,8452,320,0,160
14230,2014-08-26,,0.0,2866,1040,0,346,7108,173
14231,2014-08-27,,0.0,4758,1040,0,346,14685,173
14232,2014-08-28,,0.0,3859,1040,0,346,5817,173
14233,2014-08-29,,0.0,10825,1040,0,346,11625,173
14234,2014-08-30,,0.0,2783,1040,0,346,7119,173
14235,2014-08-31,,0.0,8604,1040,0,346,12005,173
14236,2014-09-01,,0.0,2583,1040,0,346,8606,173
14237,2014-09-02,,0.0,6773,1040,0,346,11599,173
14238,2014-09-03,,0.0,23466,1040,0,346,22069,173
14239,2014-09-04,,0.0,7992,1040,0,346,14360,173
14240,2014-09-05,,0.0,3641,1040,0,346,9370,173
14241,2014-09-06,,0.0,8284,1040,14222,346,0,173
14242,2014-09-07,,0.0,4741,1040,0,346,7512,173
14243,2014-09-08,,0.0,7145,1040,4534,346,0,173
14244,2014-09-09,,0.0,4725,1040,0,346,7765,173
14245,2014-09-10,,0.0,7390,1040,0,346,12015,173
14246,2014-09-11,,0.0,12394,1040,0,346,0,173
14247,2014-09-12,,0.0,12145,1040,3410,346,0,173
14248,2014-09-13,,0.0,4976,1040,5022,346,0,173
14249,2014-09-14,,0.0,3490,1040,0,346,7094,173
14250,2014-09-15,,0.0,8437,1040,6525,346,0,173
14251,2014-09-16,,0.0,3503,1040,0,346,6332,173
14252,2014-09-17,,0.0,5091,1040,5490,346,0,173
14253,2014-09-18,,0.0,1858,1040,2192,346,0,173
14254,2014-09-19,,0.0,4445,1040,0,346,7507,173
14255,2014-09-20,,0.0,4789,1040,0,346,10886,173
14256,2014-09-21,,0.0,4133,1040,4504,346,0,173
14257,2014-09-22,,0.0,9622,1040,0,346,0,173
14258,2014-09-23,,0.0,4635,1040,0,346,9367,173
14259,2014-09-24,,0.0,5937,1040,3521,346,0,173
14260,2014-09-25,,0.0,4020,1040,3745,346,0,173
14261,2014-09-26,,0.0,3733,1040,0,346,8270,173
14262,2014-09-27,,0.0,3681,1040,0,346,6155,173
14263,2014-09-28,,0.0,8157,1040,0,346,21131,173
14264,2014-09-29,,0.0,4198,1040,0,346,6633,173
14265,2014-09-30,,0.0,4902,1040,0,346,10992,173
14266,2014-10-01,,0.0,5302,1040,0,346,8441,173
14267,2014-10-02,,0.0,7302,1040,0,346,13438,173
14268,2014-10-03,,0.0,2877,1040,0,346,7021,173
14269,2014-10-04,,0.0,4305,1040,0,346,6580,173
14270,2014-10-05,,0.0,4348,1040,0,346,9413,173
14271,2014-10-06,,0.0,7555,1040,7907,346,0,173
14272,2014-10-07,,0.0,12894,1040,0,346,9988,173
14273,2014-10-08,,0.0,6847,1040,5544,346,0,173
14274,2014-10-09,,0.0,3238,1040,0,346,9229,173
14275,2014-10-10,,0.0,6379,1040,0,346,18488,173
14276,2014-10-11,,0.0,10022,1040,0,346,13486,173
14277,2014-10-12,,0.0,5748,1040,0,346,14111,173
14278,2014-10-13,,0.0,6969,1040,0,346,10336,173
14279,2014-10-14,,0.0,3212,1040,0,346,7970,173
14280,2014-10-15,,0.0,3053,1040,4124,346,0,173
14281,2014-10-16,,0.0,3433,1040,0,346,8104,173
14282,2014-10-17,,0.0,5062,1040,0,346,11054,173
14283,2014-10-18,,0.0,8978,1040,7795,346,0,173
14284,2014-10-19,,0.0,6182,1040,0,346,7050,173
14285,2014-10-20,,0.0,7913,1040,0,346,11849,173
14286,2014-10-21,,0.0,6163,1040,6544,346,0,173
14287,2014-10-22,,0.0,9255,1040,0,346,15077,173
14288,2014-10-23,,0.0,3967,1040,0,346,11882,173
14289,2014-10-24,,0.0,3748,1040,0,346,9926,173
14290,2014-10-25,,0.0,6572,1040,4459,346,0,173
14291,2014-10-26,,0.0,2898,1040,3449,346,0,173
14292,2014-10-27,,0.0,5363,1040,0,346,9997,173
14293,2014-10-28,,0.0,10275,1040,0,346,17018,173
14294,2014-10-29,,0.0,7038,1040,0,346,12406,173
14295,2014-10-30,,0.0,6234,1040,0,346,12053,173
14296,2014-10-31,,0.0,3960,1040,5280,346,0,173
14297,2014-11-01,,0.0,11187,1040,0,346,0,173
14298,2014-11-02,,0.0,4225,1040,0,346,5931,173
14299,2014-11-03,,0.0,7597,1040,0,346,11358,173
14300,2014-11-04,,0.0,3896,1040,0,346,7211,173
14301,2014-11-05,,0.0,3828,1040,0,346,9898,173
14302,2014-11-06,,0.0,4948,1040,0,346,9934,173
14303,2014-11-07,,0.0,8628,1040,0,346,22085,173
14304,2014-11-08,,0.0,4273,1040,0,346,6280,173
14305,2014-11-09,,0.0,3777,1040,4873,346,0,173
14306,2014-11-10,,0.0,4961,1040,5574,346,0,173
14307,2014-11-11,,0.0,5558,1040,0,346,14355,173
14308,2014-11-12,,0.0,3825,1040,0,346,7436,173
14309,2014-11-13,,0.0,5873,1040,0,346,16836,173
14310,2014-11-14,,0.0,5184,1040,0,346,10341,173
14311,2014-11-15,,0.0,4119,1040,0,346,6249,173
14312,2014-11-16,,0.0,4118,1040,7094,346,0,173
14313,2014-11-17,,0.0,3240,1040,0,346,7551,173
14314,2014-11-18,,0.0,3857,1040,0,346,9557,173
14315,2014-11-19,,0.0,3370,1040,0,346,9285,173
14316,2014-11-20,,0.0,3782,1040,0,346,8859,173
14317,2014-11-21,,0.0,4292,1040,0,346,10226,173
14318,2014-11-22,,0.0,9086,1040,0,346,12531,173
14319,2014-11-23,,0.0,3790,1040,5684,346,0,173
14320,2014-11-24,,0.0,4642,1040,0,346,10515,173
14321,2014-11-25,,0.0,3508,1040,0,346,8438,173
14322,2014-11-26,,0.0,7454,1040,4569,346,0,173
14323,2014-11-27,,0.0,5485,1040,0,346,10053,173
14324,2014-11-28,,0.0,6764,1040,0,346,14132,173
14325,2014-11-29,,0.0,4513,1040,0,346,13484,173
14326,2014-11-30,,0.0,3655,1040,5512,346,0,173
14327,2014-12-01,,0.0,13387,1040,0,346,21653,173
14328,2014-12-02,,0.0,3133,1040,0,346,4230,173
14329,2014-12-03,,0.0,2205,1040,0,346,5591,173
14330,2014-12-04,,0.0,5640,1040,0,346,13185,173
14331,2014-12-05,,0.0,4281,1040,0,346,8631,173
14332,2014-12-06,,0.0,10993,1040,0,346,0,173
14333,2014-12-07,,0.0,4150,1040,0,346,12759,173
14334,2014-12-08,,0.0,6266,1040,0,346,15259,173
14335,2014-12-09,,0.0,6280,1040,0,346,9048,173
14336,2014-12-10,,0.0,7034,1040,0,346,14797,173
14337,2014-12-11,,0.0,6139,1040,9006,346,0,173
14338,2014-12-12,,0.0,6297,1040,0,346,10564,173
14339,2014-12-13,,0.0,4365,1040,0,346,6925,173
14340,2014-12-14,,0.0,7182,1040,0,346,7662,173
14341,2014-12-15,,0.0,7167,1040,6441,346,0,173
14342,2014-12-16,,0.0,5673,1040,0,346,10969,173
14343,2014-12-17,,0.0,9001,1040,0,346,14481,173
14344,2014-12-18,,0.0,2659,1040,0,346,5884,173
14345,2014-12-19,,0.0,10159,1040,0,346,12440,173
14346,2014-12-20,,0.0,5255,1040,0,346,7379,173
14347,2014-12-21,,0.0,4650,1040,0,346,10413,173
14348,2014-12-22,,0.0,8597,1040,0,346,12891,173
14349,2014-12-23,,0.0,5557,1040,8303,346,0,173
14350,2014-12-24,,0.0,2553,1040,3456,346,0,173
14351,2014-12-25,,0.0,5624,1040,4781,346,0,173
14352,2014-12-26,,0.0,2161,1040,3040,346,0,173
14353,2014-12-27,,0.0,5267,1040,8135,346,0,173
14354,2014-12-28,,0.0,2740,1040,0,346,6036,173
14355,2014-12-29,,0.0,8908,1040,0,346,6769,173
14356,2014-12-30,,0.0,3886,1040,0,346,8700,173
14357,2014-12-31,,0.0,4450,1040,0,346,10378,173
15001,2015-01-01,,0.0,2662,1040,0,346,7292,173
15002,2015-01-02,,0.0,6215,1040,0,346,14828,173
15003,2015-01-03,,0.0,6020,1040,0,346,12023,173
15004,2015-01-04,,0.0,4429,1040,0,346,9465,173
15005,2015-01-05,,0.0,7081,1040,0,346,18739,173
15006,2015-01-06,,0.0,7505,1040,0,346,9669,173
15007,2015-01-07,,0.0,3434,1040,0,346,5193,173
15008,2015-01-08,,0.0,4506,1040,0,346,10634,173
15009,2015-01-09,,0.0,8143,1040,0,346,13806,173
15010,2015-01-10,,0.0,7105,1040,0,346,15286,173
15011,2015-01-11,,0.0,6047,1040,0,346,8814,173
15012,2015-01-12,,0.0,3355,1040,0,346,10022,173
15013,2015-01-13,,0.0,8561,1040,0,346,7680,173
15014,2015-01-14,,0.0,3703,1040,0,346,5389,173
15015,2015-01-15,,0.0,4224,1040,0,346,10260,173
15016,2015-01-16,,0.0,4267,1040,0,346,9144,173
15017,2015-01-17,,0.0,7813,1040,13636,346,0,173
15018,2015-01-18,,0.0,2413,1040,0,346,8189,173
15019,2015-01-19,,0.0,8106,1040,0,346,11116,173
15020,2015-01-20,,0.0,3891,1040,0,346,10423,173
15021,2015-01-21,,0.0,8736,1040,9966,346,0,173
15022,2015-01-22,,0.0,13266,1040,0,346,21862,173
15023,2015-01-23,,0.0,6034,1040,0,346,15707,173
15024,2015-01-24,,0.0,3031,1040,3885,346,0,173
15025,2015-01-25,,0.0,4893,1040,0,346,8815,173
15026,2015-01-26,,0.0,8680,1040,5772,346,0,173
15027,2015-01-27,,0.0,5725,1040,0,346,10867,173
15028,2015-01-28,,0.0,7134,1040,0,346,16474,173
15029,2015-01-29,,0.0,6070,1040,0,346,13632,173
15030,2015-01-30,,0.0,3462,1040,0,346,9106,173
15031,2015-01-31,,0.0,3845,1040,0,346,12173,173
15032,2015-02-01,,0.0,7641,1040,0,346,12233,173
15033,2015-02-02,,0.0,7774,1040,0,346,15717,173
15034,2015-02-03,,0.0,11894,1040,0,346,12274,173
15035,2015-02-04,,0.0,10827,1040,0,346,18699,173
15036,2015-02-05,,0.0,4497,1040,0,346,17514,173
15037,2015-02-06,,0.0,5686,1040,6735,346,0,173
15038,2015-02-07,,0.0,8255,1040,9931,346,0,173
15039,2015-02-08,,0.0,4824,1040,0,346,9752,173
15040,2015-02-09,,0.0,12984,1040,7796,346,0,173
15041,2015-02-10,,0.0,7447,1040,0,346,18032,173
15042,2015-02-11,,0.0,4874,1040,6074,346,0,173
15043,2015-02-12,,0.0,13127,1040,0,346,18309,173
15044,2015-02-13,,0.0,6412,1040,0,346,12247,173
15045,2015-02-14,,0.0,7658,1040,5860,346,0,173
15046,2015-02-15,,0.0,5415,1040,0,346,6188,173
15047,2015-02-16,,0.0,3461,1040,3744,346,0,173
15048,2015-02-17,,0.0,3388,1040,0,346,7884,173
15049,2015-02-25,,0.0,3576,1040,0,346,7209,173
15050,2015-02-26,,0.0,3595,1040,0,346,6214,173
15051,2015-02-27,,0.0,4294,1040,0,346,9810,173
15052,2015-02-28,,0.0,4945,1040,0,346,7574,173
15053,2015-03-01,,0.0,8428,1040,8061,346,0,173
15054,2015-03-02,,0.0,2836,1040,0,346,9536,173
15055,2015-03-03,,0.0,2756,1040,3656,346,0,173
15056,2015-03-04,,0.0,5625,1040,0,346,10688,173
15057,2015-03-05,,0.0,4442,1040,4330,346,0,173
15058,2015-03-06,,0.0,5577,1040,5288,346,0,173
15059,2015-03-07,,0.0,4055,1040,0,346,8758,173
15060,2015-03-08,,0.0,6219,1040,4250,346,0,173
15061,2015-03-09,,0.0,8227,1040,0,346,10885,173
15062,2015-03-10,,0.0,3637,1040,0,346,9564,173
15063,2015-03-11,,0.0,4224,1040,0,346,7627,173
15064,2015-03-12,,0.0,6464,1040,0,346,17759,173
15065,2015-03-13,,0.0,7004,1040,6171,346,0,173
15066,2015-03-14,,0.0,6420,1040,0,346,7037,173
15067,2015-03-15,,0.0,5117,1040,0,346,10563,173
15068,2015-03-16,,0.0,7510,1040,7945,346,0,173
15069,2015-03-17,,0.0,3863,1040,0,346,8959,173
15070,2015-03-18,,0.0,5967,1040,0,346,12230,173
15071,2015-03-19,,0.0,4815,1040,0,346,12768,173
15072,2015-03-20,,0.0,3793,1040,0,346,9224,173
15073,2015-03-21,,0.0,7479,1040,0,346,8216,173
15074,2015-03-22,,0.0,4896,1040,5797,346,0,173
15075,2015-03-23,,0.0,6624,1040,0,346,10548,173
15076,2015-03-24,,0.0,2958,1040,0,346,6469,173
15077,2015-03-25,,0.0,4470,1040,0,346,17558,173
15078,2015-03-26,,0.0,3938,1040,4016,346,0,173
15079,2015-03-27,,0.0,9643,1040,0,346,19000,173
15080,2015-03-28,,0.0,3130,1040,0,346,7133,173
15081,2015-03-29,,0.0,3930,1040,0,346,4665,173
15082,2015-03-30,,0.0,5988,1040,5066,346,0,173
15083,2015-03-31,,0.0,2162,1040,0,346,5652,173
15084,2015-04-01,,0.0,11881,1040,0,346,26507,173
15085,2015-04-02,,0.0,10513,1040,0,346,18368,173
15086,2015-04-03,,0.0,2596,1040,0,346,6743,173
15087,2015-04-04,,0.0,2716,1040,0,346,3196,173
15088,2015-04-05,,0.0,6789,1040,0,346,4679,173
15089,2015-04-06,,0.0,5884,1040,0,346,13587,173
15090,2015-04-07,,0.0,2632,1040,0,346,8777,173
15091,2015-04-08,,0.0,7828,1040,0,346,13475,173
15092,2015-04-09,,0.0,4323,1040,0,346,11250,173
15093,2015-04-10,,0.0,5057,1040,0,346,14016,173
15094,2015-04-11,,0.0,4149,1040,0,346,7008,173
15095,2015-04-12,,0.0,7218,1040,0,346,14519,173
15096,2015-04-13,,0.0,6083,1040,0,346,15312,173
15097,2015-04-14,,0.0,4236,1040,7429,346,0,173
15098,2015-04-15,,0.0,3285,1040,0,346,7740,173
15099,2015-04-16,,0.0,8837,1040,6858,346,0,173
15100,2015-04-17,,0.0,8407,1040,0,346,17418,173
15101,2015-04-18,,0.0,3291,1040,5521,346,0,173
15102,2015-04-19,,0.0,8994,1040,0,346,12960,173
15103,2015-04-20,,0.0,5040,1040,4401,346,0,173
15104,2015-04-21,,0.0,5279,1040,0,346,8339,173
15105,2015-04-22,,0.0,3251,1040,4568,346,0,173
15106,2015-04-23,,0.0,1956,1040,2594,346,0,173
15107,2015-04-24,,0.0,2446,1040,0,346,5402,173
15108,2015-04-25,,0.0,11457,1040,0,346,12823,173
15109,2015-04-26,,0.0,3632,1040,0,346,9148,173
15110,2015-04-27,,0.0,8500,1040,0,346,12654,173
15111,2015-04-28,,0.0,8996,1040,0,346,13054,173
15112,2015-04-29,,0.0,2516,1040,0,346,9480,173
15113,2015-04-30,,0.0,21897,1040,0,346,0,173
15114,2015-05-01,,0.0,4515,1040,0,346,4628,173
15115,2015-05-02,,0.0,7134,1040,0,346,12201,173
15116,2015-05-03,,0.0,3069,1040,0,346,7806,173
15117,2015-05-04,,0.0,2379,1040,0,346,6690,173
15118,2015-05-05,,0.0,11523,1040,0,346,8128,173
15119,2015-05-06,,0.0,4476,1040,0,346,10089,173
15120,2015-05-07,,0.0,3158,1040,0,346,14861,173
15121,2015-05-08,,0.0,2609,1040,0,346,6006,173
15122,2015-05-09,,0.0,2634,1040,0,346,8354,173
15123,2015-05-10,,0.0,3081,1040,0,346,9737,173
15124,2015-05-11,,0.0,2822,1040,0,346,8875,173
15125,2015-05-12,,0.0,3557,1040,9671,346,0,173
15126,2015-05-13,,0.0,3123,1040,3747,346,0,173
15127,2015-05-14,,0.0,3310,1040,0,346,6319,173
15128,2015-05-15,,0.0,7699,1040,0,346,11562,173
15129,2015-05-16,,0.0,1870,1040,2951,346,0,173
15130,2015-05-17,,0.0,3688,1040,0,346,8803,173
15131,2015-05-18,,0.0,4567,1040,5486,346,0,173
15132,2015-05-19,,0.0,7670,1040,5863,346,0,173
15133,2015-05-20,,0.0,10370,1040,0,346,13632,173
15134,2015-05-21,,0.0,5609,1040,0,346,11933,173
15135,2015-05-22,,0.0,5921,1040,0,346,7928,173
15136,2015-05-23,,0.0,6461,1040,6143,346,0,173
15137,2015-05-24,,0.0,4242,1040,4686,346,0,173
15138,2015-05-25,,0.0,9688,1040,0,346,18535,173
15139,2015-05-26,,0.0,2983,1040,4093,346,0,173
15140,2015-05-27,,0.0,6617,1040,4468,346,0,173
15141,2015-05-28,,0.0,4686,1040,4087,346,0,173
15142,2015-05-29,,0.0,5495,1040,0,346,8381,173
15143,2015-05-30,,0.0,2571,1040,0,346,7403,173
15144,2015-05-31,,0.0,4030,1040,0,346,8274,173
15145,2015-06-01,,0.0,7440,1040,0,346,13355,173
15146,2015-06-02,,0.0,8883,1040,0,346,19310,173
15147,2015-06-03,,0.0,2396,1040,0,346,4756,173
15148,2015-06-04,,0.0,10345,1040,4912,346,0,173
15149,2015-06-05,,0.0,1824,1040,0,346,4679,173
15150,2015-06-06,,0.0,3462,1040,4927,346,0,173
15151,2015-06-07,,0.0,3869,1040,3822,346,0,173
15152,2015-06-08,,0.0,5368,1040,0,346,12188,173
15153,2015-06-09,,0.0,11074,1040,12286,346,0,173
15154,2015-06-10,,0.0,3616,1040,3396,346,0,173
15155,2015-06-11,,0.0,6794,1040,0,346,8265,173
15156,2015-06-12,,0.0,5733,1040,0,346,18789,173
15157,2015-06-13,,0.0,3097,1040,0,346,5046,173
15158,2015-06-14,,0.0,5137,1040,0,346,13299,173
15159,2015-06-15,,0.0,3762,1040,5665,346,0,173
15160,2015-06-16,,0.0,2593,1040,0,346,7357,173
15161,2015-06-17,,0.0,3070,1040,5531,346,0,173
15162,2015-06-18,,0.0,6587,1040,0,346,7192,173
15163,2015-06-19,,0.0,2257,1040,3365,346,0,173
15164,2015-06-20,,0.0,6189,1040,0,346,8684,173
15165,2015-06-21,,0.0,3607,1040,0,346,9236,173
15166,2015-06-22,,0.0,8317,1040,5075,346,0,173
15167,2015-06-23,,0.0,4504,1040,0,346,9524,173
15168,2015-06-24,,0.0,9978,1040,8969,346,0,173
15169,2015-06-25,,0.0,4611,1040,0,346,7152,173
15170,2015-06-26,,0.0,7310,1040,7599,346,0,173
15171,2015-06-27,,0.0,2578,1040,0,346,4597,173
15172,2015-06-28,,0.0,2131,1040,0,346,5141,173
15173,2015-06-29,,0.0,6807,1040,0,346,15486,173
15174,2015-06-30,,0.0,6538,1040,0,346,10518,173
15175,2015-07-01,,0.0,7513,1040,8813,346,0,173
15176,2015-07-02,,0.0,5458,1040,0,346,9306,173
15177,2015-07-03,,0.0,1939,1040,2960,346,0,173
15178,2015-07-04,,0.0,4551,1040,0,346,10026,173
15179,2015-07-05,,0.0,3148,1040,4305,346,0,173
15180,2015-07-06,,0.0,5838,1040,3743,346,0,173
15181,2015-07-07,,0.0,5895,1040,4677,346,0,173
15182,2015-07-08,,0.0,5929,1040,0,346,13601,173
15183,2015-07-09,,0.0,6796,1040,0,346,14392,173
15184,2015-07-10,,0.0,13289,1040,0,346,18477,173
15185,2015-07-11,,0.0,3229,1040,0,346,8218,173
15186,2015-07-12,,0.0,4071,1040,0,346,9065,173
15187,2015-07-13,,0.0,2204,1040,0,346,5422,173
15188,2015-07-14,,0.0,5587,1040,0,346,7762,173
15189,2015-07-15,,0.0,6523,1040,0,346,15133,173
15190,2015-07-16,,0.0,5655,1040,6288,346,0,173
15191,2015-07-17,,0.0,4693,1040,0,346,12315,173
15192,2015-07-18,,0.0,11715,1040,0,346,0,173
15193,2015-07-19,,0.0,4706,1040,0,346,9206,173
15194,2015-07-20,,0.0,7656,1040,5176,346,0,173
15195,2015-07-21,,0.0,5302,1040,0,346,9504,173
15196,2015-07-22,,0.0,5608,1040,0,346,10530,173
15197,2015-07-23,,0.0,1983,1040,0,346,4909,173
15198,2015-07-24,,0.0,9382,1040,9862,346,0,173
15199,2015-07-25,,0.0,3075,1040,0,346,7903,173
15200,2015-07-26,,0.0,4820,1040,0,346,7085,173
15201,2015-07-27,,0.0,1890,1040,0,346,5877,173
15202,2015-07-28,,0.0,4905,1040,0,346,8897,173
15203,2015-07-29,,0.0,8625,1040,0,346,13367,173
15204,2015-07-30,,0.0,4441,1040,0,346,7043,173
15205,2015-07-31,,0.0,5893,1040,8458,346,0,173
15206,2015-08-01,,0.0,3794,1040,4163,346,0,173
15207,2015-08-02,,0.0,5825,1040,4056,346,0,173
15208,2015-08-03,,0.0,2454,1040,3216,346,0,173
15209,2015-08-04,,0.0,5814,1040,3148,346,0,173
15210,2015-08-05,,0.0,4222,1040,0,346,11186,173
15211,2015-08-06,,0.0,3628,1040,0,346,12522,173
15212,2015-08-07,,0.0,10405,1040,0,346,14064,173
15213,2015-08-08,,0.0,3378,1040,4770,346,0,173
15214,2015-08-09,,0.0,8441,1040,0,346,7758,173
15215,2015-08-10,,0.0,2171,1040,0,346,6632,173
15216,2015-08-11,,0.0,2437,1040,0,346,10153,173
15217,2015-08-12,,0.0,2739,1040,4266,346,0,173
15218,2015-08-13,,0.0,2811,1040,3350,346,0,173
15219,2015-08-14,,0.0,1925,1040,0,346,6222,173
15220,2015-08-15,,0.0,6153,1040,0,346,10503,173
15221,2015-08-16,,0.0,8348,1040,0,346,11475,173
15222,2015-08-17,,0.0,9911,1040,0,346,13564,173
15223,2015-08-18,,0.0,4357,1040,0,346,11103,173
15224,2015-08-19,,0.0,3366,1040,0,346,6711,173
15225,2015-08-20,,0.0,5508,1040,0,346,8880,173
15226,2015-08-21,,0.0,4932,1040,5615,346,0,173
15227,2015-08-22,,0.0,3103,1040,4389,346,0,173
15228,2015-08-23,,0.0,2923,1040,0,346,6660,173
15229,2015-08-24,,0.0,6194,1040,5157,346,0,173
15230,2015-08-25,,0.0,4411,1040,4332,346,0,173
15231,2015-08-26,,0.0,18248,1040,0,346,10477,173
15232,2015-08-27,,0.0,4773,1040,0,346,11021,173
15233,2015-08-28,,0.0,5160,1040,0,346,10765,173
15234,2015-08-29,,0.0,8861,1040,0,346,15472,173
15235,2015-08-30,,0.0,4223,1040,0,346,10863,173
15236,2015-08-31,,0.0,3672,1040,0,346,6516,173
15237,2015-09-01,,0.0,4444,1040,0,346,5166,173
15238,2015-09-02,,0.0,4505,1040,0,346,9644,173
15239,2015-09-03,,0.0,2921,1040,0,346,6788,173
15240,2015-09-04,,0.0,7446,1040,0,346,9842,173
15241,2015-09-05,,0.0,2820,1040,0,346,8122,173
15242,2015-09-06,,0.0,7500,1040,0,346,7134,173
15243,2015-09-07,,0.0,6180,1040,6889,346,0,173
15244,2015-09-08,,0.0,2372,1040,0,346,5029,173
15245,2015-09-09,,0.0,3983,1040,0,346,5841,173
15246,2015-09-10,,0.0,4739,1040,6716,346,0,173
15247,2015-09-11,,0.0,3675,1040,0,346,10183,173
15248,2015-09-12,,0.0,2914,1040,0,346,7030,173
15249,2015-09-13,,0.0,3284,1040,0,346,8144,173
15250,2015-09-14,,0.0,3443,1040,0,346,6667,173
15251,2015-09-15,,0.0,5982,1040,6697,346,0,173
15252,2015-09-16,,0.0,3440,1040,0,346,10769,173
15253,2015-09-17,,0.0,4297,1040,6401,346,0,173
15254,2015-09-18,,0.0,6445,1040,3885,346,0,173
15255,2015-09-19,,0.0,2885,1040,0,346,5526,173
15256,2015-09-20,,0.0,7880,1040,0,346,12470,173
15257,2015-09-21,,0.0,3000,1040,0,346,5257,173
15258,2015-09-22,,0.0,7048,1040,0,346,9991,173
15259,2015-09-23,,0.0,4884,1040,0,346,13851,173
15260,2015-09-24,,0.0,9139,1040,0,346,12555,173
15261,2015-09-25,,0.0,12380,1040,9845,346,0,173
15262,2015-09-26,,0.0,4168,1040,5811,346,0,173
15263,2015-09-27,,0.0,2350,1040,0,346,7507,173
15264,2015-09-28,,0.0,3455,1040,0,346,10233,173
15265,2015-09-29,,0.0,6109,1040,0,346,10263,173
15266,2015-09-30,,0.0,10195,1040,0,346,15134,173
15267,2015-10-01,,0.0,5999,1040,0,346,10048,173
15268,2015-10-02,,0.0,4606,1040,4137,346,0,173
15269,2015-10-03,,0.0,4881,1040,0,346,9260,173
15270,2015-10-04,,0.0,3751,1040,4576,346,0,173
15271,2015-10-05,,0.0,5221,1040,6156,346,0,173
15272,2015-10-06,,0.0,4564,1040,0,346,9225,173
15273,2015-10-07,,0.0,8381,1040,0,346,14016,173
15274,2015-10-08,,0.0,14072,1040,0,346,18498,173
15275,2015-10-09,,0.0,4077,1040,0,346,10061,173
15276,2015-10-10,,0.0,11001,1040,0,346,12852,173
15277,2015-10-11,,0.0,12393,1040,0,346,12104,173
15278,2015-10-12,,0.0,4508,1040,4775,346,0,173
15279,2015-10-13,,0.0,5011,1040,0,346,10838,173
15280,2015-10-14,,0.0,3938,1040,5497,346,0,173
15281,2015-10-15,,0.0,5599,1040,4318,346,0,173
15282,2015-10-16,,0.0,3438,1040,0,346,7913,173
15283,2015-10-17,,0.0,4347,1040,0,346,6694,173
15284,2015-10-18,,0.0,3086,1040,0,346,9399,173
15285,2015-10-19,,0.0,3235,1040,0,346,5663,173
15286,2015-10-20,,0.0,3606,1040,0,346,9796,173
15287,2015-10-21,,0.0,3016,1040,3839,346,0,173
15288,2015-10-22,,0.0,4311,1040,0,346,10822,173
15289,2015-10-23,,0.0,19116,1040,0,346,14958,173
15290,2015-10-24,,0.0,2880,1040,0,346,5838,173
15291,2015-10-25,,0.0,10031,1040,0,346,7993,173
15292,2015-10-26,,0.0,5553,1040,0,346,9193,173
15293,2015-10-27,,0.0,3443,1040,0,346,6326,173
15294,2015-10-28,,0.0,2533,1040,0,346,4197,173
15295,2015-10-29,,0.0,7586,1040,0,346,10518,173
15296,2015-10-30,,0.0,2508,1040,0,346,5831,173
15297,2015-10-31,,0.0,3500,1040,4440,346,0,173
15298,2015-11-01,,0.0,7092,1040,0,346,9540,173
15299,2015-11-02,,0.0,8576,1040,0,346,15891,173
15300,2015-11-03,,0.0,6085,1040,0,346,11135,173
15301,2015-11-04,,0.0,3643,1040,4780,346,0,173
15302,2015-11-05,,0.0,2088,1040,0,346,9173,173
15303,2015-11-06,,0.0,3498,1040,4730,346,0,173
15304,2015-11-07,,0.0,3090,1040,0,346,8191,173
15305,2015-11-08,,0.0,2621,1040,0,346,6887,173
15306,2015-11-09,,0.0,1930,1040,0,346,3784,173
15307,2015-11-10,,0.0,3112,1040,0,346,8907,173
15308,2015-11-11,,0.0,6509,1040,0,346,18886,173
15309,2015-11-12,,0.0,2082,1040,3238,346,0,173
15310,2015-11-13,,0.0,7102,1040,0,346,16411,173
15311,2015-11-14,,0.0,3311,1040,4483,346,0,173
15312,2015-11-15,,0.0,5445,1040,0,346,11191,173
15313,2015-11-16,,0.0,28657,1040,0,346,0,173
15314,2015-11-17,,0.0,1892,1040,0,346,8332,173
15315,2015-11-18,,0.0,8649,1040,0,346,7442,173
15316,2015-11-19,,0.0,1790,1040,0,346,4620,173
15317,2015-11-20,,0.0,6788,1040,0,346,8475,173
15318,2015-11-21,,0.0,8245,1040,0,346,17195,173
15319,2015-11-22,,0.0,2982,1040,0,346,9678,173
15320,2015-11-23,,0.0,9025,1040,9650,346,0,173
15321,2015-11-24,,0.0,9755,1040,0,346,22695,173
15322,2015-11-25,,0.0,5587,1040,7421,346,0,173
15323,2015-11-26,,0.0,3904,1040,0,346,5379,173
15324,2015-11-27,,0.0,11008,1040,0,346,14602,173
15325,2015-11-28,,0.0,4622,1040,5426,346,0,173
15326,2015-11-29,,0.0,5717,1040,0,346,14400,173
15327,2015-11-30,,0.0,4580,1040,0,346,8969,173
15328,2015-12-01,,0.0,4000,1040,0,346,9495,173
15329,2015-12-02,,0.0,4160,1040,0,346,11658,173
15330,2015-12-03,,0.0,5150,1040,0,346,7367,173
15331,2015-12-04,,0.0,7513,1040,0,346,9492,173
15332,2015-12-05,,0.0,2189,1040,0,346,5619,173
15333,2015-12-06,,0.0,6161,1040,10571,346,0,173
15334,2015-12-07,,0.0,3735,1040,0,346,6599,173
15335,2015-12-08,,0.0,8640,1040,0,346,15582,173
15336,2015-12-09,,0.0,6341,1040,0,346,7903,173
15337,2015-12-10,,0.0,5901,1040,0,346,8600,173
15338,2015-12-11,,0.0,9716,1040,7915,346,0,173
15339,2015-12-12,,0.0,3338,1040,2347,346,0,173
15340,2015-12-13,,0.0,5027,1040,4609,346,0,173
15341,2015-12-14,,0.0,3838,1040,5042,346,0,173
15342,2015-12-15,,0.0,7002,1040,0,346,9052,173
15343,2015-12-16,,0.0,3199,1040,0,346,9834,173
15344,2015-12-17,,0.0,9568,1040,0,346,15869,173
15345,2015-12-18,,0.0,2315,1040,0,346,8718,173
15346,2015-12-19,,0.0,6182,1040,0,346,8314,173
15347,2015-12-20,,0.0,8789,1040,0,346,9609,173
15348,2015-12-21,,0.0,8086,1040,6295,346,0,173
15349,2015-12-22,,0.0,3306,1040,0,346,7573,173
15350,2015-12-23,,0.0,3577,1040,0,346,8694,173
15351,2015-12-24,,0.0,4346,1040,0,346,11288,173
15352,2015-12-25,,0.0,4616,1040,0,346,10156,173
15353,2015-12-26,,0.0,5323,1040,0,346,9574,173
15354,2015-12-27,,0.0,3450,1040,0,346,6573,173
15355,2015-12-28,,0.0,2900,1040,0,346,11413,173
15356,2015-12-29,,0.0,3383,1040,0,346,10546,173
15357,2015-12-30,,0.0,12684,1040,0,346,11698,173
15358,2015-12-31,,0.0,3810,1040,5077,346,0,173
16001,2016-01-01,,0.0,3223,1040,3959,346,0,173
16002,2016-01-02,,0.0,8622,1040,0,346,14157,173
16003,2016-01-03,,0.0,5365,1040,0,346,10806,173
16004,2016-01-04,,0.0,3192,1040,0,346,9678,173
16005,2016-01-05,,0.0,3920,1040,0,346,6226,173
16006,2016-01-06,,0.0,4095,1040,4094,346,0,173
16007,2016-01-07,,0.0,4452,1040,0,346,16006,173
16008,2016-01-08,,0.0,9779,1040,0,346,13532,173
16009,2016-01-09,,0.0,6891,1040,0,346,12036,173
16010,2016-01-10,,0.0,10885,1040,0,346,17883,173
16011,2016-01-11,,0.0,8083,1040,0,346,13673,173
16012,2016-01-12,,0.0,3331,1040,0,346,7182,173
16013,2016-01-13,,0.0,5904,1040,0,346,9020,173
16014,2016-01-14,,0.0,5811,1040,0,346,12323,173
16015,2016-01-15,,0.0,7272,1040,9763,346,0,173
16016,2016-01-16,,0.0,8763,1040,0,346,12017,173
16017,2016-01-17,,0.0,2817,1040,0,346,8148,173
16018,2016-01-18,,0.0,5474,1040,4554,346,0,173
16019,2016-01-19,,0.0,3329,1040,3999,346,0,173
16020,2016-01-20,,0.0,3392,1040,0,346,14317,173
16021,2016-01-21,,0.0,2837,1040,0,346,5984,173
16022,2016-01-22,,0.0,6633,1040,6594,346,0,173
16023,2016-01-23,,0.0,3018,1040,0,346,4638,173
16024,2016-01-24,,0.0,1537,1040,0,346,5204,173
16025,2016-01-25,,0.0,2834,1040,2684,346,0,173
16026,2016-01-26,,0.0,2851,1040,0,346,5833,173
16027,2016-01-27,,0.0,6235,1040,0,346,11307,173
16028,2016-01-28,,0.0,5307,1040,4683,346,0,173
16029,2016-01-29,,0.0,3423,1040,3555,346,0,173
16030,2016-01-30,,0.0,5190,1040,4503,346,0,173
16031,2016-01-31,,0.0,9516,1040,0,346,16271,173
16032,2016-02-01,,0.0,12784,1040,0,346,0,173
16033,2016-02-02,,0.0,4475,1040,2394,346,0,173
16034,2016-02-03,,0.0,3388,1040,0,346,8526,173
16035,2016-02-04,,0.0,2851,1040,0,346,8443,173
16036,2016-02-05,,0.0,7232,1040,0,346,13899,173
16037,2016-02-06,,0.0,6471,1040,0,346,7892,173
16038,2016-02-14,,0.0,4054,1040,0,346,8912,173
16039,2016-02-15,,0.0,2424,1040,0,346,5091,173
16040,2016-02-16,,0.0,5832,1040,0,346,12614,173
16041,2016-02-17,,0.0,1704,1040,0,346,4014,173
16042,2016-02-18,,0.0,2505,1040,0,346,6136,173
16043,2016-02-19,,0.0,14536,1040,17455,346,0,173
16044,2016-02-20,,0.0,1468,1040,0,346,2919,173
16045,2016-02-21,,0.0,3047,1040,0,346,8126,173
16046,2016-02-22,,0.0,2072,1040,0,346,3126,173
16047,2016-02-23,,0.0,2769,1040,0,346,6607,173
16048,2016-02-24,,0.0,6821,1040,9487,346,0,173
16049,2016-02-25,,0.0,3907,1040,0,346,8034,173
16050,2016-02-26,,0.0,1699,1040,0,346,4089,173
16051,2016-02-27,,0.0,2830,1040,0,346,6821,173
16052,2016-02-28,,0.0,2330,1040,0,346,6862,173
16053,2016-02-29,,0.0,6497,1040,8860,346,0,173
16054,2016-03-01,,0.0,6299,1040,0,346,13841,173
16055,2016-03-02,,0.0,4654,1040,3995,346,0,173
16056,2016-03-03,,0.0,5531,1040,6044,346,0,173
16057,2016-03-04,,0.0,3777,1040,0,346,9832,173
16058,2016-03-05,,0.0,5795,1040,5080,346,0,173
16059,2016-03-06,,0.0,6569,1040,0,346,7928,173
16060,2016-03-07,,0.0,3208,1040,3683,346,0,173
16061,2016-03-08,,0.0,2347,1040,0,346,9536,173
16062,2016-03-09,,0.0,3813,1040,6004,346,0,173
16063,2016-03-10,,0.0,8412,1040,0,346,21859,173
16064,2016-03-11,,0.0,4052,1040,6937,346,0,173
16065,2016-03-12,,0.0,4468,1040,0,346,8375,173
16066,2016-03-13,,0.0,1574,1040,1816,346,0,173
16067,2016-03-14,,0.0,3245,1040,4185,346,0,173
16068,2016-03-15,,0.0,2637,1040,0,346,6939,173
16069,2016-03-16,,0.0,2619,1040,3312,346,0,173
16070,2016-03-17,,0.0,8575,1040,0,346,15927,173
16071,2016-03-18,,0.0,5697,1040,0,346,6385,173
16072,2016-03-19,,0.0,3046,1040,3700,346,0,173
16073,2016-03-20,,0.0,2538,1040,0,346,8190,173
16074,2016-03-21,,0.0,5262,1040,0,346,11366,173
16075,2016-03-22,,0.0,6243,1040,0,346,13908,173
16076,2016-03-23,,0.0,5689,1040,6279,346,0,173
16077,2016-03-24,,0.0,4540,1040,0,346,11189,173
16078,2016-03-25,,0.0,4974,1040,0,346,9617,173
16079,2016-03-26,,0.0,3433,1040,0,346,8716,173
16080,2016-03-27,,0.0,3059,1040,0,346,6605,173
16081,2016-03-28,,0.0,2960,1040,0,346,6348,173
16082,2016-03-29,,0.0,7561,1040,0,346,15994,173
16083,2016-03-30,,0.0,7892,1040,0,346,13042,173
16084,2016-03-31,,0.0,4196,1040,0,346,5674,173
16085,2016-04-01,,0.0,6783,1040,7137,346,0,173
16086,2016-04-02,,0.0,2314,1040,0,346,10191,173
16087,2016-04-03,,0.0,2994,1040,0,346,5905,173
16088,2016-04-04,,0.0,4107,1040,0,346,12047,173
16089,2016-04-05,,0.0,3003,1040,0,346,11806,173
16090,2016-04-06,,0.0,9818,1040,0,346,15642,173
16091,2016-04-07,,0.0,2623,1040,5404,346,0,173
16092,2016-04-08,,0.0,4844,1040,0,346,14226,173
16093,2016-04-09,,0.0,4198,1040,0,346,13051,173
16094,2016-04-10,,0.0,3525,1040,0,346,13009,173
16095,2016-04-11,,0.0,3240,1040,0,346,7922,173
16096,2016-04-12,,0.0,3035,1040,0,346,6093,173
16097,2016-04-13,,0.0,25379,1040,0,346,0,173
16098,2016-04-14,,0.0,3912,1040,0,346,5471,173
16099,2016-04-15,,0.0,3959,1040,4825,346,0,173
16100,2016-04-16,,0.0,4794,1040,0,346,10302,173
16101,2016-04-17,,0.0,4419,1040,0,346,4809,173
16102,2016-04-18,,0.0,5459,1040,7304,346,0,173
16103,2016-04-19,,0.0,7252,1040,0,346,14117,173
16104,2016-04-20,,0.0,12849,1040,0,346,14758,173
16105,2016-04-21,,0.0,5628,1040,5279,346,0,173
16106,2016-04-22,,0.0,5525,1040,0,346,8625,173
16107,2016-04-23,,0.0,2718,1040,0,346,8796,173
16108,2016-04-24,,0.0,3479,1040,0,346,13388,173
16109,2016-04-25,,0.0,2481,1040,0,346,5485,173
16110,2016-04-26,,0.0,4716,1040,6071,346,0,173
16111,2016-04-27,,0.0,3774,1040,0,346,11125,173
16112,2016-04-28,,0.0,3039,1040,2912,346,0,173
16113,2016-04-29,,0.0,5495,1040,0,346,9242,173
16114,2016-04-30,,0.0,3311,1040,0,346,7830,173
16115,2016-05-01,,0.0,2723,1040,2738,346,0,173
16116,2016-05-02,,0.0,2814,1040,2778,346,0,173
16117,2016-05-03,,0.0,8003,1040,0,346,13001,173
16118,2016-05-04,,0.0,11533,1040,0,346,15323,173
16119,2016-05-05,,0.0,4633,1040,0,346,7703,173
16120,2016-05-06,,0.0,5823,1040,5549,346,0,173
16121,2016-05-07,,0.0,7381,1040,0,346,17419,173
16122,2016-05-08,,0.0,4365,1040,0,346,9233,173
16123,2016-05-09,,0.0,6807,1040,0,346,10521,173
16124,2016-05-10,,0.0,4579,1040,0,346,13684,173
16125,2016-05-11,,0.0,2849,1040,0,346,5432,173
16126,2016-05-12,,0.0,2907,1040,0,346,5779,173
16127,2016-05-13,,0.0,5352,1040,5470,346,0,173
16128,2016-05-14,,0.0,3878,1040,4559,346,0,173
16129,2016-05-15,,0.0,2998,1040,0,346,5090,173
16130,2016-05-16,,0.0,4324,1040,0,346,8449,173
16131,2016-05-17,,0.0,3729,1040,4871,346,0,173
16132,2016-05-18,,0.0,7539,1040,0,346,17019,173
16133,2016-05-19,,0.0,2733,1040,4105,346,0,173
16134,2016-05-20,,0.0,8190,1040,0,346,11490,173
16135,2016-05-21,,0.0,2940,1040,3750,346,0,173
16136,2016-05-22,,0.0,3784,1040,3074,346,0,173
16137,2016-05-23,,0.0,2912,1040,2432,346,0,173
16138,2016-05-24,,0.0,2349,1040,3963,346,0,173
16139,2016-05-25,,0.0,3389,1040,3415,346,0,173
16140,2016-05-26,,0.0,2349,1040,2527,346,0,173
16141,2016-05-27,,0.0,3765,1040,0,346,9516,173
16142,2016-05-28,,0.0,10306,1040,0,346,21545,173
16143,2016-05-29,,0.0,3190,1040,2851,346,0,173
16144,2016-05-30,,0.0,7656,1040,0,346,14002,173
16145,2016-05-31,,0.0,2423,1040,0,346,5119,173
16146,2016-06-01,,0.0,4154,1040,0,346,9139,173
16147,2016-06-02,,0.0,6154,1040,0,346,10754,173
16148,2016-06-03,,0.0,7325,1040,6825,346,0,173
16149,2016-06-04,,0.0,2236,1040,3315,346,0,173
16150,2016-06-05,,0.0,2657,1040,3630,346,0,173
16151,2016-06-06,,0.0,6380,1040,9682,346,0,173
16152,2016-06-07,,0.0,2877,1040,0,346,7282,173
16153,2016-06-08,,0.0,3600,1040,4178,346,0,173
16154,2016-06-09,,0.0,3288,1040,0,346,5602,173
16155,2016-06-10,,0.0,31681,1040,0,346,0,173
16156,2016-06-11,,0.0,3526,1040,0,346,7214,173
16157,2016-06-12,,0.0,7151,1040,0,346,7403,173
16158,2016-06-13,,0.0,8835,1040,0,346,19726,173
16159,2016-06-14,,0.0,15195,1040,0,346,19042,173
16160,2016-06-15,,0.0,5129,1040,0,346,11378,173
16161,2016-06-16,,0.0,5968,1040,0,346,13161,173
16162,2016-06-17,,0.0,5923,1040,0,346,9487,173
16163,2016-06-18,,0.0,4435,1040,0,346,8384,173
16164,2016-06-19,,0.0,5206,1040,0,346,9429,173
16165,2016-06-20,,0.0,5472,1040,0,346,8122,173
16166,2016-06-21,,0.0,6183,1040,0,346,8887,173
16167,2016-06-22,,0.0,5206,1040,7033,346,0,173
16168,2016-06-23,,0.0,3786,1040,5840,346,0,173
16169,2016-06-24,,0.0,6430,1040,0,346,9074,173
16170,2016-06-25,,0.0,3338,1040,0,346,5364,173
16171,2016-06-26,,0.0,5295,1040,0,346,7694,173
16172,2016-06-27,,0.0,4569,1040,0,346,10492,173
16173,2016-06-28,,0.0,4370,1040,4552,346,0,173
16174,2016-06-29,,0.0,8880,1040,0,346,0,173
16175,2016-06-30,,0.0,4551,1040,0,346,8744,173
16176,2016-07-01,,0.0,3418,1040,0,346,9537,173
16177,2016-07-02,,0.0,5651,1040,7315,346,0,173
16178,2016-07-03,,0.0,3239,1040,2996,346,0,173
16179,2016-07-04,,0.0,9245,1040,0,346,6537,173
16180,2016-07-05,13277668,0.0,7730,1040,0,346,17021,173
16181,2016-07-06,13638724,0.0,5999,1040,0,346,21123,173
16182,2016-07-07,13756664,0.0,2552,1040,1902,346,0,173
16183,2016-07-08,13139874,0.0,6202,1040,0,346,8122,173
16184,2016-07-09,12846314,0.0,3678,1040,0,346,5186,173
16185,2016-07-10,13074000,0.0,3130,1040,0,346,7476,173
16186,2016-07-11,13507438,0.0,8712,1040,7972,346,0,173
16187,2016-07-12,12836552,0.0,3344,1040,0,346,8544,173
16188,2016-07-13,13132088,0.0,2665,1040,0,346,11941,173
16189,2016-07-14,13298534,0.0,2887,1040,4354,346,0,173
16190,2016-07-15,13743214,0.0,9169,1040,0,346,15266,173
16191,2016-07-16,12764414,0.0,4031,1040,0,346,4814,173
16192,2016-07-17,12870166,0.0,3699,1040,0,346,7300,173
16193,2016-07-18,13606138,0.0,9656,1040,0,346,12281,173
16194,2016-07-19,13357976,0.0,17382,1040,8289,346,0,173
16195,2016-07-20,12804120,0.0,4627,1040,0,346,6323,173
16196,2016-07-21,12798904,0.0,5862,1040,5412,346,0,173
16197,2016-07-22,13107948,0.0,1970,1040,2106,346,0,173
16198,2016-07-23,11924228,0.0,3646,1040,0,346,9479,173
16199,2016-07-24,12251896,0.0,3939,1040,0,346,6430,173
16200,2016-07-25,12870478,0.0,2873,1040,0,346,10303,173
16201,2016-07-26,12750106,0.0,5551,1040,0,346,13142,173
16202,2016-07-27,13031946,0.0,3686,1040,0,346,9990,173
16203,2016-07-28,13273332,0.0,1355,1040,2791,346,0,173
16204,2016-07-29,13084308,0.0,5147,1040,5125,346,0,173
16205,2016-07-30,12198620,0.0,6984,1040,0,346,9525,173
16206,2016-07-31,12323000,0.0,4614,1040,4110,346,0,173
16207,2016-08-01,12241564,0.0,3107,1040,4378,346,0,173
16208,2016-08-02,12617062,0.0,2972,1040,0,346,7703,173
16209,2016-08-03,13158030,0.0,4656,1040,5135,346,0,173
16210,2016-08-04,12444658,0.0,2424,1040,0,346,9581,173
16211,2016-08-05,13441990,0.0,9701,1040,0,346,17311,173
16212,2016-08-06,12338080,0.0,3160,1040,0,346,8559,173
16213,2016-08-07,12222772,0.0,2892,1040,0,346,10011,173
16214,2016-08-08,12818382,0.0,7810,1040,0,346,8287,173
16215,2016-08-09,12503360,0.0,2939,1040,4552,346,0,173
16216,2016-08-10,12058932,0.0,4249,1040,0,346,7775,173
16217,2016-08-11,12565870,0.0,6888,1040,5447,346,0,173
16218,2016-08-12,12958008,0.0,7058,1040,3500,346,0,173
16219,2016-08-13,11813146,0.0,2840,1040,0,346,6969,173
16220,2016-08-14,12117908,0.0,2490,1040,0,346,4836,173
16221,2016-08-15,12638012,0.0,6241,1040,0,346,15657,173
16222,2016-08-16,12401632,0.0,6446,1040,0,346,9231,173
16223,2016-08-17,12842650,0.0,1706,1040,0,346,5054,173
16224,2016-08-18,12779910,0.0,2716,1040,4615,346,0,173
16225,2016-08-19,12917118,0.0,3661,1040,4418,346,0,173
16226,2016-08-20,11728064,0.0,1821,1040,0,346,4100,173
16227,2016-08-21,11616006,0.0,2565,1040,0,346,6355,173
16228,2016-08-22,12573076,0.0,4516,1040,0,346,9007,173
16229,2016-08-23,12500168,0.0,2107,1040,0,346,7063,173
16230,2016-08-24,12488028,0.0,2461,1040,3187,346,0,173
16231,2016-08-25,12292362,0.0,4274,1040,0,346,12313,173
16232,2016-08-26,13046408,0.0,6385,1040,0,346,10436,173
16233,2016-08-27,12133242,0.0,2915,1040,0,346,6063,173
16234,2016-08-28,12185494,0.0,2633,1040,0,346,6824,173
16235,2016-08-29,12934676,0.0,2979,1040,0,346,4823,173
16236,2016-08-30,13047026,0.0,3728,1040,0,346,14715,173
16237,2016-08-31,13358820,0.0,2515,1040,0,346,7610,173
16238,2016-09-01,13441044,0.0,3262,1040,0,346,10972,173
16239,2016-09-02,13768292,0.0,3412,1040,6663,346,0,173
16240,2016-09-03,12554958,0.0,3996,1040,0,346,12371,173
16241,2016-09-04,12652100,0.0,3684,1040,0,346,5909,173
16242,2016-09-05,13213054,0.0,9878,1040,0,346,13357,173
16243,2016-09-06,13241590,0.0,9391,1040,0,346,13598,173
16244,2016-09-07,13720604,0.0,6217,1040,0,346,13041,173
16245,2016-09-08,13757776,0.0,6524,1040,0,346,10425,173
16246,2016-09-09,13968722,0.0,2968,1040,0,346,13185,173
16247,2016-09-10,13406526,0.0,2396,1040,4949,346,0,173
16248,2016-09-11,12144394,0.0,4119,1040,4354,346,0,173
16249,2016-09-12,12529540,0.0,5407,1040,0,346,9295,173
16250,2016-09-13,13322336,0.0,2446,1040,0,346,8243,173
16251,2016-09-14,13181482,0.0,2585,1040,0,346,5565,173
16252,2016-09-15,11684070,0.0,7022,1040,0,346,14624,173
16253,2016-09-16,13202904,0.0,14732,1040,0,346,9897,173
16254,2016-09-17,12994618,0.0,6369,1040,0,346,18667,173
16255,2016-09-18,13491108,0.0,7585,1040,8654,346,0,173
16256,2016-09-19,13297456,0.0,3822,1040,0,346,9795,173
16257,2016-09-20,13259786,0.0,4896,1040,0,346,7664,173
16258,2016-09-21,13716028,0.0,4034,1040,0,346,7216,173
16259,2016-09-22,13794848,0.0,4647,1040,0,346,9730,173
16260,2016-09-23,14374480,0.0,5356,1040,0,346,8581,173
16261,2016-09-24,13429864,0.0,2963,1040,5312,346,0,173
16262,2016-09-25,12628816,0.0,5316,1040,0,346,9363,173
16263,2016-09-26,13390322,0.0,3942,1040,3510,346,0,173
16264,2016-09-27,12485526,0.0,8612,1040,0,346,11835,173
16265,2016-09-28,13149154,0.0,4578,1040,0,346,12025,173
16266,2016-09-29,13945440,0.0,2179,1040,0,346,6946,173
16267,2016-09-30,13617506,0.0,3005,1040,3013,346,0,173
16268,2016-10-01,11800626,0.0,3433,1040,0,346,9220,173
16269,2016-10-02,11621116,0.0,2519,1040,2840,346,0,173
16270,2016-10-03,11286760,0.0,1476,1040,0,346,5276,173
16271,2016-10-04,11746556,0.0,3329,1040,0,346,11462,173
16272,2016-10-05,12034672,0.0,3783,1040,0,346,10421,173
16273,2016-10-06,12551854,0.0,5490,1040,0,346,11087,173
16274,2016-10-07,13426986,0.0,4888,1040,0,346,9868,173
16275,2016-10-08,13641304,0.0,3222,1040,0,346,4961,173
16276,2016-10-09,13455512,0.0,3408,1040,0,346,11891,173
16277,2016-10-10,13716812,0.0,4966,1040,0,346,13191,173
16278,2016-10-11,14163994,0.0,4434,1040,6219,346,0,173
16279,2016-10-12,13169930,0.0,3542,1040,0,346,8685,173
16280,2016-10-13,13715602,0.0,3767,1040,0,346,5563,173
16281,2016-10-14,14176936,0.0,4293,1040,0,346,9411,173
16282,2016-10-15,13278076,0.0,2649,1040,4511,346,0,173
16283,2016-10-16,13232944,0.0,1814,1040,2328,346,0,173
16284,2016-10-17,13284280,0.0,7371,1040,0,346,11704,173
16285,2016-10-18,13379208,0.0,4285,1040,0,346,10890,173
16286,2016-10-19,14033708,0.0,2968,1040,0,346,11895,173
16287,2016-10-20,14044616,0.0,5278,1040,0,346,7594,173
16288,2016-10-21,14127086,0.0,2602,1040,0,346,4953,173
16289,2016-10-22,13529006,0.0,3865,1040,0,346,11389,173
16290,2016-10-23,13806530,0.0,2572,1040,0,346,6051,173
16291,2016-10-24,14249304,0.0,5352,1040,0,346,8985,173
16292,2016-10-25,14851866,0.0,4945,1040,0,346,9332,173
16293,2016-10-26,15002848,0.0,4581,1040,0,346,5206,173
16294,2016-10-27,14679102,0.0,5999,1040,0,346,9004,173
16295,2016-10-28,15543516,0.0,5434,1040,0,346,11309,173
16296,2016-10-29,14545132,0.0,9580,1040,0,346,14643,173
16297,2016-10-30,14833310,0.0,8049,1040,0,346,14974,173
16298,2016-10-31,14947236,0.0,12048,1040,14352,346,0,173
16299,2016-11-01,13811198,0.0,8771,1040,0,346,9916,173
16300,2016-11-02,14078508,0.0,7080,1040,0,346,15052,173
16301,2016-11-03,13976230,0.0,19317,1040,0,346,0,173
16302,2016-11-04,12984964,0.0,7715,1040,0,346,10642,173
16303,2016-11-05,13136240,0.0,2249,1040,0,346,3881,173
16304,2016-11-06,13946090,0.0,6900,1040,0,346,9433,173
16305,2016-11-07,14473178,0.0,9026,1040,0,346,18558,173
16306,2016-11-08,14427890,0.0,1437,1040,0,346,2599,173
16307,2016-11-09,14431342,0.0,6026,1040,0,346,12140,173
16308,2016-11-10,14810330,0.0,3103,1040,0,346,12029,173
16309,2016-11-11,15444444,0.0,5357,1040,7276,346,0,173
16310,2016-11-12,14014086,0.0,6429,1040,0,346,11983,173
16311,2016-11-13,14302294,0.0,5207,1040,0,346,9451,173
16312,2016-11-14,15269298,0.0,5024,1040,7066,346,0,173
16313,2016-11-15,14938530,0.0,4414,1040,0,346,12743,173
16314,2016-11-16,14761484,0.0,7848,1040,0,346,18636,173
16315,2016-11-17,14923006,0.0,3843,1040,0,346,8457,173
16316,2016-11-18,16183974,0.0,2881,1040,0,346,5814,173
16317,2016-11-19,14958600,0.0,2992,1040,4763,346,0,173
16318,2016-11-20,14213084,0.0,1976,1040,0,346,3229,173
16319,2016-11-21,15283814,0.0,5622,1040,0,346,8746,173
16320,2016-11-22,14992410,0.0,3000,1040,0,346,7504,173
16321,2016-11-23,15143822,0.0,4190,1040,4979,346,0,173
16322,2016-11-24,14723106,0.0,4105,1040,0,346,7141,173
16323,2016-11-25,15601158,0.0,3923,1040,0,346,5776,173
16324,2016-11-26,15141204,0.0,4768,1040,0,346,9943,173
16325,2016-11-27,15657528,0.0,4709,1040,4175,346,0,173
16326,2016-11-28,15575054,0.0,4272,1040,4584,346,0,173
16327,2016-11-29,15340720,0.0,3631,1040,3441,346,0,173
16328,2016-11-30,15333530,0.0,4419,1040,0,346,9734,173
16329,2016-12-01,15623650,0.0,17930,1040,0,346,24427,173
16330,2016-12-02,14825188,0.0,6629,1040,0,346,12518,173
16331,2016-12-03,13932104,0.0,7003,1040,0,346,19673,173
16332,2016-12-04,14089202,0.0,7570,1040,7042,346,0,173
16333,2016-12-05,14386414,0.0,7382,1040,0,346,12747,173
16334,2016-12-06,14488794,0.0,3688,1040,4994,346,0,173
16335,2016-12-07,14646278,0.0,8129,1040,0,346,13760,173
16336,2016-12-08,14925516,0.0,2286,1040,0,346,5220,173
16337,2016-12-09,15155572,0.0,4502,1040,0,346,11225,173
16338,2016-12-10,14160826,0.0,3566,1040,0,346,9666,173
16339,2016-12-11,14545672,0.0,6314,1040,0,346,8375,173
16340,2016-12-12,15722364,0.0,2781,1040,0,346,7781,173
16341,2016-12-13,14835428,0.0,8729,1040,0,346,10973,173
16342,2016-12-14,14487100,0.0,3843,1040,6573,346,0,173
16343,2016-12-15,13920398,0.0,5029,1040,0,346,8783,173
16344,2016-12-16,14880368,0.0,2295,1040,0,346,4163,173
16345,2016-12-17,13824482,0.0,4324,1040,0,346,16038,173
16346,2016-12-18,14262534,0.0,12385,1040,9637,346,0,173
16347,2016-12-19,13678906,0.0,3762,1040,0,346,9613,173
16348,2016-12-20,14184064,0.0,6300,1040,5972,346,0,173
16349,2016-12-21,14437918,0.0,2103,1040,0,346,9016,173
16350,2016-12-22,14563054,0.0,5692,1040,0,346,6437,173
16351,2016-12-23,15174778,0.0,10716,1040,0,346,13183,173
16352,2016-12-24,14864682,0.0,5020,1040,5416,346,0,173
16353,2016-12-25,14106528,0.0,3325,1040,0,346,12499,173
16354,2016-12-26,14298490,0.0,8004,1040,8910,346,0,173
16355,2016-12-27,14509322,0.0,6240,1040,0,346,11548,173
16356,2016-12-28,14889090,0.0,6583,1040,0,346,9131,173
16357,2016-12-29,14911338,0.0,13058,1040,0,346,0,173
16358,2016-12-30,13902942,0.0,3805,1040,0,346,9578,173
16359,2016-12-31,14076668,0.0,9888,1040,0,346,13445,173
17001,2017-01-01,13069192,0.0,4184,1040,0,346,7238,173
17002,2017-01-02,13402912,0.0,5733,1040,0,346,11730,173
17003,2017-01-03,14312240,0.0,14581,1040,0,346,20118,173
17004,2017-01-04,15225316,0.0,8888,1040,12882,346,0,173
17005,2017-01-05,14745772,0.0,3519,1040,0,346,10959,173
17006,2017-01-06,15234634,0.0,4138,1040,0,346,9398,173
17007,2017-01-07,15068440,0.0,3965,1040,0,346,9745,173
17008,2017-01-08,14895192,0.0,4975,1040,0,346,12216,173
17009,2017-01-09,15415862,0.0,3704,1040,0,346,10629,173
17010,2017-01-10,15468918,0.0,7033,1040,0,346,10138,173
17011,2017-01-11,15575652,0.0,8081,1040,0,346,15210,173
17012,2017-01-12,15842842,0.0,6253,1040,0,346,13305,173
17013,2017-01-13,16437028,0.0,1886,1040,0,346,5296,173
17014,2017-01-14,15323270,0.0,5136,1040,0,346,8655,173
17015,2017-01-15,15485888,0.0,4245,1040,6923,346,0,173
17016,2017-01-16,14769450,0.0,3895,1040,0,346,9101,173
17017,2017-01-17,14909756,0.0,7286,1040,0,346,12620,173
17018,2017-01-18,14894894,0.0,2159,1040,0,346,7580,173
17019,2017-01-19,14805948,0.0,5903,1040,9276,346,0,173
17020,2017-01-20,15093258,0.0,16429,1040,0,346,21644,173
17021,2017-01-21,15109100,0.0,2857,1040,0,346,9663,173
17022,2017-01-22,15385626,0.0,3499,1040,6621,346,0,173
17023,2017-01-23,14958508,0.0,4794,1040,0,346,12446,173
17024,2017-01-24,15089806,0.0,4684,1040,0,346,8488,173
17025,2017-01-25,14860512,0.0,2516,1040,3337,346,0,173
17026,2017-01-26,13184960,0.0,2912,1040,0,346,8030,173
17027,2017-02-03,12060110,0.0,6166,1040,0,346,11197,173
17028,2017-02-04,12474730,0.0,5009,1040,5227,346,0,173
17029,2017-02-05,12227718,0.0,2264,1040,0,346,8397,173
17030,2017-02-06,13122170,0.0,3114,1040,0,346,8740,173
17031,2017-02-07,13294246,0.0,4028,1040,0,346,6501,173
17032,2017-02-08,13797572,0.0,12432,1040,0,346,16255,173
17033,2017-02-09,14441444,0.0,2444,1040,0,346,8271,173
17034,2017-02-10,14778148,0.0,4698,1040,0,346,10916,173
17035,2017-02-11,13757014,0.0,2944,1040,0,346,6562,173
17036,2017-02-12,13889398,0.0,7841,1040,0,346,11063,173
17037,2017-02-13,15091482,0.0,3464,1040,0,346,9230,173
17038,2017-02-14,15056404,0.0,5500,1040,0,346,11424,173
17039,2017-02-15,16323406,0.0,4811,1040,0,346,8450,173
17040,2017-02-16,16396984,0.0,5464,1040,0,346,9775,173
17041,2017-02-17,17742824,0.0,5567,1040,0,346,10293,173
17042,2017-02-18,16585366,0.0,10029,1040,0,346,12577,173
17043,2017-02-19,16718480,0.0,4852,1040,0,346,8920,173
17044,2017-02-20,17929962,0.0,5441,1040,0,346,12829,173
17045,2017-02-21,17225922,0.0,5680,1040,0,346,19290,173
17046,2017-02-22,17702298,0.0,8920,1040,12246,346,0,173
17047,2017-02-23,15732436,0.0,3780,1040,0,346,9703,173
17048,2017-02-24,16639946,0.0,5719,1040,0,346,21859,173
17049,2017-02-25,15630918,0.0,5198,1040,8831,346,0,173
17050,2017-02-26,14991698,0.0,4514,1040,0,346,10943,173
17051,2017-02-27,16114604,0.0,21275,1040,0,346,0,173
17052,2017-02-28,15066440,0.0,6928,1040,0,346,16370,173
17053,2017-03-01,16076686,0.0,4688,1040,0,346,6820,173
17054,2017-03-02,15846550,0.0,6259,1040,0,346,10459,173
17055,2017-03-03,16535248,0.0,4536,1040,6456,346,0,173
17056,2017-03-04,14911998,0.0,3141,1040,3631,346,0,173
17057,2017-03-05,14733748,0.0,2444,1040,0,346,6195,173
17058,2017-03-06,15757302,0.0,4098,1040,0,346,13344,173
17059,2017-03-07,15731032,0.0,4009,1040,6945,346,0,173
17060,2017-03-08,15523362,0.0,7738,1040,0,346,15903,173
17061,2017-03-09,15696660,0.0,8417,1040,0,346,21565,173
17062,2017-03-10,16785982,0.0,5171,1040,7534,346,0,173
17063,2017-03-11,14953836,0.0,5034,1040,0,346,14952,173
17064,2017-03-12,14898972,0.0,6116,1040,0,346,14091,173
17065,2017-03-13,16225832,0.0,7568,1040,7571,346,0,173
17066,2017-03-14,15870332,0.0,4321,1040,4332,346,0,173
17067,2017-03-15,15954230,0.0,6244,1040,0,346,15866,173
17068,2017-03-16,16531038,0.0,11279,1040,0,346,11289,173
17069,2017-03-17,16894646,0.0,7670,1040,0,346,21439,173
17070,2017-03-18,16139478,0.0,16995,1040,0,346,0,173
17071,2017-03-19,14139008,0.0,3547,1040,0,346,11156,173
17072,2017-03-20,16337060,0.0,3388,1040,0,346,10755,173
17073,2017-03-21,15817284,0.0,3479,1040,0,346,7366,173
17074,2017-03-22,15175332,0.0,8036,1040,9557,346,0,173
17075,2017-03-23,15284874,0.0,5067,1040,8805,346,0,173
17076,2017-03-24,15060826,0.0,13941,1040,0,346,18115,173
17077,2017-03-25,14930896,0.0,9261,1040,0,346,17281,173
17078,2017-03-26,15521350,0.0,2833,1040,4662,346,0,173
17079,2017-03-27,15314994,0.0,7747,1040,0,346,15990,173
17080,2017-03-28,15798238,0.0,3565,1040,4540,346,0,173
17081,2017-03-29,15736706,0.0,4331,1040,0,346,7031,173
17082,2017-03-30,15001830,0.0,5609,1040,4959,346,0,173
17083,2017-03-31,15862500,0.0,4381,1040,0,346,11678,173
17084,2017-04-01,15184584,0.0,9013,1040,0,346,15220,173
17085,2017-04-02,14495032,0.0,10088,1040,10304,346,0,173
17086,2017-04-03,14714832,0.0,3541,1040,4937,346,0,173
17087,2017-04-04,14771402,0.0,3616,1040,0,346,9026,173
17088,2017-04-05,15717014,0.0,5929,1040,0,346,12358,173
17089,2017-04-06,16529462,0.0,7311,1040,0,346,15558,173
17090,2017-04-07,17296290,0.0,5704,1040,0,346,18394,173
17091,2017-04-08,16117424,0.0,11521,1040,7957,346,0,173
17092,2017-04-09,15307986,0.0,5212,1040,0,346,13104,173
17093,2017-04-10,15788294,0.0,5633,1040,0,346,8760,173
17094,2017-04-11,15849076,0.0,6229,1040,0,346,7369,173
17095,2017-04-12,16027668,0.0,6631,1040,6514,346,0,173
17096,2017-04-13,15449504,0.0,2497,1040,0,346,2634,173
17097,2017-04-14,15962762,0.0,4967,1040,0,346,9998,173
17098,2017-04-15,14910608,0.0,3502,1040,4671,346,0,173
17099,2017-04-16,14995878,0.0,5721,1040,5529,346,0,173
17100,2017-04-17,15066256,0.0,3335,1040,0,346,10372,173
17101,2017-04-18,15576426,0.0,2163,1040,0,346,5594,173
17102,2017-04-19,15430588,0.0,3841,1040,0,346,7758,173
17103,2017-04-20,15619070,0.0,2911,1040,4894,346,0,173
17104,2017-04-21,15289592,0.0,6261,1040,0,346,16828,173
17105,2017-04-22,14478106,0.0,3996,1040,0,346,9048,173
17106,2017-04-23,15133256,0.0,2974,1040,0,346,6028,173
17107,2017-04-24,14954122,0.0,6578,1040,0,346,16258,173
17108,2017-04-25,15305840,0.0,14986,1040,14432,346,0,173
17109,2017-04-26,14667574,0.0,2355,1040,2450,346,0,173
17110,2017-04-27,14135902,0.0,6780,1040,0,346,14231,173
17111,2017-04-28,15328876,0.0,10111,1040,0,346,19963,173
17112,2017-04-29,14426284,0.0,3013,1040,5227,346,0,173
17113,2017-04-30,13829542,0.0,6131,1040,0,346,21695,173
17114,2017-05-01,14208682,0.0,2613,1040,0,346,9650,173
17115,2017-05-02,14810384,0.0,5783,1040,0,346,15744,173
17116,2017-05-03,14998172,0.0,3420,1040,0,346,7471,173
17117,2017-05-04,15117374,0.0,3581,1040,6148,346,0,173
17118,2017-05-05,15331598,0.0,4393,1040,4074,346,0,173
17119,2017-05-06,13675050,0.0,4629,1040,3544,346,0,173
17120,2017-05-07,13656940,0.0,3662,1040,0,346,11844,173
17121,2017-05-08,14782078,0.0,1421,1040,0,346,4514,173
17122,2017-05-09,14573236,0.0,4637,1040,0,346,7588,173
17123,2017-05-10,14673878,0.0,4847,1040,0,346,15886,173
17124,2017-05-11,14858746,0.0,1999,1040,0,346,6837,173
17125,2017-05-12,15206374,0.0,6299,1040,5722,346,0,173
17126,2017-05-13,13495502,0.0,8688,1040,0,346,14321,173
17127,2017-05-14,14205964,0.0,6260,1040,0,346,13973,173
17128,2017-05-15,14496602,0.0,4411,1040,0,346,11730,173
17129,2017-05-16,14785966,0.0,12114,1040,0,346,20693,173
17130,2017-05-17,14867386,0.0,4557,1040,0,346,8186,173
17131,2017-05-18,15115580,0.0,7285,1040,6085,346,0,173
17132,2017-05-19,15197442,0.0,2242,1040,0,346,5444,173
17133,2017-05-20,13769070,0.0,3475,1040,5039,346,0,173
17134,2017-05-21,13837100,0.0,6434,1040,0,346,9970,173
17135,2017-05-22,14294390,0.0,3811,1040,2756,346,0,173
17136,2017-05-23,14150564,0.0,2198,1040,0,346,4638,173
17137,2017-05-24,14162398,0.0,3924,1040,4318,346,0,173
17138,2017-05-25,14155912,0.0,3541,1040,3442,346,0,173
17139,2017-05-26,14044600,0.0,3722,1040,0,346,9509,173
17140,2017-05-27,13883040,0.0,2369,1040,0,346,3864,173
17141,2017-05-28,13445696,0.0,2742,1040,0,346,5325,173
17142,2017-05-29,13371742,0.0,2083,1040,0,346,3834,173
17143,2017-05-30,13308002,0.0,8661,1040,7960,346,0,173
17144,2017-05-31,13604038,0.0,4909,1040,0,346,8757,173
17145,2017-06-01,13755332,0.0,5512,1040,0,346,7307,173
17146,2017-06-02,14769900,0.0,4322,1040,0,346,5049,173
17147,2017-06-03,13896768,0.0,3059,1040,5959,346,0,173
17148,2017-06-04,13688760,0.0,8417,1040,0,346,13990,173
17149,2017-06-05,14253094,0.0,3545,1040,0,346,7623,173
17150,2017-06-06,13930996,0.0,12584,1040,0,346,13461,173
17151,2017-06-07,14131978,0.0,4567,1040,0,346,7267,173
17152,2017-06-08,14415580,0.0,3274,1040,0,346,4772,173
17153,2017-06-09,14965134,0.0,5433,1040,7679,346,0,173
17154,2017-06-10,13112618,0.0,3061,1040,0,346,5546,173
17155,2017-06-11,14016570,0.0,1489,1040,2172,346,0,173
17156,2017-06-12,13622374,0.0,1834,1040,2353,346,0,173
17157,2017-06-13,13301932,0.0,3669,1040,3893,346,0,173
17158,2017-06-14,13817816,0.0,4314,1040,0,346,7233,173
17159,2017-06-15,14084556,0.0,4691,1040,0,346,7202,173
17160,2017-06-16,14230444,0.0,6712,1040,0,346,17750,173
17161,2017-06-17,13428212,0.0,4575,1040,0,346,3821,173
17162,2017-06-18,13734130,0.0,3489,1040,0,346,8748,173
17163,2017-06-19,14523566,0.0,6880,1040,0,346,14367,173
17164,2017-06-20,14668404,0.0,7804,1040,10109,346,0,173
17165,2017-06-21,13956462,0.0,4835,1040,4444,346,0,173
17166,2017-06-22,13974528,0.0,2547,1040,3998,346,0,173
17167,2017-06-23,14470334,0.0,2661,1040,0,346,12212,173
17168,2017-06-24,13681382,0.0,3821,1040,0,346,8771,173
17169,2017-06-25,13838050,0.0,2085,1040,2770,346,0,173
17170,2017-06-26,13988826,0.0,3215,1040,3356,346,0,173
17171,2017-06-27,13639504,0.0,5937,1040,0,346,11766,173
17172,2017-06-28,13442488,0.0,2938,1040,0,346,7253,173
17173,2017-06-29,13858366,0.0,3211,1040,0,346,6392,173
17174,2017-06-30,14600468,0.0,4771,1040,0,346,7460,173
17175,2017-07-01,13652084,0.0,9790,1040,0,346,17056,173
17176,2017-07-02,13925188,0.0,3640,1040,0,346,7012,173
17177,2017-07-03,14334890,0.0,2109,1040,0,346,6549,173
17178,2017-07-04,14303994,0.0,4923,1040,4733,346,0,173
17179,2017-07-05,13560396,0.0,6427,1040,6646,346,0,173
17180,2017-07-06,13533394,0.0,3899,1040,0,346,8651,173
17181,2017-07-07,14027990,0.0,3096,1040,4720,346,0,173
17182,2017-07-08,13186058,0.0,6012,1040,0,346,12132,173
17183,2017-07-09,13118908,0.0,3373,1040,0,346,6103,173
17184,2017-07-10,13622412,0.0,3792,1040,0,346,7968,173
17185,2017-07-11,13504724,0.0,3480,1040,0,346,8334,173
17186,2017-07-12,13647988,0.0,2891,1040,0,346,6555,173
17187,2017-07-13,13924708,0.0,6783,1040,0,346,7478,173
17188,2017-07-14,14575896,0.0,8460,1040,0,346,6911,173
17189,2017-07-15,13780570,0.0,2133,1040,0,346,5469,173
17190,2017-07-16,14296426,0.0,7628,1040,8293,346,0,173
17191,2017-07-17,14013240,0.0,2780,1040,0,346,7214,173
17192,2017-07-18,13532970,0.0,5252,1040,0,346,9512,173
17193,2017-07-19,13623440,0.0,6893,1040,7604,346,0,173
17194,2017-07-20,13675726,0.0,15101,1040,0,346,15198,173
17195,2017-07-21,14423426,0.0,5899,1040,0,346,11536,173
17196,2017-07-22,13760308,0.0,4824,1040,0,346,7563,173
17197,2017-07-23,13828092,0.0,11923,1040,0,346,12970,173
17198,2017-07-24,14183442,0.0,5051,1040,0,346,12698,173
17199,2017-07-25,14014514,0.0,2192,1040,4068,346,0,173
17200,2017-07-26,13945138,0.0,4008,1040,0,346,8145,173
17201,2017-07-27,13988102,0.0,4281,1040,4123,346,0,173
17202,2017-07-28,14429934,0.0,5562,1040,0,346,11698,173
17203,2017-07-29,13968108,0.0,3849,1040,0,346,8022,173
17204,2017-07-30,13505710,0.0,3852,1040,4470,346,0,173
17205,2017-07-31,13280346,0.0,2847,1040,0,346,5742,173
17206,2017-08-01,14136556,0.0,10777,1040,0,346,15887,173
17207,2017-08-02,14656808,0.0,3100,1040,0,346,7212,173
17208,2017-08-03,14347396,0.0,8917,1040,0,346,10094,173
17209,2017-08-04,14511648,0.0,1696,1040,0,346,5918,173
17210,2017-08-05,13826030,0.0,8761,1040,10033,346,0,173
17211,2017-08-06,13221280,0.0,7504,1040,4764,346,0,173
17212,2017-08-07,13199968,0.0,2478,1040,3061,346,0,173
17213,2017-08-08,12476708,0.0,3978,1040,3387,346,0,173
17214,2017-08-09,13045072,0.0,4514,1040,0,346,6941,173
17215,2017-08-10,13352730,0.0,3772,1040,3293,346,0,173
17216,2017-08-11,13955722,0.0,4291,1040,0,346,8050,173
17217,2017-08-12,13111626,0.0,5270,1040,0,346,9337,173
17218,2017-08-13,13218614,0.0,5336,1040,0,346,9593,173
17219,2017-08-14,14222118,0.0,3778,1040,0,346,14661,173
17220,2017-08-15,14064470,0.0,3896,1040,0,346,9869,173
17221,2017-08-16,14476660,0.0,3776,1040,7050,346,0,173
17222,2017-08-17,14068244,0.0,6370,1040,6765,346,0,173
17223,2017-08-18,14236972,0.0,3818,1040,0,346,9376,173
17224,2017-08-19,13443384,0.0,3488,1040,0,346,7312,173
17225,2017-08-20,14043720,0.0,7003,1040,7196,346,0,173
17226,2017-08-21,13891956,0.0,5248,1040,5601,346,0,173
17227,2017-08-22,13815900,0.0,4558,1040,0,346,10770,173
17228,2017-08-23,14027520,0.0,6150,1040,0,346,11092,173
17229,2017-08-24,14152204,0.0,4250,1040,0,346,10644,173
17230,2017-08-25,14611522,0.0,12834,1040,0,346,14316,173
17231,2017-08-26,14429956,0.0,2101,1040,0,346,4340,173
17232,2017-08-27,14198082,0.0,4127,1040,5931,346,0,173
17233,2017-08-28,14171882,0.0,4204,1040,0,346,7000,173
17234,2017-08-29,14045986,0.0,2988,1040,3595,346,0,173
17235,2017-08-30,13984964,0.0,4480,1040,0,346,11592,173
17236,2017-08-31,13739004,0.0,10800,1040,8316,346,0,173
17237,2017-09-01,14002768,0.0,2255,1040,0,346,5184,173
17238,2017-09-02,13067424,0.0,4032,1040,0,346,5579,173
17239,2017-09-03,13114174,0.0,3459,1040,0,346,6516,173
17240,2017-09-04,13608412,0.0,5880,1040,0,346,8420,173
17241,2017-09-05,13967824,0.0,4331,1040,6316,346,0,173
17242,2017-09-06,13729822,0.0,5469,1040,0,346,9933,173
17243,2017-09-07,14298098,0.0,2896,1040,4086,346,0,173
17244,2017-09-08,14765644,0.0,3996,1040,0,346,11257,173
17245,2017-09-09,13878820,0.0,3197,1040,0,346,6209,173
17246,2017-09-10,13873268,0.0,33728,1040,0,346,0,173
17247,2017-09-11,12476338,0.0,8364,1040,0,346,12792,173
17248,2017-09-12,13618432,0.0,2988,1040,0,346,7196,173
17249,2017-09-13,14066502,0.0,6623,1040,0,346,10015,173
17250,2017-09-14,14330346,0.0,13304,1040,0,346,19129,173
17251,2017-09-15,15413352,0.0,3397,1040,6135,346,0,173
17252,2017-09-16,13604622,0.0,4711,1040,0,346,10539,173
17253,2017-09-17,13920032,0.0,5224,1040,7379,346,0,173
17254,2017-09-18,13701022,0.0,7277,1040,0,346,15741,173
17255,2017-09-19,14900678,0.0,2710,1040,0,346,8935,173
17256,2017-09-20,14451106,0.0,2844,1040,0,346,6550,173
17257,2017-09-21,14426790,0.0,7945,1040,6277,346,0,173
17258,2017-09-22,14440224,0.0,5062,1040,0,346,7993,173
17259,2017-09-23,13989690,0.0,8391,1040,0,346,8884,173
17260,2017-09-24,14601826,0.0,3649,1040,4816,346,0,173
17261,2017-09-25,14737038,0.0,12108,1040,0,346,21056,173
17262,2017-09-26,15023608,0.0,6324,1040,0,346,9600,173
17263,2017-09-27,15533918,0.0,3557,1040,5531,346,0,173
17264,2017-09-28,15559492,0.0,6364,1040,0,346,16397,173
17265,2017-09-29,15525316,0.0,4079,1040,0,346,10611,173
17266,2017-09-30,14240604,0.0,2737,1040,3079,346,0,173
17267,2017-10-01,12931450,0.0,6714,1040,0,346,13506,173
17268,2017-10-02,13401810,0.0,3481,1040,0,346,6625,173
17269,2017-10-03,13640674,0.0,8580,1040,0,346,8751,173
17270,2017-10-04,12715576,0.0,3193,1040,3861,346,0,173
17271,2017-10-05,12676848,0.0,4770,1040,4777,346,0,173
17272,2017-10-06,13375476,0.0,2642,1040,0,346,7105,173
17273,2017-10-07,13552208,0.0,4287,1040,0,346,14377,173
17274,2017-10-08,14121136,0.0,2028,1040,0,346,10628,173
17275,2017-10-09,14746844,0.0,4245,1040,0,346,15234,173
17276,2017-10-10,14907094,0.0,3554,1040,0,346,4316,173
17277,2017-10-11,14900670,0.0,2683,1040,0,346,8302,173
17278,2017-10-12,14793738,0.0,2662,1040,0,346,7547,173
17279,2017-10-13,15410118,0.0,6122,1040,8644,346,0,173
17280,2017-10-14,14088524,0.0,5627,1040,6559,346,0,173
17281,2017-10-15,14166296,0.0,7679,1040,6038,346,0,173
17282,2017-10-16,14748268,0.0,2773,1040,0,346,6387,173
17283,2017-10-17,14359684,0.0,6124,1040,0,346,24850,173
17284,2017-10-18,15027646,0.0,10368,1040,0,346,15513,173
17285,2017-10-19,15940864,0.0,4014,1040,4454,346,0,173
17286,2017-10-20,15747898,0.0,8687,1040,0,346,8486,173
17287,2017-10-21,15257630,0.0,5356,1040,0,346,8772,173
17288,2017-10-22,14834592,0.0,8084,1040,0,346,16517,173
17289,2017-10-23,15325588,0.0,4350,1040,6772,346,0,173
17290,2017-10-24,14907910,0.0,3308,1040,0,346,8497,173
17291,2017-10-25,15001080,0.0,3404,1040,0,346,7084,173
17292,2017-10-26,15510794,0.0,2726,1040,0,346,4914,173
17293,2017-10-27,16231824,0.0,5676,1040,6584,346,0,173
17294,2017-10-28,14530532,0.0,6265,1040,0,346,6977,173
17295,2017-10-29,14781086,0.0,9601,1040,7243,346,0,173
17296,2017-10-30,14482784,0.0,3992,1040,0,346,10064,173
17297,2017-10-31,14872892,0.0,3017,1040,0,346,5331,173
17298,2017-11-01,14971020,0.0,8575,1040,11031,346,0,173
17299,2017-11-02,14380114,0.0,4974,1040,0,346,9509,173
17300,2017-11-03,15325910,0.0,6807,1040,0,346,17841,173
17301,2017-11-04,14992596,0.0,6715,1040,8320,346,0,173
17302,2017-11-05,14107678,0.0,6568,1040,0,346,8932,173
17303,2017-11-06,14808312,0.0,9795,1040,0,346,16834,173
17304,2017-11-07,15251778,0.0,14133,1040,0,346,0,173
17305,2017-11-08,14143770,0.0,2881,1040,3795,346,0,173
17306,2017-11-09,14337102,0.0,7817,1040,0,346,15099,173
17307,2017-11-10,14940272,0.0,5708,1040,0,346,18906,173
17308,2017-11-11,14781118,0.0,6211,1040,0,346,11809,173
17309,2017-11-12,14689252,0.0,3598,1040,3956,346,0,173
17310,2017-11-13,14814610,0.0,6148,1040,0,346,16845,173
17311,2017-11-14,14263740,0.0,8026,1040,4216,346,0,173
17312,2017-11-15,14784676,0.0,5265,1040,0,346,10465,173
17313,2017-11-16,14966996,0.0,2428,1040,0,346,5885,173
17314,2017-11-17,15538642,0.0,3432,1040,0,346,7736,173
17315,2017-11-18,14624680,0.0,4138,1040,0,346,7527,173
17316,2017-11-19,14486444,0.0,7012,1040,6159,346,0,173
17317,2017-11-20,14475320,0.0,2287,1040,0,346,6366,173
17318,2017-11-21,14127790,0.0,3138,1040,4439,346,0,173
17319,2017-11-22,14366124,0.0,9747,1040,4214,346,0,173
17320,2017-11-23,13808540,0.0,2389,1040,0,346,5096,173
17321,2017-11-24,14495856,0.0,3327,1040,0,346,11599,173
17322,2017-11-25,13726288,0.0,4200,1040,0,346,8205,173
17323,2017-11-26,14258976,0.0,8022,1040,0,346,17229,173
17324,2017-11-27,14633020,0.0,6919,1040,9482,346,0,173
17325,2017-11-28,14287958,0.0,3849,1040,0,346,7267,173
17326,2017-11-29,14487454,0.0,4996,1040,0,346,10703,173
17327,2017-11-30,14939010,0.0,6759,1040,0,346,16645,173
17328,2017-12-01,16079520,0.0,8834,1040,0,346,14425,173
17329,2017-12-02,15364014,0.0,5156,1040,8499,346,0,173
17330,2017-12-03,14713890,0.0,6683,1040,0,346,17091,173
17331,2017-12-04,15094716,0.0,9178,1040,0,346,16417,173
17332,2017-12-05,14767390,0.0,2133,1040,0,346,6808,173
17333,2017-12-06,14841194,0.0,4740,1040,0,346,14248,173
17334,2017-12-07,15522188,0.0,5404,1040,8816,346,0,173
17335,2017-12-08,15475864,0.0,2547,1040,5256,346,0,173
17336,2017-12-09,14337864,0.0,4507,1040,0,346,8169,173
17337,2017-12-10,14455034,0.0,3765,1040,0,346,7269,173
17338,2017-12-11,14802956,0.0,10105,1040,0,346,12969,173
17339,2017-12-12,14920572,0.0,4555,1040,4389,346,0,173
17340,2017-12-13,14842890,0.0,3519,1040,4174,346,0,173
17341,2017-12-14,14274252,0.0,4153,1040,3951,346,0,173
17342,2017-12-15,15382010,0.0,14618,1040,0,346,23095,173
17343,2017-12-16,14845818,0.0,4075,1040,0,346,10091,173
17344,2017-12-17,14719850,0.0,3461,1040,0,346,11925,173
17345,2017-12-18,15773694,0.0,5272,1040,9724,346,0,173
17346,2017-12-19,15323406,0.0,3401,1040,0,346,5228,173
17347,2017-12-20,15198158,0.0,3695,1040,0,346,4479,173
17348,2017-12-21,15502616,0.0,3840,1040,0,346,13398,173
17349,2017-12-22,16321346,0.0,6162,1040,0,346,14538,173
17350,2017-12-23,15531504,0.0,5331,1040,0,346,11206,173
17351,2017-12-24,15783476,0.0,5761,1040,0,346,9342,173
17352,2017-12-25,16299282,0.0,5715,1040,11983,346,0,173
17353,2017-12-26,15421992,0.0,2404,1040,0,346,4351,173
17354,2017-12-27,15779426,0.0,7057,1040,0,346,15437,173
17355,2017-12-28,16117052,0.0,4199,1040,0,346,15539,173
17356,2017-12-29,16672602,0.0,4653,1040,0,346,15161,173
17357,2017-12-30,15874502,0.0,5709,1040,0,346,10630,173
17358,2017-12-31,15895372,0.0,2715,1040,0,346,7540,173
18001,2018-01-01,15797806,0.0,4071,1040,8098,346,0,173
18002,2018-01-02,15049806,0.0,6701,1040,8981,346,0,173
18003,2018-01-03,15109336,0.0,2987,1040,0,346,9727,173
18004,2018-01-04,15279444,0.0,11119,1040,0,346,9756,173
18005,2018-01-05,16557190,0.0,5735,1040,0,346,9334,173
18006,2018-01-06,15856292,0.0,14199,1040,0,346,28408,173
18007,2018-01-07,15294302,0.0,4941,1040,5771,346,0,173
18008,2018-01-08,14579944,0.0,4232,1040,4782,346,0,173
18009,2018-01-09,14944384,0.0,5835,1040,0,346,11802,173
18010,2018-01-10,15625634,0.0,7206,1040,0,346,16776,173
18011,2018-01-11,16046286,0.0,7094,1040,0,346,13163,173
18012,2018-01-12,16346752,0.0,5312,1040,0,346,13085,173
18013,2018-01-13,16207680,0.0,5380,1040,7402,346,0,173
18014,2018-01-14,15355738,0.0,5088,1040,4806,346,0,173
18015,2018-01-15,15803722,0.0,4674,1040,0,346,9813,173
18016,2018-01-16,16177672,0.0,6277,1040,0,346,7736,173
18017,2018-01-17,17204010,0.0,5776,1040,4374,346,0,173
18018,2018-01-18,16699356,0.0,3425,1040,0,346,10185,173
18019,2018-01-19,17569256,0.0,4028,1040,0,346,10462,173
18020,2018-01-20,16016088,0.0,3251,1040,0,346,7667,173
18021,2018-01-21,15800928,0.0,6431,1040,0,346,17899,173
18022,2018-01-22,17114890,0.0,9151,1040,13460,346,0,173
18023,2018-01-23,16069656,0.0,4024,1040,0,346,12792,173
18024,2018-01-24,16014884,0.0,3653,1040,0,346,6860,173
18025,2018-01-25,15054898,0.0,10028,1040,0,346,14941,173
18026,2018-01-26,16168574,0.0,6026,1040,0,346,15062,173
18027,2018-01-27,15946660,0.0,4740,1040,0,346,8876,173
18028,2018-01-28,15379842,0.0,4989,1040,9231,346,0,173
18029,2018-01-29,15331934,0.0,8138,1040,0,346,11492,173
18030,2018-01-30,15682660,0.0,4368,1040,0,346,16837,173
18031,2018-01-31,16313642,0.0,6504,1040,6387,346,0,173
18032,2018-02-01,15752918,0.0,5246,1040,0,346,13329,173
18033,2018-02-02,16477910,0.0,2655,1040,0,346,6983,173
18034,2018-02-03,15578264,0.0,3651,1040,0,346,13642,173
18035,2018-02-04,15467052,0.0,4729,1040,0,346,12920,173
18036,2018-02-05,16481702,0.0,4768,1040,0,346,13874,173
18037,2018-02-06,17067226,0.0,4844,1040,0,346,9184,173
18038,2018-02-07,16960242,0.0,18555,1040,0,346,21891,173
18039,2018-02-08,17136610,0.0,3913,1040,0,346,8578,173
18040,2018-02-09,17394610,0.0,7138,1040,0,346,9580,173
18041,2018-02-10,16579404,0.0,3154,1040,7218,346,0,173
18042,2018-02-11,15180968,0.0,6537,1040,0,346,9974,173
18043,2018-02-12,15856402,0.0,3748,1040,0,346,9256,173
18044,2018-02-13,15261140,0.0,4425,1040,0,346,10195,173
18045,2018-02-14,14716744,0.0,3327,1040,4397,346,0,173
18046,2018-02-22,12139170,0.0,4503,1040,4300,346,0,173
18047,2018-02-23,13089966,0.0,2941,1040,4206,346,0,173
18048,2018-02-24,13202490,0.0,16332,1040,0,346,0,173
18049,2018-02-25,12490534,0.0,4398,1040,3763,346,0,173
18050,2018-02-26,13973254,0.0,3938,1040,0,346,6513,173
18051,2018-02-27,14029614,0.0,2380,1040,3488,346,0,173
18052,2018-02-28,14030904,0.0,6958,1040,0,346,9944,173
18053,2018-03-01,14304628,0.0,7184,1040,0,346,11251,173
18054,2018-03-02,14569592,0.0,7510,1040,9846,346,0,173
18055,2018-03-03,13814084,0.0,1691,1040,0,346,6579,173
18056,2018-03-04,13464868,0.0,3389,1040,3748,346,0,173
18057,2018-03-05,14113388,0.0,4991,1040,4180,346,0,173
18058,2018-03-06,14022252,0.0,4177,1040,0,346,12564,173
18059,2018-03-07,14271216,0.0,5522,1040,5750,346,0,173
18060,2018-03-08,13997546,0.0,4193,1040,5542,346,0,173
18061,2018-03-09,14578416,0.0,3220,1040,0,346,9962,173
18062,2018-03-10,13612156,0.0,4474,1040,0,346,17446,173
18063,2018-03-11,14152344,0.0,3358,1040,0,346,10329,173
18064,2018-03-12,14389448,0.0,5602,1040,0,346,11340,173
18065,2018-03-13,14654902,0.0,4911,1040,0,346,12427,173
18066,2018-03-14,14567168,0.0,3349,1040,4926,346,0,173
18067,2018-03-15,14113562,0.0,5220,1040,7652,346,0,173
18068,2018-03-16,14637046,0.0,4354,1040,5481,346,0,173
18069,2018-03-17,13589308,0.0,2097,1040,2827,346,0,173
18070,2018-03-18,13524520,0.0,3956,1040,0,346,8002,173
18071,2018-03-19,14121106,0.0,6571,1040,0,346,10155,173
18072,2018-03-20,14243548,0.0,3939,1040,0,346,7240,173
18073,2018-03-21,14681176,0.0,7857,1040,0,346,11216,173
18074,2018-03-22,15046320,0.0,7656,1040,0,346,14070,173
18075,2018-03-23,15862930,0.0,2584,1040,0,346,5634,173
18076,2018-03-24,14303606,0.0,5858,1040,0,346,15534,173
18077,2018-03-25,14805390,0.0,4184,1040,0,346,8513,173
18078,2018-03-26,15477100,0.0,5440,1040,0,346,10859,173
18079,2018-03-27,15985692,0.0,5511,1040,0,346,13682,173
18080,2018-03-28,16207556,0.0,4619,1040,0,346,12620,173
18081,2018-03-29,16251218,0.0,3425,1040,0,346,7659,173
18082,2018-03-30,16725610,0.0,12811,1040,0,346,19911,173
18083,2018-03-31,15987932,0.0,2595,1040,0,346,8329,173
18084,2018-04-01,16107954,0.0,7425,1040,14548,346,0,173
18085,2018-04-02,15101832,0.0,6498,1040,6620,346,0,173
18086,2018-04-03,14699102,0.0,2778,1040,0,346,8819,173
18087,2018-04-04,14879320,0.0,12320,1040,0,346,15693,173
18088,2018-04-05,13928138,0.0,4718,1040,3583,346,0,173
18089,2018-04-06,14820220,0.0,6876,1040,6222,346,0,173
18090,2018-04-07,14946944,0.0,4506,1040,0,346,9325,173
18091,2018-04-08,15699848,0.0,3369,1040,0,346,6936,173
18092,2018-04-09,15244472,0.0,3716,1040,0,346,9953,173
18093,2018-04-10,15746920,0.0,3620,1040,7357,346,0,173
18094,2018-04-11,15708948,0.0,8929,1040,0,346,12169,173
18095,2018-04-12,16451000,0.0,4742,1040,0,346,12665,173
18096,2018-04-13,16682268,0.0,10252,1040,0,346,24052,173
18097,2018-04-14,15992688,0.0,1798,1040,0,346,4127,173
18098,2018-04-15,15746072,0.0,2721,1040,0,346,6361,173
18099,2018-04-16,16242548,0.0,3416,1040,6982,346,0,173
18100,2018-04-17,15758202,0.0,3274,1040,0,346,6731,173
18101,2018-04-18,15788950,0.0,4318,1040,0,346,9606,173
18102,2018-04-19,16228650,0.0,4587,1040,0,346,11385,173
18103,2018-04-20,17081664,0.0,4844,1040,0,346,15435,173
18104,2018-04-21,15297624,0.0,5527,1040,8382,346,0,173
18105,2018-04-22,14979746,0.0,12899,1040,0,346,23221,173
18106,2018-04-23,15642602,0.0,3950,1040,0,346,10668,173
18107,2018-04-24,15704360,0.0,3329,1040,0,346,15036,173
18108,2018-04-25,16045680,0.0,5128,1040,3601,346,0,173
18109,2018-04-26,14478710,0.0,3064,1040,5641,346,0,173
18110,2018-04-27,15837342,0.0,5761,1040,0,346,12465,173
18111,2018-04-28,15413138,0.0,10972,1040,0,346,13196,173
18112,2018-04-29,14808684,0.0,7875,1040,0,346,22121,173
18113,2018-04-30,15002414,0.0,2655,1040,0,346,5609,173
18114,2018-05-01,15183466,0.0,7626,1040,7330,346,0,173
18115,2018-05-02,14960216,0.0,3293,1040,0,346,5904,173
18116,2018-05-03,15406186,0.0,4104,1040,0,346,8692,173
18117,2018-05-04,15968776,0.0,6008,1040,0,346,14295,173
18118,2018-05-05,15640636,0.0,2572,1040,0,346,7189,173
18119,2018-05-06,15748376,0.0,5530,1040,4708,346,0,173
18120,2018-05-07,15182454,0.0,4340,1040,4417,346,0,173
18121,2018-05-08,15595218,0.0,3323,1040,0,346,7945,173
18122,2018-05-09,15768858,0.0,5583,1040,0,346,16102,173
18123,2018-05-10,16827648,0.0,3156,1040,0,346,7215,173
18124,2018-05-11,17119746,0.0,3300,1040,4392,346,0,173
18125,2018-05-12,15613042,0.0,5663,1040,0,346,9670,173
18126,2018-05-13,15476410,0.0,5895,1040,0,346,15077,173
18127,2018-05-14,16095524,0.0,10973,1040,0,346,16397,173
18128,2018-05-15,16792188,0.0,5707,1040,5381,346,0,173
18129,2018-05-16,15900760,0.0,4090,1040,0,346,6853,173
18130,2018-05-17,16520964,0.0,45612,1040,21938,346,0,173
18131,2018-05-18,16442324,0.0,5154,1040,0,346,10312,173
18132,2018-05-19,16104110,0.0,6163,1040,0,346,11004,173
18133,2018-05-20,16777610,0.0,4183,1040,5532,346,0,173
18134,2018-05-21,16981548,0.0,4742,1040,5425,346,0,173
18135,2018-05-22,16662896,0.0,4418,1040,0,346,10561,173
18136,2018-05-23,16478608,0.0,1692,1040,0,346,5339,173
18137,2018-05-24,16211700,0.0,5365,1040,5864,346,0,173
18138,2018-05-25,16967388,0.0,3474,1040,0,346,9094,173
18139,2018-05-26,16022310,0.0,7311,1040,6810,346,0,173
18140,2018-05-27,16315106,0.0,9958,1040,0,346,6238,173
18141,2018-05-28,15693558,0.0,4648,1040,0,346,8747,173
18142,2018-05-29,15751944,0.0,3825,1040,5701,346,0,173
18143,2018-05-30,15435200,0.0,2827,1040,3315,346,0,173
18144,2018-05-31,15228564,0.0,2021,1040,0,346,8492,173
18145,2018-06-01,15613848,0.0,3841,1040,0,346,7844,173
18146,2018-06-02,14866760,0.0,3875,1040,0,346,10032,173
18147,2018-06-03,15079386,0.0,3696,1040,0,346,8283,173
18148,2018-06-04,16038884,0.0,5385,1040,0,346,11084,173
18149,2018-06-05,16054544,0.0,3795,1040,0,346,9906,173
18150,2018-06-06,16464000,0.0,3704,1040,0,346,11870,173
18151,2018-06-07,16344144,0.0,5153,1040,0,346,16070,173
18152,2018-06-08,17201338,0.0,4280,1040,0,346,6310,173
18153,2018-06-09,16292212,0.0,2506,1040,0,346,6026,173
18154,2018-06-10,16558540,0.0,2086,1040,0,346,5929,173
18155,2018-06-11,16916906,0.0,3851,1040,0,346,6479,173
18156,2018-06-12,16716296,0.0,3323,1040,6956,346,0,173
18157,2018-06-13,12781702,0.0,6506,1040,0,346,4576,173
18158,2018-06-14,16310238,0.0,2745,1040,4761,346,0,173
18159,2018-06-15,15945710,0.0,2158,1040,0,346,7170,173
18160,2018-06-16,15545772,0.0,4887,1040,0,346,6757,173
18161,2018-06-17,15640220,0.0,7504,1040,0,346,12278,173
18162,2018-06-18,15954622,0.0,2090,1040,0,346,5261,173
18163,2018-06-19,16582614,0.0,18047,1040,0,346,21538,173
18164,2018-06-20,14643378,0.0,2363,1040,0,346,5529,173
18165,2018-06-21,14504856,0.0,3702,1040,0,346,5958,173
18166,2018-06-22,14973550,0.0,2733,1040,0,346,3524,173
18167,2018-06-23,14016140,0.0,3435,1040,0,346,9573,173
18168,2018-06-24,14204798,0.0,4740,1040,0,346,12067,173
18169,2018-06-25,14886396,0.0,6824,1040,0,346,6990,173
18170,2018-06-26,14972812,0.0,4074,1040,0,346,5451,173
18171,2018-06-27,15033834,0.0,1927,1040,0,346,5174,173
18172,2018-06-28,15316176,0.0,2578,1040,0,346,7679,173
18173,2018-06-29,16201822,0.0,3056,1040,8536,346,0,173
18174,2018-06-30,13912060,0.0,3745,1040,0,346,6168,173
18175,2018-07-01,14108584,0.0,3335,1040,0,346,8094,173
18176,2018-07-02,14748190,0.0,3694,1040,0,346,7689,173
18177,2018-07-03,14915152,0.0,31122,1040,0,346,0,173
18178,2018-07-04,13951450,0.0,7097,1040,0,346,13714,173
18179,2018-07-05,14455908,0.0,5705,1040,0,346,11834,173
18180,2018-07-06,15237340,0.0,6106,1040,5445,346,0,173
18181,2018-07-07,14057070,0.0,3956,1040,0,346,10503,173
18182,2018-07-08,14713150,0.0,1913,1040,2204,346,0,173
18183,2018-07-09,14206728,0.0,6525,1040,4260,346,0,173
18184,2018-07-10,14240962,0.0,3444,1040,0,346,7646,173
18185,2018-07-11,14532030,0.0,6457,1040,6541,346,0,173
18186,2018-07-12,14404430,0.0,4549,1040,0,346,7922,173
18187,2018-07-13,15417056,0.0,8660,1040,0,346,11959,173
18188,2018-07-14,14416660,0.0,4037,1040,0,346,6271,173
18189,2018-07-15,14394066,0.0,5482,1040,0,346,13081,173
18190,2018-07-16,14731660,0.0,1413,1040,0,346,4519,173
18191,2018-07-17,14882362,0.0,3412,1040,0,346,8750,173
18192,2018-07-18,15209400,0.0,3083,1040,4671,346,0,173
18193,2018-07-19,14505620,0.0,5195,1040,0,346,12540,173
18194,2018-07-20,15488522,0.0,5948,1040,0,346,8282,173
18195,2018-07-21,14761094,0.0,2636,1040,3451,346,0,173
18196,2018-07-22,14811622,0.0,3129,1040,6114,346,0,173
18197,2018-07-23,15405662,0.0,3105,1040,3493,346,0,173
18198,2018-07-24,15291086,0.0,9816,1040,0,346,16332,173
18199,2018-07-25,14247444,0.0,3999,1040,3318,346,0,173
18200,2018-07-26,14350838,0.0,4532,1040,0,346,10910,173
18201,2018-07-27,14975602,0.0,7121,1040,0,346,9841,173
18202,2018-07-28,13976462,0.0,2748,1040,2650,346,0,173
18203,2018-07-29,13827252,0.0,6791,1040,0,346,10431,173
18204,2018-07-30,14524952,0.0,4583,1040,0,346,15645,173
18205,2018-07-31,14657348,0.0,3698,1040,0,346,7307,173
18206,2018-08-01,14532250,0.0,5408,1040,0,346,12451,173
18207,2018-08-02,14610682,0.0,3016,1040,3930,346,0,173
18208,2018-08-03,14178100,0.0,5592,1040,0,346,11144,173
18209,2018-08-04,13877222,0.0,2411,1040,2063,346,0,173
18210,2018-08-05,13019832,0.0,5448,1040,0,346,10539,173
18211,2018-08-06,13852292,0.0,3906,1040,0,346,9629,173
18212,2018-08-07,14317926,0.0,3351,1040,3290,346,0,173
18213,2018-08-08,14068214,0.0,2590,1040,3066,346,0,173
18214,2018-08-09,14007340,0.0,4508,1040,0,346,11698,173
18215,2018-08-10,15018722,0.0,2690,1040,3911,346,0,173
18216,2018-08-11,13544360,0.0,2987,1040,0,346,8028,173
18217,2018-08-12,13871576,0.0,4940,1040,0,346,15847,173
18218,2018-08-13,14292936,0.0,2785,1040,5275,346,0,173
18219,2018-08-14,13441170,0.0,1931,1040,0,346,6437,173
18220,2018-08-15,13664422,0.0,4414,1040,0,346,6716,173
18221,2018-08-16,14020748,0.0,2896,1040,0,346,6804,173
18222,2018-08-17,14821522,0.0,3908,1040,3778,346,0,173
18223,2018-08-18,13448984,0.0,5589,1040,0,346,9703,173
18224,2018-08-19,13864008,0.0,1610,1040,0,346,3569,173
18225,2018-08-20,13943200,0.0,14030,1040,0,346,28620,173
18226,2018-08-21,13784236,0.0,5016,1040,4880,346,0,173
18227,2018-08-22,13633906,0.0,2359,1040,5315,346,0,173
18228,2018-08-23,13499978,0.0,5149,1040,0,346,8834,173
18229,2018-08-24,14286566,0.0,4797,1040,4524,346,0,173
18230,2018-08-25,13463814,0.0,9932,1040,0,346,14574,173
18231,2018-08-26,13573342,0.0,17086,1040,0,346,18444,173
18232,2018-08-27,14019772,0.0,2922,1040,0,346,9602,173
18233,2018-08-28,14097926,0.0,11898,1040,0,346,0,173
18234,2018-08-29,12318162,0.0,4247,1040,3952,346,0,173
18235,2018-08-30,13215896,0.0,4150,1040,0,346,8617,173
18236,2018-08-31,14524730,0.0,9134,1040,0,346,8210,173
18237,2018-09-01,14052434,0.0,3725,1040,0,346,7462,173
18238,2018-09-02,14834276,0.0,12209,1040,0,346,14047,173
18239,2018-09-03,15795634,0.0,7948,1040,0,346,11234,173
18240,2018-09-04,15823692,0.0,11419,1040,0,346,17121,173
18241,2018-09-05,14414578,0.0,2967,1040,0,346,6865,173
18242,2018-09-06,14325604,0.0,3671,1040,0,346,9575,173
18243,2018-09-07,14727746,0.0,4866,1040,0,346,4558,173
18244,2018-09-08,13599858,0.0,12963,1040,0,346,11327,173
18245,2018-09-09,14445916,0.0,4368,1040,0,346,4651,173
18246,2018-09-10,14163100,0.0,8376,1040,0,346,11416,173
18247,2018-09-11,14479500,0.0,5091,1040,5151,346,0,173
18248,2018-09-12,13843238,0.0,4246,1040,4578,346,0,173
18249,2018-09-13,13778448,0.0,5877,1040,0,346,11112,173
18250,2018-09-14,14613498,0.0,8553,1040,0,346,14016,173
18251,2018-09-15,13973458,0.0,2342,1040,2186,346,0,173
18252,2018-09-16,12656124,0.0,9361,1040,0,346,13689,173
18253,2018-09-17,13599930,0.0,6260,1040,0,346,13073,173
18254,2018-09-18,14270992,0.0,2493,1040,0,346,4514,173
18255,2018-09-19,13600802,0.0,5201,1040,0,346,7470,173
18256,2018-09-20,13921742,0.0,10462,1040,0,346,10493,173
18257,2018-09-21,14639842,0.0,6718,1040,0,346,10209,173
18258,2018-09-22,13791646,0.0,2509,1040,0,346,6006,173
18259,2018-09-23,13529262,0.0,3751,1040,0,346,13173,173
18260,2018-09-24,13779280,0.0,6856,1040,12249,346,0,173
18261,2018-09-25,13671260,0.0,7341,1040,0,346,13264,173
18262,2018-09-26,14091100,0.0,4407,1040,0,346,13933,173
18263,2018-09-27,13963792,0.0,4531,1040,0,346,11843,173
18264,2018-09-28,14686626,0.0,5674,1040,0,346,9212,173
18265,2018-09-29,14474226,0.0,3498,1040,0,346,11142,173
18266,2018-09-30,13503222,0.0,4101,1040,0,346,8390,173
18267,2018-10-01,13023932,0.0,2099,1040,0,346,4040,173
18268,2018-10-02,12671594,0.0,3510,1040,0,346,8603,173
18269,2018-10-03,13214008,0.0,4948,1040,0,346,11458,173
18270,2018-10-04,13196896,0.0,6142,1040,7212,346,0,173
18271,2018-10-05,13302366,0.0,7786,1040,7858,346,0,173
18272,2018-10-06,13131834,0.0,3867,1040,0,346,8109,173
18273,2018-10-07,13168616,0.0,3819,1040,0,346,7674,173
18274,2018-10-08,14143444,0.0,4992,1040,7928,346,0,173
18275,2018-10-09,13812380,0.0,6026,1040,5350,346,0,173
18276,2018-10-10,14072728,0.0,9192,1040,0,346,17489,173
18277,2018-10-11,14773190,0.0,4509,1040,0,346,14477,173
18278,2018-10-12,14812170,0.0,6111,1040,0,346,10979,173
18279,2018-10-13,14092462,0.0,5042,1040,0,346,11185,173
18280,2018-10-14,13826254,0.0,4187,1040,0,346,9958,173
18281,2018-10-15,14427776,0.0,5393,1040,0,346,7233,173
18282,2018-10-16,14374466,0.0,6163,1040,0,346,7596,173
18283,2018-10-17,14819470,0.0,12395,1040,8775,346,0,173
18284,2018-10-18,13661982,0.0,4132,1040,6337,346,0,173
18285,2018-10-19,14546762,0.0,1699,1040,2073,346,0,173
18286,2018-10-20,13384310,0.0,4145,1040,0,346,9344,173
18287,2018-10-21,13696806,0.0,1706,1040,0,346,5397,173
18288,2018-10-22,14215532,0.0,10661,1040,0,346,14976,173
18289,2018-10-23,13982510,0.0,2812,1040,0,346,4510,173
18290,2018-10-24,14374356,0.0,4437,1040,5182,346,0,173
18291,2018-10-25,14077730,0.0,4879,1040,0,346,14792,173
18292,2018-10-26,14709972,0.0,3887,1040,0,346,10588,173
18293,2018-10-27,13670164,0.0,3843,1040,3635,346,0,173
18294,2018-10-28,13341350,0.0,4257,1040,0,346,14153,173
18295,2018-10-29,14156518,0.0,8446,1040,0,346,15762,173
18296,2018-10-30,14228456,0.0,1683,1040,2442,346,0,173
18297,2018-10-31,13758960,0.0,3589,1040,0,346,11828,173
18298,2018-11-01,13965732,0.0,4908,1040,0,346,18833,173
18299,2018-11-02,15616640,0.0,2898,1040,0,346,7815,173
18300,2018-11-03,14177752,0.0,5150,1040,0,346,5946,173
18301,2018-11-04,14705040,0.0,4964,1040,0,346,5172,173
18302,2018-11-05,14633344,0.0,3857,1040,4798,346,0,173
18303,2018-11-06,14126882,0.0,8184,1040,0,346,13984,173
18304,2018-11-07,14345694,0.0,4377,1040,3006,346,0,173
18305,2018-11-08,13919962,0.0,3168,1040,0,346,6266,173
18306,2018-11-09,15081506,0.0,75235,1040,0,346,0,173
18307,2018-11-10,12755800,0.0,4835,1040,0,346,7675,173
18308,2018-11-11,14215216,0.0,4977,1040,0,346,8414,173
18309,2018-11-12,15022984,0.0,9282,1040,0,346,22587,173
18310,2018-11-13,14726790,0.0,9468,1040,0,346,12445,173
18311,2018-11-14,15129756,0.0,4838,1040,0,346,12027,173
18312,2018-11-15,15363240,0.0,4754,1040,7634,346,0,173
18313,2018-11-16,15481278,0.0,9119,1040,9464,346,0,173
18314,2018-11-17,14444894,0.0,4383,1040,0,346,14575,173
18315,2018-11-18,14309718,0.0,3018,1040,3534,346,0,173
18316,2018-11-19,14980284,0.0,4749,1040,0,346,22243,173
18317,2018-11-20,15135156,0.0,7179,1040,6398,346,0,173
18318,2018-11-21,14991958,0.0,7013,1040,0,346,14877,173
18319,2018-11-22,15091422,0.0,9836,1040,0,346,12590,173
18320,2018-11-23,15738756,0.0,4668,1040,0,346,7986,173
18321,2018-11-24,14515906,0.0,2988,1040,0,346,11173,173
18322,2018-11-25,14640184,0.0,4869,1040,5503,346,0,173
18323,2018-11-26,14933778,0.0,8589,1040,0,346,14648,173
18324,2018-11-27,15090888,0.0,2011,1040,0,346,5179,173
18325,2018-11-28,14819254,0.0,3763,1040,5820,346,0,173
18326,2018-11-29,14866652,0.0,4538,1040,0,346,13054,173
18327,2018-11-30,15668322,0.0,3535,1040,0,346,7547,173
18328,2018-12-01,14728478,0.0,5436,1040,0,346,15691,173
18329,2018-12-02,14647382,0.0,2401,1040,0,346,4988,173
18330,2018-12-03,14727214,0.0,5630,1040,0,346,10834,173
18331,2018-12-04,15155820,0.0,6978,1040,0,346,12933,173
18332,2018-12-05,15476692,0.0,4998,1040,0,346,11541,173
18333,2018-12-06,15103962,0.0,4105,1040,0,346,11044,173
18334,2018-12-07,16267322,0.0,7629,1040,10263,346,0,173
18335,2018-12-08,14656148,0.0,3918,1040,0,346,9070,173
18336,2018-12-09,14869370,0.0,2695,1040,0,346,5824,173
18337,2018-12-10,14792396,0.0,6957,1040,5704,346,0,173
18338,2018-12-11,14714764,0.0,3337,1040,5087,346,0,173
18339,2018-12-12,14850148,0.0,5795,1040,0,346,8340,173
18340,2018-12-13,15121192,0.0,5206,1040,0,346,10404,173
18341,2018-12-14,16516970,0.0,2845,1040,3008,346,0,173
18342,2018-12-15,15048096,0.0,5637,1040,0,346,13421,173
18343,2018-12-16,14863648,0.0,3527,1040,0,346,14878,173
18344,2018-12-17,15370312,0.0,4412,1040,5419,346,0,173
18345,2018-12-18,14857702,0.0,5442,1040,0,346,10828,173
18346,2018-12-19,15858924,0.0,8578,1040,0,346,15483,173
18347,2018-12-20,16087958,0.0,5590,1040,0,346,13190,173
18348,2018-12-21,16311066,0.0,7374,1040,5780,346,0,173
18349,2018-12-22,14780844,0.0,4204,1040,3887,346,0,173
18350,2018-12-23,14972516,0.0,4834,1040,0,346,10237,173
18351,2018-12-24,15437808,0.0,8259,1040,0,346,13021,173
18352,2018-12-25,15414850,0.0,3105,1040,0,346,10340,173
18353,2018-12-26,15444126,0.0,7941,1040,0,346,15235,173
18354,2018-12-27,15550184,0.0,3886,1040,0,346,9437,173
18355,2018-12-28,16504454,0.0,7903,1040,0,346,21517,173
18356,2018-12-29,16003254,0.0,8387,1040,12587,346,0,173
18357,2018-12-30,14785980,0.0,5122,1040,7998,346,0,173
18358,2018-12-31,15108550,0.0,3386,1040,0,346,9304,173
19001,2019-01-01,15138886,0.0,2600,1040,4558,346,0,173
19002,2019-01-02,14958490,0.0,9225,1040,0,346,21822,173
19003,2019-01-03,15709018,0.0,3739,1040,0,346,9087,173
19004,2019-01-04,17143378,0.0,3097,1040,0,346,8117,173
19005,2019-01-05,15832330,0.0,2744,1040,0,346,8158,173
19006,2019-01-06,15790470,0.0,3697,1040,0,346,8831,173
19007,2019-01-07,16377494,0.0,2739,1040,0,346,8742,173
19008,2019-01-08,16233066,0.0,4338,1040,0,346,11300,173
19009,2019-01-09,16003492,0.0,8817,1040,10949,346,0,173
19010,2019-01-10,16067266,0.0,5185,1040,0,346,8016,173
19011,2019-01-11,16572328,0.0,4092,1040,0,346,10376,173
19012,2019-01-12,15947852,0.0,7114,1040,0,346,12786,173
19013,2019-01-13,15952160,0.0,6989,1040,5718,346,0,173
19014,2019-01-14,15841646,0.0,4379,1040,0,346,10626,173
19015,2019-01-15,15332602,0.0,6925,1040,6758,346,0,173
19016,2019-01-16,15599062,0.0,4754,1040,0,346,17630,173
19017,2019-01-17,16361618,0.0,9050,1040,0,346,12996,173
19018,2019-01-18,17404128,0.0,3229,1040,0,346,8294,173
19019,2019-01-19,15882770,0.0,34510,1040,0,346,0,173
19020,2019-01-20,14459512,0.0,6394,1040,0,346,8477,173
19021,2019-01-21,15925050,0.0,7054,1040,9624,346,0,173
19022,2019-01-22,16042836,0.0,2261,1040,0,346,6293,173
19023,2019-01-23,16328734,0.0,3656,1040,5903,346,0,173
19024,2019-01-24,16180944,0.0,4627,1040,4230,346,0,173
19025,2019-01-25,17207322,0.0,3786,1040,0,346,8954,173
19026,2019-01-26,16873682,0.0,4764,1040,0,346,15158,173
19027,2019-01-27,16886102,0.0,6617,1040,0,346,11733,173
19028,2019-01-28,17290318,0.0,5108,1040,0,346,5691,173
19029,2019-01-29,17191104,0.0,4110,1040,0,346,11090,173
19030,2019-01-30,17884064,0.0,9698,1040,7819,346,0,173
19031,2019-01-31,17609024,0.0,5812,1040,0,346,8576,173
19032,2019-02-01,17236538,0.0,3900,1040,4044,346,0,173
19033,2019-02-02,16590310,0.0,2764,1040,0,346,9244,173
19034,2019-02-03,14118290,0.0,8307,1040,4246,346,0,173
19035,2019-02-11,12884006,0.0,3455,1040,4062,346,0,173
19036,2019-02-12,12919338,0.0,2579,1040,0,346,6467,173
19037,2019-02-13,13868440,0.0,5428,1040,5061,346,0,173
19038,2019-02-14,13576378,0.0,2571,1040,0,346,7041,173
19039,2019-02-15,14692712,0.0,4692,1040,5573,346,0,173
19040,2019-02-16,13671418,0.0,3346,1040,0,346,5398,173
19041,2019-02-17,13678064,0.0,2848,1040,0,346,4339,173
19042,2019-02-18,13644856,0.0,4860,1040,0,346,13373,173
19043,2019-02-19,14073502,0.0,2609,1040,0,346,5288,173
19044,2019-02-20,14112966,0.0,2644,1040,0,346,5673,173
19045,2019-02-21,14545210,0.0,5731,1040,9061,346,0,173
19046,2019-02-22,15161470,0.0,2386,1040,0,346,6617,173
19047,2019-02-23,13906010,0.0,4710,1040,6327,346,0,173
19048,2019-02-24,14165782,0.0,3324,1040,5227,346,0,173
19049,2019-02-25,14507570,0.0,6914,1040,0,346,14703,173
19050,2019-02-26,15085598,0.0,5054,1040,5505,346,0,173
19051,2019-02-27,14994824,0.0,5213,1040,5787,346,0,173
19052,2019-02-28,15409980,0.0,3295,1040,3729,346,0,173
19053,2019-03-01,15918034,0.0,4592,1040,0,346,12433,173
19054,2019-03-02,14718688,0.0,2390,1040,0,346,9129,173
19055,2019-03-03,14644906,0.0,7711,1040,0,346,13324,173
19056,2019-03-04,15531278,0.0,4453,1040,5393,346,0,173
19057,2019-03-05,14959702,0.0,4985,1040,5372,346,0,173
19058,2019-03-06,15168428,0.0,4972,1040,0,346,10597,173
19059,2019-03-07,15640186,0.0,4105,1040,0,346,7587,173
19060,2019-03-08,16348368,0.0,4875,1040,0,346,14838,173
19061,2019-03-09,15283106,0.0,5435,1040,10359,346,0,173
19062,2019-03-10,15252002,0.0,2120,1040,3177,346,0,173
19063,2019-03-11,15524896,0.0,1847,1040,3366,346,0,173
19064,2019-03-12,15139608,0.0,6497,1040,0,346,19796,173
19065,2019-03-13,15571880,0.0,2480,1040,0,346,9021,173
19066,2019-03-14,15999934,0.0,3212,1040,0,346,5523,173
19067,2019-03-15,16962734,0.0,8889,1040,0,346,14369,173
19068,2019-03-16,15690148,0.0,3523,1040,4290,346,0,173
19069,2019-03-17,15162338,0.0,4238,1040,0,346,8271,173
19070,2019-03-18,16062046,0.0,2988,1040,4882,346,0,173
19071,2019-03-19,16124118,0.0,3390,1040,0,346,7664,173
19072,2019-03-20,15966334,0.0,13978,1040,0,346,13214,173
19073,2019-03-21,15816528,0.0,7215,1040,0,346,15708,173
19074,2019-03-22,16149604,0.0,4882,1040,0,346,11739,173
19075,2019-03-23,15532364,0.0,6099,1040,0,346,11956,173
19076,2019-03-24,15734640,0.0,4310,1040,0,346,6095,173
19077,2019-03-25,16002362,0.0,2518,1040,0,346,10039,173
19078,2019-03-26,16269178,0.0,3692,1040,0,346,10091,173
19079,2019-03-27,16676794,0.0,7751,1040,0,346,11258,173
19080,2019-03-28,16412766,0.0,5175,1040,0,346,10822,173
19081,2019-03-29,16615714,0.0,5510,1040,0,346,13521,173
19082,2019-03-30,15642004,0.0,9530,1040,10229,346,0,173
19083,2019-03-31,14999668,0.0,5416,1040,0,346,11506,173
19084,2019-04-01,15738364,0.0,5474,1040,0,346,9041,173
19085,2019-04-02,15915744,0.0,3809,1040,0,346,10947,173
19086,2019-04-03,15727812,0.0,6566,1040,0,346,14746,173
19087,2019-04-04,15884516,0.0,7370,1040,0,346,9755,173
19088,2019-04-05,15460946,0.0,5350,1040,0,346,14250,173
19089,2019-04-06,15261436,0.0,2341,1040,0,346,9176,173
19090,2019-04-07,15188942,0.0,3517,1040,0,346,10860,173
19091,2019-04-08,15738958,0.0,2474,1040,0,346,7428,173
19092,2019-04-09,15539894,0.0,5377,1040,0,346,10442,173
19093,2019-04-10,16292644,0.0,5725,1040,9419,346,0,173
19094,2019-04-11,15478140,0.0,5359,1040,7580,346,0,173
19095,2019-04-12,16655064,0.0,3571,1040,4296,346,0,173
19096,2019-04-13,15215690,0.0,4776,1040,0,346,9102,173
19097,2019-04-14,15382634,0.0,3362,1040,0,346,9985,173
19098,2019-04-15,15930882,0.0,5837,1040,0,346,9445,173
19099,2019-04-16,16150894,0.0,7171,1040,0,346,15218,173
19100,2019-04-17,16075832,0.0,8991,1040,7211,346,0,173
19101,2019-04-18,16822998,0.0,4885,1040,0,346,12831,173
19102,2019-04-19,18323224,0.0,4171,1040,0,346,9833,173
19103,2019-04-20,16618386,0.0,11251,1040,0,346,12716,173
19104,2019-04-21,16568052,0.0,3242,1040,0,346,13476,173
19105,2019-04-22,17482698,0.0,4461,1040,0,346,16059,173
19106,2019-04-23,17309836,0.0,7486,1040,0,346,14709,173
19107,2019-04-24,17621866,0.0,3165,1040,0,346,8853,173
19108,2019-04-25,17605162,0.0,3620,1040,0,346,12464,173
19109,2019-04-26,18104360,0.0,5325,1040,0,346,14359,173
19110,2019-04-27,17059126,0.0,4124,1040,7268,346,0,173
19111,2019-04-28,16338534,0.0,3120,1040,0,346,11770,173
19112,2019-04-29,16804802,0.0,8656,1040,7810,346,0,173
19113,2019-04-30,16473808,0.0,7667,1040,0,346,19748,173
19114,2019-05-01,15798798,0.0,2945,1040,3794,346,0,173
19115,2019-05-02,15595444,0.0,3151,1040,3372,346,0,173
19116,2019-05-03,16303316,0.0,6590,1040,0,346,9498,173
19117,2019-05-04,16287474,0.0,8814,1040,0,346,21456,173
19118,2019-05-05,17138878,0.0,7301,1040,0,346,8207,173
19119,2019-05-06,17149390,0.0,4903,1040,5391,346,0,173
19120,2019-05-07,16372474,0.0,4111,1040,5979,346,0,173
19121,2019-05-08,16038804,0.0,2700,1040,5160,346,0,173
19122,2019-05-09,16745856,0.0,5953,1040,0,346,14779,173
19123,2019-05-10,17133780,0.0,4943,1040,0,346,18145,173
19124,2019-05-11,16515422,0.0,3557,1040,0,346,10004,173
19125,2019-05-12,16086640,0.0,3364,1040,0,346,14573,173
19126,2019-05-13,17527508,0.0,5965,1040,0,346,18689,173
19127,2019-05-14,17255976,0.0,2791,1040,0,346,11357,173
19128,2019-05-15,17143452,0.0,3746,1040,0,346,6656,173
19129,2019-05-16,17111276,0.0,4398,1040,0,346,8522,173
19130,2019-05-17,17882650,0.0,10585,1040,0,346,15994,173
19131,2019-05-18,17372132,0.0,8863,1040,0,346,17438,173
19132,2019-05-19,16841170,0.0,4956,1040,0,346,15766,173
19133,2019-05-20,17708648,0.0,2958,1040,0,346,8394,173
19134,2019-05-21,17655990,0.0,9331,1040,0,346,10633,173
19135,2019-05-22,17491126,0.0,2565,1040,0,346,7819,173
19136,2019-05-23,17513348,0.0,7315,1040,13470,346,0,173
19137,2019-05-24,16458262,0.0,9864,1040,11833,346,0,173
19138,2019-05-25,15031382,0.0,2661,1040,4119,346,0,173
19139,2019-05-26,14650686,0.0,2545,1040,0,346,6823,173
19140,2019-05-27,15457044,0.0,6583,1040,0,346,16234,173
19141,2019-05-28,16435858,0.0,1865,1040,2338,346,0,173
19142,2019-05-29,15266660,0.0,4042,1040,0,346,14338,173
19143,2019-05-30,15929812,0.0,6567,1040,0,346,15272,173
19144,2019-05-31,16523608,0.0,6112,1040,0,346,11623,173
19145,2019-06-01,15234606,0.0,2259,1040,3620,346,0,173
19146,2019-06-02,14746204,0.0,6982,1040,0,346,14079,173
19147,2019-06-03,15795300,0.0,5557,1040,0,346,11286,173
19148,2019-06-04,15841764,0.0,9151,1040,4721,346,0,173
19149,2019-06-05,15610658,0.0,2779,1040,3355,346,0,173
19150,2019-06-06,15728114,0.0,5344,1040,5346,346,0,173
19151,2019-06-07,14797412,0.0,4450,1040,6301,346,0,173
19152,2019-06-08,15174622,0.0,7206,1040,0,346,26472,173
19153,2019-06-09,15093714,0.0,2494,1040,2229,346,0,173
19154,2019-06-10,15175026,0.0,6258,1040,0,346,13787,173
19155,2019-06-11,15939642,0.0,5714,1040,0,346,9907,173
19156,2019-06-12,15919648,0.0,12027,1040,0,346,20820,173
19157,2019-06-13,16081486,0.0,5748,1040,0,346,10258,173
19158,2019-06-14,16422492,0.0,4446,1040,0,346,10893,173
19159,2019-06-15,15228196,0.0,4680,1040,0,346,10970,173
19160,2019-06-16,15365656,0.0,9670,1040,0,346,11399,173
19161,2019-06-17,16056826,0.0,19444,1040,10118,346,0,173
19162,2019-06-18,15269586,0.0,3143,1040,0,346,6269,173
19163,2019-06-19,15798716,0.0,3178,1040,0,346,8676,173
19164,2019-06-20,15844982,0.0,4880,1040,5244,346,0,173
19165,2019-06-21,15674948,0.0,3666,1040,3614,346,0,173
19166,2019-06-22,14668100,0.0,9509,1040,0,346,21619,173
19167,2019-06-23,14861310,0.0,3619,1040,0,346,9557,173
19168,2019-06-24,15658926,0.0,2045,1040,0,346,4524,173
19169,2019-06-25,15299906,0.0,7000,1040,0,346,8880,173
19170,2019-06-26,15890968,0.0,6530,1040,0,346,14768,173
19171,2019-06-27,16290858,0.0,3709,1040,6466,346,0,173
19172,2019-06-28,16315634,0.0,11050,1040,0,346,37183,173
19173,2019-06-29,15675712,0.0,3852,1040,3494,346,0,173
19174,2019-06-30,15764358,0.0,4264,1040,6566,346,0,173
19175,2019-07-01,15847796,0.0,5886,1040,0,346,12713,173
19176,2019-07-02,15795534,0.0,3728,1040,0,346,10039,173
19177,2019-07-03,15814148,0.0,4173,1040,3551,346,0,173
19178,2019-07-04,15950044,0.0,4482,1040,5722,346,0,173
19179,2019-07-05,16465914,0.0,4914,1040,0,346,16903,173
19180,2019-07-06,15489638,0.0,3139,1040,0,346,9532,173
19181,2019-07-07,15686180,0.0,3147,1040,0,346,10838,173
19182,2019-07-08,15926108,0.0,2529,1040,0,346,6313,173
19183,2019-07-09,16069484,0.0,9931,1040,0,346,16445,173
19184,2019-07-10,16859076,0.0,11811,1040,9986,346,0,173
19185,2019-07-11,16817390,0.0,4354,1040,0,346,11921,173
19186,2019-07-12,17630876,0.0,10392,1040,0,346,19486,173
19187,2019-07-13,15801966,0.0,4321,1040,6424,346,0,173
19188,2019-07-14,15441210,0.0,7993,1040,0,346,12832,173
19189,2019-07-15,16420100,0.0,2334,1040,0,346,9591,173
19190,2019-07-16,16726216,0.0,4243,1040,0,346,11663,173
19191,2019-07-17,16482060,0.0,3792,1040,0,346,10389,173
19192,2019-07-18,16439806,0.0,10741,1040,0,346,15617,173
19193,2019-07-19,17370364,0.0,6639,1040,0,346,16056,173
19194,2019-07-20,16416048,0.0,10432,1040,0,346,24704,173
19195,2019-07-21,16553550,0.0,5530,1040,0,346,14150,173
19196,2019-07-22,17081226,0.0,4699,1040,0,346,13864,173
19197,2019-07-23,16864158,0.0,4254,1040,11077,346,0,173
19198,2019-07-24,15690140,0.0,8427,1040,0,346,17211,173
19199,2019-07-25,16689456,0.0,12121,1040,0,346,19744,173
19200,2019-07-26,18143172,0.0,3397,1040,0,346,12824,173
19201,2019-07-27,16203918,0.0,5717,1040,6162,346,0,173
19202,2019-07-28,16167066,0.0,5623,1040,0,346,14429,173
19203,2019-07-29,16381048,0.0,2962,1040,0,346,11071,173
19204,2019-07-30,16047992,0.0,5238,1040,0,346,12702,173
19205,2019-07-31,16800378,0.0,4912,1040,0,346,20020,173
19206,2019-08-01,17070062,0.0,7306,1040,0,346,15030,173
19207,2019-08-02,17508140,0.0,7922,1040,9126,346,0,173
19208,2019-08-03,14972992,0.0,3624,1040,0,346,13911,173
19209,2019-08-04,15054564,0.0,3614,1040,0,346,14745,173
19210,2019-08-05,15549562,0.0,7715,1040,5791,346,0,173
19211,2019-08-06,15732558,0.0,6393,1040,0,346,10965,173
19212,2019-08-07,15736294,0.0,5076,1040,5477,346,0,173
19213,2019-08-08,15998578,0.0,5538,1040,0,346,14510,173
19214,2019-08-09,16569470,0.0,6668,1040,0,346,19274,173
19215,2019-08-10,15067318,0.0,4753,1040,0,346,13963,173
19216,2019-08-11,15088242,0.0,6261,1040,0,346,11673,173
19217,2019-08-12,16055140,0.0,5358,1040,0,346,12107,173
19218,2019-08-13,15725876,0.0,3479,1040,0,346,11789,173
19219,2019-08-14,16015144,0.0,8000,1040,0,346,12750,173
19220,2019-08-15,16781128,0.0,3912,1040,0,346,10737,173
19221,2019-08-16,18830002,0.0,5665,1040,0,346,12073,173
19222,2019-08-17,17788068,0.0,15364,1040,12878,346,0,173
19223,2019-08-18,17292478,0.0,7395,1040,0,346,17651,173
19224,2019-08-19,17783370,0.0,4716,1040,0,346,8306,173
19225,2019-08-20,17200750,0.0,3903,1040,0,346,13649,173
19226,2019-08-21,17887894,0.0,4000,1040,0,346,15847,173
19227,2019-08-22,18001706,0.0,8907,1040,0,346,14951,173
19228,2019-08-23,19075216,0.0,5110,1040,0,346,15688,173
19229,2019-08-24,17807034,0.0,3232,1040,0,346,13258,173
19230,2019-08-25,17730362,0.0,3889,1040,0,346,10727,173
19231,2019-08-26,18427562,0.0,2580,1040,0,346,13875,173
19232,2019-08-27,18696028,0.0,8861,1040,15876,346,0,173
19233,2019-08-28,17731728,0.0,2792,1040,0,346,12194,173
19234,2019-08-29,18109530,0.0,10510,1040,0,346,23129,173
19235,2019-08-30,18580244,0.0,8806,1040,8997,346,0,173
19236,2019-08-31,16957176,0.0,3882,1040,0,346,11615,173
19237,2019-09-01,16992520,0.0,5035,1040,4970,346,0,173
19238,2019-09-02,17485188,0.0,4832,1040,0,346,12582,173
19239,2019-09-03,17409568,0.0,4534,1040,0,346,17903,173
19240,2019-09-04,17558208,0.0,3618,1040,0,346,13970,173
19241,2019-09-05,17682830,0.0,9751,1040,0,346,25858,173
19242,2019-09-06,18299124,0.0,7080,1040,0,346,17324,173
19243,2019-09-07,17452428,0.0,7450,1040,6898,346,0,173
19244,2019-09-08,17318744,0.0,4858,1040,4856,346,0,173
19245,2019-09-09,17353808,0.0,5022,1040,4028,346,0,173
19246,2019-09-10,17893066,0.0,6687,1040,0,346,20658,173
19247,2019-09-11,18551810,0.0,3820,1040,0,346,15434,173
19248,2019-09-12,18973252,0.0,3540,1040,4182,346,0,173
19249,2019-09-13,17703690,0.0,5102,1040,0,346,16043,173
19250,2019-09-14,17860090,0.0,4169,1040,4135,346,0,173
19251,2019-09-15,18154218,0.0,4477,1040,4743,346,0,173
19252,2019-09-16,18257064,0.0,4582,1040,0,346,13627,173
19253,2019-09-17,17045488,0.0,6394,1040,0,346,17307,173
19254,2019-09-18,16846506,0.0,8138,1040,0,346,27157,173
19255,2019-09-19,16503272,0.0,6246,1040,4695,346,0,173
19256,2019-09-20,17221582,0.0,8148,1040,7749,346,0,173
19257,2019-09-21,16532534,0.0,3108,1040,0,346,11537,173
19258,2019-09-22,16554420,0.0,4424,1040,4570,346,0,173
19259,2019-09-23,17413064,0.0,8687,1040,0,346,23572,173
19260,2019-09-24,17519816,0.0,5129,1040,0,346,12948,173
19261,2019-09-25,16945770,0.0,3771,1040,0,346,14600,173
19262,2019-09-26,17463942,0.0,5580,1040,0,346,21405,173
19263,2019-09-27,17833072,0.0,6292,1040,0,346,18220,173
19264,2019-09-28,16658884,0.0,6146,1040,6079,346,0,173
19265,2019-09-29,16904214,0.0,4372,1040,0,346,9220,173
19266,2019-09-30,18231578,0.0,6942,1040,0,346,12035,173
19267,2019-10-08,16642410,0.0,2865,1040,0,346,9700,173
19268,2019-10-09,16244354,0.0,2309,1040,0,346,8589,173
19269,2019-10-10,16651534,0.0,9651,1040,0,346,15924,173
19270,2019-10-11,17959116,0.0,2905,1040,0,346,6157,173
19271,2019-10-12,16945860,0.0,5737,1040,0,346,13568,173
19272,2019-10-13,16754876,0.0,3487,1040,0,346,11393,173
19273,2019-10-14,17001440,0.0,7684,1040,11215,346,0,173
19274,2019-10-15,16507454,0.0,8107,1040,0,346,19339,173
19275,2019-10-16,17378768,0.0,4369,1040,0,346,12236,173
19276,2019-10-17,17695392,0.0,5141,1040,4987,346,0,173
19277,2019-10-18,17575820,0.0,3993,1040,3797,346,0,173
19278,2019-10-19,16418106,0.0,4785,1040,0,346,16092,173
19279,2019-10-20,16812420,0.0,2902,1040,4807,346,0,173
19280,2019-10-21,17121254,0.0,3225,1040,0,346,14746,173
19281,2019-10-22,17150922,0.0,2512,1040,3365,346,0,173
19282,2019-10-23,16979734,0.0,6806,1040,4809,346,0,173
19283,2019-10-24,17289792,0.0,5553,1040,0,346,10026,173
19284,2019-10-25,18347898,0.0,3802,1040,4766,346,0,173
19285,2019-10-26,17504082,0.0,3448,1040,0,346,8412,173
19286,2019-10-27,17506210,0.0,6044,1040,5089,346,0,173
19287,2019-10-28,17329716,0.0,5679,1040,6316,346,0,173
19288,2019-10-29,17349152,0.0,6934,1040,0,346,12977,173
19289,2019-10-30,17473756,0.0,3781,1040,0,346,14326,173
19290,2019-10-31,17499038,0.0,4002,1040,0,346,13641,173
19291,2019-11-01,18621108,0.0,9518,1040,11863,346,0,173
19292,2019-11-02,16733070,0.0,3187,1040,0,346,13312,173
19293,2019-11-03,16660712,0.0,5241,1040,5542,346,0,173
19294,2019-11-04,17228562,0.0,8660,1040,0,346,14265,173
19295,2019-11-05,17578830,0.0,5984,1040,6522,346,0,173
19296,2019-11-06,17598414,0.0,4277,1040,0,346,9109,173
19297,2019-11-07,18140420,0.0,8035,1040,5944,346,0,173
19298,2019-11-08,18927374,0.0,66164,1040,0,346,0,173
19299,2019-11-09,15880652,0.0,4888,1040,0,346,10038,173
19300,2019-11-10,16641468,0.0,4918,1040,0,346,16101,173
19301,2019-11-11,17615280,0.0,5214,1040,0,346,9336,173
19302,2019-11-12,18100448,0.0,6529,1040,5962,346,0,173
19303,2019-11-13,18055164,0.0,4124,1040,4600,346,0,173
19304,2019-11-14,17759844,0.0,11263,1040,6679,346,0,173
19305,2019-11-15,17662728,0.0,7254,1040,0,346,15403,173
19306,2019-11-16,16703692,0.0,5371,1040,0,346,13947,173
19307,2019-11-17,16822740,0.0,3292,1040,0,346,8016,173
19308,2019-11-18,16935792,0.0,6261,1040,0,346,13836,173
19309,2019-11-19,17393620,0.0,5960,1040,0,346,12135,173
19310,2019-11-20,18156070,0.0,4525,1040,0,346,12285,173
19311,2019-11-21,18136986,0.0,6489,1040,8867,346,0,173
19312,2019-11-22,17805726,0.0,4518,1040,0,346,8449,173
19313,2019-11-23,16929588,0.0,5435,1040,0,346,8686,173
19314,2019-11-24,17121178,0.0,3239,1040,3410,346,0,173
19315,2019-11-25,16278790,0.0,14509,1040,0,346,19481,173
19316,2019-11-26,15947480,0.0,3025,1040,0,346,9198,173
19317,2019-11-27,16124588,0.0,3117,1040,0,346,10464,173
19318,2019-11-28,16292180,0.0,5433,1040,0,346,8632,173
19319,2019-11-29,17465126,0.0,5466,1040,6400,346,0,173
19320,2019-11-30,16163518,0.0,5541,1040,6193,346,0,173
19321,2019-12-01,15942736,0.0,3698,1040,0,346,9020,173
19322,2019-12-02,16732010,0.0,6257,1040,0,346,12528,173
19323,2019-12-03,16849720,0.0,5720,1040,0,346,12816,173
19324,2019-12-04,16694402,0.0,4663,1040,5039,346,0,173
19325,2019-12-05,16951220,0.0,10102,1040,8549,346,0,173
19326,2019-12-06,18342036,0.0,5117,1040,0,346,7936,173
19327,2019-12-07,16485720,0.0,4821,1040,5458,346,0,173
19328,2019-12-08,16425660,0.0,6610,1040,0,346,13787,173
19329,2019-12-09,17268566,0.0,3983,1040,0,346,9463,173
19330,2019-12-10,16954258,0.0,6920,1040,0,346,10573,173
19331,2019-12-11,17799254,0.0,5579,1040,0,346,13918,173
19332,2019-12-12,17996800,0.0,4643,1040,0,346,12327,173
19333,2019-12-13,18735376,0.0,9131,1040,11618,346,0,173
19334,2019-12-14,17242836,0.0,5712,1040,0,346,17409,173
19335,2019-12-15,18029940,0.0,12741,1040,0,346,14747,173
19336,2019-12-16,18345786,0.0,6424,1040,0,346,11466,173
19337,2019-12-17,18858212,0.0,6576,1040,0,346,9873,173
19338,2019-12-18,18899658,0.0,5194,1040,0,346,13184,173
19339,2019-12-19,19774346,0.0,7251,1040,0,346,10606,173
19340,2019-12-20,20020678,0.0,4508,1040,9531,346,0,173
19341,2019-12-21,19195064,0.0,3599,1040,2942,346,0,173
19342,2019-12-22,16727440,0.0,5837,1040,0,346,12263,173
19343,2019-12-23,17813810,0.0,5669,1040,0,346,18722,173
19344,2019-12-24,18211684,0.0,4971,1040,0,346,9605,173
19345,2019-12-25,18245164,0.0,6942,1040,0,346,13211,173
19346,2019-12-26,18874018,0.0,7270,1040,0,346,14797,173
19347,2019-12-27,19829084,0.0,3418,1040,0,346,14667,173
19348,2019-12-28,18195724,0.0,7908,1040,9154,346,0,173
19349,2019-12-29,17554568,0.0,6518,1040,6413,346,0,173
19350,2019-12-30,18326396,0.0,5495,1040,6312,346,0,173
19351,2019-12-31,18543402,0.0,6223,1040,6232,346,0,173
20001,2020-01-01,17917692,0.0,14503,1040,9251,346,0,173
20002,2020-01-02,18315508,0.0,6345,1040,6273,346,0,173
20003,2020-01-03,19530732,0.0,8523,1040,0,346,15040,173
20004,2020-01-04,18240498,0.0,5654,1040,0,346,11601,173
20005,2020-01-05,18156090,0.0,14317,1040,0,346,13982,173
20006,2020-01-06,19204182,0.0,3474,1040,0,346,13644,173
20007,2020-01-07,19147582,0.0,4668,1040,0,346,9672,173
20008,2020-01-08,18966152,0.0,5030,1040,7568,346,0,173
20009,2020-01-09,18898278,0.0,3072,1040,0,346,6923,173
20010,2020-01-10,19275336,0.0,4934,1040,7432,346,0,173
20011,2020-01-11,17105806,0.0,3007,1040,0,346,9171,173
20012,2020-01-12,17924002,0.0,4506,1040,4120,346,0,173
20013,2020-01-13,18718216,0.0,3671,1040,0,346,10287,173
20014,2020-01-14,19087040,0.0,3914,1040,5205,346,0,173
20015,2020-01-15,18762196,0.0,3975,1040,5569,346,0,173
20016,2020-01-16,18675406,0.0,6935,1040,0,346,10657,173
20017,2020-01-17,19756658,0.0,5444,1040,0,346,13236,173
20018,2020-01-18,18719186,0.0,9697,1040,10018,346,0,173
20019,2020-01-19,19416586,0.0,10492,1040,0,346,21614,173
20020,2020-01-20,20657630,0.0,16112,1040,14622,346,0,173
20021,2020-01-21,18913022,0.0,2872,1040,0,346,11330,173
20022,2020-03-12,7277076,0.0,3040,1040,0,346,4322,173
20023,2020-03-13,7654750,0.0,824,1040,0,346,2225,173
20024,2020-03-14,7383490,0.0,1873,1040,0,346,4697,173
20025,2020-03-15,8366506,0.0,1877,1040,4666,346,0,173
20026,2020-03-16,10267446,0.0,7319,1040,0,346,10337,173
20027,2020-03-17,11181716,0.0,5124,1040,0,346,13726,173
20028,2020-03-18,12676210,0.0,8997,1040,0,346,15585,173
20029,2020-03-19,14344386,0.0,2311,1040,0,346,11372,173
20030,2020-03-20,15994372,0.0,2982,1040,0,346,11865,173
20031,2020-03-21,16793222,0.0,4924,1040,0,346,13172,173
20032,2020-03-22,18233464,0.0,8042,1040,15345,346,0,173
20033,2020-03-23,18688422,0.0,4082,1040,5751,346,0,173
20034,2020-03-24,20439094,0.0,7928,1040,0,346,33014,173
20035,2020-03-25,20911910,0.0,11710,1040,0,346,58928,173
20036,2020-03-26,22108228,0.0,3095,1040,0,346,23542,173
20037,2020-03-27,24069796,0.0,10434,1040,0,346,54113,173
20038,2020-03-28,23232218,0.0,3829,1040,0,346,34939,173
20039,2020-03-29,25681474,0.0,21228,1040,0,346,95221,173
20040,2020-03-30,28575976,0.0,5892,1040,0,346,68699,173
20041,2020-03-31,33805376,0.0,3427,1040,0,346,55735,173
20042,2020-04-01,36782894,0.0,18304,1040,0,346,82570,173
20043,2020-04-02,40655354,0.0,3384,1040,19371,346,0,173
20044,2020-04-03,41965472,0.0,3056,1040,0,346,51778,173
20045,2020-04-04,42813984,0.0,11487,1040,0,346,115550,173
20046,2020-04-05,40917782,0.0,6533,1040,0,346,108672,173
20047,2020-04-06,42525834,0.0,7170,1040,0,346,61208,173
20048,2020-04-07,44420956,0.0,3845,1040,0,346,109047,173
20049,2020-04-08,44025428,0.0,5150,1040,0,346,68395,173
20050,2020-04-09,44579772,0.0,21908,1040,0,346,88039,173
20051,2020-04-10,45226920,0.0,5083,1040,0,346,79241,173
20052,2020-04-11,44736900,0.0,5049,1040,20439,346,0,173
20053,2020-04-12,45547848,0.0,5697,1040,9463,346,0,173
20054,2020-04-13,49100812,0.0,4382,1040,0,346,60325,173
20055,2020-04-14,49707130,0.0,10522,1040,0,346,183799,173
20056,2020-04-15,44869194,0.0,10128,1040,0,346,95947,173
20057,2020-04-16,42961036,0.0,6434,1040,0,346,52892,173
20058,2020-04-17,43575258,0.0,29099,1040,9017,346,0,173
20059,2020-04-18,38748230,0.0,7608,1040,0,346,70503,173
20060,2020-04-19,37861000,0.0,5193,1040,0,346,31808,173
20061,2020-04-20,39095006,0.0,6987,1040,0,346,89433,173
20062,2020-04-21,38122818,0.0,10331,1040,0,346,74241,173
20063,2020-04-22,37786888,0.0,8293,1040,0,346,43095,173
20064,2020-04-23,39724604,0.0,5517,1040,0,346,89035,173
20065,2020-04-24,40748368,0.0,25219,1040,13070,346,0,173
20066,2020-04-25,37961550,0.0,5421,1040,6361,346,0,173
20067,2020-04-26,40650484,0.0,7258,1040,6742,346,0,173
20068,2020-04-27,42382708,0.0,6704,1040,0,346,56883,173
20069,2020-04-28,40628732,0.0,7252,1040,5284,346,0,173
20070,2020-04-29,38614622,0.0,6232,1040,0,346,47067,173
20071,2020-04-30,38727622,0.0,7465,1040,0,346,48171,173
20072,2020-05-01,38029842,0.0,11460,1040,0,346,92735,173
20073,2020-05-02,34814672,0.0,12424,1040,7107,346,0,173
20074,2020-05-03,34407072,0.0,4399,1040,4653,346,0,173
20075,2020-05-04,35332702,0.0,7525,1040,5994,346,0,173
20076,2020-05-05,36927012,0.0,4569,1040,0,346,49925,173
20077,2020-05-06,35598284,0.0,6937,1040,0,346,44959,173
20078,2020-05-07,33119394,0.0,16847,1040,0,346,63602,173
20079,2020-05-08,31894958,0.0,3870,1040,0,346,36862,173
20080,2020-05-09,29320578,0.0,7433,1040,0,346,35328,173
20081,2020-05-10,28801676,0.0,5745,1040,6385,346,0,173
20082,2020-05-11,29561342,0.0,13657,1040,12178,346,0,173
20083,2020-05-12,30366118,0.0,4853,1040,0,346,34519,173
20084,2020-05-13,29666754,0.0,13807,1040,0,346,44269,173
20085,2020-05-14,29575470,0.0,14244,1040,0,346,57901,173
20086,2020-05-15,31140834,0.0,9498,1040,0,346,35090,173
20087,2020-05-16,26371742,0.0,9280,1040,7341,346,0,173
20088,2020-05-17,25914776,0.0,9876,1040,11559,346,0,173
20089,2020-05-18,27397528,0.0,7839,1040,0,346,33615,173
20090,2020-05-19,28994304,0.0,5808,1040,5403,346,0,173
20091,2020-05-20,28824378,0.0,9082,1040,10217,346,0,173
20092,2020-05-21,29279774,0.0,10001,1040,7881,346,0,173
20093,2020-05-22,29125398,0.0,13832,1040,0,346,42191,173
20094,2020-05-23,26033312,0.0,17743,1040,0,346,58498,173
20095,2020-05-24,24962754,0.0,12017,1040,0,346,34704,173
20096,2020-05-25,26909786,0.0,11124,1040,0,346,40734,173
20097,2020-05-26,25527170,0.0,9422,1040,0,346,31680,173
20098,2020-05-27,25888230,0.0,8148,1040,10839,346,0,173
20099,2020-05-28,27439886,0.0,11260,1040,0,346,21067,173
20100,2020-05-29,27828944,0.0,6942,1040,0,346,21918,173
20101,2020-05-30,25135724,0.0,9561,1040,0,346,28959,173
20102,2020-05-31,24103534,0.0,5864,1040,8083,346,0,173
20103,2020-06-01,25158892,0.0,6855,1040,0,346,19817,173
20104,2020-06-02,25837732,0.0,8244,1040,0,346,28809,173
20105,2020-06-03,25286686,0.0,6977,1040,0,346,21388,173
20106,2020-06-04,25836718,0.0,10941,1040,8851,346,0,173
20107,2020-06-05,25158082,0.0,6830,1040,0,346,19189,173
20108,2020-06-06,23926184,0.0,10530,1040,0,346,36786,173
20109,2020-06-07,24362714,0.0,7101,1040,0,346,28174,173
20110,2020-06-08,25407468,0.0,7312,1040,9669,346,0,173
20111,2020-06-09,25832204,0.0,8271,1040,0,346,21634,173
20112,2020-06-10,25358616,0.0,10971,1040,0,346,23386,173
20113,2020-06-11,25141116,0.0,3619,1040,0,346,24473,173
20114,2020-06-12,25088304,0.0,5085,1040,0,346,17278,173
20115,2020-06-13,22445104,0.0,11550,1040,9716,346,0,173
20116,2020-06-14,22109860,0.0,10443,1040,0,346,30930,173
20117,2020-06-15,23006206,0.0,7262,1040,0,346,26667,173
20118,2020-06-16,23361194,0.0,3286,1040,0,346,13971,173
20119,2020-06-17,23422492,0.0,6309,1040,0,346,20315,173
20120,2020-06-18,23948422,0.0,9477,1040,11776,346,0,173
20121,2020-06-19,25141796,0.0,18903,1040,0,346,32000,173
20122,2020-06-20,22412514,0.0,16269,1040,0,346,47309,173
20123,2020-06-21,23206236,0.0,6763,1040,0,346,25212,173
20124,2020-06-22,23352520,0.0,7408,1040,0,346,18353,173
20125,2020-06-23,24076184,0.0,5903,1040,12109,346,0,173
20126,2020-06-24,23441514,0.0,5741,1040,6022,346,0,173
20127,2020-06-25,23921418,0.0,10379,1040,0,346,46263,173
20128,2020-06-26,25441030,0.0,9815,1040,0,346,28030,173
20129,2020-06-27,24022098,0.0,2658,1040,11512,346,0,173
20130,2020-06-28,24545996,0.0,10530,1040,0,346,32582,173
20131,2020-06-29,25447018,0.0,7634,1040,0,346,33298,173
20132,2020-06-30,25529962,0.0,10994,1040,0,346,17652,173
20133,2020-07-01,25666940,0.0,5124,1040,7585,346,0,173
20134,2020-07-02,25767356,0.0,13609,1040,0,346,28404,173
20135,2020-07-03,26985862,0.0,10633,1040,0,346,29349,173
20136,2020-07-04,24549390,0.0,8578,1040,7578,346,0,173
20137,2020-07-05,23709740,0.0,4190,1040,0,346,18946,173
20138,2020-07-06,23492906,0.0,4589,1040,9190,346,0,173
20139,2020-07-07,23752324,0.0,10716,1040,0,346,36956,173
20140,2020-07-08,23605154,0.0,6402,1040,5260,346,0,173
20141,2020-07-09,22885262,0.0,11326,1040,7092,346,0,173
20142,2020-07-10,24412538,0.0,4714,1040,0,346,19103,173
20143,2020-07-11,23417188,0.0,7555,1040,0,346,28076,173
20144,2020-07-12,22160300,0.0,3003,1040,0,346,18312,173
20145,2020-07-13,22776768,0.0,4886,1040,0,346,17960,173
20146,2020-07-14,24847932,0.0,6346,1040,10374,346,0,173
20147,2020-07-15,22934416,0.0,6875,1040,0,346,17102,173
20148,2020-07-16,22631946,0.0,24199,1040,0,346,26442,173
20149,2020-07-17,24226848,0.0,6797,1040,6784,346,0,173
20150,2020-07-18,23230566,0.0,6580,1040,5750,346,0,173
20151,2020-07-19,22477704,0.0,3703,1040,4189,346,0,173
20152,2020-07-20,23155090,0.0,9146,1040,0,346,29486,173
20153,2020-07-21,22905798,0.0,4270,1040,3839,346,0,173
20154,2020-07-22,23319524,0.0,6779,1040,0,346,14979,173
20155,2020-07-23,23166276,0.0,3478,1040,0,346,14574,173
20156,2020-07-24,23224116,0.0,3857,1040,0,346,9864,173
20157,2020-07-25,22886410,0.0,6327,1040,0,346,27661,173
20158,2020-07-26,22146012,0.0,8369,1040,12450,346,0,173
20159,2020-07-27,21620122,0.0,12023,1040,0,346,19880,173
20160,2020-07-28,22834822,0.0,6502,1040,0,346,11937,173
20161,2020-07-29,21942424,0.0,5188,1040,0,346,9941,173
20162,2020-07-30,22792416,0.0,20938,1040,0,346,43514,173
20163,2020-07-31,25180670,0.0,4906,1040,0,346,7829,173
20164,2020-08-01,22779008,0.0,7054,1040,18252,346,0,173
20165,2020-08-02,21926442,0.0,7486,1040,0,346,16765,173
20166,2020-08-03,22330290,0.0,8225,1040,4960,346,0,173
20167,2020-08-04,21771904,0.0,5496,1040,0,346,12893,173
20168,2020-08-05,21888994,0.0,9895,1040,0,346,22283,173
20169,2020-08-06,21777104,0.0,5420,1040,6693,346,0,173
20170,2020-08-07,22063680,0.0,8020,1040,0,346,16562,173
20171,2020-08-08,21911260,0.0,5476,1040,0,346,19210,173
20172,2020-08-09,22236554,0.0,3386,1040,0,346,9615,173
20173,2020-08-10,22777138,0.0,10464,1040,0,346,17411,173
20174,2020-08-11,22458762,0.0,7042,1040,0,346,18651,173
20175,2020-08-12,23451998,0.0,3927,1040,17817,346,0,173
20176,2020-08-13,21338916,0.0,3402,1040,0,346,11210,173
20177,2020-08-14,22827630,0.0,6993,1040,0,346,15026,173
20178,2020-08-15,22111016,0.0,6643,1040,7691,346,0,173
20179,2020-08-16,21215772,0.0,5727,1040,0,346,13255,173
20180,2020-08-17,21957488,0.0,7023,1040,0,346,16899,173
20181,2020-08-18,21063806,0.0,7989,1040,0,346,15763,173
20182,2020-08-19,21550756,0.0,5424,1040,0,346,11311,173
20183,2020-08-20,23310008,0.0,9336,1040,20044,346,0,173
20184,2020-08-21,23076482,0.0,57402,1040,0,346,0,173
20185,2020-08-22,18922560,0.0,4658,1040,0,346,11741,173
20186,2020-08-23,20139896,0.0,6960,1040,0,346,24806,173
20187,2020-08-24,21209048,0.0,4893,1040,0,346,20234,173
20188,2020-08-25,21220700,0.0,6529,1040,0,346,11141,173
20189,2020-08-26,22102552,0.0,9808,1040,0,346,11890,173
20190,2020-08-27,24465222,0.0,14191,1040,24632,346,0,173
20191,2020-08-28,23460166,0.0,9719,1040,0,346,24054,173
20192,2020-08-29,21106222,0.0,8110,1040,0,346,17290,173
20193,2020-08-30,20922432,0.0,4692,1040,0,346,11183,173
20194,2020-08-31,21377430,0.0,6057,1040,0,346,18495,173
20195,2020-09-01,22622418,0.0,6242,1040,0,346,17497,173
20196,2020-09-02,23807120,0.0,5109,1040,0,346,11158,173
20197,2020-09-03,25380590,0.0,3656,1040,0,346,9905,173
20198,2020-09-04,26484812,0.0,10650,1040,0,346,15826,173
20199,2020-09-05,24231408,0.0,7602,1040,0,346,21239,173
20200,2020-09-06,23633418,0.0,2762,1040,0,346,7788,173
20201,2020-09-07,22785386,0.0,7449,1040,0,346,13225,173
20202,2020-09-08,23358214,0.0,5126,1040,0,346,11042,173
20203,2020-09-09,22952360,0.0,14830,1040,20442,346,0,173
20204,2020-09-10,19832194,0.0,4820,1040,0,346,13965,173
20205,2020-09-11,21649938,0.0,5079,1040,0,346,14937,173
20206,2020-09-12,20025696,0.0,3576,1040,6390,346,0,173
20207,2020-09-13,19237844,0.0,7466,1040,0,346,20839,173
20208,2020-09-14,20057454,0.0,4007,1040,5844,346,0,173
20209,2020-09-15,20181750,0.0,5468,1040,0,346,13170,173
20210,2020-09-16,20723998,0.0,13373,1040,0,346,32255,173
20211,2020-09-17,21370088,0.0,8598,1040,0,346,17697,173
20212,2020-09-18,22343118,0.0,12172,1040,15502,346,0,173
20213,2020-09-19,19196918,0.0,10113,1040,0,346,22958,173
20214,2020-09-20,19810332,0.0,5652,1040,0,346,15779,173
20215,2020-09-21,21083222,0.0,5996,1040,7758,346,0,173
20216,2020-09-22,20559670,0.0,8606,1040,0,346,17747,173
20217,2020-09-23,20879010,0.0,5252,1040,0,346,15521,173
20218,2020-09-24,21270528,0.0,6455,1040,0,346,29789,173
20219,2020-09-25,21765346,0.0,3737,1040,6050,346,0,173
20220,2020-09-26,19340508,0.0,6082,1040,0,346,17071,173
20221,2020-09-27,19864692,0.0,3564,1040,4927,346,0,173
20222,2020-09-28,19740732,0.0,17332,1040,0,346,33238,173
20223,2020-09-29,19913164,0.0,4178,1040,0,346,13203,173
20224,2020-09-30,19792550,0.0,6039,1040,8679,346,0,173
20225,2020-10-05,17098508,0.0,3344,1040,0,346,9896,173
20226,2020-10-06,17640034,0.0,2327,1040,3009,346,0,173
20227,2020-10-07,17638232,0.0,5055,1040,6991,346,0,173
20228,2020-10-08,18443062,0.0,4216,1040,0,346,15021,173
20229,2020-10-09,20163644,0.0,5520,1040,5792,346,0,173
20230,2020-10-10,19059152,0.0,6097,1040,0,346,25954,173
20231,2020-10-11,19104360,0.0,6836,1040,5064,346,0,173
20232,2020-10-12,19572724,0.0,3336,1040,0,346,13105,173
20233,2020-10-13,19298650,0.0,7044,1040,9442,346,0,173
20234,2020-10-14,19136372,0.0,8851,1040,0,346,14597,173
20235,2020-10-15,19487914,0.0,6874,1040,0,346,27704,173
20236,2020-10-16,19522658,0.0,10738,1040,8684,346,0,173
20237,2020-10-17,17956094,0.0,4746,1040,0,346,12513,173
20238,2020-10-18,18130386,0.0,6059,1040,0,346,15366,173
20239,2020-10-19,19176594,0.0,4626,1040,0,346,11606,173
20240,2020-10-20,19513384,0.0,3870,1040,0,346,12048,173
20241,2020-10-21,19132122,0.0,6412,1040,0,346,17172,173
20242,2020-10-22,19457572,0.0,9617,1040,12229,346,0,173
20243,2020-10-23,19921002,0.0,4071,1040,0,346,11086,173
20244,2020-10-24,18632296,0.0,3806,1040,0,346,16325,173
20245,2020-10-25,18078436,0.0,10178,1040,0,346,16274,173
20246,2020-10-26,19026534,0.0,12919,1040,10209,346,0,173
20247,2020-10-27,17936746,0.0,4370,1040,0,346,10868,173
20248,2020-10-28,18454736,0.0,4205,1040,0,346,15350,173
20249,2020-10-29,18909278,0.0,3539,1040,4237,346,0,173
20250,2020-10-30,18355762,0.0,5583,1040,0,346,13582,173
20251,2020-10-31,17503896,0.0,4494,1040,5752,346,0,173
20252,2020-11-01,17307230,0.0,8831,1040,0,346,23911,173
20253,2020-11-02,17834814,0.0,4440,1040,6378,346,0,173
20254,2020-11-03,17774520,0.0,3593,1040,0,346,9494,173
20255,2020-11-04,17257426,0.0,2157,1040,0,346,8784,173
20256,2020-11-05,18235320,0.0,3472,1040,0,346,8413,173
20257,2020-11-06,18735830,0.0,7765,1040,0,346,15620,173
20258,2020-11-07,17701622,0.0,4971,1040,0,346,11574,173
20259,2020-11-08,18247414,0.0,2515,1040,0,346,6539,173
20260,2020-11-09,18892490,0.0,4925,1040,0,346,11166,173
20261,2020-11-10,18827428,0.0,7240,1040,13589,346,0,173
20262,2020-11-11,17966248,0.0,7525,1040,9390,346,0,173
20263,2020-11-12,18517798,0.0,3273,1040,0,346,10271,173
20264,2020-11-13,19623240,0.0,4637,1040,0,346,12082,173
20265,2020-11-14,18204388,0.0,4533,1040,7209,346,0,173
20266,2020-11-15,17654258,0.0,5011,1040,4067,346,0,173
20267,2020-11-16,17811688,0.0,16304,1040,0,346,31682,173
20268,2020-11-17,17971028,0.0,5224,1040,0,346,14958,173
20269,2020-11-18,17718022,0.0,2903,1040,0,346,13489,173
20270,2020-11-19,18440158,0.0,8226,1040,11257,346,0,173
20271,2020-11-20,18704508,0.0,6511,1040,7780,346,0,173
20272,2020-11-21,17510332,0.0,4713,1040,0,346,11889,173
20273,2020-11-22,17439778,0.0,8939,1040,0,346,25794,173
20274,2020-11-23,17861196,0.0,6793,1040,8154,346,0,173
20275,2020-11-24,17188084,0.0,6318,1040,0,346,13312,173
20276,2020-11-25,17831054,0.0,3716,1040,4965,346,0,173
20277,2020-11-26,17845656,0.0,6997,1040,0,346,17589,173
20278,2020-11-27,19000494,0.0,5701,1040,0,346,13944,173
20279,2020-11-28,18590970,0.0,5136,1040,0,346,13804,173
20280,2020-11-29,18597308,0.0,3924,1040,0,346,10972,173
20281,2020-11-30,19434890,0.0,7706,1040,0,346,23784,173
20282,2020-12-01,19460210,0.0,5928,1040,0,346,14310,173
20283,2020-12-02,19752350,0.0,5712,1040,0,346,7811,173
20284,2020-12-03,20480718,0.0,12349,1040,18183,346,0,173
20285,2020-12-04,19499812,0.0,9975,1040,8575,346,0,173
20286,2020-12-05,18829666,0.0,10044,1040,0,346,14174,173
20287,2020-12-06,18908374,0.0,14614,1040,0,346,24104,173
20288,2020-12-07,19774622,0.0,10222,1040,0,346,24186,173
20289,2020-12-08,19778720,0.0,2539,1040,0,346,9279,173
20290,2020-12-09,19945604,0.0,5426,1040,0,346,20164,173
20291,2020-12-10,19861206,0.0,4588,1040,0,346,7781,173
20292,2020-12-11,20404588,0.0,7180,1040,11581,346,0,173
20293,2020-12-12,18353390,0.0,3122,1040,0,346,10525,173
20294,2020-12-13,17808232,0.0,7599,1040,0,346,9860,173
20295,2020-12-14,19117880,0.0,3818,1040,0,346,13144,173
20296,2020-12-15,19477484,0.0,4464,1040,0,346,18140,173
20297,2020-12-16,19509690,0.0,17122,1040,0,346,31095,173
20298,2020-12-17,20038470,0.0,4705,1040,0,346,13717,173
20299,2020-12-18,20715540,0.0,6864,1040,11682,346,0,173
20300,2020-12-19,18270068,0.0,10116,1040,0,346,13968,173
20301,2020-12-20,18328298,0.0,4980,1040,0,346,13625,173
20302,2020-12-21,18440966,0.0,5783,1040,0,346,10985,173
20303,2020-12-22,18634992,0.0,5757,1040,0,346,15918,173
20304,2020-12-23,19412810,0.0,10546,1040,0,346,18289,173
20305,2020-12-24,21182848,0.0,9858,1040,10765,346,0,173
20306,2020-12-25,22166104,0.0,9089,1040,0,346,22890,173
20307,2020-12-26,20859328,0.0,8838,1040,0,346,26775,173
20308,2020-12-27,20785890,0.0,8553,1040,0,346,23440,173
20309,2020-12-28,21243406,0.0,4987,1040,12609,346,0,173
20310,2020-12-29,20452558,0.0,5437,1040,0,346,15846,173
20311,2020-12-30,20672786,0.0,6032,1040,0,346,17288,173
20312,2020-12-31,20999100,0.0,4763,1040,0,346,22479,173
21001,2021-01-01,20435854,0.0,6957,1040,0,346,17748,173
21002,2021-01-02,20452054,0.0,6022,1040,12531,346,0,173
21003,2021-01-03,20460458,0.0,10477,1040,10886,346,0,173
21004,2021-01-04,21161864,0.0,6247,1040,0,346,13844,173
21005,2021-01-05,21134946,0.0,10237,1040,9421,346,0,173
21006,2021-01-06,20861888,0.0,5354,1040,0,346,15498,173
21007,2021-01-07,21156076,0.0,3055,1040,0,346,12344,173
21008,2021-01-08,21377428,0.0,6916,1040,0,346,38182,173
21009,2021-01-09,20852920,0.0,3608,1040,0,346,14298,173
21010,2021-01-10,20735744,0.0,5706,1040,0,346,20805,173
21011,2021-01-11,21499200,0.0,3761,1040,0,346,13824,173
21012,2021-01-12,22372966,0.0,2854,1040,0,346,7174,173
21013,2021-01-13,23143624,0.0,6642,1040,22464,346,0,173
21014,2021-01-14,21042314,0.0,3793,1040,0,346,10276,173
21015,2021-01-15,22061700,0.0,6045,1040,0,346,17115,173
21016,2021-01-16,21128444,0.0,5427,1040,7088,346,0,173
21017,2021-01-17,20875186,0.0,23980,1040,12576,346,0,173
21018,2021-01-18,18631424,0.0,10186,1040,0,346,23548,173
21019,2021-01-19,19585162,0.0,4315,1040,5028,346,0,173
21020,2021-01-20,20119008,0.0,7269,1040,0,346,24859,173
21021,2021-01-21,21127240,0.0,4797,1040,0,346,14907,173
21022,2021-01-22,21380130,0.0,5805,1040,0,346,19029,173
21023,2021-01-23,20354004,0.0,6107,1040,0,346,14657,173
21024,2021-01-24,19733228,0.0,2523,1040,0,346,16007,173
21025,2021-01-25,20160230,0.0,5197,1040,0,346,16532,173
21026,2021-01-26,20692402,0.0,5894,1040,0,346,12682,173
21027,2021-01-27,22030936,0.0,5390,1040,0,346,10194,173
21028,2021-01-28,22264892,0.0,4895,1040,0,346,7970,173
21029,2021-01-29,23783698,0.0,9523,1040,0,346,24821,173
21030,2021-01-30,23158412,0.0,8552,1040,24471,346,0,173
21031,2021-01-31,19300234,0.0,7559,1040,0,346,21798,173
21032,2021-02-01,19903612,0.0,9476,1040,10675,346,0,173
21033,2021-02-02,19981668,0.0,6955,1040,0,346,15805,173
21034,2021-02-03,19949070,0.0,11049,1040,0,346,14138,173
21035,2021-02-04,20088572,0.0,7305,1040,0,346,13961,173
21036,2021-02-05,21166330,0.0,4862,1040,0,346,17106,173
21037,2021-02-06,20834416,0.0,9222,1040,10182,346,0,173
21038,2021-02-07,20630658,0.0,7937,1040,0,346,17572,173
21039,2021-02-08,22681374,0.0,10261,1040,0,346,23339,173
21040,2021-02-19,19955084,0.0,6475,1040,0,346,12131,173
21041,2021-02-20,18524934,0.0,4379,1040,7518,346,0,173
21042,2021-02-21,18539210,0.0,3192,1040,0,346,14314,173
21043,2021-02-22,20474822,0.0,4766,1040,0,346,14235,173
21044,2021-02-23,20393150,0.0,9509,1040,0,346,20486,173
21045,2021-02-24,21433408,0.0,2839,1040,6038,346,0,173
21046,2021-02-25,21422220,0.0,8437,1040,0,346,23969,173
21047,2021-02-26,21944652,0.0,7322,1040,7054,346,0,173
21048,2021-02-27,21316158,0.0,9047,1040,0,346,30720,173
21049,2021-02-28,21920886,0.0,3777,1040,0,346,23686,173
21050,2021-03-01,26317408,0.0,6828,1040,0,346,18137,173
21051,2021-03-02,26537744,0.0,4630,1040,0,346,14627,173
21052,2021-03-03,26540960,0.0,8490,1040,0,346,28828,173
21053,2021-03-04,26701142,0.0,9857,1040,0,346,33075,173
21054,2021-03-05,29398388,0.0,13550,1040,0,346,30339,173
21055,2021-03-06,28735676,0.0,10616,1040,0,346,34295,173
21056,2021-03-07,29775726,0.0,8092,1040,20408,346,0,173
21057,2021-03-08,29249692,0.0,11357,1040,0,346,34573,173
21058,2021-03-09,30140372,0.0,6300,1040,0,346,24848,173
21059,2021-03-10,30580884,0.0,15778,1040,21973,346,0,173
21060,2021-03-11,32344710,0.0,15901,1040,20310,346,0,173
21061,2021-03-12,33472546,0.0,17785,1040,0,346,49409,173
21062,2021-03-13,30817598,0.0,12171,1040,10899,346,0,173
21063,2021-03-14,31572200,0.0,9967,1040,0,346,32987,173
21064,2021-03-15,32104050,0.0,4777,1040,6038,346,0,173
21065,2021-03-16,32608154,0.0,4207,1040,0,346,28732,173
21066,2021-03-17,30875024,0.0,9188,1040,0,346,54102,173
21067,2021-03-18,31372706,0.0,8677,1040,0,346,38873,173
21068,2021-03-19,31879906,0.0,7806,1040,0,346,34190,173
21069,2021-03-20,29986298,0.0,14875,1040,0,346,38220,173
21070,2021-03-21,29308360,0.0,15554,1040,18259,346,0,173
21071,2021-03-22,29997434,0.0,12434,1040,13091,346,0,173
21072,2021-03-23,32040264,0.0,11746,1040,0,346,56200,173
21073,2021-03-24,32022156,0.0,19889,1040,0,346,65145,173
21074,2021-03-25,31648754,0.0,6028,1040,0,346,25715,173
21075,2021-03-26,32598256,0.0,9373,1040,0,346,39493,173
21076,2021-03-27,30910836,0.0,3486,1040,0,346,18193,173
21077,2021-03-28,29850392,0.0,3930,1040,0,346,12745,173
21078,2021-03-29,30983832,0.0,12514,1040,18321,346,0,173
21079,2021-03-30,30152548,0.0,14810,1040,17751,346,0,173
21080,2021-03-31,31412696,0.0,9634,1040,0,346,54088,173
21081,2021-04-01,31725886,0.0,10649,1040,0,346,46831,173
21082,2021-04-02,30894266,0.0,8657,1040,13311,346,0,173
21083,2021-04-03,27473258,0.0,8485,1040,10367,346,0,173
21084,2021-04-04,27450140,0.0,17464,1040,0,346,57424,173
21085,2021-04-05,28434728,0.0,5904,1040,9712,346,0,173
21086,2021-04-06,29758860,0.0,7688,1040,0,346,44865,173
21087,2021-04-07,29393694,0.0,4817,1040,7771,346,0,173
21088,2021-04-08,29691480,0.0,12967,1040,0,346,32129,173
21089,2021-04-09,30315792,0.0,9491,1040,0,346,44736,173
21090,2021-04-10,27208060,0.0,19638,1040,0,346,42094,173
21091,2021-04-11,26684692,0.0,6928,1040,0,346,30985,173
21092,2021-04-12,27701700,0.0,3803,1040,0,346,17232,173
21093,2021-04-13,27693884,0.0,6278,1040,0,346,26217,173
21094,2021-04-14,28047350,0.0,14589,1040,0,346,45915,173
21095,2021-04-15,30210342,0.0,8936,1040,0,346,25737,173
21096,2021-04-16,32240364,0.0,4926,1040,0,346,15999,173
21097,2021-04-17,31145738,0.0,8474,1040,0,346,33129,173
21098,2021-04-18,33089956,0.0,5320,1040,0,346,16064,173
21099,2021-04-19,34030086,0.0,7285,1040,0,346,26393,173
21100,2021-04-20,35228900,0.0,8356,1040,0,346,35814,173
21101,2021-04-21,34660670,0.0,6900,1040,0,346,22758,173
21102,2021-04-22,34985820,0.0,7478,1040,42129,346,0,173
21103,2021-04-23,28376178,0.0,11911,1040,16089,346,0,173
21104,2021-04-24,27154836,0.0,8217,1040,0,346,28780,173
21105,2021-04-25,27671298,0.0,12536,1040,0,346,27160,173
21106,2021-04-26,28298740,0.0,5847,1040,14915,346,0,173
21107,2021-04-27,28120640,0.0,11839,1040,0,346,43808,173
21108,2021-04-28,28540174,0.0,6998,1040,14209,346,0,173
21109,2021-04-29,28419328,0.0,11432,1040,0,346,37065,173
21110,2021-04-30,28193702,0.0,12158,1040,0,346,30519,173
21111,2021-05-01,25184426,0.0,6596,1040,10735,346,0,173
21112,2021-05-02,24653464,0.0,8450,1040,0,346,27190,173
21113,2021-05-03,25198490,0.0,3599,1040,0,346,16635,173
21114,2021-05-04,25176460,0.0,16324,1040,0,346,25944,173
21115,2021-05-05,26455504,0.0,10436,1040,0,346,27430,173
21116,2021-05-06,28179882,0.0,4899,1040,9157,346,0,173
21117,2021-05-07,28993024,0.0,9621,1040,0,346,34348,173
21118,2021-05-08,26961870,0.0,6521,1040,0,346,31517,173
21119,2021-05-09,26678074,0.0,6438,1040,0,346,27733,173
21120,2021-05-10,26952948,0.0,5200,1040,12618,346,0,173
21121,2021-05-11,27017406,0.0,4565,1040,7273,346,0,173
21122,2021-05-12,25968238,0.0,13022,1040,0,346,35376,173
21123,2021-05-13,27558058,0.0,5917,1040,10547,346,0,173
21124,2021-05-14,28409846,0.0,6591,1040,0,346,31539,173
21125,2021-05-15,26255592,0.0,7899,1040,8325,346,0,173
21126,2021-05-16,26059790,0.0,5620,1040,0,346,26415,173
21127,2021-05-17,25983816,0.0,5057,1040,6792,346,0,173
21128,2021-05-18,26447972,0.0,6050,1040,0,346,25914,173
21129,2021-05-19,25994044,0.0,6987,1040,0,346,20061,173
21130,2021-05-20,26604628,0.0,8257,1040,0,346,25431,173
21131,2021-05-21,27377006,0.0,7559,1040,12319,346,0,173
21132,2021-05-22,25000986,0.0,5725,1040,0,346,21654,173
21133,2021-05-23,25273014,0.0,9061,1040,0,346,34596,173
21134,2021-05-24,25524442,0.0,14896,1040,0,346,37522,173
21135,2021-05-25,26582376,0.0,8322,1040,11868,346,0,173
21136,2021-05-26,24805184,0.0,7469,1040,0,346,26491,173
21137,2021-05-27,27372124,0.0,9003,1040,0,346,32248,173
21138,2021-05-28,28756628,0.0,11954,1040,0,346,24694,173
21139,2021-05-29,26597086,0.0,6648,1040,0,346,15500,173
21140,2021-05-30,27026558,0.0,11233,1040,0,346,24538,173
21141,2021-05-31,27339508,0.0,9261,1040,0,346,17357,173
21142,2021-06-01,28275986,0.0,4330,1040,0,346,13449,173
21143,2021-06-02,27346540,0.0,12086,1040,0,346,34305,173
21144,2021-06-03,29106522,0.0,10861,1040,0,346,19253,173
21145,2021-06-04,29822606,0.0,12196,1040,0,346,32295,173
21146,2021-06-05,29205914,0.0,7051,1040,0,346,17165,173
21147,2021-06-06,30306692,0.0,6530,1040,0,346,28690,173
21148,2021-06-07,31443538,0.0,5269,1040,0,346,15670,173
21149,2021-06-08,33738710,0.0,9632,1040,33717,346,0,173
21150,2021-06-09,29989516,0.0,3786,1040,0,346,15539,173
21151,2021-06-10,30547166,0.0,10731,1040,0,346,40887,173
21152,2021-06-11,30592146,0.0,15674,1040,0,346,37512,173
21153,2021-06-12,29177946,0.0,7379,1040,0,346,22299,173
21154,2021-06-13,30007546,0.0,8916,1040,0,346,34533,173
21155,2021-06-14,28955944,0.0,12458,1040,0,346,30110,173
21156,2021-06-15,31266850,0.0,19563,1040,0,346,39388,173
21157,2021-06-16,32176562,0.0,6854,1040,0,346,17136,173
21158,2021-06-17,32410410,0.0,11854,1040,0,346,25634,173
21159,2021-06-18,33031610,0.0,7169,1040,0,346,24771,173
21160,2021-06-19,31813002,0.0,10286,1040,0,346,28870,173
21161,2021-06-20,32123882,0.0,9481,1040,0,346,35753,173
21162,2021-06-21,33807356,0.0,6072,1040,0,346,33124,173
21163,2021-06-22,36195336,0.0,12620,1040,43658,346,0,173
21164,2021-06-23,30366230,0.0,16609,1040,0,346,27256,173
21165,2021-06-24,32909640,0.0,11115,1040,0,346,35397,173
21166,2021-06-25,34021898,0.0,6250,1040,0,346,22744,173
21167,2021-06-26,32512318,0.0,13688,1040,14809,346,0,173
21168,2021-06-27,31574516,0.0,8321,1040,0,346,42416,173
21169,2021-06-28,32642108,0.0,3714,1040,6741,346,0,173
21170,2021-06-29,31948326,0.0,6756,1040,7705,346,0,173
21171,2021-06-30,32077284,0.0,8939,1040,0,346,49232,173
21172,2021-07-01,32693390,0.0,27834,1040,20025,346,0,173
21173,2021-07-02,33090990,0.0,4180,1040,0,346,20905,173
21174,2021-07-03,30764044,0.0,8326,1040,0,346,45176,173
21175,2021-07-04,30903746,0.0,7885,1040,13397,346,0,173
21176,2021-07-05,30904164,0.0,11664,1040,0,346,55958,173
21177,2021-07-06,31505334,0.0,5278,1040,0,346,18422,173
21178,2021-07-07,30527232,0.0,8311,1040,9172,346,0,173
21179,2021-07-08,29956610,0.0,7848,1040,10499,346,0,173
21180,2021-07-09,29924152,0.0,4270,1040,0,346,16999,173
21181,2021-07-10,28245208,0.0,13018,1040,0,346,34733,173
21182,2021-07-11,27564834,0.0,8716,1040,12484,346,0,173
21183,2021-07-12,27263780,0.0,6981,1040,0,346,20526,173
21184,2021-07-13,27707134,0.0,8995,1040,13797,346,0,173
21185,2021-07-14,27999224,0.0,12186,1040,0,346,36140,173
21186,2021-07-15,29240250,0.0,5044,1040,0,346,24831,173
21187,2021-07-16,29384754,0.0,8990,1040,0,346,46026,173
21188,2021-07-17,27604942,0.0,9468,1040,0,346,33831,173
21189,2021-07-18,26687196,0.0,6261,1040,0,346,14731,173
21190,2021-07-19,27946176,0.0,7388,1040,0,346,28072,173
21191,2021-07-20,27654248,0.0,7412,1040,0,346,18627,173
21192,2021-07-21,27531930,0.0,6242,1040,0,346,15913,173
21193,2021-07-22,27861294,0.0,14554,1040,0,346,37502,173
21194,2021-07-23,30527642,0.0,11721,1040,0,346,44668,173
21195,2021-07-24,28723382,0.0,6612,1040,0,346,22073,173
21196,2021-07-25,28693000,0.0,11879,1040,21543,346,0,173
21197,2021-07-26,28459004,0.0,3357,1040,0,346,15262,173
21198,2021-07-27,28206008,0.0,19346,1040,0,346,44013,173
21199,2021-07-28,28917952,0.0,6579,1040,0,346,37255,173
21200,2021-07-29,30030980,0.0,6552,1040,0,346,26612,173
21201,2021-07-30,30468388,0.0,9061,1040,0,346,32604,173
21202,2021-07-31,30082676,0.0,5719,1040,10154,346,0,173
21203,2021-08-01,28574546,0.0,7271,1040,9576,346,0,173
21204,2021-08-02,29179604,0.0,5684,1040,0,346,30033,173
21205,2021-08-03,28929642,0.0,4920,1040,0,346,19566,173
21206,2021-08-04,28866618,0.0,9555,1040,0,346,43853,173
21207,2021-08-05,29624952,0.0,5262,1040,8965,346,0,173
21208,2021-08-06,28613936,0.0,10860,1040,0,346,19758,173
21209,2021-08-07,27449706,0.0,9662,1040,0,346,33817,173
21210,2021-08-08,27687804,0.0,11799,1040,0,346,36288,173
21211,2021-08-09,28161678,0.0,7184,1040,0,346,25472,173
21212,2021-08-10,28691580,0.0,6687,1040,0,346,22142,173
21213,2021-08-11,28283634,0.0,9490,1040,0,346,13072,173
21214,2021-08-12,28787926,0.0,8369,1040,0,346,20660,173
21215,2021-08-13,30775940,0.0,8732,1040,0,346,20487,173
21216,2021-08-14,29895278,0.0,11090,1040,18989,346,0,173
21217,2021-08-15,28638878,0.0,12231,1040,0,346,27482,173
21218,2021-08-16,30030274,0.0,8508,1040,0,346,19438,173
21219,2021-08-17,28294788,0.0,13010,1040,0,346,32733,173
21220,2021-08-18,29661720,0.0,7506,1040,0,346,28396,173
21221,2021-08-19,30256104,0.0,11341,1040,0,346,34515,173
21222,2021-08-20,31321382,0.0,6260,1040,0,346,25271,173
21223,2021-08-21,29654918,0.0,18418,1040,0,346,33963,173
21224,2021-08-22,30936600,0.0,9222,1040,0,346,36376,173
21225,2021-08-23,33518710,0.0,6222,1040,0,346,24329,173
21226,2021-08-24,32944264,0.0,8412,1040,0,346,22550,173
21227,2021-08-25,31574454,0.0,16592,1040,0,346,40461,173
21228,2021-08-26,31865298,0.0,9973,1040,29631,346,0,173
21229,2021-08-27,29617146,0.0,6419,1040,0,346,19840,173
21230,2021-08-28,28391430,0.0,8352,1040,9632,346,0,173
21231,2021-08-29,28910138,0.0,6111,1040,0,346,36398,173
21232,2021-08-30,30149078,0.0,7629,1040,8718,346,0,173
21233,2021-08-31,29395444,0.0,7499,1040,7954,346,0,173
21234,2021-09-01,27920642,0.0,10375,1040,0,346,39266,173
21235,2021-09-02,27977016,0.0,6131,1040,8099,346,0,173
21236,2021-09-03,29044804,0.0,7774,1040,0,346,35911,173
21237,2021-09-04,28190618,0.0,10221,1040,0,346,30217,173
21238,2021-09-05,26836724,0.0,6965,1040,0,346,24350,173
21239,2021-09-06,28699782,0.0,10828,1040,0,346,16876,173
21240,2021-09-07,28816574,0.0,4509,1040,0,346,14236,173
21241,2021-09-08,29214948,0.0,10370,1040,10814,346,0,173
21242,2021-09-09,28928930,0.0,9769,1040,0,346,30064,173
21243,2021-09-10,30207512,0.0,11623,1040,0,346,18621,173
21244,2021-09-11,27720574,0.0,6208,1040,0,346,17040,173
21245,2021-09-12,27205412,0.0,13775,1040,0,346,29918,173
21246,2021-09-13,27962886,0.0,5662,1040,0,346,19469,173
21247,2021-09-14,28203564,0.0,26678,1040,20636,346,0,173
21248,2021-09-15,29826510,0.0,14870,1040,0,346,28603,173
21249,2021-09-16,32262694,0.0,12840,1040,0,346,19265,173
21250,2021-09-17,30630882,0.0,10101,1040,10946,346,0,173
21251,2021-09-18,29245582,0.0,8465,1040,0,346,24161,173
21252,2021-09-19,27924208,0.0,10562,1040,0,346,35036,173
21253,2021-09-20,28200578,0.0,20677,1040,0,346,49837,173
21254,2021-09-21,28172744,0.0,7799,1040,6209,346,0,173
21255,2021-09-22,29423162,0.0,8008,1040,0,346,19370,173
21256,2021-09-23,31854380,0.0,6721,1040,0,346,31500,173
21257,2021-09-24,33295974,0.0,6935,1040,0,346,19734,173
21258,2021-09-25,31730972,0.0,8125,1040,0,346,25072,173
21259,2021-09-26,31505270,0.0,6587,1040,9928,346,0,173
21260,2021-09-27,31256924,0.0,9556,1040,0,346,26982,173
21261,2021-09-28,29965164,0.0,6546,1040,0,346,21269,173
21262,2021-09-29,30091106,0.0,6783,1040,8947,346,0,173
21263,2021-09-30,29732634,0.0,7494,1040,6885,346,0,173
21264,2021-10-05,24443940,0.0,6943,1040,0,346,28801,173
21265,2021-10-06,24695674,0.0,5371,1040,0,346,16916,173
21266,2021-10-07,26091730,0.0,4862,1040,7599,346,0,173
21267,2021-10-08,27166080,0.0,6754,1040,5979,346,0,173
21268,2021-10-09,26401056,0.0,10575,1040,0,346,33742,173
21269,2021-10-10,25960802,0.0,5424,1040,0,346,21519,173
21270,2021-10-11,27011378,0.0,15307,1040,0,346,29725,173
21271,2021-10-12,26417040,0.0,3290,1040,0,346,17171,173
21272,2021-10-13,27068468,0.0,5510,1040,0,346,18045,173
21273,2021-10-14,27367664,0.0,9273,1040,0,346,20814,173
21274,2021-10-15,28479844,0.0,8992,1040,0,346,23382,173
21275,2021-10-16,27606926,0.0,8523,1040,0,346,28523,173
21276,2021-10-17,28004042,0.0,7624,1040,0,346,22839,173
21277,2021-10-18,29016108,0.0,5044,1040,7476,346,0,173
21278,2021-10-19,27913372,0.0,9619,1040,0,346,23142,173
21279,2021-10-20,27981078,0.0,53775,1040,0,346,0,173
21280,2021-10-21,26218690,0.0,9612,1040,13267,346,0,173
21281,2021-10-22,27752512,0.0,7885,1040,0,346,41380,173
21282,2021-10-23,26894616,0.0,7600,1040,0,346,21923,173
21283,2021-10-24,26974676,0.0,7371,1040,0,346,23896,173
21284,2021-10-25,28110140,0.0,5262,1040,0,346,14986,173
21285,2021-10-26,28367662,0.0,8045,1040,0,346,20138,173
21286,2021-10-27,28754242,0.0,10760,1040,0,346,35851,173
21287,2021-10-28,29949350,0.0,6192,1040,10509,346,0,173
21288,2021-10-29,29913422,0.0,8742,1040,11207,346,0,173
21289,2021-10-30,27706452,0.0,10393,1040,0,346,37204,173
21290,2021-10-31,27028006,0.0,9025,1040,0,346,26715,173
21291,2021-11-01,28156572,0.0,4695,1040,6475,346,0,173
21292,2021-11-02,27497528,0.0,7001,1040,0,346,23744,173
21293,2021-11-03,28177362,0.0,3442,1040,0,346,12671,173
21294,2021-11-04,28604322,0.0,4444,1040,7379,346,0,173
21295,2021-11-05,28836496,0.0,22090,1040,0,346,41086,173
21296,2021-11-06,27069394,0.0,9126,1040,0,346,29117,173
21297,2021-11-07,26738694,0.0,7293,1040,0,346,21002,173
21298,2021-11-08,28442742,0.0,7637,1040,0,346,23988,173
21299,2021-11-09,28716306,0.0,32163,1040,0,346,0,173
21300,2021-11-10,27034716,0.0,4395,1040,0,346,19394,173
21301,2021-11-11,27957578,0.0,6440,1040,9783,346,0,173
21302,2021-11-12,29495164,0.0,10718,1040,0,346,25329,173
21303,2021-11-13,27967692,0.0,4578,1040,0,346,25512,173
21304,2021-11-14,27999562,0.0,5850,1040,22965,346,0,173
21305,2021-11-15,26757458,0.0,10376,1040,0,346,35721,173
21306,2021-11-16,26614160,0.0,5799,1040,7514,346,0,173
21307,2021-11-17,27966604,0.0,5812,1040,0,346,26304,173
21308,2021-11-18,28633240,0.0,6982,1040,6526,346,0,173
21309,2021-11-19,28990696,0.0,12325,1040,0,346,55383,173
21310,2021-11-20,26849950,0.0,8769,1040,0,346,23395,173
21311,2021-11-21,26135088,0.0,11187,1040,0,346,28894,173
21312,2021-11-22,26415276,0.0,4045,1040,5987,346,0,173
21313,2021-11-23,25881942,0.0,15598,1040,0,346,42024,173
21314,2021-11-24,26339352,0.0,6400,1040,0,346,29083,173
21315,2021-11-25,27213478,0.0,6245,1040,8263,346,0,173
21316,2021-11-26,28110198,0.0,5222,1040,6993,346,0,173
21317,2021-11-27,26852462,0.0,9721,1040,10354,346,0,173
21318,2021-11-28,26252332,0.0,16854,1040,0,346,41242,173
21319,2021-11-29,27607922,0.0,11535,1040,0,346,35151,173
21320,2021-11-30,27405066,0.0,7399,1040,0,346,19164,173
21321,2021-12-01,27762006,0.0,6741,1040,9211,346,0,173
21322,2021-12-02,27230576,0.0,4934,1040,0,346,16939,173
21323,2021-12-03,28730796,0.0,7524,1040,7673,346,0,173
21324,2021-12-04,26504520,0.0,6105,1040,0,346,20979,173
21325,2021-12-05,27740784,0.0,17965,1040,0,346,37916,173
21326,2021-12-06,27688696,0.0,6905,1040,0,346,18810,173
21327,2021-12-07,27689056,0.0,13932,1040,0,346,42669,173
21328,2021-12-08,28431784,0.0,14390,1040,15650,346,0,173
21329,2021-12-09,27252644,0.0,4881,1040,8413,346,0,173
21330,2021-12-10,28422768,0.0,12847,1040,0,346,38697,173
21331,2021-12-11,26038750,0.0,6008,1040,6538,346,0,173
21332,2021-12-12,26024888,0.0,4480,1040,0,346,21637,173
21333,2021-12-13,27304526,0.0,4498,1040,5389,346,0,173
21334,2021-12-14,26403850,0.0,14292,1040,0,346,28787,173
21335,2021-12-15,26974360,0.0,11556,1040,9597,346,0,173
21336,2021-12-16,26413970,0.0,6937,1040,7984,346,0,173
21337,2021-12-17,28162180,0.0,13102,1040,10255,346,0,173
21338,2021-12-18,26775324,0.0,7627,1040,6930,346,0,173
21339,2021-12-19,27269780,0.0,9958,1040,0,346,30540,173
21340,2021-12-20,27856908,0.0,8181,1040,0,346,20194,173
21341,2021-12-21,27046074,0.0,6883,1040,0,346,22760,173
21342,2021-12-22,27794228,0.0,12870,1040,13031,346,0,173
21343,2021-12-23,27129034,0.0,6374,1040,9063,346,0,173
21344,2021-12-24,29417114,0.0,4239,1040,0,346,14321,173
21345,2021-12-25,27337948,0.0,14642,1040,0,346,18768,173
21346,2021-12-26,26826692,0.0,6492,1040,9155,346,0,173
21347,2021-12-27,27114526,0.0,15183,1040,0,346,28912,173
21348,2021-12-28,27259670,0.0,6459,1040,0,346,31025,173
21349,2021-12-29,27642262,0.0,5136,1040,0,346,19236,173
21350,2021-12-30,28590642,0.0,10868,1040,0,346,34443,173
21351,2021-12-31,30809788,0.0,7633,1040,0,346,45969,173
22001,2022-01-01,27956272,0.0,13552,1040,0,346,38009,173
22002,2022-01-02,28259382,0.0,12011,1040,0,346,25594,173
22003,2022-01-03,29372170,0.0,12657,1040,18642,346,0,173
22004,2022-01-04,29589750,0.0,10337,1040,12423,346,0,173
22005,2022-01-05,29239704,0.0,12291,1040,0,346,27836,173
22006,2022-01-06,29255702,0.0,18046,1040,0,346,41265,173
22007,2022-01-07,31240772,0.0,11530,1040,0,346,43414,173
22008,2022-01-08,29719338,0.0,6898,1040,0,346,26019,173
22009,2022-01-09,30130196,0.0,7117,1040,0,346,32062,173
22010,2022-01-10,29795268,0.0,7534,1040,0,346,24196,173
22011,2022-01-11,31394288,0.0,6983,1040,0,346,32373,173
22012,2022-01-12,31577458,0.0,10576,1040,14576,346,0,173
22013,2022-01-13,30856506,0.0,5316,1040,0,346,16782,173
22014,2022-01-14,33270412,0.0,8201,1040,13316,346,0,173
22015,2022-01-15,29567088,0.0,11540,1040,12586,346,0,173
22016,2022-01-16,29141780,0.0,11961,1040,0,346,46200,173
22017,2022-01-17,30682754,0.0,10730,1040,11400,346,0,173
22018,2022-01-18,28672896,0.0,8118,1040,0,346,20304,173
22019,2022-01-19,29089384,0.0,6268,1040,9489,346,0,173
22020,2022-01-20,29414210,0.0,4150,1040,3372,346,0,173
22021,2022-01-21,29473344,0.0,15008,1040,0,346,34938,173
22022,2022-01-22,28515676,0.0,8555,1040,0,346,22739,173
22023,2022-01-23,28524110,0.0,8537,1040,0,346,15854,173
22024,2022-01-24,29252420,0.0,7838,1040,0,346,26746,173
22025,2022-01-25,28926292,0.0,5881,1040,0,346,16858,173
22026,2022-01-26,29669188,0.0,16271,1040,0,346,34607,173
22027,2022-01-27,30537110,0.0,6483,1040,0,346,20547,173
22028,2022-01-28,33957800,0.0,7563,1040,0,346,23266,173
22029,2022-02-08,24731036,0.0,6302,1040,0,346,16463,173
22030,2022-02-09,24531430,0.0,4879,1040,0,346,12818,173
22031,2022-02-10,26199412,0.0,6429,1040,0,346,12573,173
22032,2022-02-11,27582854,0.0,3333,1040,0,346,13163,173
22033,2022-02-12,27406978,0.0,24435,1040,0,346,32883,173
22034,2022-02-13,28549872,0.0,17755,1040,37986,346,0,173
22035,2022-02-14,26539944,0.0,3415,1040,0,346,12250,173
22036,2022-02-15,27767700,0.0,7706,1040,0,346,17698,173
22037,2022-02-16,29825230,0.0,7374,1040,0,346,30697,173
22038,2022-02-17,31023444,0.0,6015,1040,13810,346,0,173
22039,2022-02-18,31580734,0.0,11974,1040,0,346,52079,173
22040,2022-02-19,29636780,0.0,8031,1040,0,346,32191,173
22041,2022-02-20,30266720,0.0,6721,1040,12712,346,0,173
22042,2022-02-21,32381758,0.0,6648,1040,8905,346,0,173
22043,2022-02-22,31907070,0.0,7185,1040,0,346,30341,173
22044,2022-02-23,32348924,0.0,14936,1040,0,346,51109,173
22045,2022-02-24,34393056,0.0,13185,1040,0,346,57477,173
22046,2022-02-25,35914336,0.0,18452,1040,0,346,55639,173
22047,2022-02-26,35199668,0.0,20266,1040,0,346,41666,173
22048,2022-02-27,35707318,0.0,8983,1040,0,346,47474,173
22049,2022-02-28,39575530,0.0,10612,1040,0,346,47545,173
22050,2022-03-01,41654624,0.0,7212,1040,13699,346,0,173
22051,2022-03-02,39692976,0.0,18618,1040,0,346,44910,173
22052,2022-03-03,42781886,0.0,7482,1040,15222,346,0,173
22053,2022-03-04,42345364,0.0,8851,1040,20631,346,0,173
22054,2022-03-05,39929848,0.0,17938,1040,0,346,46861,173
22055,2022-03-06,37919082,0.0,13114,1040,19739,346,0,173
22056,2022-03-07,39495654,0.0,12720,1040,15098,346,0,173
22057,2022-03-08,39213234,0.0,23771,1040,0,346,73609,173
22058,2022-03-09,39484452,0.0,4870,1040,0,346,26385,173
22059,2022-03-10,39854472,0.0,14740,1040,0,346,60878,173
22060,2022-03-11,41197728,0.0,10074,1040,0,346,41449,173
22061,2022-03-12,37871148,0.0,13928,1040,21309,346,0,173
22062,2022-03-13,37526512,0.0,11072,1040,0,346,44574,173
22063,2022-03-14,39158154,0.0,10619,1040,20449,346,0,173
22064,2022-03-15,39384728,0.0,16813,1040,0,346,61108,173
22065,2022-03-16,39892778,0.0,14996,1040,16559,346,0,173
22066,2022-03-17,39836254,0.0,18784,1040,0,346,45428,173
22067,2022-03-18,41554898,0.0,9952,1040,0,346,42171,173
22068,2022-03-19,38580676,0.0,13726,1040,20873,346,0,173
22069,2022-03-20,38207230,0.0,22635,1040,0,346,78195,173
22070,2022-03-21,41113322,0.0,13712,1040,0,346,44848,173
22071,2022-03-22,42565764,0.0,16791,1040,0,346,50444,173
22072,2022-03-23,42143858,0.0,19920,1040,0,346,81844,173
22073,2022-03-24,42850472,0.0,7675,1040,13536,346,0,173
22074,2022-03-25,42730622,0.0,9554,1040,0,346,32147,173
22075,2022-03-26,42124498,0.0,14800,1040,0,346,101840,173
22076,2022-03-27,42728130,0.0,8395,1040,12412,346,0,173
22077,2022-03-28,43790890,0.0,24322,1040,0,346,54362,173
22078,2022-03-29,44314946,0.0,16934,1040,0,346,139067,173
22079,2022-03-30,44178738,0.0,12530,1040,0,346,70540,173
22080,2022-03-31,47408346,0.0,6639,1040,0,346,38314,173
22081,2022-04-01,46116592,0.0,16608,1040,0,346,57014,173
22082,2022-04-02,43369814,0.0,13567,1040,0,346,47255,173
22083,2022-04-03,41961500,0.0,17024,1040,0,346,55465,173
22084,2022-04-04,43126112,0.0,11900,1040,0,346,64888,173
22085,2022-04-05,43300402,0.0,14453,1040,0,346,54009,173
22086,2022-04-06,44220602,0.0,18961,1040,0,346,48735,173
22087,2022-04-07,43466468,0.0,15338,1040,35214,346,0,173
22088,2022-04-08,42028440,0.0,11768,1040,0,346,43686,173
22089,2022-04-09,39140756,0.0,15064,1040,19831,346,0,173
22090,2022-04-10,38352186,0.0,15916,1040,0,346,51464,173
22091,2022-04-11,41505980,0.0,5737,1040,0,346,28918,173
22092,2022-04-12,39959656,0.0,13934,1040,16782,346,0,173
22093,2022-04-13,39259526,0.0,9110,1040,0,346,36169,173
22094,2022-04-14,41175318,0.0,13698,1040,13380,346,0,173
22095,2022-04-15,40206528,0.0,8421,1040,0,346,37539,173
22096,2022-04-16,36593450,0.0,9598,1040,0,346,31196,173
22097,2022-04-17,36840454,0.0,10397,1040,0,346,35578,173
22098,2022-04-18,36898454,0.0,15269,1040,0,346,42002,173
22099,2022-04-19,36827730,0.0,10342,1040,16716,346,0,173
22100,2022-04-20,36056700,0.0,37987,1040,0,346,0,173
22101,2022-04-21,34246634,0.0,12084,1040,0,346,32552,173
22102,2022-04-22,36690084,0.0,15831,1040,0,346,71649,173
22103,2022-04-23,34194810,0.0,5773,1040,0,346,18804,173
22104,2022-04-24,36398006,0.0,7036,1040,0,346,31130,173
22105,2022-04-25,36456666,0.0,6609,1040,0,346,46532,173
22106,2022-04-26,36594522,0.0,14158,1040,0,346,40532,173
22107,2022-04-27,35847624,0.0,5086,1040,0,346,25887,173
22108,2022-04-28,36693046,0.0,8293,1040,0,346,26514,173
22109,2022-04-29,37884156,0.0,6973,1040,0,346,22964,173
22110,2022-04-30,35703494,0.0,11051,1040,0,346,39145,173
22111,2022-05-01,35467084,0.0,15472,1040,0,346,31888,173
22112,2022-05-02,36573678,0.0,17294,1040,0,346,41605,173
22113,2022-05-03,35873928,0.0,12559,1040,0,346,40663,173
22114,2022-05-04,38522274,0.0,26401,1040,43372,346,0,173
22115,2022-05-05,34030926,0.0,12289,1040,0,346,38873,173
22116,2022-05-06,36170102,0.0,11528,1040,13709,346,0,173
22117,2022-05-07,33607074,0.0,8860,1040,0,346,62311,173
22118,2022-05-08,33431070,0.0,4843,1040,0,346,20645,173
22119,2022-05-09,34045444,0.0,8267,1040,0,346,23814,173
22120,2022-05-10,35035964,0.0,6430,1040,9934,346,0,173
22121,2022-05-11,33551270,0.0,16563,1040,0,346,38448,173
22122,2022-05-12,33557980,0.0,23074,1040,0,346,70293,173
22123,2022-05-13,35507366,0.0,8119,1040,0,346,31790,173
22124,2022-05-14,33170716,0.0,17779,1040,17575,346,0,173
22125,2022-05-15,32700226,0.0,5622,1040,0,346,30387,173
22126,2022-05-16,33664252,0.0,9583,1040,0,346,34312,173
22127,2022-05-17,35775426,0.0,8497,1040,26180,346,0,173
22128,2022-05-18,35691454,0.0,15800,1040,0,346,58716,173
22129,2022-05-19,38816082,0.0,7756,1040,18537,346,0,173
22130,2022-05-20,38375852,0.0,9018,1040,0,346,44469,173
22131,2022-05-21,36431592,0.0,10057,1040,19574,346,0,173
22132,2022-05-22,37424852,0.0,15806,1040,0,346,55519,173
22133,2022-05-23,36284252,0.0,19269,1040,0,346,62396,173
22134,2022-05-24,37816038,0.0,11820,1040,14819,346,0,173
22135,2022-05-25,36645356,0.0,10649,1040,0,346,29291,173
22136,2022-05-26,38348028,0.0,8388,1040,14892,346,0,173
22137,2022-05-27,40418182,0.0,7287,1040,8539,346,0,173
22138,2022-05-28,37050710,0.0,8954,1040,0,346,42602,173
22139,2022-05-29,38326654,0.0,8170,1040,0,346,39304,173
22140,2022-05-30,38492544,0.0,8654,1040,12067,346,0,173
22141,2022-05-31,39587316,0.0,9360,1040,14086,346,0,173
22142,2022-06-01,38911064,0.0,45409,1040,0,346,67332,173
22143,2022-06-02,36148030,0.0,12238,1040,0,346,43568,173
22144,2022-06-03,35571424,0.0,8743,1040,0,346,23184,173
22145,2022-06-04,34836688,0.0,8081,1040,0,346,31944,173
22146,2022-06-05,35436960,0.0,8035,1040,0,346,82561,173
22147,2022-06-06,36091118,0.0,5194,1040,0,346,26965,173
22148,2022-06-07,37238646,0.0,6747,1040,0,346,23594,173
22149,2022-06-08,37540086,0.0,10142,1040,19098,346,0,173
22150,2022-06-09,37700288,0.0,15562,1040,16437,346,0,173
22151,2022-06-10,37660916,0.0,19247,1040,10725,346,0,173
22152,2022-06-11,35758200,0.0,7247,1040,8718,346,0,173
22153,2022-06-12,36826568,0.0,13999,1040,14340,346,0,173
22154,2022-06-13,37293476,0.0,8587,1040,0,346,38372,173
22155,2022-06-14,37560566,0.0,7740,1040,0,346,31697,173
22156,2022-06-15,38352630,0.0,20980,1040,0,346,46863,173
22157,2022-06-16,38238212,0.0,10827,1040,0,346,42714,173
22158,2022-06-17,40716954,0.0,14925,1040,0,346,28818,173
22159,2022-06-18,37423804,0.0,10495,1040,0,346,31049,173
22160,2022-06-19,37583416,0.0,6805,1040,11936,346,0,173
22161,2022-06-20,39083736,0.0,10476,1040,0,346,24549,173
22162,2022-06-21,38349404,0.0,8680,1040,12658,346,0,173
22163,2022-06-22,36781054,0.0,11480,1040,13129,346,0,173
22164,2022-06-23,38012590,0.0,13551,1040,0,346,37013,173
22165,2022-06-24,39966836,0.0,21251,1040,0,346,38768,173
22166,2022-06-25,38850460,0.0,5179,1040,0,346,23045,173
22167,2022-06-26,38461126,0.0,14303,1040,15938,346,0,173
22168,2022-06-27,39374200,0.0,8820,1040,13986,346,0,173
22169,2022-06-28,38779956,0.0,12359,1040,0,346,42829,173
22170,2022-06-29,39086030,0.0,11681,1040,0,346,29442,173
22171,2022-06-30,39529834,0.0,23900,1040,0,346,29408,173
22172,2022-07-01,40335964,0.0,18908,1040,0,346,144936,173
22173,2022-07-02,35540704,0.0,12506,1040,0,346,40334,173
22174,2022-07-03,36277086,0.0,11994,1040,0,346,28711,173
22175,2022-07-04,37573954,0.0,10663,1040,16497,346,0,173
22176,2022-07-05,36675468,0.0,19297,1040,0,346,33065,173
22177,2022-07-06,37031126,0.0,11942,1040,14048,346,0,173
22178,2022-07-07,39565612,0.0,12638,1040,0,346,31325,173
22179,2022-07-08,39772438,0.0,9178,1040,0,346,35995,173
22180,2022-07-09,38399524,0.0,17335,1040,0,346,35777,173
22181,2022-07-10,37327118,0.0,11001,1040,0,346,27673,173
22182,2022-07-11,37983910,0.0,19166,1040,0,346,46038,173
22183,2022-07-12,39259844,0.0,16336,1040,14612,346,0,173
22184,2022-07-13,37923204,0.0,7803,1040,13146,346,0,173
22185,2022-07-14,38423218,0.0,11202,1040,13391,346,0,173
22186,2022-07-15,39615656,0.0,13667,1040,0,346,39946,173
22187,2022-07-16,37802912,0.0,21955,1040,0,346,33760,173
22188,2022-07-17,37792594,0.0,16972,1040,0,346,29038,173
22189,2022-07-18,40159784,0.0,20667,1040,0,346,54176,173
22190,2022-07-19,40256602,0.0,12106,1040,0,346,34239,173
22191,2022-07-20,40768608,0.0,4967,1040,0,346,17389,173
22192,2022-07-21,41279254,0.0,16295,1040,0,346,29698,173
22193,2022-07-22,42549146,0.0,17633,1040,0,346,28551,173
22194,2022-07-23,39523864,0.0,7419,1040,0,346,25598,173
22195,2022-07-24,39933596,0.0,9206,1040,20766,346,0,173
22196,2022-07-25,39869656,0.0,12900,1040,0,346,31277,173
22197,2022-07-26,39149666,0.0,16458,1040,0,346,176708,173
22198,2022-07-27,36768022,0.0,5137,1040,0,346,25262,173
22199,2022-07-28,38213968,0.0,9631,1040,17649,346,0,173
22200,2022-07-29,39344792,0.0,15501,1040,17121,346,0,173
22201,2022-07-30,36083034,0.0,9736,1040,0,346,26468,173
22202,2022-07-31,36507034,0.0,7064,1040,0,346,27017,173
22203,2022-08-01,36857608,0.0,14018,1040,0,346,28090,173
22204,2022-08-02,36065510,0.0,41036,1040,0,346,0,173
22205,2022-08-03,32312422,0.0,9762,1040,0,346,43345,173
22206,2022-08-04,35810804,0.0,27099,1040,0,346,0,173
22207,2022-08-05,35444346,0.0,7897,1040,0,346,31508,173
22208,2022-08-06,34345702,0.0,12007,1040,0,346,37960,173
22209,2022-08-07,34897340,0.0,23052,1040,0,346,33184,173
22210,2022-08-08,37193744,0.0,6436,1040,0,346,18819,173
22211,2022-08-09,37397856,0.0,9348,1040,0,346,35344,173
22212,2022-08-10,37202900,0.0,7378,1040,13037,346,0,173
22213,2022-08-11,38017508,0.0,15625,1040,0,346,30622,173
22214,2022-08-12,38333316,0.0,6614,1040,11517,346,0,173
22215,2022-08-13,36614394,0.0,4863,1040,0,346,23325,173
22216,2022-08-14,37316620,0.0,9341,1040,0,346,189811,173
22217,2022-08-15,35868902,0.0,12080,1040,0,346,43289,173
22218,2022-08-16,37451510,0.0,11114,1040,0,346,38811,173
22219,2022-08-17,38623180,0.0,20085,1040,21524,346,0,173
22220,2022-08-18,38146634,0.0,16197,1040,0,346,118311,173
22221,2022-08-19,38049272,0.0,15526,1040,0,346,50050,173
22222,2022-08-20,36966214,0.0,5643,1040,0,346,27489,173
22223,2022-08-21,36337834,0.0,8823,1040,0,346,38255,173
22224,2022-08-22,37725524,0.0,9605,1040,0,346,38445,173
22225,2022-08-23,37772206,0.0,5883,1040,0,346,31211,173
22226,2022-08-24,38502668,0.0,16550,1040,18485,346,0,173
22227,2022-08-25,38775442,0.0,17164,1040,0,346,36704,173
22228,2022-08-26,41695292,0.0,10371,1040,12947,346,0,173
22229,2022-08-27,40108392,0.0,13362,1040,17504,346,0,173
22230,2022-08-28,39297558,0.0,8960,1040,0,346,30742,173
22231,2022-08-29,41068332,0.0,6220,1040,11245,346,0,173
22232,2022-08-30,41880956,0.0,12462,1040,0,346,40296,173
22233,2022-08-31,44687038,0.0,11252,1040,0,346,33824,173
22234,2022-09-01,44337762,0.0,8789,1040,12497,346,0,173
22235,2022-09-02,44511448,0.0,6084,1040,0,346,26911,173
22236,2022-09-03,43670520,0.0,4276,1040,9556,346,0,173
22237,2022-09-04,43814294,0.0,7445,1040,13321,346,0,173
22238,2022-09-05,46645340,0.0,5714,1040,9176,346,0,173
22239,2022-09-06,45356856,0.0,8705,1040,0,346,26707,173
22240,2022-09-07,45591974,0.0,31711,1040,0,346,432317,173
22241,2022-09-08,38343704,0.0,31927,1040,0,346,48047,173
22242,2022-09-09,35965124,0.0,6889,1040,0,346,24618,173
22243,2022-09-10,33575322,0.0,8801,1040,18146,346,0,173
22244,2022-09-11,34237072,0.0,7273,1040,0,346,33603,173
22245,2022-09-12,35468370,0.0,16528,1040,0,346,40125,173
22246,2022-09-13,36555522,0.0,11483,1040,0,346,51352,173
22247,2022-09-14,37260682,0.0,9797,1040,15604,346,0,173
22248,2022-09-15,38744680,0.0,7822,1040,0,346,56403,173
22249,2022-09-16,38631584,0.0,7800,1040,15254,346,0,173
22250,2022-09-17,36309430,0.0,6129,1040,0,346,29031,173
22251,2022-09-18,36231822,0.0,19337,1040,0,346,38495,173
22252,2022-09-19,39275672,0.0,13043,1040,0,346,84677,173
22253,2022-09-20,38602478,0.0,9048,1040,0,346,23381,173
22254,2022-09-21,39342262,0.0,23759,1040,0,346,80463,173
22255,2022-09-22,39361862,0.0,8448,1040,18869,346,0,173
22256,2022-09-23,38563768,0.0,11455,1040,0,346,30750,173
22257,2022-09-24,37968698,0.0,13592,1040,0,346,39892,173
22258,2022-09-25,37830530,0.0,6910,1040,0,346,28119,173
22259,2022-09-26,40026928,0.0,12367,1040,18422,346,0,173
22260,2022-09-27,40012344,0.0,10941,1040,0,346,34614,173
22261,2022-09-28,41738610,0.0,10558,1040,0,346,33746,173
22262,2022-09-29,43578838,0.0,9261,1040,0,346,36266,173
22263,2022-09-30,46227020,0.0,17288,1040,30560,346,0,173
22264,2022-10-05,36980902,0.0,6490,1040,0,346,38512,173
22265,2022-10-06,37363648,0.0,11912,1040,14169,346,0,173
22266,2022-10-07,41374690,0.0,10723,1040,0,346,38906,173
22267,2022-10-08,39417726,0.0,11497,1040,0,346,65494,173
22268,2022-10-09,38593740,0.0,9243,1040,0,346,29348,173
22269,2022-10-10,40187200,0.0,7673,1040,0,346,35788,173
22270,2022-10-11,40341990,0.0,15454,1040,22361,346,0,173
22271,2022-10-12,41224456,0.0,17326,1040,0,346,46403,173
22272,2022-10-13,42178768,0.0,9860,1040,0,346,33105,173
22273,2022-10-14,44789708,0.0,34301,1040,0,346,71837,173
22274,2022-10-15,44127568,0.0,12580,1040,0,346,25032,173
22275,2022-10-16,44224096,0.0,11285,1040,0,346,34224,173
22276,2022-10-17,44163668,0.0,6878,1040,0,346,27256,173
22277,2022-10-18,45174906,0.0,22562,1040,0,346,51117,173
22278,2022-10-19,47898018,0.0,18826,1040,0,346,43009,173
22279,2022-10-20,49661146,0.0,24567,1040,0,346,45553,173
22280,2022-10-21,50773266,0.0,17717,1040,34524,346,0,173
22281,2022-10-22,44533348,0.0,9905,1040,15502,346,0,173
22282,2022-10-23,42761748,0.0,17486,1040,0,346,49791,173
22283,2022-10-24,45439752,0.0,10755,1040,0,346,41025,173
22284,2022-10-25,43920236,0.0,20162,1040,0,346,291060,173
22285,2022-10-26,41873934,0.0,25015,1040,0,346,92519,173
22286,2022-10-27,43532292,0.0,12166,1040,0,346,33231,173
22287,2022-10-28,46291222,0.0,17686,1040,0,346,62959,173
22288,2022-10-29,45048428,0.0,38430,1040,0,346,60027,173
22289,2022-10-30,47709088,0.0,26948,1040,0,346,46960,173
22290,2022-10-31,48352296,0.0,19810,1040,0,346,53727,173
22291,2022-11-01,50629872,0.0,22293,1040,37227,346,0,173
22292,2022-11-02,47276140,0.0,10688,1040,17816,346,0,173
22293,2022-11-03,47741202,0.0,19453,1040,0,346,69150,173
22294,2022-11-04,49555302,0.0,33655,1040,0,346,0,173
22295,2022-11-05,45754928,0.0,9638,1040,0,346,30063,173
22296,2022-11-06,45798336,0.0,9701,1040,10762,346,0,173
22297,2022-11-07,46059114,0.0,38621,1040,0,346,0,173
22298,2022-11-08,45848120,0.0,12652,1040,0,346,45718,173
22299,2022-11-09,48475496,0.0,13520,1040,19580,346,0,173
22300,2022-11-10,48870004,0.0,6258,1040,0,346,28517,173
22301,2022-11-11,49242396,0.0,28936,1040,400190,346,0,173
22302,2022-11-12,39974620,0.0,17984,1040,0,346,56532,173
22303,2022-11-13,39825800,0.0,12019,1040,15304,346,0,173
22304,2022-11-14,41173508,0.0,10631,1040,0,346,56966,173
22305,2022-11-15,42039220,0.0,8727,1040,0,346,31350,173
22306,2022-11-16,42798706,0.0,14802,1040,28510,346,0,173
22307,2022-11-17,41827924,0.0,14866,1040,0,346,70662,173
22308,2022-11-18,45986882,0.0,20539,1040,0,346,62110,173
22309,2022-11-19,42641242,0.0,18144,1040,0,346,36224,173
22310,2022-11-20,40701106,0.0,14303,1040,0,346,53929,173
22311,2022-11-21,40609858,0.0,14455,1040,0,346,49488,173
22312,2022-11-22,39334808,0.0,9959,1040,0,346,29603,173
22313,2022-11-23,38219384,0.0,11356,1040,0,346,29454,173
22314,2022-11-24,36644890,0.0,26623,1040,0,346,35472,173
22315,2022-11-25,39136120,0.0,10311,1040,0,346,39198,173
22316,2022-11-26,38102170,0.0,9982,1040,0,346,22768,173
22317,2022-11-27,37943418,0.0,9490,1040,0,346,22000,173
22318,2022-11-28,39924222,0.0,6727,1040,0,346,15266,173
22319,2022-11-29,39901420,0.0,11212,1040,0,346,26667,173
22320,2022-11-30,41813002,0.0,33303,1040,69874,346,0,173
22321,2022-12-01,36560012,0.0,8760,1040,0,346,33661,173
22322,2022-12-02,37560392,0.0,15665,1040,23524,346,0,173
22323,2022-12-03,36271470,0.0,12503,1040,0,346,37490,173
22324,2022-12-04,37213924,0.0,13700,1040,0,346,45460,173
22325,2022-12-05,37518294,0.0,8997,1040,0,346,55193,173
22326,2022-12-06,37798412,0.0,10609,1040,0,346,30391,173
22327,2022-12-07,41461778,0.0,5265,1040,0,346,13112,173
22328,2022-12-08,39313906,0.0,11617,1040,0,346,31320,173
22329,2022-12-09,39483006,0.0,23573,1040,0,346,41940,173
22330,2022-12-10,39285212,0.0,7514,1040,16796,346,0,173
22331,2022-12-11,40187614,0.0,11613,1040,17873,346,0,173
22332,2022-12-12,39959372,0.0,14811,1040,11344,346,0,173
22333,2022-12-13,40069748,0.0,10379,1040,0,346,34812,173
22334,2022-12-14,40075178,0.0,14409,1040,18652,346,0,173
22335,2022-12-15,40219758,0.0,7495,1040,0,346,21137,173
22336,2022-12-16,40467194,0.0,8619,1040,0,346,37891,173
22337,2022-12-17,37615128,0.0,9116,1040,0,346,36014,173
22338,2022-12-18,38023402,0.0,14324,1040,0,346,43165,173
22339,2022-12-19,39417104,0.0,31681,1040,27952,346,0,173
22340,2022-12-20,38561326,0.0,16149,1040,0,346,41221,173
22341,2022-12-21,39598018,0.0,5945,1040,0,346,22906,173
22342,2022-12-22,39390620,0.0,6083,1040,9945,346,0,173
22343,2022-12-23,39160680,0.0,8934,1040,0,346,31164,173
22344,2022-12-24,40213556,0.0,10571,1040,0,346,36055,173
22345,2022-12-25,38936384,0.0,14240,1040,0,346,31786,173
22346,2022-12-26,39009688,0.0,22302,1040,0,346,48484,173
22347,2022-12-27,40357890,0.0,16866,1040,0,346,37281,173
22348,2022-12-28,40056876,0.0,14156,1040,0,346,49985,173
22349,2022-12-29,41263068,0.0,12060,1040,0,346,33844,173
22350,2022-12-30,43422236,0.0,20020,1040,0,346,57527,173
22351,2022-12-31,44331434,0.0,13279,1040,0,346,23040,173
23001,2023-01-01,45319204,0.0,12824,1040,0,346,41382,173
23002,2023-01-02,46331136,0.0,9669,1040,20022,346,0,173
23003,2023-01-03,43878768,0.0,6150,1040,8651,346,0,173
23004,2023-01-04,42887824,0.0,14544,1040,0,346,62621,173
23005,2023-01-05,45460214,0.0,8177,1040,0,346,31385,173
23006,2023-01-06,47270476,0.0,22155,1040,0,346,75488,173
23007,2023-01-07,44571006,0.0,22200,1040,0,346,39938,173
23008,2023-01-08,46875230,0.0,13577,1040,0,346,49178,173
23009,2023-01-09,48635144,0.0,18910,1040,11391,346,0,173
23010,2023-01-10,45810514,0.0,49101,1040,0,346,0,173
23011,2023-01-11,43058548,0.0,17297,1040,0,346,245384,173
23012,2023-01-12,43899590,0.0,15151,1040,0,346,29127,173
23013,2023-01-13,45482808,0.0,17375,1040,15295,346,0,173
23014,2023-01-14,44655128,0.0,12765,1040,14962,346,0,173
23015,2023-01-15,43097068,0.0,10968,1040,10017,346,0,173
23016,2023-01-16,44210682,0.0,14537,1040,0,346,66953,173
23017,2023-01-17,44768796,0.0,14312,1040,0,346,33521,173
23018,2023-01-18,46721390,0.0,15938,1040,0,346,35123,173
23019,2023-01-29,33871172,0.0,6742,1040,0,346,14825,173
23020,2023-01-30,33767970,0.0,14131,1040,14493,346,0,173
23021,2023-01-31,35996226,0.0,16653,1040,20413,346,0,173
23022,2023-02-01,36833162,0.0,8475,1040,10926,346,0,173
23023,2023-02-02,38572544,0.0,17932,1040,0,346,48679,173
23024,2023-02-03,39324720,0.0,8687,1040,7872,346,0,173
23025,2023-02-04,37255456,0.0,15749,1040,0,346,58982,173
23026,2023-02-05,36881196,0.0,12338,1040,11802,346,0,173
23027,2023-02-06,37103114,0.0,16418,1040,0,346,44742,173
23028,2023-02-07,38947720,0.0,15727,1040,0,346,45492,173
23029,2023-02-08,40015302,0.0,10711,1040,12361,346,0,173
23030,2023-02-09,40694846,0.0,25390,1040,0,346,40101,173
23031,2023-02-10,43504364,0.0,15328,1040,0,346,31602,173
23032,2023-02-11,41687628,0.0,7495,1040,9688,346,0,173
23033,2023-02-12,41161400,0.0,7568,1040,0,346,18571,173
23034,2023-02-13,42431822,0.0,8278,1040,0,346,19946,173
23035,2023-02-14,42732002,0.0,6840,1040,0,346,20329,173
23036,2023-02-15,43313962,0.0,8125,1040,12265,346,0,173
23037,2023-02-16,43979020,0.0,9989,1040,11051,346,0,173
23038,2023-02-17,45194280,0.0,5082,1040,0,346,22875,173
23039,2023-02-18,42422000,0.0,11193,1040,0,346,47468,173
23040,2023-02-19,43237054,0.0,13784,1040,12251,346,0,173
23041,2023-02-20,44924492,0.0,17186,1040,0,346,38766,173
23042,2023-02-21,44038386,0.0,8547,1040,0,346,33323,173
23043,2023-02-22,44975676,0.0,29351,1040,0,346,48050,173
23044,2023-02-23,46686994,0.0,11866,1040,0,346,28690,173
23045,2023-02-24,47774052,0.0,14669,1040,0,346,35293,173
23046,2023-02-25,46143718,0.0,9694,1040,16926,346,0,173
23047,2023-02-26,44543598,0.0,22824,1040,0,346,36472,173
23048,2023-02-27,45634390,0.0,7641,1040,0,346,25487,173
23049,2023-02-28,46002486,0.0,10542,1040,0,346,31729,173
23050,2023-03-01,49029178,0.0,18480,1040,0,346,57512,173
23051,2023-03-02,51459256,0.0,13945,1040,0,346,51832,173
23052,2023-03-03,51628684,0.0,17339,1040,27755,346,0,173
23053,2023-03-04,47275360,0.0,10656,1040,0,346,48266,173
23054,2023-03-05,49136048,0.0,10628,1040,0,346,37303,173
23055,2023-03-06,53269852,0.0,20564,1040,24870,346,0,173
23056,2023-03-07,52353330,0.0,15613,1040,0,346,45063,173
23057,2023-03-08,52027832,0.0,12894,1040,20451,346,0,173
23058,2023-03-09,53578050,0.0,19206,1040,0,346,64186,173
23059,2023-03-10,55212648,0.0,18543,1040,0,346,48414,173
23060,2023-03-11,52502526,0.0,14061,1040,0,346,66411,173
23061,2023-03-12,52682826,0.0,10736,1040,20752,346,0,173
23062,2023-03-13,53378046,0.0,6632,1040,15760,346,0,173
23063,2023-03-14,52808266,0.0,19505,1040,0,346,68958,173
23064,2023-03-15,54286754,0.0,25431,1040,0,346,379981,173
23065,2023-03-16,47298462,0.0,13265,1040,0,346,49128,173
23066,2023-03-17,47542648,0.0,17107,1040,28357,346,0,173
23067,2023-03-18,44205612,0.0,15623,1040,0,346,49262,173
23068,2023-03-19,43869012,0.0,16022,1040,22835,346,0,173
23069,2023-03-20,49607138,0.0,15497,1040,0,346,66638,173
23070,2023-03-21,50100426,0.0,20038,1040,0,346,74871,173
23071,2023-03-22,52063106,0.0,15899,1040,0,346,57630,173
23072,2023-03-23,49603404,0.0,17907,1040,33360,346,0,173
23073,2023-03-24,50261148,0.0,9187,1040,0,346,39357,173
23074,2023-03-25,47916510,0.0,4889,1040,0,346,18797,173
23075,2023-03-26,47599978,0.0,17056,1040,0,346,57838,173
23076,2023-03-27,48703090,0.0,15097,1040,0,346,39356,173
23077,2023-03-28,49657314,0.0,11480,1040,0,346,38076,173
23078,2023-03-29,50382818,0.0,25367,1040,0,346,66531,173
23079,2023-03-30,55061552,0.0,11106,1040,0,346,40138,173
23080,2023-03-31,54039638,0.0,16487,1040,42775,346,0,173
23081,2023-04-01,45857484,0.0,15399,1040,0,346,52697,173
23082,2023-04-02,45516804,0.0,24514,1040,0,346,56349,173
23083,2023-04-03,47886664,0.0,8787,1040,0,346,41215,173
23084,2023-04-04,48075800,0.0,10973,1040,19276,346,0,173
23085,2023-04-05,47061858,0.0,10772,1040,13660,346,0,173
23086,2023-04-06,49830102,0.0,19067,1040,0,346,51366,173
23087,2023-04-07,51132476,0.0,21098,1040,0,346,58528,173
23088,2023-04-08,48978064,0.0,23117,1040,15740,346,0,173
23089,2023-04-09,46223390,0.0,9404,1040,0,346,32116,173
23090,2023-04-10,47326172,0.0,14070,1040,19873,346,0,173
23091,2023-04-11,49209290,0.0,9660,1040,0,346,46592,173
23092,2023-04-12,49999774,0.0,13185,1040,16075,346,0,173
23093,2023-04-13,52262726,0.0,42418,1040,0,346,76996,173
23094,2023-04-14,50536488,0.0,7649,1040,17359,346,0,173
23095,2023-04-15,45716880,0.0,9772,1040,11498,346,0,173
23096,2023-04-16,46872682,0.0,16774,1040,0,346,47295,173
23097,2023-04-17,48708754,0.0,16904,1040,0,346,58174,173
23098,2023-04-18,49465346,0.0,13140,1040,20871,346,0,173
23099,2023-04-19,47946662,0.0,18302,1040,12891,346,0,173
23100,2023-04-20,49765844,0.0,12146,1040,0,346,45393,173
23101,2023-04-21,50629132,0.0,11764,1040,0,346,42311,173
23102,2023-04-22,49630166,0.0,28223,1040,0,346,55514,173
23103,2023-04-23,48772780,0.0,21749,1040,0,346,42869,173
23104,2023-04-24,50099016,0.0,38077,1040,0,346,44892,173
23105,2023-04-25,52282242,0.0,18220,1040,0,346,36052,173
23106,2023-04-26,54199072,0.0,50204,1040,36747,346,0,173
23107,2023-04-27,53294346,0.0,18108,1040,0,346,56198,173
23108,2023-04-28,60806896,0.0,14666,1040,23222,346,0,173
23109,2023-04-29,58832384,0.0,9085,1040,11416,346,0,173
23110,2023-04-30,57950400,0.0,7340,1040,10044,346,0,173
23111,2023-05-01,58994272,0.0,11119,1040,0,346,56424,173
23112,2023-05-02,62063198,0.0,21042,1040,0,346,53571,173
23113,2023-05-03,64661014,0.0,12418,1040,14929,346,0,173
23114,2023-05-04,63420484,0.0,18673,1040,0,346,45349,173
23115,2023-05-05,64520826,0.0,19664,1040,0,346,88594,173
23116,2023-05-06,59900148,0.0,10902,1040,0,346,40708,173
23117,2023-05-07,56756064,0.0,19782,1040,0,346,38469,173
23118,2023-05-08,53912608,0.0,32037,1040,21380,346,0,173
23119,2023-05-09,55029478,0.0,9000,1040,0,346,28590,173
23120,2023-05-10,53439094,0.0,7652,1040,0,346,25888,173
23121,2023-05-11,52524808,0.0,17983,1040,18367,346,0,173
23122,2023-05-12,50796042,0.0,20955,1040,0,346,61286,173
23123,2023-05-13,47637782,0.0,15599,1040,21882,346,0,173
23124,2023-05-14,47166666,0.0,6104,1040,0,346,21633,173
23125,2023-05-15,47720774,0.0,16384,1040,15927,346,0,173
23126,2023-05-16,47379326,0.0,20628,1040,0,346,46603,173
23127,2023-05-17,47159176,0.0,15210,1040,9809,346,0,173
23128,2023-05-18,46010998,0.0,5732,1040,0,346,21061,173
23129,2023-05-19,47681358,0.0,10894,1040,16027,346,0,173
23130,2023-05-20,44632374,0.0,29296,1040,0,346,57151,173
23131,2023-05-21,45365264,0.0,12961,1040,0,346,54906,173
23132,2023-05-22,45885048,0.0,18291,1040,14587,346,0,173
23133,2023-05-23,45331180,0.0,16365,1040,15621,346,0,173
23134,2023-05-24,45899912,0.0,10479,1040,10134,346,0,173
23135,2023-05-25,47316834,0.0,16743,1040,0,346,65996,173
23136,2023-05-26,48480824,0.0,11713,1040,12441,346,0,173
23137,2023-05-27,44824198,0.0,18317,1040,0,346,34484,173
23138,2023-05-28,47161034,0.0,12302,1040,16604,346,0,173
23139,2023-05-29,47210018,0.0,12513,1040,0,346,32039,173
23140,2023-05-30,47197364,0.0,22267,1040,0,346,31893,173
23141,2023-05-31,47119152,0.0,12003,1040,0,346,43943,173
23142,2023-06-01,47929346,0.0,18269,1040,0,346,39837,173
23143,2023-06-02,49489852,0.0,16212,1040,29553,346,0,173
23144,2023-06-03,45722998,0.0,13882,1040,0,346,53564,173
23145,2023-06-04,45617576,0.0,12052,1040,23454,346,0,173
23146,2023-06-05,46224086,0.0,18050,1040,0,346,48340,173
23147,2023-06-06,47855228,0.0,19478,1040,0,346,45120,173
23148,2023-06-07,48548790,0.0,33017,1040,20866,346,0,173
23149,2023-06-08,47718090,0.0,18149,1040,0,346,45599,173
23150,2023-06-09,49229144,0.0,7144,1040,0,346,19581,173
23151,2023-06-10,45833350,0.0,24488,1040,22074,346,0,173
23152,2023-06-11,46246738,0.0,15037,1040,0,346,41159,173
23153,2023-06-12,50925292,0.0,10739,1040,0,346,30501,173
23154,2023-06-13,52576664,0.0,20793,1040,22551,346,0,173
23155,2023-06-14,49658026,0.0,12674,1040,0,346,40968,173
23156,2023-06-15,51129284,0.0,11644,1040,0,346,50685,173
23157,2023-06-16,53436498,0.0,22399,1040,0,346,41555,173
23158,2023-06-17,49349044,0.0,23002,1040,30190,346,0,173
23159,2023-06-18,49957116,0.0,23173,1040,0,346,53892,173
23160,2023-06-19,48475752,0.0,13607,1040,17014,346,0,173
23161,2023-06-20,48922000,0.0,21859,1040,0,346,41832,173
23162,2023-06-21,49811174,0.0,8543,1040,0,346,34156,173
23163,2023-06-22,48100202,0.0,13229,1040,0,346,47332,173
23164,2023-06-23,53397326,0.0,17525,1040,0,346,26210,173
23165,2023-06-24,52424894,0.0,5418,1040,0,346,14820,173
23166,2023-06-25,52515818,0.0,15745,1040,0,346,29449,173
23167,2023-06-26,55505596,0.0,6538,1040,0,346,28466,173
23168,2023-06-27,53289000,0.0,27882,1040,44790,346,0,173
23169,2023-06-28,48484414,0.0,11053,1040,0,346,20657,173
23170,2023-06-29,50508654,0.0,21185,1040,0,346,34735,173
23171,2023-06-30,50248896,0.0,21728,1040,28693,346,0,173
23172,2023-07-01,46629754,0.0,7317,1040,0,346,28895,173
23173,2023-07-02,47041152,0.0,12084,1040,0,346,22786,173
23174,2023-07-03,50400132,0.0,10715,1040,0,346,35833,173
23175,2023-07-04,51553928,0.0,10802,1040,0,346,19277,173
23176,2023-07-05,52705694,0.0,10683,1040,0,346,30766,173
23177,2023-07-06,58645810,0.0,32476,1040,0,346,28177,173
23178,2023-07-07,58043650,0.0,13756,1040,40764,346,0,173
23179,2023-07-08,50052600,0.0,13105,1040,13825,346,0,173
23180,2023-07-09,48996710,0.0,24132,1040,0,346,50365,173
23181,2023-07-10,50331580,0.0,26662,1040,23845,346,0,173
23182,2023-07-11,50310368,0.0,18744,1040,18853,346,0,173
23183,2023-07-12,50263040,0.0,17882,1040,0,346,40530,173
23184,2023-07-13,52532918,0.0,15198,1040,0,346,45492,173
23185,2023-07-14,55297842,0.0,18324,1040,0,346,42076,173
23186,2023-07-15,51154138,0.0,17172,1040,21218,346,0,173
23187,2023-07-16,50299032,0.0,9805,1040,0,346,40496,173
23188,2023-07-17,52264640,0.0,10163,1040,0,346,39389,173
23189,2023-07-18,54635774,0.0,23226,1040,17611,346,0,173
23190,2023-07-19,52056078,0.0,12062,1040,10065,346,0,173
23191,2023-07-20,53086270,0.0,12305,1040,0,346,34291,173
23192,2023-07-21,52978304,0.0,16307,1040,0,346,53675,173
23193,2023-07-22,49842184,0.0,14582,1040,0,346,35603,173
23194,2023-07-23,50216454,0.0,11131,1040,15074,346,0,173
23195,2023-07-24,50510686,0.0,15651,1040,0,346,49305,173
23196,2023-07-25,52271470,0.0,8657,1040,12909,346,0,173
23197,2023-07-26,50861712,0.0,10953,1040,0,346,31543,173
23198,2023-07-27,53646796,0.0,23471,1040,0,346,24932,173
23199,2023-07-28,53632808,0.0,29186,1040,0,346,48813,173
23200,2023-07-29,52339808,0.0,19633,1040,0,346,229094,173
23201,2023-07-30,49499906,0.0,7451,1040,0,346,38357,173
23202,2023-07-31,49950952,0.0,13604,1040,0,346,41001,173
23203,2023-08-01,53072362,0.0,8451,1040,0,346,21987,173
23204,2023-08-02,53596204,0.0,7074,1040,0,346,15667,173
23205,2023-08-03,57080906,0.0,5360,1040,0,346,26606,173
23206,2023-08-04,61254430,0.0,17259,1040,75424,346,0,173
23207,2023-08-05,48536920,0.0,15133,1040,0,346,48995,173
23208,2023-08-06,49022158,0.0,22436,1040,22069,346,0,173
23209,2023-08-07,47310496,0.0,19994,1040,0,346,37854,173
23210,2023-08-08,49373156,0.0,11002,1040,0,346,38933,173
23211,2023-08-09,49138222,0.0,16353,1040,0,346,34936,173
23212,2023-08-10,49207046,0.0,19039,1040,0,346,77045,173
23213,2023-08-11,52684140,0.0,15212,1040,26710,346,0,173
23214,2023-08-12,47602716,0.0,11701,1040,13550,346,0,173
23215,2023-08-13,46599386,0.0,13302,1040,0,346,30151,173
23216,2023-08-14,48795628,0.0,12624,1040,0,346,35789,173
23217,2023-08-15,50875160,0.0,11695,1040,0,346,38445,173
23218,2023-08-16,50709802,0.0,9638,1040,0,346,42147,173
23219,2023-08-17,52102122,0.0,18201,1040,0,346,48369,173
23220,2023-08-18,53527068,0.0,8899,1040,0,346,37198,173
23221,2023-08-19,51820330,0.0,9560,1040,0,346,33217,173
23222,2023-08-20,53340932,0.0,20177,1040,46296,346,0,173
23223,2023-08-21,49212458,0.0,11337,1040,0,346,31818,173
23224,2023-08-22,49713906,0.0,12928,1040,0,346,43566,173
23225,2023-08-23,51683176,0.0,28205,1040,29300,346,0,173
23226,2023-08-24,50672614,0.0,27565,1040,24492,346,0,173
23227,2023-08-25,50987734,0.0,15421,1040,0,346,37788,173
23228,2023-08-26,47366210,0.0,24840,1040,26806,346,0,173
23229,2023-08-27,47085286,0.0,12111,1040,0,346,45972,173
23230,2023-08-28,46713230,0.0,14860,1040,20925,346,0,173
23231,2023-08-29,48775398,0.0,21491,1040,0,346,65668,173
23232,2023-08-30,48360322,0.0,7433,1040,0,346,36688,173
23233,2023-08-31,49257576,0.0,24756,1040,0,346,63873,173
23234,2023-09-01,50453800,0.0,11705,1040,0,346,41943,173
23235,2023-09-02,48911698,0.0,9377,1040,19598,346,0,173
23236,2023-09-03,47790662,0.0,14595,1040,0,346,30041,173
23237,2023-09-04,51516636,0.0,23063,1040,0,346,47377,173
23238,2023-09-05,50932042,0.0,20039,1040,0,346,56581,173
23239,2023-09-06,52896302,0.0,7803,1040,16717,346,0,173
23240,2023-09-07,52216994,0.0,8395,1040,0,346,29862,173
23241,2023-09-08,54393354,0.0,33704,1040,0,346,219947,173
23242,2023-09-09,48144356,0.0,11281,1040,0,346,34191,173
23243,2023-09-10,48740504,0.0,7848,1040,23868,346,0,173
23244,2023-09-11,49021134,0.0,20901,1040,0,346,67151,173
23245,2023-09-12,49154974,0.0,9413,1040,0,346,60191,173
23246,2023-09-13,53652650,0.0,10200,1040,19674,346,0,173
23247,2023-09-14,54817982,0.0,17261,1040,0,346,72997,173
23248,2023-09-15,52008824,0.0,11821,1040,13931,346,0,173
23249,2023-09-16,48308296,0.0,13807,1040,0,346,30326,173
23250,2023-09-17,47975860,0.0,12176,1040,0,346,44087,173
23251,2023-09-18,49931228,0.0,13244,1040,0,346,62522,173
23252,2023-09-19,49488688,0.0,16643,1040,0,346,70057,173
23253,2023-09-20,50546400,0.0,9217,1040,0,346,36292,173
23254,2023-09-21,50541544,0.0,12463,1040,31810,346,0,173
23255,2023-09-22,48774398,0.0,12522,1040,0,346,39626,173
23256,2023-09-23,45009156,0.0,12217,1040,0,346,40967,173
23257,2023-09-24,46864678,0.0,12259,1040,0,346,26834,173
23258,2023-09-25,48532128,0.0,12111,1040,0,346,40988,173
23259,2023-09-26,49708224,0.0,11998,1040,30423,346,0,173
23260,2023-09-27,46349580,0.0,23155,1040,0,346,109190,173
23261,2023-09-28,46796910,0.0,12713,1040,0,346,35676,173
23262,2023-09-29,44906558,0.0,22846,1040,27098,346,0,173
23263,2023-09-30,45007320,0.0,6140,1040,8583,346,0,173
23264,2023-10-05,42152220,0.0,10112,1040,0,346,38218,173
23265,2023-10-06,44545376,0.0,9041,1040,10578,346,0,173
23266,2023-10-07,43932650,0.0,15996,1040,17872,346,0,173
23267,2023-10-08,45119698,0.0,21764,1040,27224,346,0,173
23268,2023-10-09,48633398,0.0,47260,1040,0,346,58487,173
23269,2023-10-10,48250632,0.0,19689,1040,0,346,63007,173
23270,2023-10-11,48467384,0.0,11819,1040,17331,346,0,173
23271,2023-10-12,49327192,0.0,12186,1040,0,346,57663,173
23272,2023-10-13,48396382,0.0,21177,1040,0,346,46755,173
23273,2023-10-14,48853114,0.0,15757,1040,13719,346,0,173
23274,2023-10-15,47118100,0.0,11997,1040,10112,346,0,173
23275,2023-10-16,47091170,0.0,11998,1040,0,346,45114,173
23276,2023-10-17,47239276,0.0,7211,1040,10049,346,0,173
23277,2023-10-18,50228218,0.0,20449,1040,0,346,81441,173
23278,2023-10-19,52057380,0.0,9384,1040,14135,346,0,173
23279,2023-10-20,50569906,0.0,18044,1040,0,346,65281,173
23280,2023-10-21,48722234,0.0,13453,1040,0,346,29942,173
23281,2023-10-22,47887100,0.0,10211,1040,21449,346,0,173
23282,2023-10-23,49118622,0.0,8340,1040,0,346,35015,173
23283,2023-10-24,48598280,0.0,14280,1040,0,346,38152,173
23284,2023-10-25,50960696,0.0,12265,1040,0,346,46690,173
23285,2023-10-26,52137148,0.0,23357,1040,0,346,93366,173
23286,2023-10-27,53000594,0.0,11254,1040,36498,346,0,173
23287,2023-10-28,45505646,0.0,17636,1040,0,346,47980,173
23288,2023-10-29,46587866,0.0,8416,1040,0,346,30123,173
23289,2023-10-30,48265854,0.0,26768,1040,23567,346,0,173
23290,2023-10-31,48604128,0.0,9700,1040,0,346,53676,173
23291,2023-11-01,46377736,0.0,6228,1040,0,346,24672,173
23292,2023-11-02,48271090,0.0,7873,1040,0,346,40924,173
23293,2023-11-03,49618996,0.0,14520,1040,29837,346,0,173
23294,2023-11-04,44947250,0.0,20047,1040,20147,346,0,173
23295,2023-11-05,43883892,0.0,17911,1040,21006,346,0,173
23296,2023-11-06,44663386,0.0,8652,1040,0,346,35910,173
23297,2023-11-07,43712368,0.0,9178,1040,0,346,41023,173
23298,2023-11-08,45525366,0.0,12790,1040,0,346,72314,173
23299,2023-11-09,46134148,0.0,17176,1040,26169,346,0,173
23300,2023-11-10,46239376,0.0,24539,1040,0,346,55177,173
23301,2023-11-11,43892668,0.0,8336,1040,0,346,33661,173
23302,2023-11-12,44554452,0.0,9979,1040,21345,346,0,173
23303,2023-11-13,47224154,0.0,25390,1040,0,346,81062,173
23304,2023-11-14,46720434,0.0,18350,1040,0,346,36349,173
23305,2023-11-15,50319282,0.0,16248,1040,0,346,38583,173
23306,2023-11-16,49124776,0.0,13717,1040,33029,346,0,173
23307,2023-11-17,49712914,0.0,12227,1040,0,346,44362,173
23308,2023-11-18,48528370,0.0,17319,1040,0,346,32961,173
23309,2023-11-19,50161540,0.0,12173,1040,0,346,33218,173
23310,2023-11-20,53748468,0.0,17972,1040,0,346,54060,173
23311,2023-11-21,54697254,0.0,36763,1040,0,346,69709,173
23312,2023-11-22,60656488,0.0,13202,1040,72318,346,0,173
23313,2023-11-23,52956700,0.0,11186,1040,16717,346,0,173
23314,2023-11-24,51179774,0.0,18808,1040,25640,346,0,173
23315,2023-11-25,48395200,0.0,9995,1040,12050,346,0,173
23316,2023-11-26,48912696,0.0,19324,1040,0,346,43805,173
23317,2023-11-27,49430502,0.0,10779,1040,0,346,45588,173
23318,2023-11-28,49704380,0.0,8407,1040,0,346,37274,173
23319,2023-11-29,48971310,0.0,35486,1040,0,346,75880,173
23320,2023-11-30,50858744,0.0,9889,1040,0,346,22831,173
23321,2023-12-01,58858228,0.0,20097,1040,68484,346,0,173
23322,2023-12-02,46552210,0.0,12837,1040,0,346,33230,173
23323,2023-12-03,48415668,0.0,18370,1040,0,346,47828,173
23324,2023-12-04,51760486,0.0,19235,1040,0,346,46229,173
23325,2023-12-05,51708574,0.0,17299,1040,34231,346,0,173
23326,2023-12-06,49016402,0.0,6241,1040,0,346,25165,173
23327,2023-12-07,51092342,0.0,12663,1040,0,346,37086,173
23328,2023-12-08,53323646,0.0,18024,1040,39433,346,0,173
23329,2023-12-09,48046932,0.0,17834,1040,0,346,43872,173
23330,2023-12-10,48127612,0.0,17272,1040,0,346,50571,173
23331,2023-12-11,50444706,0.0,8230,1040,0,346,36530,173
23332,2023-12-12,52259850,0.0,17037,1040,41282,346,0,173
23333,2023-12-13,50546912,0.0,19639,1040,28392,346,0,173
23334,2023-12-14,51984636,0.0,12568,1040,0,346,63594,173
23335,2023-12-15,53332288,0.0,19401,1040,0,346,55905,173
23336,2023-12-16,51766742,0.0,12736,1040,0,346,44631,173
23337,2023-12-17,53162390,0.0,15805,1040,0,346,117166,173
23338,2023-12-18,54979868,0.0,14189,1040,0,346,26890,173
23339,2023-12-19,60343040,0.0,8307,1040,0,346,26844,173
23340,2023-12-20,64295280,0.0,7149,1040,0,346,26075,173
23341,2023-12-21,62839516,0.0,11910,1040,0,346,37375,173
23342,2023-12-22,64658370,0.0,23705,1040,0,346,34996,173
23343,2023-12-23,58824092,0.0,19352,1040,0,346,22974,173
23344,2023-12-24,62423780,0.0,22148,1040,0,346,25048,173
23345,2023-12-25,65480266,0.0,20317,1040,0,346,35503,173
23346,2023-12-26,65801756,0.0,28807,1040,0,346,50799,173
23347,2023-12-27,68569754,0.0,45283,1040,0,346,55247,173
23348,2023-12-28,70631074,0.0,17316,1040,0,346,39008,173
23349,2023-12-29,70571356,0.0,29089,1040,0,346,36118,173
23350,2023-12-30,63732250,0.0,15097,1040,0,346,44152,173
23351,2023-12-31,65776766,0.0,10041,1040,0,346,25493,173
24001,2024-01-01,60811786,0.0,11897,1040,0,346,38594,173
24002,2024-01-02,59757854,0.0,19122,1040,77769,346,0,173
24003,2024-01-03,48823570,0.0,239113,1040,0,346,0,173
24004,2024-01-04,49542826,0.0,16553,1040,31804,346,0,173
24005,2024-01-05,49817476,0.0,23390,1040,0,346,43846,173
24006,2024-01-06,46482784,0.0,8239,1040,0,346,43180,173
24007,2024-01-07,47770868,0.0,133249,1040,0,346,0,173
24008,2024-01-08,51321620,0.0,8569,1040,0,346,23374,173
24009,2024-01-09,49813410,0.0,21273,1040,0,346,39489,173
24010,2024-01-10,49546156,0.0,12919,1040,0,346,27888,173
24011,2024-01-11,52306342,0.0,13451,1040,19035,346,0,173
24012,2024-01-12,50586872,0.0,13285,1040,0,346,31642,173
24013,2024-01-13,47305532,0.0,17661,1040,0,346,34554,173
24014,2024-01-14,47148482,0.0,9632,1040,0,346,30368,173
24015,2024-01-15,48024878,0.0,12364,1040,0,346,56124,173
24016,2024-01-16,48983596,0.0,19563,1040,0,346,25539,173
24017,2024-01-17,48629764,0.0,86593,1040,0,346,0,173
24018,2024-01-18,45998926,0.0,9401,1040,0,346,26747,173
24019,2024-01-19,48413108,0.0,25493,1040,26109,346,0,173
24020,2024-01-20,45399140,0.0,17681,1040,0,346,44792,173
24021,2024-01-21,45936524,0.0,8836,1040,0,346,22843,173
24022,2024-01-22,46602264,0.0,18088,1040,0,346,38035,173
24023,2024-01-23,46780452,0.0,16288,1040,0,346,42495,173
24024,2024-01-24,47216734,0.0,11441,1040,16181,346,0,173
24025,2024-01-25,47268374,0.0,14604,1040,0,346,31875,173
24026,2024-01-26,49069650,0.0,10839,1040,0,346,32708,173
24027,2024-01-27,47655112,0.0,15466,1040,0,346,35391,173
24028,2024-01-28,47503034,0.0,11210,1040,0,346,26889,173
24029,2024-01-29,48281412,0.0,19306,1040,26864,346,0,173
24030,2024-01-30,48565976,0.0,45315,1040,0,346,41328,173
24031,2024-01-31,49967006,0.0,21854,1040,0,346,67802,173
24032,2024-02-01,50637472,0.0,13058,1040,0,346,35114,173
24033,2024-02-02,50637472,0.0,27104,1040,0,346,45637,173
24034,2024-02-03,48454312,0.0,11674,1040,0,346,26766,173
24035,2024-02-04,47601062,0.0,13797,1040,0,346,29920,173
24036,2024-02-05,48018150,0.0,10773,1040,0,346,40469,173
24037,2024-02-06,48688414,0.0,16392,1040,0,346,47488,173
24038,2024-02-07,50932740,0.0,10688,1040,0,346,28139,173
24039,2024-02-18,41038410,0.0,8790,1040,0,346,28489,173
24040,2024-02-19,40713364,0.0,7539,1040,0,346,24552,173
24041,2024-02-20,41550394,0.0,13095,1040,0,346,29555,173
24042,2024-02-21,43438050,0.0,8144,1040,0,346,31309,173
24043,2024-02-22,45075004,0.0,17272,1040,0,346,31415,173
24044,2024-02-23,45874116,0.0,14865,1040,34078,346,0,173
24045,2024-02-24,39981306,0.0,21194,1040,21248,346,0,173
24046,2024-02-25,41440104,0.0,5590,1040,0,346,23327,173
24047,2024-02-26,42766354,0.0,12255,1040,0,346,20443,173
24048,2024-02-27,41810592,0.0,20674,1040,0,346,62450,173
24049,2024-02-28,43276162,0.0,18127,1040,0,346,38022,173
24050,2024-02-29,44279736,0.0,15499,1040,0,346,44937,173
24051,2024-03-01,45519058,0.0,13197,1040,0,346,45078,173
24052,2024-03-02,43477524,0.0,10727,1040,25648,346,0,173
24053,2024-03-03,42591150,0.0,11984,1040,0,346,44782,173
24054,2024-03-04,44546756,0.0,16842,1040,24833,346,0,173
24055,2024-03-05,43035282,0.0,22084,1040,0,346,52728,173
24056,2024-03-06,44397296,0.0,6911,1040,12036,346,0,173
24057,2024-03-07,44050646,0.0,11399,1040,0,346,48224,173
24058,2024-03-08,45253476,0.0,8918,1040,0,346,25382,173
24059,2024-03-09,42284672,0.0,13521,1040,0,346,31311,173
24060,2024-03-10,43393064,0.0,29744,1040,0,346,58445,173
24061,2024-03-11,46773850,0.0,8371,1040,0,346,29712,173
24062,2024-03-12,45923328,0.0,12925,1040,0,346,47057,173
24063,2024-03-13,47127942,0.0,19912,1040,0,346,63018,173
24064,2024-03-14,46048240,0.0,15974,1040,0,346,41051,173
24065,2024-03-15,47528978,0.0,18044,1040,0,346,32877,173
24066,2024-03-16,43657460,0.0,9541,1040,0,346,26157,173
24067,2024-03-17,44098910,0.0,18731,1040,0,346,33855,173
24068,2024-03-18,47963884,0.0,9734,1040,0,346,29932,173
24069,2024-03-19,49375632,0.0,15565,1040,29612,346,0,173
24070,2024-03-20,45883198,0.0,8964,1040,0,346,40286,173
24071,2024-03-21,44965836,0.0,27123,1040,0,346,70070,173
24072,2024-03-22,48912974,0.0,10237,1040,0,346,41306,173
24073,2024-03-23,46551372,0.0,11764,1040,0,346,38182,173
24074,2024-03-24,50115276,0.0,17349,1040,0,346,50695,173
24075,2024-03-25,50884348,0.0,10679,1040,0,346,38119,173
24076,2024-03-26,50611750,0.0,16984,1040,0,346,36075,173
24077,2024-03-27,52466140,0.0,20884,1040,29261,346,0,173
24078,2024-03-28,50410720,0.0,12105,1040,0,346,35535,173
24079,2024-03-29,49175360,0.0,21517,1040,18175,346,0,173
24080,2024-03-30,45332742,0.0,16474,1040,0,346,30624,173
24081,2024-03-31,44652234,0.0,17644,1040,0,346,37285,173
24082,2024-04-01,46691026,0.0,24631,1040,0,346,66298,173
24083,2024-04-02,46597150,0.0,12594,1040,13263,346,0,173
24084,2024-04-03,44872878,0.0,13932,1040,0,346,46847,173
24085,2024-04-04,44606358,0.0,18642,1040,0,346,33550,173
24086,2024-04-05,45936144,0.0,18480,1040,0,346,57636,173
24087,2024-04-06,44556968,0.0,11368,1040,17665,346,0,173
24088,2024-04-07,44957418,0.0,22134,1040,0,346,40473,173
24089,2024-04-08,46625762,0.0,12392,1040,12112,346,0,173
24090,2024-04-09,46625908,0.0,16058,1040,0,346,51627,173
24091,2024-04-10,46276512,0.0,7920,1040,0,346,33636,173
24092,2024-04-11,47321436,0.0,7729,1040,0,346,24715,173
24093,2024-04-12,47191962,0.0,19257,1040,0,346,41964,173
24094,2024-04-13,44672090,0.0,18025,1040,0,346,45263,173
24095,2024-04-14,45622670,0.0,7930,1040,0,346,26754,173
24096,2024-04-15,46464412,0.0,17960,1040,0,346,71348,173
24097,2024-04-16,46604934,0.0,8905,1040,0,346,41931,173
24098,2024-04-17,45696314,0.0,17055,1040,0,346,54719,173
24099,2024-04-18,49494430,0.0,11180,1040,0,346,27810,173
24100,2024-04-19,49218032,0.0,11442,1040,0,346,33331,173
24101,2024-04-20,48015476,0.0,11052,1040,23394,346,0,173
24102,2024-04-21,45342068,0.0,17920,1040,0,346,44354,173
24103,2024-04-22,47569450,0.0,14241,1040,16925,346,0,173
24104,2024-04-23,48756142,0.0,20529,1040,17808,346,0,173
24105,2024-04-24,48279974,0.0,7366,1040,0,346,23211,173
24106,2024-04-25,48758290,0.0,18108,1040,20544,346,0,173
24107,2024-04-26,49640866,0.0,10914,1040,12183,346,0,173
24108,2024-04-27,46822366,0.0,32910,1040,19825,346,0,173
24109,2024-04-28,49757652,0.0,7924,1040,0,346,35288,173
24110,2024-04-29,48419654,0.0,14193,1040,0,346,39944,173
24111,2024-04-30,47566180,0.0,23462,1040,17014,346,0,173
24112,2024-05-01,44568790,0.0,17283,1040,0,346,35088,173
24113,2024-05-02,45723076,0.0,19790,1040,0,346,51849,173
24114,2024-05-03,47158452,0.0,9083,1040,0,346,39944,173
24115,2024-05-04,44731920,0.0,10085,1040,0,346,34789,173
24116,2024-05-05,46270424,0.0,12818,1040,0,346,41530,173
24117,2024-05-06,47081084,0.0,19512,1040,0,346,44677,173
24118,2024-05-07,48398350,0.0,37485,1040,31458,346,0,173
24119,2024-05-08,45188000,0.0,16379,1040,21566,346,0,173
24120,2024-05-09,46719320,0.0,19255,1040,0,346,37665,173
24121,2024-05-10,49030116,0.0,13913,1040,0,346,29301,173
24122,2024-05-11,46124214,0.0,32445,1040,0,346,57420,173
24123,2024-05-12,46695120,0.0,25169,1040,0,346,65633,173
24124,2024-05-13,49163226,0.0,8228,1040,0,346,22624,173
24125,2024-05-14,49003192,0.0,15855,1040,0,346,55768,173
24126,2024-05-15,47464366,0.0,24149,1040,0,346,45468,173
24127,2024-05-16,49383176,0.0,17388,1040,25558,346,0,173
24128,2024-05-17,49568910,0.0,14908,1040,0,346,26472,173
24129,2024-05-18,46401086,0.0,16609,1040,0,346,46090,173
24130,2024-05-19,48600170,0.0,12193,1040,10775,346,0,173
24131,2024-05-20,49283966,0.0,10083,1040,0,346,37921,173
24132,2024-05-21,50124256,0.0,18216,1040,0,346,67530,173
24133,2024-05-22,48279260,0.0,8682,1040,0,346,34454,173
24134,2024-05-23,48111982,0.0,12365,1040,18051,346,0,173
24135,2024-05-24,48318390,0.0,19661,1040,0,346,49306,173
24136,2024-05-25,45724640,0.0,8521,1040,0,346,31810,173
24137,2024-05-26,46685350,0.0,20022,1040,0,346,48982,173
24138,2024-05-27,48349980,0.0,22933,1040,18017,346,0,173
24139,2024-05-28,44338404,0.0,30808,1040,0,346,85790,173
24140,2024-05-29,45671678,0.0,14743,1040,0,346,37629,173
24141,2024-05-30,46655590,0.0,11896,1040,0,346,32953,173
24142,2024-05-31,48000814,0.0,12521,1040,0,346,39326,173
24143,2024-06-01,44990298,0.0,17332,1040,0,346,60269,173
24144,2024-06-02,46821474,0.0,19884,1040,0,346,47150,173
24145,2024-06-03,48081212,0.0,10822,1040,0,346,29718,173
24146,2024-06-04,48100480,0.0,13645,1040,18878,346,0,173
24147,2024-06-05,45494278,0.0,21924,1040,18880,346,0,173
24148,2024-06-06,45447032,0.0,14083,1040,13851,346,0,173
24149,2024-06-07,48144490,0.0,18469,1040,14348,346,0,173
24150,2024-06-08,45908456,0.0,27092,1040,0,346,59316,173
24151,2024-06-09,46122994,0.0,15413,1040,22354,346,0,173
24152,2024-06-10,44172808,0.0,10081,1040,0,346,49225,173
24153,2024-06-11,44336868,0.0,46065,1040,0,346,63319,173
24154,2024-06-12,46286526,0.0,8887,1040,0,346,20116,173
24155,2024-06-13,46341218,0.0,9305,1040,14622,346,0,173
24156,2024-06-14,45132820,0.0,14532,1040,0,346,66138,173
24157,2024-06-15,42078968,0.0,27648,1040,13647,346,0,173
24158,2024-06-16,42133502,0.0,11078,1040,10258,346,0,173
24159,2024-06-17,41441900,0.0,10411,1040,0,346,26158,173
24160,2024-06-18,43210840,0.0,18391,1040,0,346,65518,173
24161,2024-06-19,42282104,0.0,12890,1040,0,346,28363,173
24162,2024-06-20,43224090,0.0,10507,1040,0,346,26263,173
24163,2024-06-21,43660122,0.0,22146,1040,0,346,46777,173
24164,2024-06-22,42672214,0.0,8686,1040,12136,346,0,173
24165,2024-06-23,41824802,0.0,11638,1040,0,346,40639,173
24166,2024-06-24,43233862,0.0,28972,1040,0,346,47417,173
24167,2024-06-25,42555168,0.0,13797,1040,0,346,32717,173
24168,2024-06-26,43037942,0.0,8067,1040,0,346,28682,173
24169,2024-06-27,44973846,0.0,17625,1040,0,346,39641,173
24170,2024-06-28,44634348,0.0,7481,1040,0,346,28869,173
24171,2024-06-29,41887484,0.0,8142,1040,14624,346,0,173
24172,2024-06-30,40031932,0.0,8985,1040,6715,346,0,173
24173,2024-07-01,39887384,0.0,18970,1040,0,346,68753,173
24174,2024-07-02,40033940,0.0,9934,1040,11154,346,0,173
24175,2024-07-03,40604634,0.0,8203,1040,0,346,36660,173
24176,2024-07-04,40693632,0.0,13811,1040,0,346,34505,173
24177,2024-07-05,42420802,0.0,29812,1040,0,346,35649,173
24178,2024-07-06,41437300,0.0,16434,1040,15853,346,0,173
24179,2024-07-07,39865762,0.0,10787,1040,18501,346,0,173
24180,2024-07-08,40822856,0.0,12751,1040,0,346,35452,173
24181,2024-07-09,40618444,0.0,12622,1040,11389,346,0,173
24182,2024-07-10,40552782,0.0,9741,1040,11028,346,0,173
24183,2024-07-11,43104930,0.0,9763,1040,9332,346,0,173
24184,2024-07-12,42217196,0.0,12430,1040,0,346,31905,173
24185,2024-07-13,39629806,0.0,15736,1040,18708,346,0,173
24186,2024-07-14,39320814,0.0,26166,1040,0,346,52561,173
24187,2024-07-15,40388754,0.0,8823,1040,12255,346,0,173
24188,2024-07-16,40800460,0.0,8605,1040,0,346,26332,173
24189,2024-07-17,40341870,0.0,7692,1040,0,346,29938,173
24190,2024-07-18,40658524,0.0,7750,1040,18017,346,0,173
24191,2024-07-19,42080706,0.0,13780,1040,0,346,25316,173
24192,2024-07-20,40549298,0.0,8930,1040,0,346,17289,173
24193,2024-07-21,41219068,0.0,7607,1040,9575,346,0,173
24194,2024-07-22,41434086,0.0,10271,1040,0,346,34068,173
24195,2024-07-23,40927556,0.0,25297,1040,0,346,55285,173
24196,2024-07-24,40998308,0.0,14174,1040,0,346,36884,173
24197,2024-07-25,41968150,0.0,12887,1040,0,346,16936,173
24198,2024-07-26,43310326,0.0,11286,1040,15013,346,0,173
24199,2024-07-27,39289568,0.0,9300,1040,11524,346,0,173
24200,2024-07-28,39371622,0.0,10280,1040,0,346,27641,173
24201,2024-07-29,41704896,0.0,9410,1040,10932,346,0,173
24202,2024-07-30,41292686,0.0,11977,1040,0,346,36437,173
24203,2024-07-31,41757496,0.0,11360,1040,0,346,43471,173
24204,2024-08-01,41681600,0.0,11154,1040,0,346,26585,173
24205,2024-08-02,41831052,0.0,9443,1040,0,346,29559,173
24206,2024-08-03,39903506,0.0,14923,1040,24765,346,0,173
24207,2024-08-04,39391356,0.0,11794,1040,0,346,36189,173
24208,2024-08-05,40841726,0.0,7479,1040,0,346,34846,173
24209,2024-08-06,40322036,0.0,18714,1040,17242,346,0,173
24210,2024-08-07,40658880,0.0,13672,1040,0,346,52156,173
24211,2024-08-08,41240118,0.0,11146,1040,0,346,30514,173
24212,2024-08-09,42309762,0.0,24397,1040,26522,346,0,173
24213,2024-08-10,39538978,0.0,14737,1040,0,346,47004,173
24214,2024-08-11,39691654,0.0,12315,1040,0,346,36090,173
24215,2024-08-12,41673728,0.0,15453,1040,14865,346,0,173
24216,2024-08-13,39826460,0.0,9817,1040,11565,346,0,173
24217,2024-08-14,42798204,0.0,95566,1040,0,346,0,173
24218,2024-08-15,42099710,0.0,18193,1040,0,346,43113,173
24219,2024-08-16,43901614,0.0,8099,1040,0,346,26730,173
24220,2024-08-17,42133488,0.0,21353,1040,0,346,33207,173
24221,2024-08-18,43097198,0.0,10622,1040,19700,346,0,173
24222,2024-08-19,41144630,0.0,6093,1040,12048,346,0,173
24223,2024-08-20,41670628,0.0,15132,1040,0,346,37565,173
24224,2024-08-21,43105786,0.0,19298,1040,0,346,46504,173
24225,2024-08-22,43764854,0.0,17981,1040,0,346,37376,173
24226,2024-08-23,46312990,0.0,11641,1040,22318,346,0,173
24227,2024-08-24,42152150,0.0,9475,1040,11810,346,0,173
24228,2024-08-25,44347002,0.0,7240,1040,0,346,37318,173
24229,2024-08-26,45540830,0.0,15363,1040,0,346,42680,173
24230,2024-08-27,46786564,0.0,11654,1040,20409,346,0,173
24231,2024-08-28,45483152,0.0,7556,1040,12864,346,0,173
24232,2024-08-29,45959970,0.0,10015,1040,0,346,42565,173
24233,2024-08-30,46565800,0.0,9433,1040,0,346,28813,173
24234,2024-08-31,43668444,0.0,15999,1040,0,346,44412,173
24235,2024-09-01,43077914,0.0,9100,1040,0,346,26561,173
24236,2024-09-02,47464794,0.0,12664,1040,0,346,62429,173
24237,2024-09-03,46509382,0.0,11564,1040,0,346,35217,173
24238,2024-09-04,47217982,0.0,8371,1040,0,346,19154,173
24239,2024-09-05,44854606,0.0,38531,1040,0,346,201100,173
24240,2024-09-06,41728158,0.0,16223,1040,0,346,34311,173
24241,2024-09-07,41548888,0.0,13409,1040,0,346,27935,173
24242,2024-09-08,39772036,0.0,14749,1040,29801,346,0,173
24243,2024-09-09,39027680,0.0,17292,1040,0,346,39647,173
24244,2024-09-10,39287484,0.0,16824,1040,0,346,42621,173
24245,2024-09-11,42436582,0.0,16491,1040,0,346,46002,173
24246,2024-09-12,44593018,0.0,35234,1040,0,346,40705,173
24247,2024-09-13,44798506,0.0,12597,1040,22402,346,0,173
24248,2024-09-14,41470462,0.0,9600,1040,0,346,43174,173
24249,2024-09-15,40680196,0.0,12148,1040,0,346,35614,173
24250,2024-09-16,41396794,0.0,10467,1040,17122,346,0,173
24251,2024-09-17,39233332,0.0,12636,1040,0,346,43398,173
24252,2024-09-18,43441954,0.0,7478,1040,13749,346,0,173
24253,2024-09-19,42679342,0.0,16933,1040,0,346,50479,173
24254,2024-09-20,46176442,0.0,25002,1040,0,346,52721,173
24255,2024-09-21,42279016,0.0,12008,1040,22079,346,0,173
24256,2024-09-22,42099948,0.0,18877,1040,0,346,39323,173
24257,2024-09-23,44519556,0.0,7225,1040,11898,346,0,173
24258,2024-09-24,42655644,0.0,28301,1040,0,346,59556,173
24259,2024-09-25,44219074,0.0,69089,1040,0,346,0,173
24260,2024-09-26,43207398,0.0,21768,1040,0,346,90145,173
24261,2024-09-27,46032370,0.0,15660,1040,0,346,44415,173
24262,2024-09-28,45612470,0.0,17062,1040,0,346,43445,173
24263,2024-09-29,44751360,0.0,13234,1040,18009,346,0,173
24264,2024-09-30,45950246,0.0,20006,1040,0,346,48196,173
24265,2024-10-05,37748906,0.0,15340,1040,0,346,29731,173
24266,2024-10-06,37499590,0.0,10452,1040,0,346,30111,173
24267,2024-10-07,42942128,0.0,9829,1040,0,346,31560,173
24268,2024-10-08,41935202,0.0,8124,1040,0,346,32068,173
24269,2024-10-09,43373820,0.0,13674,1040,0,346,35031,173
24270,2024-10-10,43988794,0.0,8966,1040,0,346,26406,173
24271,2024-10-11,46392606,0.0,13831,1040,0,346,45845,173
24272,2024-10-12,45166252,0.0,13548,1040,0,346,40509,173
24273,2024-10-13,44565934,0.0,20896,1040,0,346,51346,173
24274,2024-10-14,46074198,0.0,15295,1040,0,346,41360,173
24275,2024-10-15,45724722,0.0,10880,1040,0,346,43826,173
24276,2024-10-16,49940704,0.0,15981,1040,38501,346,0,173
24277,2024-10-17,45110828,0.0,20636,1040,0,346,53887,173
24278,2024-10-18,45421016,0.0,18985,1040,0,346,54388,173
24279,2024-10-19,42619490,0.0,13563,1040,19958,346,0,173
24280,2024-10-20,41168816,0.0,10195,1040,0,346,50663,173
24281,2024-10-21,42644710,0.0,27069,1040,0,346,64380,173
24282,2024-10-22,43263528,0.0,10078,1040,0,346,32889,173
24283,2024-10-23,41930838,0.0,10445,1040,0,346,43729,173
24284,2024-10-24,42989362,0.0,8114,1040,0,346,30843,173
24285,2024-10-25,43558322,0.0,20324,1040,0,346,42689,173
24286,2024-10-26,41996276,0.0,21638,1040,0,346,58997,173
24287,2024-10-27,42233098,0.0,13383,1040,0,346,52374,173
24288,2024-10-28,44501526,0.0,11916,1040,0,346,35209,173
24289,2024-10-29,44737448,0.0,9024,1040,19915,346,0,173
24290,2024-10-30,42571000,0.0,6963,1040,9688,346,0,173
24291,2024-10-31,42089534,0.0,8836,1040,0,346,24774,173
24292,2024-11-01,44320876,0.0,20408,1040,10746,346,0,173
24293,2024-11-02,41198626,0.0,19773,1040,19090,346,0,173
24294,2024-11-03,41553720,0.0,8882,1040,0,346,24850,173
24295,2024-11-04,42915068,0.0,13425,1040,15936,346,0,173
24296,2024-11-05,41214488,0.0,13427,1040,11788,346,0,173
24297,2024-11-06,41061724,0.0,8470,1040,0,346,29410,173
24298,2024-11-07,41252358,0.0,45054,1040,0,346,31637,173
24299,2024-11-08,42746730,0.0,10796,1040,0,346,48598,173
24300,2024-11-09,40696338,0.0,11780,1040,17784,346,0,173
24301,2024-11-10,42376734,0.0,7424,1040,10451,346,0,173
24302,2024-11-11,44433126,0.0,18737,1040,0,346,44240,173
24303,2024-11-12,43280010,0.0,10960,1040,0,346,45878,173
24304,2024-11-13,43137578,0.0,30547,1040,0,346,55754,173
24305,2024-11-14,42799124,0.0,9761,1040,0,346,35851,173
24306,2024-11-15,44633270,0.0,17269,1040,0,346,44240,173
24307,2024-11-16,43721196,0.0,9337,1040,0,346,39995,173
24308,2024-11-17,42436180,0.0,12407,1040,0,346,42132,173
24309,2024-11-18,44182684,0.0,8166,1040,0,346,23340,173
24310,2024-11-19,42423182,0.0,22256,1040,0,346,33533,173
24311,2024-11-20,47573904,0.0,19196,1040,35335,346,0,173
24312,2024-11-21,46325896,0.0,18074,1040,0,346,59778,173
24313,2024-11-22,46520444,0.0,10051,1040,0,346,51190,173
24314,2024-11-23,43391798,0.0,7952,1040,12250,346,0,173
24315,2024-11-24,41809342,0.0,13153,1040,0,346,32225,173
24316,2024-11-25,43232146,0.0,10808,1040,13097,346,0,173
24317,2024-11-26,41501076,0.0,10183,1040,15119,346,0,173
24318,2024-11-27,43673332,0.0,13016,1040,0,346,37530,173
24319,2024-11-28,43687834,0.0,9271,1040,0,346,40686,173
24320,2024-11-29,44090424,0.0,11860,1040,0,346,61754,173
24321,2024-11-30,41368378,0.0,5722,1040,10751,346,0,173
24322,2024-12-01,39032242,0.0,17810,1040,0,346,36549,173
24323,2024-12-02,40595442,0.0,24263,1040,0,346,61381,173
24324,2024-12-03,41367160,0.0,10408,1040,0,346,28799,173
24325,2024-12-04,41668284,0.0,8551,1040,0,346,20739,173
24326,2024-12-05,41777632,0.0,21654,1040,0,346,52158,173
24327,2024-12-06,43425756,0.0,14048,1040,0,346,44099,173
24328,2024-12-07,41071456,0.0,14854,1040,0,346,42429,173
24329,2024-12-08,41110200,0.0,18338,1040,0,346,38186,173
24330,2024-12-09,43078022,0.0,22251,1040,28131,346,0,173
24331,2024-12-10,41114994,0.0,14188,1040,0,346,39395,173
24332,2024-12-11,41816694,0.0,19636,1040,0,346,33822,173
24333,2024-12-12,40423622,0.0,17092,1040,23218,346,0,173
24334,2024-12-13,42381902,0.0,11947,1040,0,346,42695,173
24335,2024-12-14,38821796,0.0,11600,1040,11748,346,0,173
24336,2024-12-15,38397718,0.0,9039,1040,0,346,37995,173
24337,2024-12-16,39494114,0.0,11665,1040,0,346,37266,173
24338,2024-12-17,40128300,0.0,9906,1040,17461,346,0,173
24339,2024-12-18,39466590,0.0,19991,1040,0,346,41359,173
24340,2024-12-19,39734990,0.0,10515,1040,0,346,22346,173
24341,2024-12-20,39945006,0.0,17883,1040,0,346,56772,173
24342,2024-12-21,38391476,0.0,6067,1040,0,346,28714,173
24343,2024-12-22,37869118,0.0,7062,1040,0,346,27534,173
24344,2024-12-23,38547040,0.0,16098,1040,0,346,34447,173
24345,2024-12-24,41420376,0.0,10346,1040,0,346,28783,173
24346,2024-12-25,41100270,0.0,12471,1040,20658,346,0,173
24347,2024-12-26,37875898,0.0,18216,1040,0,346,56959,173
24348,2024-12-27,41136572,0.0,10282,1040,0,346,34441,173
24349,2024-12-28,39103676,0.0,21776,1040,0,346,42495,173
24350,2024-12-29,38286144,0.0,10568,1040,11993,346,0,173
24351,2024-12-30,38307978,0.0,8771,1040,8891,346,0,173
24352,2024-12-31,40275426,0.0,10710,1040,0,346,35268,173
25001,2025-01-01,38519102,0.0,18567,1040,0,346,34739,173
25002,2025-01-02,40076470,0.0,16910,1040,16718,346,0,173
25003,2025-01-03,41327964,0.0,15024,1040,0,346,47726,173
25004,2025-01-04,39413190,0.0,14610,1040,0,346,41181,173
25005,2025-01-05,39686988,0.0,24552,1040,0,346,38518,173
25006,2025-01-06,40317370,0.0,11840,1040,15435,346,0,173
25007,2025-01-07,40483130,0.0,21158,1040,0,346,43916,173
25008,2025-01-08,40650130,0.0,33232,1040,0,346,48089,173
25009,2025-01-09,42191616,0.0,18332,1040,0,346,30050,173
25010,2025-01-10,42756016,0.0,16119,1040,0,346,50453,173
25011,2025-01-11,43320904,0.0,7415,1040,0,346,28104,173
25012,2025-01-12,41219100,0.0,20663,1040,0,346,44056,173
25013,2025-01-13,43867798,0.0,12660,1040,0,346,46728,173
25014,2025-01-14,42781514,0.0,12111,1040,0,346,39781,173
25015,2025-01-15,42764940,0.0,6910,1040,0,346,28915,173
25016,2025-01-16,43863538,0.0,13139,1040,0,346,47835,173
25017,2025-01-17,45959664,0.0,7864,1040,0,346,33546,173
25018,2025-01-18,44709782,0.0,26173,1040,37477,346,0,173
25019,2025-01-19,41601720,0.0,34111,1040,0,346,61289,173
25020,2025-01-20,43497230,0.0,22654,1040,0,346,61683,173
25021,2025-01-21,43513752,0.0,14936,1040,0,346,41950,173
25022,2025-01-22,44705446,0.0,14284,1040,17268,346,0,173
25023,2025-01-23,43869538,0.0,7186,1040,10624,346,0,173
25024,2025-01-24,44730194,0.0,10423,1040,9964,346,0,173
25025,2025-01-25,43721194,0.0,9724,1040,9190,346,0,173
25026,2025-01-26,45744438,0.0,15634,1040,0,346,36903,173
25027,2025-02-06,37645586,0.0,4318,1040,0,346,18753,173
25028,2025-02-07,35753962,0.0,5693,1040,8374,346,0,173
25029,2025-02-08,35413270,0.0,13319,1040,0,346,25648,173
25030,2025-02-09,35368234,0.0,25685,1040,0,346,42957,173
25031,2025-02-10,38253424,0.0,25499,1040,0,346,63007,173
25032,2025-02-11,37794036,0.0,14527,1040,0,346,28475,173
25033,2025-02-12,38815868,0.0,14762,1040,0,346,22690,173
25034,2025-02-13,42410568,0.0,6553,1040,0,346,18120,173
25035,2025-02-14,44049988,0.0,6742,1040,0,346,21198,173
25036,2025-02-15,42301630,0.0,15989,1040,0,346,53642,173
25037,2025-02-16,42764852,0.0,20053,1040,0,346,61028,173
25038,2025-02-17,44822046,0.0,17848,1040,36072,346,0,173
25039,2025-02-18,44654552,0.0,12152,1040,15507,346,0,173
25040,2025-02-19,45446830,0.0,20063,1040,0,346,36241,173
25041,2025-02-20,44854782,0.0,11547,1040,0,346,53451,173
25042,2025-02-21,46836224,0.0,10497,1040,0,346,54416,173
25043,2025-02-22,46925430,0.0,10535,1040,18891,346,0,173
25044,2025-02-23,47234920,0.0,9884,1040,0,346,40133,173
25045,2025-02-24,49077196,0.0,15107,1040,20597,346,0,173
25046,2025-02-25,48723810,0.0,11220,1040,0,346,61945,173
25047,2025-02-26,49230780,0.0,10242,1040,0,346,42489,173
25048,2025-02-27,51137950,0.0,13932,1040,0,346,32783,173
25049,2025-02-28,53726886,0.0,14432,1040,0,346,34154,173
25050,2025-03-01,51652378,0.0,7296,1040,0,346,27800,173
25051,2025-03-02,51205678,0.0,10537,1040,0,346,49283,173
25052,2025-03-03,53388366,0.0,21402,1040,28357,346,0,173
25053,2025-03-04,52912096,0.0,15258,1040,17033,346,0,173
25054,2025-03-05,53121250,0.0,18318,1040,0,346,75803,173
25055,2025-03-06,53390774,0.0,15734,1040,0,346,58249,173
25056,2025-03-07,56590956,0.0,11233,1040,0,346,65163,173
25057,2025-03-08,53225214,0.0,11684,1040,0,346,56772,173
25058,2025-03-09,52974166,0.0,20213,1040,0,346,57593,173
25059,2025-03-10,55499380,0.0,12766,1040,25787,346,0,173
25060,2025-03-11,54121644,0.0,13888,1040,0,346,50206,173
25061,2025-03-12,55811798,0.0,12539,1040,0,346,62873,173
25062,2025-03-13,56344018,0.0,28717,1040,0,346,76553,173
25063,2025-03-14,59365824,0.0,13785,1040,22557,346,0,173
25064,2025-03-15,54660558,0.0,16765,1040,27087,346,0,173
25065,2025-03-16,55404462,0.0,16952,1040,15130,346,0,173
25066,2025-03-17,60185314,0.0,24572,1040,0,346,94517,173
25067,2025-03-18,58379340,0.0,16288,1040,0,346,85235,173
25068,2025-03-19,62172308,0.0,17193,1040,0,346,80084,173
25069,2025-03-20,63673658,0.0,10541,1040,0,346,67566,173
25070,2025-03-21,63686440,0.0,16687,1040,22574,346,0,173
25071,2025-03-22,61039324,0.0,21031,1040,0,346,102713,173
25072,2025-03-23,61663096,0.0,23299,1040,0,346,110678,173
25073,2025-03-24,64469010,0.0,17075,1040,0,346,70447,173
25074,2025-03-25,60149682,0.0,11921,1040,0,346,62777,173
25075,2025-03-26,63706486,0.0,24444,1040,0,346,99778,173
25076,2025-03-27,64351772,0.0,21092,1040,0,346,50701,173
25077,2025-03-28,63392140,0.0,15267,1040,0,346,91113,173
25078,2025-03-29,60564768,0.0,13909,1040,28882,346,0,173
25079,2025-03-30,59191670,0.0,16210,1040,0,346,76106,173
25080,2025-03-31,60732312,0.0,39983,1040,0,346,132030,173
25081,2025-04-01,61866438,0.0,14825,1040,25531,346,0,173
25082,2025-04-02,60433746,0.0,16531,1040,21817,346,0,173
25083,2025-04-03,63317664,0.0,12360,1040,0,346,67028,173
25084,2025-04-04,61339394,0.0,13110,1040,0,346,44194,173
25085,2025-04-05,57553716,0.0,12415,1040,19620,346,0,173
25086,2025-04-06,59049224,0.0,19264,1040,0,346,76108,173
25087,2025-04-07,61106258,0.0,22051,1040,0,346,77009,173
25088,2025-04-08,59224528,0.0,154801,1040,0,346,0,173
25089,2025-04-09,54385350,0.0,16651,1040,0,346,63366,173
25090,2025-04-10,56342942,0.0,10585,1040,15051,346,0,173
25091,2025-04-11,57558184,0.0,13721,1040,0,346,41740,173
25092,2025-04-12,53196800,0.0,23154,1040,0,346,79766,173
25093,2025-04-13,52455948,0.0,18326,1040,0,346,68387,173
25094,2025-04-14,53227260,0.0,11189,1040,0,346,68138,173
25095,2025-04-15,55622330,0.0,22817,1040,0,346,83246,173
25096,2025-04-16,55988208,0.0,22163,1040,0,346,51782,173
25097,2025-04-17,58130464,0.0,13803,1040,27779,346,0,173
25098,2025-04-18,57618998,0.0,13707,1040,0,346,44962,173
25099,2025-04-19,54961434,0.0,11070,1040,0,346,60108,173
25100,2025-04-20,54945232,0.0,8686,1040,13860,346,0,173
25101,2025-04-21,54848084,0.0,11044,1040,16145,346,0,173
25102,2025-04-22,57635806,0.0,15645,1040,14087,346,0,173
25103,2025-04-23,56938194,0.0,12714,1040,0,346,58137,173
25104,2025-04-24,59353636,0.0,21384,1040,16024,346,0,173
25105,2025-04-25,60180820,0.0,36422,1040,0,346,41656,173
25106,2025-04-26,49128302,0.0,11926,1040,0,346,45301,173
25107,2025-04-27,49048692,0.0,14829,1040,0,346,55839,173
25108,2025-04-28,48371056,0.0,13843,1040,24458,346,0,173
25109,2025-04-29,49652976,0.0,17516,1040,0,346,60886,173
25110,2025-04-30,49043094,0.0,10784,1040,15635,346,0,173
25111,2025-05-01,45932542,0.0,11294,1040,14618,346,0,173
25112,2025-05-02,45620958,0.0,12736,1040,0,346,54046,173
25113,2025-05-03,44106672,0.0,10074,1040,0,346,34261,173
25114,2025-05-04,44253030,0.0,13501,1040,0,346,37783,173
25115,2025-05-05,45674430,0.0,25526,1040,0,346,62943,173
25116,2025-05-06,47094658,0.0,19225,1040,0,346,39035,173
25117,2025-05-07,46688026,0.0,7824,1040,0,346,51208,173
25118,2025-05-08,46635956,0.0,32457,1040,34330,346,0,173
25119,2025-05-09,46097082,0.0,19876,1040,0,346,34739,173
25120,2025-05-10,43254136,0.0,12787,1040,0,346,51486,173
25121,2025-05-11,42652598,0.0,14744,1040,17317,346,0,173
25122,2025-05-12,44205094,0.0,7191,1040,12018,346,0,173
25123,2025-05-13,43952736,0.0,16478,1040,0,346,38441,173
25124,2025-05-14,43529612,0.0,25842,1040,0,346,60814,173
25125,2025-05-15,46461102,0.0,10283,1040,0,346,39764,173
25126,2025-05-16,47094350,0.0,19123,1040,0,346,55218,173
25127,2025-05-17,44682080,0.0,14085,1040,0,346,37833,173
25128,2025-05-18,44878152,0.0,12008,1040,0,346,33219,173
25129,2025-05-19,45546524,0.0,16899,1040,0,346,48020,173
25130,2025-05-20,46790738,0.0,13466,1040,0,346,28155,173
25131,2025-05-21,46097340,0.0,19995,1040,0,346,72800,173
25132,2025-05-22,47697342,0.0,14555,1040,0,346,50588,173
25133,2025-05-23,49438030,0.0,11347,1040,28889,346,0,173
25134,2025-05-24,44069640,0.0,11084,1040,0,346,30783,173
25135,2025-05-25,43368334,0.0,10950,1040,0,346,43004,173
25136,2025-05-26,44722118,0.0,16834,1040,0,346,56691,173
25137,2025-05-27,45909484,0.0,13808,1040,0,346,61013,173
25138,2025-05-28,45799758,0.0,10691,1040,0,346,54032,173
25139,2025-05-29,46633066,0.0,11564,1040,19007,346,0,173
25140,2025-05-30,46867944,0.0,26386,1040,0,346,77736,173
25141,2025-05-31,44029278,0.0,21490,1040,0,346,65504,173
25142,2025-06-01,44668374,0.0,15980,1040,17249,346,0,173
25143,2025-06-02,46999706,0.0,19785,1040,19264,346,0,173
25144,2025-06-03,46711322,0.0,16407,1040,0,346,48689,173
25145,2025-06-04,47644270,0.0,15423,1040,0,346,63589,173
25146,2025-06-05,47080236,0.0,10830,1040,15176,346,0,173
25147,2025-06-06,48458226,0.0,9509,1040,0,346,39504,173
25148,2025-06-07,45486410,0.0,18100,1040,18309,346,0,173
25149,2025-06-08,46078450,0.0,16480,1040,15322,346,0,173
25150,2025-06-09,47699568,0.0,9929,1040,11911,346,0,173
25151,2025-06-10,47169374,0.0,10295,1040,10840,346,0,173
25152,2025-06-11,49105924,0.0,12086,1040,15256,346,0,173
25153,2025-06-12,52184944,0.0,17896,1040,0,346,58360,173
25154,2025-06-13,51223360,0.0,13343,1040,13652,346,0,173
25155,2025-06-14,47283924,0.0,6434,1040,8454,346,0,173
25156,2025-06-15,46652172,0.0,22800,1040,0,346,72237,173
25157,2025-06-16,47277444,0.0,10937,1040,0,346,44184,173
25158,2025-06-17,48710350,0.0,13490,1040,14484,346,0,173
25159,2025-06-18,48127526,0.0,13319,1040,0,346,56916,173
25160,2025-06-19,49036732,0.0,9416,1040,17371,346,0,173
25161,2025-06-20,48302050,0.0,14537,1040,0,346,45316,173
25162,2025-06-21,46762460,0.0,26815,1040,0,346,61288,173
25163,2025-06-22,46907448,0.0,20221,1040,15821,346,0,173
25164,2025-06-23,46936360,0.0,25363,1040,0,346,59283,173
25165,2025-06-24,47579256,0.0,11794,1040,0,346,23157,173
25166,2025-06-25,45685364,0.0,11784,1040,15775,346,0,173
25167,2025-06-26,45538012,0.0,17248,1040,0,346,48865,173
25168,2025-06-27,48507582,0.0,7458,1040,0,346,21098,173
25169,2025-06-28,44446558,0.0,13903,1040,18518,346,0,173
25170,2025-06-29,44252054,0.0,8570,1040,0,346,22429,173
25171,2025-06-30,46002634,0.0,7737,1040,0,346,21665,173
25172,2025-07-01,46789098,0.0,18785,1040,0,346,61741,173
25173,2025-07-02,46855138,0.0,24040,1040,0,346,62550,173
25174,2025-07-03,47209552,0.0,10566,1040,16759,346,0,173
25175,2025-07-04,46241250,0.0,15885,1040,0,346,36122,173
25176,2025-07-05,44958096,0.0,11518,1040,11552,346,0,173
25177,2025-07-06,45110690,0.0,10724,1040,13993,346,0,173
25178,2025-07-07,45681562,0.0,20578,1040,0,346,52031,173
25179,2025-07-08,46617630,0.0,8411,1040,0,346,34712,173
25180,2025-07-09,46440474,0.0,16699,1040,23553,346,0,173
25181,2025-07-10,45941310,0.0,7703,1040,0,346,28661,173
25182,2025-07-11,47133406,0.0,17531,1040,0,346,54433,173
25183,2025-07-12,45802398,0.0,15797,1040,20501,346,0,173
25184,2025-07-13,44695736,0.0,10807,1040,15449,346,0,173
25185,2025-07-14,46763502,0.0,28904,1040,0,346,49969,173
25186,2025-07-15,46664840,0.0,19552,1040,0,346,41557,173
25187,2025-07-16,47531214,0.0,14181,1040,0,346,41049,173
25188,2025-07-17,47721700,0.0,13809,1040,0,346,45559,173
25189,2025-07-18,47705572,0.0,28131,1040,50837,346,0,173
25190,2025-07-19,43340406,0.0,12967,1040,13102,346,0,173
25191,2025-07-20,43586882,0.0,14929,1040,14737,346,0,173
25192,2025-07-21,45879482,0.0,8829,1040,0,346,50991,173
25193,2025-07-22,45803120,0.0,17741,1040,0,346,58908,173
25194,2025-07-23,46430974,0.0,11998,1040,0,346,46354,173
25195,2025-07-24,46460226,0.0,7458,1040,0,346,27135,173
25196,2025-07-25,45966192,0.0,19028,1040,0,346,48323,173
25197,2025-07-26,44677662,0.0,9835,1040,0,346,31626,173
25198,2025-07-27,45307300,0.0,34719,1040,41111,346,0,173
25199,2025-07-28,46170636,0.0,23341,1040,0,346,55147,173
25200,2025-07-29,46599904,0.0,12224,1040,15149,346,0,173
25201,2025-07-30,45281238,0.0,6008,1040,0,346,27599,173
25202,2025-07-31,46973670,0.0,12269,1040,0,346,72784,173
25203,2025-08-01,47795862,0.0,18485,1040,0,346,50331,173
25204,2025-08-02,46190708,0.0,9867,1040,0,346,27880,173
25205,2025-08-03,47329606,0.0,9897,1040,0,346,33174,173
25206,2025-08-04,47709112,0.0,9843,1040,0,346,41610,173
25207,2025-08-05,50083712,0.0,16534,1040,0,346,48919,173
25208,2025-08-06,50592066,0.0,13583,1040,0,346,47203,173
25209,2025-08-07,50250070,0.0,14712,1040,0,346,45586,173
25210,2025-08-08,52322768,0.0,21139,1040,43720,346,0,173
25211,2025-08-09,45246586,0.0,18648,1040,14978,346,0,173
25212,2025-08-10,42650518,0.0,9808,1040,11156,346,0,173
25213,2025-08-11,44045372,0.0,14205,1040,13433,346,0,173
25214,2025-08-12,44169466,0.0,26446,1040,0,346,60660,173
25215,2025-08-13,45029110,0.0,14333,1040,0,346,46774,173
25216,2025-08-14,44849078,0.0,10357,1040,0,346,35394,173
25217,2025-08-15,46537274,0.0,28159,1040,23130,346,0,173
25218,2025-08-16,44042612,0.0,16402,1040,0,346,43425,173
25219,2025-08-17,44321482,0.0,30473,1040,0,346,50294,173
25220,2025-08-18,46280558,0.0,11126,1040,21164,346,0,173
25221,2025-08-19,46191892,0.0,11673,1040,0,346,37808,173
25222,2025-08-20,46652976,0.0,16897,1040,18821,346,0,173
25223,2025-08-21,47061828,0.0,7659,1040,0,346,40415,173
25224,2025-08-22,47487634,0.0,7832,1040,0,346,29681,173
25225,2025-08-23,44378476,0.0,14005,1040,23756,346,0,173
25226,2025-08-24,42857466,0.0,12652,1040,15912,346,0,173
25227,2025-08-25,44299856,0.0,11355,1040,0,346,52137,173
25228,2025-08-26,43987210,0.0,17788,1040,0,346,49173,173
25229,2025-08-27,44496406,0.0,12142,1040,0,346,32072,173
25230,2025-08-28,44134028,0.0,12062,1040,0,346,53205,173
25231,2025-08-29,44427866,0.0,29589,1040,0,346,78440,173
25232,2025-08-30,43602432,0.0,18232,1040,0,346,49135,173
25233,2025-08-31,44490830,0.0,10288,1040,0,346,30780,173
25234,2025-09-01,49421578,0.0,16086,1040,27415,346,0,173
25235,2025-09-02,48122758,0.0,38865,1040,0,346,37322,173
25236,2025-09-03,49042666,0.0,16499,1040,19933,346,0,173
25237,2025-09-04,46539938,0.0,20522,1040,0,346,38471,173
25238,2025-09-05,49300366,0.0,8694,1040,0,346,54839,173
25239,2025-09-06,47066392,0.0,8499,1040,13071,346,0,173
25240,2025-09-07,45322670,0.0,17707,1040,0,346,52653,173
25241,2025-09-08,46270890,0.0,9395,1040,0,346,40927,173
25242,2025-09-09,46643606,0.0,21547,1040,0,346,50756,173
25243,2025-09-10,48843454,0.0,18414,1040,0,346,39809,173
25244,2025-09-11,49480134,0.0,22410,1040,0,346,54616,173
25245,2025-09-12,48764836,0.0,14990,1040,31462,346,0,173
25246,2025-09-13,45439308,0.0,11926,1040,0,346,27314,173
25247,2025-09-14,45302228,0.0,15123,1040,0,346,81978,173
25248,2025-09-15,50192296,0.0,14887,1040,0,346,59254,173
25249,2025-09-16,49076528,0.0,19862,1040,0,346,47145,173
25250,2025-09-17,48812890,0.0,30378,1040,0,346,79196,173
25251,2025-09-18,51272102,0.0,19837,1040,30310,346,0,173
25252,2025-09-19,50362160,0.0,10285,1040,0,346,38503,173
25253,2025-09-20,47495116,0.0,9906,1040,0,346,53222,173
25254,2025-09-21,47108894,0.0,15668,1040,0,346,54720,173
25255,2025-09-22,49276868,0.0,15670,1040,0,346,73529,173
25256,2025-09-23,48387158,0.0,13203,1040,20149,346,0,173
25257,2025-09-24,47119326,0.0,11950,1040,0,346,53178,173
25258,2025-09-25,47985370,0.0,20691,1040,0,346,61104,173
25259,2025-09-26,49061130,0.0,11329,1040,0,346,46522,173
25260,2025-09-27,47424702,0.0,16238,1040,0,346,51008,173
25261,2025-09-28,47679384,0.0,15919,1040,23960,346,0,173
25262,2025-09-29,48272584,0.0,11806,1040,0,346,47651,173
25263,2025-09-30,48001562,0.0,26501,1040,0,346,48068,173
25264,2025-10-05,40532416,0.0,8414,1040,8484,346,0,173
25265,2025-10-06,42947242,0.0,11973,1040,0,346,37812,173
25266,2025-10-07,43607916,0.0,12164,1040,0,346,56600,173
25267,2025-10-08,45163334,0.0,15616,1040,0,346,80266,173
25268,2025-10-09,45568742,0.0,11257,1040,0,346,45758,173
25269,2025-10-10,47750748,0.0,14016,1040,0,346,56968,173
25270,2025-10-11,47266960,0.0,9829,1040,0,346,28023,173
25271,2025-10-12,47431570,0.0,10899,1040,28223,346,0,173
25272,2025-10-13,45265416,0.0,15106,1040,16428,346,0,173
25273,2025-10-14,46626576,0.0,13414,1040,0,346,63003,173
25274,2025-10-15,48720404,0.0,10239,1040,10135,346,0,173
25275,2025-10-16,48711386,0.0,15321,1040,0,346,43335,173
25276,2025-10-17,49156600,0.0,10330,1040,0,346,70040,173
25277,2025-10-18,46750820,0.0,9116,1040,0,346,59682,173
25278,2025-10-19,45307538,0.0,15090,1040,0,346,65533,173
25279,2025-10-20,47648720,0.0,25622,1040,0,346,59798,173
25280,2025-10-21,47608672,0.0,26452,1040,0,346,43009,173
25281,2025-10-22,46608968,0.0,21575,1040,34886,346,0,173
25282,2025-10-23,44828306,0.0,14207,1040,0,346,48752,173
25283,2025-10-24,45175604,0.0,6224,1040,0,346,28794,173
25284,2025-10-25,42914004,0.0,14772,1040,0,346,64441,173
25285,2025-10-26,41900570,0.0,9166,1040,0,346,23756,173
25286,2025-10-27,42721126,0.0,11961,1040,0,346,61393,173
25287,2025-10-28,43942962,0.0,25143,1040,0,346,26366,173
25288,2025-10-29,44304200,0.0,10407,1040,0,346,27932,173
25289,2025-10-30,46285448,0.0,10367,1040,0,346,38802,173
25290,2025-10-31,47479728,0.0,9552,1040,0,346,36018,173
25291,2025-11-01,46348072,0.0,8366,1040,0,346,35002,173
25292,2025-11-02,46530010,0.0,27885,1040,0,346,81241,173
25293,2025-11-03,47686656,0.0,7722,1040,0,346,23235,173
25294,2025-11-04,46451258,0.0,9327,1040,32350,346,0,173
25295,2025-11-05,39733456,0.0,8827,1040,0,346,29480,173
25296,2025-11-06,40842320,0.0,7549,1040,0,346,29349,173
25297,2025-11-07,42304904,0.0,7576,1040,0,346,39353,173
25298,2025-11-08,40125874,0.0,10399,1040,17584,346,0,173
25299,2025-11-09,40557588,0.0,10276,1040,12385,346,0,173
25300,2025-11-10,42402448,0.0,11408,1040,0,346,40787,173
25301,2025-11-11,43389250,0.0,31689,1040,0,346,82447,173
25302,2025-11-12,45574232,0.0,10244,1040,0,346,38410,173
25303,2025-11-13,43677260,0.0,9974,1040,0,346,44656,173
25304,2025-11-14,44766326,0.0,13315,1040,0,346,31516,173
25305,2025-11-15,42459870,0.0,29353,1040,0,346,40106,173
25306,2025-11-16,43275024,0.0,12583,1040,0,346,39621,173
25307,2025-11-17,43914946,0.0,16572,1040,0,346,32386,173
25308,2025-11-18,43023526,0.0,23296,1040,0,346,61690,173
25309,2025-11-19,45229178,0.0,45403,1040,0,346,83589,173
25310,2025-11-20,47882870,0.0,8928,1040,0,346,31462,173
25311,2025-11-21,48285388,0.0,10474,1040,25091,346,0,173
25312,2025-11-22,41873328,0.0,10419,1040,0,346,26868,173
25313,2025-11-23,42293774,0.0,28295,1040,28955,346,0,173
25314,2025-11-24,41795138,0.0,10888,1040,0,346,37876,173
25315,2025-11-25,41459544,0.0,11249,1040,0,346,52314,173
25316,2025-11-26,42524846,0.0,16598,1040,0,346,45332,173
25317,2025-11-27,43415810,0.0,18033,1040,0,346,66962,173
25318,2025-11-28,43966766,0.0,17348,1040,0,346,63193,173
25319,2025-11-29,42913338,0.0,18619,1040,0,346,36329,173
25320,2025-11-30,42653294,0.0,15923,1040,0,346,59866,173
25321,2025-12-01,44416232,0.0,9271,1040,0,346,25769,173
25322,2025-12-02,44140696,0.0,12002,1040,0,346,47032,173
25323,2025-12-03,45586654,0.0,23890,1040,0,346,41071,173
25324,2025-12-04,46764714,0.0,12803,1040,0,346,49247,173
25325,2025-12-05,48812104,0.0,25291,1040,0,346,42057,173
25326,2025-12-06,48168042,0.0,6434,1040,0,346,26736,173
25327,2025-12-07,48492606,0.0,10756,1040,0,346,39765,173
25328,2025-12-08,49991452,0.0,10734,1040,0,346,38339,173
25329,2025-12-09,49230096,0.0,27802,1040,0,346,36750,173
25330,2025-12-10,50453640,0.0,30238,1040,0,346,57436,173
25331,2025-12-11,51634338,0.0,8144,1040,0,346,30992,173
25332,2025-12-12,53041038,0.0,11781,1040,38259,346,0,173
25333,2025-12-13,41990148,0.0,7848,1040,0,346,41470,173
25334,2025-12-14,43055916,0.0,14412,1040,0,346,62525,173
25335,2025-12-15,46540470,0.0,29763,1040,0,346,105283,173
25336,2025-12-16,48085550,0.0,30175,1040,0,346,54134,173
25337,2025-12-17,48171132,0.0,20387,1040,27701,346,0,173
25338,2025-12-18,47276022,0.0,11200,1040,0,346,49156,173
25339,2025-12-19,48653844,0.0,11832,1040,14039,346,0,173
25340,2025-12-20,43758152,0.0,15768,1040,18653,346,0,173
25341,2025-12-21,43388378,0.0,18590,1040,0,346,70876,173
25342,2025-12-22,45550206,0.0,15647,1040,0,346,32835,173
25343,2025-12-23,46170818,0.0,6059,1040,0,346,25079,173
25344,2025-12-24,44155692,0.0,15083,1040,0,346,51248,173
25345,2025-12-25,46023798,0.0,7387,1040,0,346,48296,173
25346,2025-12-26,46322672,0.0,25897,1040,0,346,99034,173
25347,2025-12-27,45789436,0.0,11188,1040,0,346,48483,173
25348,2025-12-28,45566480,0.0,27169,1040,31944,346,0,173
25349,2025-12-29,45531790,0.0,9890,1040,0,346,31354,173
25350,2025-12-30,45598826,0.0,7193,1040,0,346,40703,173
25351,2025-12-31,46767060,0.0,10809,1040,0,346,33790,173
26001,2026-01-01,43071776,0.0,9439,1040,0,346,36316,173
26002,2026-01-02,45478560,0.0,15342,1040,0,346,37438,173
26003,2026-01-03,44816132,0.0,5707,1040,0,346,21504,173
26004,2026-01-04,44922926,0.0,11907,1040,14652,346,0,173
26005,2026-01-05,47614316,0.0,6266,1040,0,346,31879,173
26006,2026-01-06,47172034,0.0,20966,1040,0,346,52434,173
26007,2026-01-07,47638488,0.0,21447,1040,0,346,48423,173
26008,2026-01-08,49053440,0.0,23752,1040,0,346,64659,173
26009,2026-01-09,50345910,0.0,14212,1040,0,346,64115,173
26010,2026-01-10,47468230,0.0,9545,1040,0,346,23180,173
26011,2026-01-11,47360424,0.0,7891,1040,13752,346,0,173
26012,2026-01-12,47234854,0.0,11346,1040,13919,346,0,173
26013,2026-01-13,47370008,0.0,16290,1040,32303,346,0,173
26014,2026-01-14,47280046,0.0,15533,1040,18729,346,0,173
26015,2026-01-15,51170014,0.0,10662,1040,12465,346,0,173
26016,2026-01-16,51594248,0.0,10914,1040,0,346,62252,173
26017,2026-01-17,48783428,0.0,9112,1040,11500,346,0,173
26018,2026-01-18,47174042,0.0,9213,1040,0,346,63879,173
26019,2026-01-19,46540060,0.0,10439,1040,14028,346,0,173
26020,2026-01-20,46920772,0.0,5317,1040,0,346,26630,173
26021,2026-01-21,46388344,0.0,16759,1040,0,346,76448,173
26022,2026-01-22,47801192,0.0,9414,1040,16729,346,0,173
26023,2026-01-23,48286714,0.0,9243,1040,0,346,39340,173
26024,2026-01-24,45480226,0.0,15048,1040,0,346,53235,173
26025,2026-01-25,48072982,0.0,16340,1040,18716,346,0,173
26026,2026-01-26,47032724,0.0,10545,1040,0,346,47139,173
26027,2026-01-27,48209142,0.0,8340,1040,0,346,30835,173
26028,2026-01-28,47355272,0.0,8403,1040,13254,346,0,173
26029,2026-01-29,47290128,0.0,16645,1040,0,346,53647,173
26030,2026-01-30,48548652,0.0,13719,1040,13729,346,0,173
26031,2026-01-31,46495692,0.0,24509,1040,0,346,64095,173
26032,2026-02-01,44133110,0.0,7889,1040,0,346,33496,173
26033,2026-02-02,44245664,0.0,7119,1040,13324,346,0,173
26034,2026-02-03,44754172,0.0,19363,1040,0,346,49152,173
26035,2026-02-04,46022904,0.0,10857,1040,18518,346,0,173
26036,2026-02-05,45796044,0.0,17479,1040,19634,346,0,173
26037,2026-02-06,46599692,0.0,9062,1040,0,346,45544,173
26038,2026-02-07,43497918,0.0,24509,1040,0,346,43011,173
26039,2026-02-08,43767072,0.0,15840,1040,0,346,56324,173
26040,2026-02-09,45254514,0.0,8217,1040,16636,346,0,173
26041,2026-02-10,44172108,0.0,14750,1040,0,346,67451,173
26042,2026-02-11,44795226,0.0,9086,1040,0,346,45314,173
26043,2026-02-12,47599816,0.0,16506,1040,0,346,36793,173
26044,2026-02-13,52775356,0.0,10212,1040,0,346,29282,173
26045,2026-02-24,38031032,0.0,10962,1040,16837,346,0,173
26046,2026-02-25,37563382,0.0,8204,1040,0,346,27345,173
26047,2026-02-26,39186242,0.0,13471,1040,8027,346,0,173
26048,2026-02-27,39455838,0.0,12373,1040,0,346,21511,173
26049,2026-02-28,39546346,0.0,11551,1040,0,346,43116,173
26050,2026-03-01,38358294,0.0,12383,1040,0,346,48820,173
26051,2026-03-02,39436318,0.0,4737,1040,0,346,18582,173
26052,2026-03-03,38157830,0.0,11301,1040,0,346,35806,173
26053,2026-03-04,40711862,0.0,11500,1040,21797,346,0,173
26054,2026-03-05,41928336,0.0,10519,1040,17402,346,0,173
26055,2026-03-06,45336834,0.0,16457,1040,0,346,52480,173
26056,2026-03-07,44238688,0.0,25741,1040,20007,346,0,173
26057,2026-03-08,44753626,0.0,13895,1040,0,346,43822,173
26058,2026-03-09,46897978,0.0,12661,1040,0,346,38579,173
26059,2026-03-10,48016878,0.0,8253,1040,0,346,30215,173
26060,2026-03-11,48377548,0.0,21261,1040,30145,346,0,173
26061,2026-03-12,47155534,0.0,24854,1040,0,346,87604,173
26062,2026-03-13,49523218,0.0,16713,1040,0,346,46191,173
26063,2026-03-14,46414680,0.0,18058,1040,0,346,53304,173
26064,2026-03-15,47642550,0.0,17958,1040,0,346,85328,173
26065,2026-03-16,50548028,0.0,21191,1040,0,346,42713,173
26066,2026-03-17,50583274,0.0,8597,1040,0,346,38174,173
26067,2026-03-18,51401028,0.0,10651,1040,0,346,41383,173
26068,2026-03-19,52331916,0.0,6454,1040,0,346,26014,173
26069,2026-03-20,52935416,0.0,13226,1040,23312,346,0,173
26070,2026-03-21,49490874,0.0,9305,1040,14730,346,0,173
26071,2026-03-22,49614850,0.0,11334,1040,20178,346,0,173
26072,2026-03-23,53594390,0.0,17771,1040,18801,346,0,173
26073,2026-03-24,53918488,0.0,17789,1040,0,346,70939,173
26074,2026-03-25,55163146,0.0,17442,1040,0,346,61775,173
26075,2026-03-26,52871312,0.0,18160,1040,0,346,83676,173
26076,2026-03-27,54477624,0.0,21009,1040,0,346,54668,173
26077,2026-03-28,50955800,0.0,10828,1040,0,346,32162,173
26078,2026-03-29,51373442,0.0,16697,1040,0,346,52474,173
26079,2026-03-30,52700802,0.0,12178,1040,0,346,87743,173
26080,2026-03-31,51351132,0.0,9227,1040,21271,346,0,173
26081,2026-04-01,50752694,0.0,9981,1040,0,346,51262,173
26082,2026-04-02,51391886,0.0,11771,1040,0,346,31033,173
26083,2026-04-03,48298094,0.0,27766,1040,0,346,24774,173
26084,2026-04-04,42293202,0.0,5415,1040,9992,346,0,173
26085,2026-04-05,41200154,0.0,9419,1040,9692,346,0,173
26086,2026-04-06,41829814,0.0,9371,1040,13617,346,0,173
26087,2026-04-07,43985496,0.0,6915,1040,8853,346,0,173
26088,2026-04-08,43648802,0.0,8742,1040,14633,346,0,173
26089,2026-04-09,45057426,0.0,14479,1040,0,346,69173,173
26090,2026-04-10,45740828,0.0,10379,1040,0,346,63194,173
26091,2026-04-11,41781760,0.0,6491,1040,8198,346,0,173
26092,2026-04-12,41607598,0.0,26866,1040,0,346,52854,173
26093,2026-04-13,42091846,0.0,11619,1040,15937,346,0,173
26094,2026-04-14,41012210,0.0,9456,1040,0,346,49656,173
26095,2026-04-15,40469902,0.0,12333,1040,0,346,57931,173
26096,2026-04-16,41856948,0.0,21625,1040,0,346,45839,173
26097,2026-04-17,42887804,0.0,14161,1040,17489,346,0,173
26098,2026-04-18,39351810,0.0,10661,1040,0,346,43140,173
26099,2026-04-19,39698476,0.0,7364,1040,11975,346,0,173
26100,2026-04-20,40516162,0.0,9395,1040,0,346,33096,173
26101,2026-04-21,40573174,0.0,12917,1040,17252,346,0,173
26102,2026-04-22,39903126,0.0,5062,1040,0,346,23750,173
26103,2026-04-23,40625190,0.0,12342,1040,0,346,26779,173
26104,2026-04-24,41183076,0.0,13264,1040,0,346,48237,173
26105,2026-04-25,38295050,0.0,28480,1040,0,346,49340,173
26106,2026-04-26,40031286,0.0,9709,1040,16543,346,0,173
26107,2026-04-27,40024490,0.0,15586,1040,0,346,41586,173
26108,2026-04-28,40892118,0.0,10923,1040,35963,346,0,173
26109,2026-04-29,39737518,0.0,11457,1040,15826,346,0,173
26110,2026-04-30,40470326,0.0,5832,1040,10767,346,0,173
26111,2026-05-01,39817952,0.0,14467,1040,14361,346,0,173
26112,2026-05-02,37641162,0.0,11838,1040,0,346,70728,173
26113,2026-05-03,37429024,0.0,20751,1040,0,346,37142,173
26114,2026-05-04,38701468,0.0,8603,1040,0,346,60785,173
26115,2026-05-05,38188964,0.0,112987,1040,0,346,0,173
26116,2026-05-06,37501016,0.0,10451,1040,0,346,29763,173
26117,2026-05-07,40623904,0.0,5211,1040,0,346,20923,173
26118,2026-05-08,40972272,0.0,19408,1040,23315,346,0,173
26119,2026-05-09,38826412,0.0,52224,1040,0,346,0,173
26120,2026-05-10,37419262,0.0,8275,1040,0,346,28762,173
26121,2026-05-11,38353950,0.0,6487,1040,10630,346,0,173
26122,2026-05-12,39457742,0.0,12148,1040,16254,346,0,173
26123,2026-05-13,38495204,0.0,14904,1040,18890,346,0,173
26124,2026-05-14,41084488,0.0,12806,1040,0,346,60910,173
26125,2026-05-15,41396302,0.0,17670,1040,0,346,57920,173
26126,2026-05-16,39057440,0.0,11834,1040,0,346,48023,173
26127,2026-05-17,39378390,0.0,10901,1040,0,346,52400,173
26128,2026-05-18,40368188,0.0,17694,1040,0,346,38581,173
26129,2026-05-19,41518498,0.0,19265,1040,0,346,36790,173
26130,2026-05-20,41658672,0.0,11869,1040,21434,346,0,173
26131,2026-05-21,40047706,0.0,11790,1040,0,346,29842,173
26132,2026-05-22,40650320,0.0,15798,1040,23319,346,0,173
26133,2026-05-23,38289672,0.0,14261,1040,0,346,56351,173
26134,2026-05-24,38656728,0.0,10859,1040,16063,346,0,173
26135,2026-05-25,39536496,0.0,10616,1040,11140,346,0,173
26136,2026-05-26,40077704,0.0,12555,1040,16510,346,0,173
26137,2026-05-27,40138234,0.0,14525,1040,15591,346,0,173
26138,2026-05-28,42200428,0.0,12934,1040,0,346,48567,173
26139,2026-05-29,42845594,0.0,26044,1040,0,346,50233,173
26140,2026-05-30,39014912,0.0,12992,1040,0,346,33460,173
26141,2026-05-31,39271024,0.0,10295,1040,0,346,29405,173
26142,2026-06-01,39930908,0.0,11029,1040,0,346,30937,173
26143,2026-06-02,41019924,0.0,22335,1040,32618,346,0,173
26144,2026-06-03,40760698,0.0,19488,1040,0,346,39398,173
26145,2026-06-04,42385538,0.0,12079,1040,14494,346,0,173
26146,2026-06-05,42284342,0.0,11735,1040,0,346,32668,173
26147,2026-06-06,42171618,0.0,11646,1040,0,346,42352,173
26148,2026-06-07,41646112,0.0,13507,1040,0,346,26402,173
26149,2026-06-08,42198490,0.0,12716,1040,0,346,36227,173
26150,2026-06-09,43028356,0.0,6234,1040,0,346,23093,173
26151,2026-06-10,43276986,0.0,8057,1040,0,346,28337,173
26152,2026-06-11,42845084,0.0,13656,1040,20770,346,0,173
26153,2026-06-12,41967620,0.0,11379,1040,0,346,16557,173
26154,2026-06-13,39529744,0.0,12646,1040,0,346,40815,173
26155,2026-06-14,40338066,0.0,10820,1040,0,346,40481,173
26156,2026-06-15,40253004,0.0,12228,1040,0,346,32972,173
26157,2026-06-16,41164108,0.0,13804,1040,0,346,31605,173
26158,2026-06-17,40190418,0.0,15705,1040,18188,346,0,173
26159,2026-06-18,39842652,0.0,21636,1040,20080,346,0,173
26160,2026-06-19,38852758,0.0,6915,1040,12545,346,0,173
26161,2026-06-20,38083358,0.0,8699,1040,0,346,37766,173
26162,2026-06-21,38537418,0.0,23793,1040,0,346,48878,173
26163,2026-06-22,38803846,0.0,10741,1040,0,346,32052,173
26164,2026-06-23,40719388,0.0,16287,1040,0,346,39958,173
26165,2026-06-24,41483560,0.0,26834,1040,0,346,53384,173
26166,2026-06-25,41993440,0.0,11267,1040,18961,346,0,173
26167,2026-06-26,41510500,0.0,12372,1040,0,346,29837,173
26168,2026-06-27,39485128,0.0,11290,1040,0,346,31366,173
26169,2026-06-28,42249318,0.0,17295,1040,16385,346,0,173
26170,2026-06-29,40846786,0.0,17210,1040,0,346,57879,173
26171,2026-06-30,43103806,0.0,11706,1040,0,346,28764,173
26172,2026-07-01,43146046,0.0,28368,1040,25351,346,0,173
26173,2026-07-02,43179078,0.0,19877,1040,0,346,49802,173
26174,2026-07-03,45793276,0.0,10396,1040,0,346,28057,173
26175,2026-07-04,45422976,0.0,15576,1040,21135,346,0,173
26176,2026-07-05,44641896,0.0,16915,1040,0,346,27360,173
26177,2026-07-06,44897634,0.0,11695,1040,0,346,50042,173
26178,2026-07-07,45432868,0.0,9846,1040,0,346,42021,173
26179,2026-07-08,46655680,0.0,10866,1040,0,346,48843,173
26180,2026-07-09,46136030,0.0,25871,1040,18674,346,0,173
26181,2026-07-10,41273136,0.0,17325,1040,0,346,53324,173
26182,2026-07-11,39884316,0.0,18274,1040,29914,346,0,173
26183,2026-07-12,39981200,0.0,10547,1040,0,346,49587,173
26184,2026-07-13,42976228,0.0,7610,1040,0,346,32040,173
26185,2026-07-14,42048194,0.0,14913,1040,0,346,49039,173
26186,2026-07-15,41362380,0.0,12954,1040,22231,346,0,173
26187,2026-07-16,41912828,0.0,10984,1040,0,346,40515,173
26188,2026-07-17,42798552,0.0,13579,1040,0,346,30749,173
26189,2026-07-18,40066830,0.0,15147,1040,0,346,31033,173
26190,2026-07-19,40306756,0.0,19787,1040,24583,346,0,173
26191,2026-07-20,40953330,0.0,12657,1040,0,346,24615,173
26192,2026-07-21,41620052,0.0,12072,1040,0,346,26160,173
26193,2026-07-22,41835868,0.0,13646,1040,0,346,26754,173
26194,2026-07-23,43064218,0.0,11866,1040,0,346,22359,173
26195,2026-07-24,44699282,0.0,12442,1040,20055,346,0,173
26196,2026-07-25,40697170,0.0,17029,1040,0,346,67400,173
26197,2026-07-26,40118298,0.0,40034,1040,0,346,66160,173
26198,2026-07-27,42126222,0.0,14912,1040,0,346,47359,173
26199,2026-07-28,45074852,0.0,14292,1040,0,346,37227,173
26200,2026-07-29,45320708,0.0,11993,1040,24442,346,0,173
26201,2026-07-30,44284384,0.0,23770,1040,0,346,85394,173
26202,2026-07-31,47368874,0.0,13250,1040,0,346,52344,173
26203,2026-08-01,44747144,0.0,15776,1040,0,346,53865,173
26204,2026-08-02,46234602,0.0,15768,1040,0,346,59427,173
26205,2026-08-03,48609312,0.0,13303,1040,0,346,36077,173
26206,2026-08-04,50127460,0.0,10094,1040,0,346,50221,173
26207,2026-08-05,52131174,0.0,20181,1040,46655,346,0,173
26208,2026-08-06,48967412,0.0,16380,1040,0,346,73254,173
26209,2026-08-07,51051888,0.0,17227,1040,0,346,77368,173
26210,2026-08-08,47155772,0.0,9783,1040,0,346,29884,173
26211,2026-08-09,46937518,0.0,25056,1040,27724,346,0,173
26212,2026-08-10,48990996,0.0,14677,1040,0,346,44399,173
26213,2026-08-11,50456270,0.0,17837,1040,0,346,75539,173
26214,2026-08-12,52220998,0.0,8779,1040,0,346,32338,173
26215,2026-08-13,52006186,0.0,27390,1040,0,346,79754,173
26216,2026-08-14,53779604,0.0,17692,1040,0,346,79720,173
26217,2026-08-15,53117990,0.0,12025,1040,0,346,34835,173
26218,2026-08-16,55801244,0.0,6082,1040,0,346,27109,173
26219,2026-08-17,57796216,0.0,31210,1040,84971,346,0,173
26220,2026-08-18,54130572,0.0,8631,1040,0,346,76216,173
26221,2026-08-19,54889640,0.0,12167,1040,17941,346,0,173
26222,2026-08-20,54534378,0.0,16583,1040,26240,346,0,173
26223,2026-08-21,55488256,0.0,14219,1040,15915,346,0,173
26224,2026-08-22,51735100,0.0,15945,1040,0,346,52282,173
26225,2026-08-23,51392064,0.0,11640,1040,14221,346,0,173
26226,2026-08-24,52530182,0.0,10140,1040,0,346,52879,173
26227,2026-08-25,49684540,0.0,8707,1040,0,346,49827,173
26228,2026-08-26,49804762,0.0,23210,1040,0,346,74970,173
26229,2026-08-27,50010918,0.0,10463,1040,0,346,41110,173
26230,2026-08-28,47782008,0.0,21714,1040,0,346,59535,173
26231,2026-08-29,44871398,0.0,15266,1040,0,346,66662,173
26232,2026-08-30,46507116,0.0,7889,1040,0,346,34447,173
26233,2026-08-31,48565444,0.0,9814,1040,0,346,45885,173
26234,2026-09-01,49956044,0.0,6911,1040,0,346,18200,173
26235,2026-09-02,48819452,0.0,18520,1040,48188,346,0,173
26236,2026-09-03,43765622,0.0,10114,1040,0,346,32855,173
26237,2026-09-04,45699530,0.0,9754,1040,0,346,38018,173
26238,2026-09-05,44127942,0.0,11385,1040,0,346,45086,173
26239,2026-09-06,45334508,0.0,10626,1040,0,346,46126,173
26240,2026-09-07,46573056,0.0,17980,1040,0,346,45368,173
26241,2026-09-08,46741758,0.0,8565,1040,17833,346,0,173
26242,2026-09-09,44797822,0.0,12937,1040,15800,346,0,173
26243,2026-09-10,46887950,0.0,22435,1040,0,346,48068,173
26244,2026-09-11,47233440,0.0,10837,1040,0,346,47359,173
26245,2026-09-12,45967138,0.0,10670,1040,0,346,53795,173
26246,2026-09-13,45422344,0.0,9831,1040,0,346,53668,173
26247,2026-09-14,46408276,0.0,11585,1040,0,346,42909,173
26248,2026-09-15,47206176,0.0,21721,1040,0,346,56661,173
26249,2026-09-16,49480896,0.0,22596,1040,0,346,76871,173
26250,2026-09-17,51271804,0.0,26028,1040,0,346,64536,173
