期号,开奖日期,销售额,奖池,直选注数,直选单注奖金,组选3注数,组选3单注奖金,组选6注数,组选6单注奖金
2004001,2004-10-18,4143184,,505,980,1317,160,,
2004002,2004-10-19,3026718,,1011,980,1861,320,,
2004003,2004-10-20,3280608,,585,980,,,3950,160
2004004,2004-10-21,3447146,,454,980,,,3185,160
2004005,2004-10-22,3510020,,516,980,,,2730,160
2004006,2004-10-23,3297440,,1708,980,2601,320,,
2004007,2004-10-24,3071100,,1219,980,1997,320,,
2004008,2004-10-25,3255474,,853,980,,,4591,160
2004009,2004-10-26,3355906,,824,980,1569,320,,
2004010,2004-10-27,3627176,,2169,980,2936,320,,
2004011,2004-10-28,3713534,,907,980,,,3687,160
2004012,2004-10-29,3986350,,655,980,990,320,,
2004013,2004-10-30,3859626,,514,980,2405,320,,
2004014,2004-10-31,4027212,,466,980,,,2296,160
2004015,2004-11-01,4256120,,878,980,,,3864,160
2004016,2004-11-02,4319854,,815,980,,,2790,160
2004017,2004-11-03,4744524,,1164,980,3540,320,,
2004018,2004-11-04,4589258,,1552,980,3804,320,,
2004019,2004-11-05,4669616,,1240,980,,,3599,160
2004020,2004-11-06,4578192,,2271,980,,,4351,160
2004021,2004-11-07,4785412,,390,980,,,2154,160
2004022,2004-11-08,5183910,,1268,980,,,3953,160
2004023,2004-11-09,5334404,,1314,980,,,6202,160
2004024,2004-11-10,5509382,,719,980,,,4082,160
2004025,2004-11-11,5410748,,3131,980,,,3555,160
2004026,2004-11-12,5010620,,1853,980,,,5308,160
2004027,2004-11-13,4774684,,1793,980,,,3426,160
2004028,2004-11-14,4866810,,1397,980,,,2386,160
2004029,2004-11-15,5282758,,1287,980,,,3535,160
2004030,2004-11-16,5161950,,601,980,,,2895,160
2004031,2004-11-17,5448552,,614,980,4147,320,,
2004032,2004-11-18,4901812,,941,980,2300,320,,
2004033,2004-11-19,4889384,,1273,980,3137,320,,
2004034,2004-11-20,4677016,,1518,980,,,5131,160
2004035,2004-11-21,4844288,,1859,980,4014,320,,
2004036,2004-11-22,5261120,,1970,980,4568,320,,
2004037,2004-11-23,5447846,,824,980,2679,320,,
2004038,2004-11-24,5666692,,1546,980,,,5862,160
2004039,2004-11-25,5516204,,5750,980,4157,320,,
2004040,2004-11-26,5138706,,1170,980,,,5006,160
2004041,2004-11-27,5067702,,332,980,,,3530,160
2004042,2004-11-28,5064618,,1829,980,2054,320,,
2004043,2004-11-29,5343374,,2061,980,5612,320,,
2004044,2004-11-30,5346956,,1063,980,,,2690,160
2004045,2004-12-01,5932302,,2959,980,,,6318,160
2004046,2004-12-02,6284700,,1222,980,,,6985,160
2004047,2004-12-03,6630010,,4049,980,,,6982,160
2004048,2004-12-04,6844328,,3264,980,,,10205,160
2004049,2004-12-05,6840466,,2579,980,,,5879,160
2004050,2004-12-06,7307638,,1169,980,2856,320,,
2004051,2004-12-07,7131540,,4489,980,10861,320,,
2004052,2004-12-08,7107186,,1878,980,,,5555,160
2004053,2004-12-09,7189966,,2651,980,,,11143,160
2004054,2004-12-10,7574134,,792,980,2345,320,,
2004055,2004-12-11,7590750,,2130,980,,,3052,160
2004056,2004-12-12,7239542,,3708,980,,,9403,160
2004057,2004-12-13,7791782,,1745,980,4141,320,,
2004058,2004-12-14,7961934,,3280,980,5306,320,,
2004059,2004-12-15,7837852,,2020,980,3100,320,,
2004060,2004-12-16,7963386,,3856,980,,,10558,160
2004061,2004-12-17,8506858,,3804,980,,,10645,160
2004062,2004-12-18,8585384,,2018,980,,,4689,160
2004063,2004-12-19,8506244,,3158,980,,,9798,160
2004064,2004-12-20,9375002,,3201,1000,,,6227,160
2004065,2004-12-21,9329874,,2291,1000,,,8319,160
2004066,2004-12-22,9673466,,4187,1000,7549,320,,
2004067,2004-12-23,10048580,,3172,1000,,,8019,160
2004068,2004-12-24,9917686,,5488,1000,,,17808,160
2004069,2004-12-25,9652500,,7378,1000,,,6209,160
2004070,2004-12-26,8918274,,2107,1000,,,5133,160
2004071,2004-12-27,9513778,,1898,1000,,,5259,160
2004072,2004-12-28,9386532,,1331,1000,,,5517,160
2004073,2004-12-29,10001394,,4486,1000,7549,320,,
2004074,2004-12-30,9879306,,1307,1000,,,6495,160
2004075,2004-12-31,9977112,,5266,1000,,,6255,160
2005001,2005-01-01,11640852,,3112,1000,,,9181,160
2005002,2005-01-02,11011520,,972,1000,,,7029,160
2005003,2005-01-03,11233116,,3652,1000,,,8151,160
2005004,2005-01-04,11763952,,1605,1000,,,7277,160
2005005,2005-01-05,12847386,,4029,1000,,,8155,160
2005006,2005-01-06,13119350,,4575,1000,,,9842,160
2005007,2005-01-07,13387300,,6461,1000,,,13033,160
2005008,2005-01-08,14041154,,1673,1000,5065,320,,
2005009,2005-01-09,12570554,,8000,1000,13665,320,,
2005010,2005-01-10,13685942,,2667,1000,,,6543,160
2005011,2005-01-11,13493600,,9535,1000,,,8467,160
2005012,2005-01-12,12763958,,7406,1000,,,18678,160
2005013,2005-01-13,13089546,,1218,1000,,,5990,160
2005014,2005-01-14,12947620,,2276,1000,,,7735,160
2005015,2005-01-15,12957548,,7195,1000,,,15324,160
2005016,2005-01-16,13152314,,3800,1000,,,6648,160
2005017,2005-01-17,14304738,,2188,1000,,,9944,160
2005018,2005-01-18,14806612,,5154,1000,,,14939,160
2005019,2005-01-19,16708272,,5153,1000,,,11515,160
2005020,2005-01-20,17800490,,9828,1000,11055,320,,
2005021,2005-01-21,16002822,,12401,1000,,,23672,160
2005022,2005-01-22,14570374,,3157,1000,3122,320,,
2005023,2005-01-23,15360756,,7572,1000,,,14215,160
2005024,2005-01-24,16348718,,5882,1000,,,14433,160
2005025,2005-01-25,16214064,,6391,1000,,,15617,160
2005026,2005-01-26,16751016,,4552,1000,4973,320,,
2005027,2005-01-27,17359422,,6663,1000,,,16472,160
2005028,2005-01-28,17882344,,9420,1000,,,11435,160
2005029,2005-01-29,18678190,,5827,1000,4122,320,,
2005030,2005-01-30,18863700,,7490,1000,,,14391,160
2005031,2005-01-31,20179610,,12668,1000,3442,320,,
2005032,2005-02-01,18537386,,5875,1000,,,23824,160
2005033,2005-02-02,19744326,,1362,1000,3553,320,,
2005034,2005-02-03,19290054,,3132,1000,2895,320,,
2005035,2005-02-04,19633434,,9612,1000,3045,320,,
2005036,2005-02-05,18985910,,18311,1000,,,29535,160
2005037,2005-02-06,17099306,,7581,1000,,,14121,160
2005038,2005-02-07,16100918,,3618,1000,,,14040,160
2005039,2005-02-08,12901902,,3191,1000,,,8871,160
2005040,2005-02-16,14292010,,6428,1000,,,13653,160
2005041,2005-02-17,15613530,,3466,1000,2564,320,,
2005042,2005-02-18,16687460,,3594,1000,2915,320,,
2005043,2005-02-19,17809682,,18039,1000,,,11869,160
2005044,2005-02-20,18249470,,2712,1000,,,5172,160
2005045,2005-02-21,20308728,,17595,1000,,,12307,160
2005046,2005-02-22,19945592,,2459,1000,2100,320,,
2005047,2005-02-23,21253992,,6861,1000,,,12190,160
2005048,2005-02-24,22548442,,5023,1000,2860,320,,
2005049,2005-02-25,23474388,,4425,1000,,,12241,160
2005050,2005-02-26,24407932,,5990,1000,4678,320,,
2005051,2005-02-27,24846594,,6503,1000,,,10710,160
2005052,2005-02-28,25888694,,6578,1000,,,10110,160
2005053,2005-03-01,26591980,,5784,1000,,,7966,160
2005054,2005-03-02,27840916,,34709,1000,,,13440,160
2005055,2005-03-03,25424976,,36734,1000,,,32994,160
2005056,2005-03-04,25468342,,8610,1000,,,17298,160
2005057,2005-03-05,27726880,,6272,1000,,,13698,160
2005058,2005-03-06,29756900,,7614,1000,,,22291,160
2005059,2005-03-07,33285486,,19452,1000,,,10912,160
2005060,2005-03-08,34542168,,11281,1100,7662,320,,
2005061,2005-03-09,36794072,,3270,1100,,,5891,160
2005062,2005-03-10,38337830,,3529,1100,3279,320,,
2005063,2005-03-11,39841280,,56134,1100,4045,320,,
2005064,2005-03-12,33841856,,32759,1100,7597,320,,
2005065,2005-03-13,31348624,,27424,1100,,,27386,160
2005066,2005-03-14,34991338,,5057,1100,3718,320,,
2005067,2005-03-15,37144080,,16811,1100,,,14569,160
2005068,2005-03-16,40359836,,5872,1100,,,12525,160
2005069,2005-03-17,41634590,,14222,1100,,,20858,160
2005070,2005-03-18,45255962,,10921,1100,,,24379,160
2005071,2005-03-19,45812144,,8000,1100,0,320,,
2005072,2005-03-20,45679446,,3960,1100,3819,320,,
2005073,2005-03-21,48528786,,9651,1100,,,9458,160
2005074,2005-03-22,49172572,,14879,1100,,,13440,160
2005075,2005-03-23,47344240,,6142,1100,4569,320,,
2005076,2005-03-24,46469532,,14522,1100,,,17266,160
2005077,2005-03-25,48521676,,3474,1100,2971,320,,
2005078,2005-03-26,46408928,,6755,1100,3972,320,,
2005079,2005-03-27,46017284,,10404,1100,,,11764,160
2005080,2005-03-28,46716234,,4588,1100,3620,320,,
2005081,2005-03-29,46485832,,12296,1100,5048,320,,
2005082,2005-03-30,45012472,,5744,1100,3473,320,,
2005083,2005-03-31,42852774,,82332,1100,0,320,,
2005084,2005-04-01,36405812,,6213,1100,2074,320,,
2005085,2005-04-02,38887502,,14646,1100,,,14377,160
2005086,2005-04-03,40807990,,71310,1100,9152,320,,
2005087,2005-04-04,33930586,,15407,1100,,,19549,160
2005088,2005-04-05,36112148,,18877,1000,,,3979,160
2005089,2005-04-06,39682910,,34551,1000,11336,320,,
2005090,2005-04-07,43450544,,12164,1000,,,16700,160
2005091,2005-04-08,47774576,,9263,1000,9526,320,,
2005092,2005-04-09,48608418,,8726,1000,,,19088,160
2005093,2005-04-10,49477332,,9432,1000,8071,320,,
2005094,2005-04-11,52136140,,17095,1000,9845,320,,
2005095,2005-04-12,54692558,,20087,1000,8549,320,,
2005096,2005-04-13,55992500,,15047,1000,4250,320,,
2005097,2005-04-14,56341174,,7504,1000,6013,320,,
2005098,2005-04-15,56341174,,7504,1000,,,6013,160
2005099,2005-04-16,56102208,,7319,1000,7668,320,,
2005100,2005-04-17,55552346,,14887,1000,,,18995,160
2005101,2005-04-18,55767754,,11057,1000,,,13289,160
2005102,2005-04-19,55511354,,34751,1000,,,79688,160
2005103,2005-04-20,52720770,,7712,1000,,,9735,160
2005104,2005-04-21,52197854,,8625,1000,,,10976,160
2005105,2005-04-22,49522220,,9277,1000,,,18818,160
2005106,2005-04-23,48898568,,9413,1000,12437,320,,
2005107,2005-04-24,48403866,,7753,1000,,,14500,160
2005108,2005-04-25,49073088,,4968,1000,,,8321,160
2005109,2005-04-26,48778440,,76920,1000,,,7609,160
2005110,2005-04-27,36190736,,19551,1000,,,40184,160
2005111,2005-04-28,38071814,,16027,1000,,,29314,160
2005112,2005-04-29,39263214,,6254,1000,,,9322,160
2005113,2005-05-30,39911078,,29593,1000,,,102139,160
2005114,2005-05-01,36296032,,4835,1000,,,10217,160
2005115,2005-05-02,37562042,,4915,1000,16185,320,,
2005116,2005-05-03,37931952,,9461,1000,,,12977,160
2005117,2005-05-04,40007430,,10157,1000,,,7389,160
2005118,2005-05-05,39911626,,9477,1000,,,14546,160
2005119,2005-05-06,42899816,,9087,1000,,,15930,160
2005120,2005-05-07,45702822,,8290,1000,,,25760,160
2005121,2005-05-08,47957300,,10656,1000,,,16710,160
2005122,2005-05-09,51547514,,20275,1000,,,21375,160
2005123,2005-05-10,55544896,,7880,1000,,,29007,160
2005124,2005-05-11,57753570,,36263,1000,,,0,0
2005125,2005-05-12,58869274,,13860,1000,25407,320,,
2005126,2005-05-14,60954342,,12186,1000,,,19391,160
2005127,2005-05-15,60959682,,6517,1000,,,21231,160
2005128,2005-05-15,58762634,,18144,1000,,,31464,160
2005129,2005-05-16,60158982,,9155,1000,,,41064,160
2005130,2005-05-17,62851670,,9145,1000,11769,320,,
2005131,2005-05-18,60516796,,100891,1000,,,31912,160
2005132,2005-05-19,44151708,,8606,1000,,,28528,160
2005133,2005-05-20,46816908,,35333,1000,,,57562,160
2005134,2005-05-21,44507328,,11802,1000,5968,320,,
2005135,2005-05-22,43504624,,10058,1000,,,29216,160
2005136,2005-05-23,51798636,,9511,1000,,,18601,160
2005137,2005-05-24,52949132,,13333,1000,,,49028,160
2005138,2005-05-25,55648880,,14387,1000,,,47652,160
2005139,2005-05-26,59017312,,7021,1000,9892,320,,
2005140,2005-05-27,61164274,,10596,1000,,,35043,160
2005141,2005-05-28,62010512,,7884,1000,11218,320,,
2005142,2005-05-29,64384308,,17975,1000,,,46688,160
2005143,2005-05-30,65737936,,16817,1000,,,48594,160
2005144,2005-05-31,68046766,,15379,1000,24140,320,,
2005145,2005-06-01,72030552,,12898,1000,,,30964,160
2005146,2005-06-02,72603606,,7416,1000,11976,320,,
2005147,2005-06-03,76566152,,6673,1000,,,29814,160
2005148,2005-06-04,77433184,,63519,1000,,,73083,160
2005149,2005-06-05,73765006,,36602,1000,6735,320,,
2005150,2005-06-06,74384064,,7149,1000,,,35602,160
2005151,2005-06-07,76083052,,10757,1000,,,36214,160
2005152,2005-06-08,76479630,,11497,1000,8650,320,,
2005153,2005-06-09,76299516,,18282,1000,,,31167,160
2005154,2005-06-10,78264644,,216247,1000,,,167257,160
2005155,2005-06-11,43996134,,8294,1000,,,19886,160
2005156,2005-06-12,45529700,,12317,1000,,,25387,160
2005157,2005-06-13,49795372,,8096,1000,,,16725,160
2005158,2005-06-14,51487800,,21233,1000,16587,320,,
2005159,2005-06-15,53218146,,28873,1000,14346,320,,
2005160,2005-06-16,56662620,,8310,1000,,,20071,160
2005161,2005-06-17,62214460,,12873,1000,8031,320,,
2005162,2005-06-18,62044228,,154705,1000,,,117068,160
2005163,2005-06-19,45144498,,7678,1000,,,26210,160
2005164,2005-06-20,47029754,,47235,1000,,,57641,160
2005165,2005-06-21,47143178,,23062,1000,,,32926,160
2005166,2005-06-22,48617318,,13644,1000,10542,320,,
2005167,2005-06-23,50138922,,13131,1000,5445,320,,
2005168,2005-06-24,50416060,,15242,1000,9823,320,,
2005169,2005-06-25,54589696,,49474,1000,,,42467,160
2005170,2005-06-26,53268976,,7198,1000,,,19322,160
2005171,2005-06-27,56190352,,23870,1000,15937,320,,
2005172,2005-06-28,59827038,,22611,1000,,,32673,160
2005173,2005-06-29,68690138,,10069,1000,,,22998,160
2005174,2005-06-30,71304622,,16767,1000,,,33987,160
2005175,2005-07-01,76133184,,51804,1000,,,38334,160
2005176,2005-07-02,73111602,,11152,1000,,,17774,160
2005177,2005-07-03,77931936,,20432,1000,,,25864,160
2005178,2005-07-04,86828970,,30947,1000,,,14293,160
2005179,2005-07-05,94565942,,185381,1000,,,19128,160
2005180,2005-07-06,74559422,,19050,1000,,,26443,160
2005181,2005-07-07,81047452,,7677,1000,,,20031,160
2005182,2005-07-08,88393580,,12177,1000,29191,320,,
2005183,2005-07-09,87936922,,10266,1000,,,30335,160
2005184,2005-07-10,96723960,,19599,1000,,,19960,160
2005185,2005-07-11,107943276,,11938,1000,,,19393,160
2005186,2005-07-12,113580362,,14870,1000,,,32140,160
2005187,2005-07-13,119599156,,18375,1000,12841,320,,
2005188,2005-07-14,125639612,,12247,1000,10632,320,,
2005189,2005-07-15,134536380,,16423,1000,,,21185,160
2005190,2005-07-16,136943804,,15092,1000,14351,320,,
2005191,2005-07-17,144340382,,16243,1000,,,28642,160
2005192,2005-07-18,146440834,,683171,1000,291765,320,,
2005193,2005-07-19,43788864,,9807,1000,,,23330,160
2005194,2005-07-20,48084696,,18866,1000,,,42434,160
2005195,2005-07-21,48249526,,14219,1000,,,26157,160
2005196,2005-07-22,51144914,,29979,1000,,,66500,160
2005197,2005-07-23,52251380,,7222,1000,,,21316,160
2005198,2005-07-24,54200294,,63376,1000,,,42481,160
2005199,2005-07-25,54316656,,17540,1000,,,33329,160
2005200,2005-07-26,57990530,,33551,1000,24517,320,,
2005201,2005-07-27,55624462,,25848,1000,,,38795,160
2005202,2005-07-28,59324986,,18193,1000,,,43532,160
2005203,2005-07-29,61555794,,19365,1000,13789,320,,
2005204,2005-07-30,58908104,,10405,1000,,,28814,160
2005205,2005-07-31,60096432,,14082,1000,,,40628,160
2005206,2005-08-01,64721680,,18282,1000,,,67250,160
2005207,2005-08-02,62710904,,46313,1000,,,34702,160
2005208,2005-08-03,61444822,,13783,1000,,,9085,160
2005209,2005-08-04,64265206,,53969,1000,20629,320,,
2005210,2005-08-05,58835078,,22682,1000,,,66087,160
2005211,2005-08-06,58468966,,24456,1000,11306,320,,
2005212,2005-08-07,56714642,,10575,1000,5711,320,,
2005213,2005-08-08,59329478,,6316,1000,4708,320,,
2005214,2005-08-09,60199416,,38472,1000,,,44483,160
2005215,2005-08-10,63139038,,18406,1000,4911,320,,
2005216,2005-08-11,62121904,,20664,1000,,,48743,160
2005217,2005-08-12,64933440,,9052,1000,,,21890,160
2005218,2005-08-13,66636210,,4754,1000,,,9234,160
2005219,2005-08-14,68095360,,14030,1000,,,42884,160
2005220,2005-08-15,69851256,,57153,1000,,,56124,160
2005221,2005-08-16,71994734,,15544,1000,7165,320,,
2005222,2005-08-17,70987208,,51387,1000,20244,320,,
2005223,2005-08-18,68684990,,85011,1000,,,17576,160
2005224,2005-08-19,54625828,,17369,1000,,,23753,160
2005225,2005-08-20,53965178,,14939,1000,,,36565,160
2005226,2005-08-21,52198704,,16539,1000,,,27841,160
2005227,2005-08-22,55391726,,37370,1000,15999,320,,
2005228,2005-08-23,51848222,,13972,1000,,,23657,160
2005229,2005-08-24,54045968,,25264,1000,,,47574,160
2005230,2005-08-25,55515126,,9486,1000,,,29313,160
2005231,2005-08-26,58500576,,13078,1000,,,12222,160
2005232,2005-08-27,58861982,,19878,1000,,,51524,160
2005233,2005-08-28,57513410,,9147,1000,13655,320,,
2005234,2005-08-29,60704494,,28140,1000,,,30714,160
2005235,2005-08-30,60765774,,23797,1000,,,34263,160
2005236,2005-08-31,63305534,,18468,1000,,,38195,160
2005237,2005-09-01,60720664,,48605,1000,13455,320,,
2005238,2005-09-02,56537506,,14576,1000,,,38302,160
2005239,2005-09-03,58162594,,18869,1000,,,30811,160
2005240,2005-09-04,58579246,,16170,1000,,,31810,160
2005241,2005-09-05,61478644,,22752,1000,,,24795,160
2005242,2005-09-06,60060374,,28138,1000,,,37941,160
2005243,2005-09-07,62774358,,16070,1000,,,26536,160
2005244,2005-09-08,63062512,,17945,1000,18504,320,,
2005245,2005-09-09,60754734,,10182,1000,5992,320,,
2005246,2005-09-10,60765272,,35331,1000,,,22098,160
2005247,2005-09-11,58594210,,11129,1000,,,32629,160
2005248,2005-09-12,58252520,,9765,1000,8273,320,,
2005249,2005-09-13,59708586,,14241,1000,,,28431,160
2005250,2005-09-14,62902250,,11240,1000,8560,320,,
2005251,2005-09-15,60940312,,11458,1000,,,29950,160
2005252,2005-09-16,60987958,,8146,1000,6336,320,,
2005253,2005-09-17,60534122,,33463,1000,,,37751,160
2005254,2005-09-18,59265114,,13263,1000,,,26807,160
2005255,2005-09-19,60672774,,70508,1000,,,28580,160
2005256,2005-09-20,57361300,,8281,1000,,,20685,160
2005257,2005-09-21,64171674,,33709,1000,,,48923,160
2005258,2005-09-22,66681080,,91473,1000,,,72664,160
2005259,2005-09-23,66255004,,32351,1000,,,14788,160
2005260,2005-09-24,66435582,,15382,1000,,,18716,160
2005261,2005-09-25,68056252,,11091,1000,,,16261,160
2005262,2005-09-26,68141924,,15131,1000,,,25035,160
2005263,2005-09-27,67981672,,48569,1000,,,53553,160
2005264,2005-09-28,67869404,,19606,1000,34469,320,,
2005265,2005-09-29,61480960,,42382,1000,20393,320,,
2005266,2005-09-30,56932504,,25135,1000,,,29736,160
2005267,2005-10-01,56622014,,14415,1000,,,33462,160
2005268,2005-10-02,54163948,,20478,1000,,,35682,160
2005269,2005-10-03,55588306,,12136,1000,,,34084,160
2005270,2005-10-04,55134000,,8063,1000,,,24189,160
2005271,2005-10-05,55440754,,20537,1000,,,77842,160
2005272,2005-10-06,58287796,,12294,1000,,,21200,160
2005273,2005-10-07,57882796,,8715,1000,,,5098,160
2005274,2005-10-08,58350090,,25013,1000,21689,320,,
2005275,2005-10-09,49903658,,12206,1000,,,18053,160
2005276,2005-10-10,53947818,,23349,1000,,,55083,160
2005277,2005-10-11,52452996,,24930,1000,,,25707,160
2005278,2005-10-12,53282644,,22384,1000,,,37171,160
2005279,2005-10-13,53344306,,44096,1000,,,60075,160
2005280,2005-10-14,50974318,,9360,1000,,,14552,160
2005281,2005-10-15,51000150,,14145,1000,,,45394,160
2005282,2005-10-16,51506758,,24094,1000,,,20982,160
2005283,2005-10-17,55636072,,15300,1000,,,23475,160
2005284,2005-10-18,56752346,,12380,1000,22760,320,,
2005285,2005-10-19,53157148,,41674,1000,,,39408,160
2005286,2005-10-20,51397240,,39237,1000,,,62517,160
2005287,2005-10-21,52265490,,14473,1000,10049,320,,
2005288,2005-10-22,50448038,,11616,1000,,,30845,160
2005289,2005-10-23,50920466,,10564,1000,,,28024,160
2005290,2005-10-24,53157834,,39267,1000,,,32976,160
2005291,2005-10-25,51923030,,8770,1000,7348,320,,
2005292,2005-10-26,54664738,,7513,1000,,,18907,160
2005293,2005-10-27,55670138,,4073,1000,4832,320,,
2005294,2005-10-28,54688148,,8784,1000,8423,320,,
2005295,2005-10-29,54180776,,16615,1000,,,45574,160
2005296,2005-10-30,53510952,,14155,1000,,,30431,160
2005297,2005-10-31,55601310,,24984,1000,,,35964,160
2005298,2005-11-01,55297912,,6414,1000,,,28835,160
2005299,2005-11-02,55589794,,24987,1000,,,36093,160
2005300,2005-11-03,58391738,,42034,1000,,,64509,160
2005301,2005-11-04,53801344,,30091,1000,,,34158,160
2005302,2005-11-05,50515258,,22270,1000,,,33473,160
2005303,2005-11-06,52052114,,17410,1000,,,30444,160
2005304,2005-11-07,56979830,,25157,1000,32850,320,,
2005305,2005-11-08,52603032,,21081,1000,,,39774,160
2005306,2005-11-09,49303728,,10503,1000,9270,320,,
2005307,2005-11-10,57760258,,12328,1000,,,29915,160
2005308,2005-11-11,58064630,,7969,1000,6442,320,,
2005309,2005-11-12,57315042,,25883,1000,7447,320,,
2005310,2005-11-13,55165002,,7958,1000,5177,320,,
2005311,2005-11-14,56644674,,66931,1000,,,53805,160
2005312,2005-11-15,53516160,,16963,1000,11127,320,,
2005313,2005-11-16,55628194,,25471,1000,,,32427,160
2005314,2005-11-17,54791530,,12019,1000,,,33302,160
2005315,2005-11-18,55812260,,16968,1000,,,30974,160
2005316,2005-11-19,55475112,,27370,1000,12894,320,,
2005317,2005-11-20,52188114,,14363,1000,,,37085,160
2005318,2005-11-21,56242190,,9599,1000,,,38463,160
2005319,2005-11-22,55261274,,37167,1000,,,34590,160
2005320,2005-11-23,60745980,,40395,1000,22589,320,,
2005321,2005-11-24,58621918,,106995,1000,,,85039,160
2005322,2005-11-25,52624046,,39916,1000,,,79964,160
2005323,2005-11-26,54652000,,10884,1000,,,39545,160
2005324,2005-11-27,55562004,,14935,1000,,,42318,160
2005325,2005-11-28,59356536,,9873,1000,8275,400,,
2005326,2005-11-29,60880628,,19541,1000,,,57318,160
2005327,2005-11-30,63336032,,57956,1000,,,37230,160
2005328,2005-12-01,56626792,,7318,1000,6469,320,,
2005329,2005-12-02,57671498,,16896,1000,4612,320,,
2005330,2005-12-03,55366804,,7687,1000,,,29662,160
2005331,2005-12-04,55205212,,12538,1000,,,41569,160
2005332,2005-12-05,57792524,,19312,1000,,,50729,160
2005333,2005-12-06,59902744,,11877,1000,,,25941,160
2005334,2005-12-07,61998074,,27125,1000,,,38547,160
2005335,2005-12-08,61860618,,24273,1000,,,37906,160
2005336,2005-12-09,65498708,,9658,1000,,,28878,160
2005337,2005-12-10,64193922,,16035,1000,,,48470,160
2005338,2005-12-11,66373036,,59277,1000,,,47337,160
2005339,2005-12-12,61316486,,12167,1000,,,38657,160
2005340,2005-12-13,64235854,,13458,1000,21421,320,,
2005341,2005-12-14,60960202,,12370,1000,,,38191,160
2005342,2005-12-15,62637954,,12325,1000,,,38215,160
2005343,2005-12-16,64430088,,7157,1000,,,45091,160
2005344,2005-12-17,64373168,,43946,1000,,,52323,160
2005345,2005-12-18,64874158,,57238,1000,,,67769,160
2005346,2005-12-19,65354184,,21274,1000,,,47408,160
2005347,2005-12-20,66514410,,39875,1000,33983,320,,
2005348,2005-12-21,69575462,,13783,1000,,,59231,160
2005349,2005-12-22,67339852,,10948,1000,,,39358,160
2005350,2005-12-23,66583866,,14976,1000,7227,320,,
2005351,2005-12-24,64966190,,12982,1000,,,32679,160
2005352,2005-12-25,64926734,,13168,1000,,,25589,160
2005353,2005-12-26,66362396,,26587,1000,,,65577,160
2005354,2005-12-27,64604808,,24021,1000,,,70786,160
2005355,2005-12-28,64619912,,20127,1000,,,43193,160
2005356,2005-12-29,65291876,,68700,1000,,,25186,160
2005357,2005-12-30,59255412,,12780,1000,,,38370,160
2005358,2005-12-31,60236270,,18196,1000,,,29567,160
2006001,2006-01-01,57035086,,11076,1000,,,54986,160
2006002,2006-01-02,58176472,,10098,1000,17069,320,,
2006003,2006-01-03,53963728,,25470,1000,14996,320,,
2006004,2006-01-04,58112434,,16272,1000,,,32543,160
2006005,2006-01-05,57625098,,14681,1000,4286,320,,
2006006,2006-01-06,58288780,,12010,1000,,,44336,160
2006007,2006-01-07,57596904,,9664,1000,,,27247,160
2006008,2006-01-08,57825626,,24935,1000,,,22200,160
2006009,2006-01-09,60471888,,22248,1000,,,52651,160
2006010,2006-01-10,60161296,,32127,1000,,,54936,160
2006011,2006-01-11,60823056,,8508,1000,,,32005,160
2006012,2006-01-12,60620822,,14579,1000,,,37947,160
2006013,2006-01-13,63419978,,83116,1000,36558,320,,
2006014,2006-01-14,59096140,,7940,1000,2349,320,,
2006015,2006-01-15,58388688,,17779,1000,11220,320,,
2006016,2006-01-16,59968816,,20301,1000,,,34022,160
2006017,2006-01-17,60952584,,6825,1000,4072,320,,
2006018,2006-01-18,61041122,,13428,1000,9611,320,,
2006019,2006-01-19,56325992,,12487,1000,,,34708,160
2006020,2006-01-20,56484118,,4921,1000,5783,320,,
2006021,2006-01-21,54205742,,41769,1000,,,30308,160
2006022,2006-01-22,43000252,,12053,1000,9298,320,,
2006023,2006-01-23,45691576,,26949,1000,13509,320,,
2006024,2006-01-24,43677230,,6564,1000,7382,320,,
2006025,2006-01-25,43422828,,10559,1000,7350,320,,
2006026,2006-01-26,41422248,,8592,1000,,,21695,160
2006027,2006-01-27,39728010,,7658,1000,,,13387,160
2006028,2006-02-05,28273460,,13578,1000,,,24483,160
2006029,2006-02-06,30392710,,3824,1000,,,11196,160
2006030,2006-02-07,31564066,,8212,1000,,,22396,160
2006031,2006-02-08,35070660,,11047,1000,,,15249,160
2006032,2006-02-09,37198226,,23432,1000,,,26137,160
2006033,2006-02-10,40149394,,12958,1000,8791,320,,
2006034,2006-02-11,38430384,,14040,1000,,,18108,160
2006035,2006-02-12,38412928,,22061,1000,9029,320,,
2006036,2006-02-13,41251508,,13900,1000,,,30215,160
2006037,2006-02-14,42191888,,4281,1000,,,17017,160
2006038,2006-02-15,41724096,,14796,1000,,,44675,160
2006039,2006-02-16,42331474,,30508,1000,16697,320,,
2006040,2006-02-17,43333270,,8187,1000,,,9279,160
2006041,2006-02-18,44241792,,11264,1000,,,34022,160
2006042,2006-02-19,44539204,,6020,1000,,,18387,160
2006043,2006-02-20,46118938,,6399,1000,7032,320,,
2006044,2006-02-21,45417476,,48201,1000,,,44002,160
2006045,2006-02-22,44652806,,8149,1000,,,31201,160
2006046,2006-02-23,46470298,,11828,1000,,,13911,160
2006047,2006-02-24,42427818,,14982,1000,,,28056,160
2006048,2006-02-25,43708610,,16751,1000,,,33920,160
2006049,2006-02-26,44422802,,11977,1000,14225,320,,
2006050,2006-02-27,46109564,,17791,1000,,,39455,160
2006051,2006-02-28,45252354,,12767,1000,10561,320,,
2006052,2006-03-01,46023970,,10178,1000,10420,320,,
2006053,2006-03-02,46355772,,9653,1000,,,24706,160
2006054,2006-03-03,47858452,,35197,1000,,,74427,160
2006055,2006-03-04,46584736,,7908,1000,,,41552,160
2006056,2006-03-05,46560880,,105238,1000,,,0,0
2006057,2006-03-06,44718020,,32091,1000,,,0,0
2006058,2006-03-07,46017356,,22392,1000,,,37529,160
2006059,2006-03-08,49800134,,45057,1000,,,30352,160
2006060,2006-03-09,47496064,,22236,1000,,,30017,160
2006061,2006-03-10,49260814,,16462,1000,,,31369,160
2006062,2006-03-11,48943310,,11196,1000,,,34344,160
2006063,2006-03-12,49920860,,35891,1000,,,40663,160
2006064,2006-03-13,54713374,,21633,1000,,,69043,160
2006065,2006-03-14,56997972,,18476,1000,,,72259,160
2006066,2006-03-15,60771560,,21641,1000,32068,320,,
2006067,2006-03-16,54801184,,13287,1000,,,40823,160
2006068,2006-03-17,58310356,,71547,1000,,,62178,160
2006069,2006-03-18,57216272,,7725,1000,,,39586,160
2006070,2006-03-19,56519670,,16058,1000,20524,320,,
2006071,2006-03-20,59006892,,14595,1000,,,43906,160
2006072,2006-03-21,57700598,,31920,1000,,,67301,160
2006073,2006-03-22,57034658,,22218,1000,,,59656,160
2006074,2006-03-23,57882860,,21066,1000,,,43854,160
2006075,2006-03-24,60612764,,31424,1000,,,70476,160
2006076,2006-03-25,57823582,,11073,1000,,,32986,160
2006077,2006-03-26,56547888,,12163,1000,,,41137,160
2006078,2006-03-27,61660260,,15861,1000,,,53949,160
2006079,2006-03-28,62048322,,12359,1000,,,39333,160
2006080,2006-03-29,65446302,,33981,1100,,,93517,210
2006081,2006-03-30,65795904,,13821,1000,,,53631,160
2006082,2006-03-31,70168606,,6291,1000,,,18092,160
2006083,2006-04-01,68733892,,12885,1000,,,37996,160
2006084,2006-04-02,66394154,,22737,1000,79848,320,,
2006085,2006-04-03,53409064,,41100,1000,,,69347,160
2006086,2006-04-04,54639468,,9580,1000,,,45235,160
2006087,2006-04-05,56583200,,8043,1000,,,35168,160
2006088,2006-04-06,56354166,,9802,1000,,,57570,160
2006089,2006-04-07,56049670,,13095,1000,,,68497,160
2006090,2006-04-08,56452602,,12984,1000,,,54313,160
2006091,2006-04-09,55370196,,10218,1000,12771,320,,
2006092,2006-04-10,55950536,,9898,1000,,,43760,160
2006093,2006-04-11,56871072,,17880,1000,,,61130,160
2006094,2006-04-12,58235818,,11140,1000,,,48245,160
2006095,2006-04-13,59248272,,51440,1000,,,101678,160
2006096,2006-04-14,60492418,,39152,1000,,,112041,160
2006097,2006-04-15,61566142,,20628,1000,,,68339,160
2006098,2006-04-16,61491184,,7477,1000,,,29642,160
2006099,2006-04-17,64248944,,36306,1000,,,74634,160
2006100,2006-04-18,64962080,,12723,1000,18680,320,,
2006101,2006-04-19,63966594,,24179,1000,,,82790,160
2006102,2006-04-20,66268386,,18458,1000,6149,320,,
2006103,2006-04-21,62871854,,28025,1000,22800,320,,
2006104,2006-04-22,62819358,,14711,1000,,,72827,160
2006105,2006-04-23,63375202,,38966,1000,23770,320,,
2006106,2006-04-24,61350618,,20239,1000,,,62607,160
2006107,2006-04-25,63260926,,8622,1000,,,44418,160
2006108,2006-04-26,63643492,,8784,1000,10562,320,,
2006109,2006-04-27,62245562,,11207,1000,,,20434,160
2006110,2006-04-28,63883084,,20715,1000,,,98411,160
2006111,2006-04-29,65033416,,11146,1000,,,83088,160
2006112,2006-04-30,63454126,,13160,1000,16884,320,,
2006113,2006-05-01,59593852,,7159,1000,,,39584,160
2006114,2006-05-02,59267482,,24388,1000,,,123721,160
2006115,2006-05-03,59868816,,9683,1000,12587,320,,
2006116,2006-05-04,59567102,,12319,1000,,,51890,160
2006117,2006-05-05,59529442,,11025,1000,12337,320,,
2006118,2006-05-06,59868816,,7347,1000,12928,320,,
2006119,2006-05-07,60837912,,9627,1000,17722,320,,
2006120,2006-05-08,63121426,,9863,1000,15603,320,,
2006121,2006-05-09,62104816,,24773,1000,,,60655,160
2006122,2006-05-10,62930308,,9712,1000,,,48978,160
2006123,2006-05-11,62215772,,15520,1000,,,48574,160
2006124,2006-05-12,63626774,,18195,1000,,,45679,160
2006125,2006-05-13,61253458,,13921,1000,24135,320,,
2006126,2006-05-14,60123270,,11113,1000,19727,320,,
2006127,2006-05-15,61448216,,5679,1000,,,26928,160
2006128,2006-05-16,60073414,,20238,1000,13906,320,,
2006129,2006-05-17,58768600,,83970,1000,42775,320,,
2006130,2006-05-18,50853182,,13142,1000,,,43461,160
2006131,2006-05-19,51137303,,47964,1000,,,0,0
2006132,2006-05-20,49495050,,32962,1000,,,67742,160
2006133,2006-05-21,51320772,,42578,1000,,,31575,160
2006134,2006-05-22,50787086,,11438,1000,17839,320,,
2006135,2006-05-23,50112406,,12108,1000,12932,320,,
2006136,2006-05-24,54042924,,9633,1000,10624,320,,
2006137,2006-05-25,51922948,,14329,1000,,,37801,160
2006138,2006-05-26,53034098,,15644,1000,,,28746,160
2006139,2006-05-27,52966480,,13031,1000,,,41893,160
2006140,2006-05-28,53006940,,16124,1000,26173,320,,
2006141,2006-05-29,55427830,,20907,1000,11214,320,,
2006142,2006-05-30,53281452,,7188,1000,,,27047,160
2006143,2006-05-31,54552406,,32436,1000,,,73959,160
2006144,2006-06-01,55536890,,57507,1000,29104,320,,
2006145,2006-06-02,50716362,,10706,1000,,,39090,160
2006146,2006-06-03,52043920,,8801,1000,,,29538,160
2006147,2006-06-04,51456410,,11210,1000,,,45915,160
2006148,2006-06-05,56715702,,7343,1000,,,25609,160
2006149,2006-06-06,56228640,,37153,1000,,,50621,160
2006150,2006-06-07,60187920,,33045,1000,23921,320,,
2006151,2006-06-08,60718988,,65312,1000,,,38530,160
2006152,2006-06-09,50581018,,59872,1000,56849,320,,
2006153,2006-06-10,45156150,,13773,1000,,,38647,160
2006154,2006-06-11,45202284,,33898,1000,,,40100,160
2006155,2006-06-12,49417956,,7899,1000,,,20336,160
2006156,2006-06-13,48582832,,10979,1000,,,30313,160
2006157,2006-06-14,49810124,,21209,1000,,,42084,160
2006158,2006-06-15,50697378,,40063,1000,,,89409,160
2006159,2006-06-16,52627862,,4892,1000,,,18301,160
2006160,2006-06-17,50973388,,28529,1000,,,44919,160
2006161,2006-06-18,49089112,,12305,1000,,,29565,160
2006162,2006-06-19,51282358,,31948,1000,,,39826,160
2006163,2006-06-20,54088054,,14094,1000,,,29098,160
2006164,2006-06-21,55627568,,18455,1000,,,20985,160
2006165,2006-06-22,57808284,,23302,1000,,,47763,160
2006166,2006-06-23,61039272,,18840,1000,,,31036,160
2006167,2006-06-24,63722226,,13448,1000,,,52838,160
2006168,2006-06-25,63503480,,33689,1000,,,44979,160
2006169,2006-06-26,63414088,,11493,1000,,,22172,160
2006170,2006-06-27,60875182,,22384,1000,,,50697,160
2006171,2006-06-28,60874300,,22268,1000,32361,320,,
2006172,2006-06-29,52815178,,5719,1000,7079,320,,
2006173,2006-06-30,51850740,,14049,1000,17643,320,,
2006174,2006-07-01,51281614,,12299,1000,,,40231,160
2006175,2006-07-02,52213702,,15073,1000,,,27367,160
2006176,2006-07-03,54119658,,13965,1000,,,39601,160
2006177,2006-07-04,54599728,,12355,1000,,,39077,160
2006178,2006-07-05,54457056,,9685,1000,13393,320,,
2006179,2006-07-06,55085958,,17482,1000,,,34941,160
2006180,2006-07-07,56006378,,15836,1000,,,24760,160
2006181,2006-07-08,56044970,,46612,1000,,,36406,160
2006182,2006-07-09,53767488,,22584,1000,16339,320,,
2006183,2006-07-10,53438182,,26643,1000,23694,320,,
2006184,2006-07-11,51442856,,19654,1000,,,55452,160
2006185,2006-07-12,52840152,,7384,1000,,,19477,160
2006186,2006-07-13,52345748,,21509,1000,,,33261,160
2006187,2006-07-14,53705254,,13908,1000,,,32302,160
2006188,2006-07-15,52773976,,19619,1000,23911,320,,
2006189,2006-07-16,53177274,,7699,1000,8490,320,,
2006190,2006-07-17,54453936,,6060,1000,,,24452,160
2006191,2006-07-18,53301290,,20659,1000,,,33474,160
2006192,2006-07-19,55941168,,7306,1000,8496,320,,
2006193,2006-07-21,52324014,,24126,1000,,,49808,160
2006194,2006-07-21,55361788,,6323,1000,,,15279,160
2006195,2006-07-22,53297738,,23458,1000,11028,320,,
2006196,2006-07-23,53392204,,26088,1000,,,43303,160
2006197,2006-07-24,56225390,,20753,1000,,,36568,160
2006198,2006-07-25,56973752,,12597,1000,7728,320,,
2006199,2006-07-26,54012458,,9906,1000,,,30917,160
2006200,2006-07-27,55709772,,30095,1000,,,76126,160
2006201,2006-07-28,56460860,,9985,1000,,,29671,160
2006202,2006-07-29,55753330,,10024,1000,,,43521,160
2006203,2006-07-30,55640344,,21344,1000,,,30175,160
2006204,2006-07-31,57477172,,9227,1000,,,24836,160
2006205,2006-08-01,57352410,,12141,1000,,,34361,160
2006206,2006-08-02,58115436,,15051,1000,15900,320,,
2006207,2006-08-03,57457420,,7458,1000,6194,320,,
2006208,2006-08-04,56210166,,45770,1000,,,54414,160
2006209,2006-08-05,56562186,,22617,1000,,,45067,160
2006210,2006-08-06,56792994,,39007,1000,,,36307,160
2006211,2006-08-07,59593788,,11016,1000,10079,320,,
2006212,2006-08-08,55983894,,16856,1000,,,26340,160
2006213,2006-08-09,59357246,,23583,1000,,,49093,160
2006214,2006-08-10,58049468,,154089,1000,0,0,,
2006215,2006-08-11,41349594,,8367,1000,10376,320,,
2006216,2006-08-12,41341384,,13862,1000,10560,320,,
2006217,2006-08-13,42655784,,32352,1000,,,73979,160
2006218,2006-08-14,43452676,,11079,1000,7379,320,,
2006219,2006-08-15,45079166,,11336,1000,,,35144,160
2006220,2006-08-16,45613192,,20598,1000,,,45085,160
2006221,2006-08-17,46058972,,19544,1000,,,29923,160
2006222,2006-08-18,46222184,,20033,1000,,,31297,160
2006223,2006-08-19,45542674,,6862,1000,,,19695,160
2006224,2006-08-20,44539770,,14573,1000,,,36487,160
2006225,2006-08-21,46410160,,13364,1000,,,24036,160
2006226,2006-08-22,46468594,,19175,1000,,,40215,160
2006227,2006-08-23,47653762,,19987,1000,,,30533,160
2006228,2006-08-24,48345890,,10392,1000,8923,320,,
2006229,2006-08-25,48514350,,16099,1000,17157,320,,
2006230,2006-08-26,47187650,,26431,1000,,,63044,160
2006231,2006-08-27,48461614,,19925,1000,,,44022,160
2006232,2006-08-28,50804284,,15936,1000,3135,320,,
2006233,2006-08-29,47114288,,23354,1000,12315,320,,
2006234,2006-08-30,47004054,,12690,1000,0,0,,
2006235,2006-08-31,44189424,,18610,1000,,,52734,160
2006236,2006-09-01,46921126,,15445,1000,,,26811,160
2006237,2006-09-02,46093188,,23452,1000,,,45989,160
2006238,2006-09-03,46540632,,15788,1000,,,20486,160
2006239,2006-09-04,48024488,,13223,1000,,,41971,160
2006240,2006-09-05,48912710,,9315,1000,,,31049,160
2006241,2006-09-06,51195992,,10689,1000,,,18782,160
2006242,2006-09-07,49628278,,21943,1000,23189,320,,
2006243,2006-09-08,49112776,,6081,1000,,,30667,160
2006244,2006-09-09,48872218,,9265,1000,,,40330,160
2006245,2006-09-10,50548030,,29669,1000,,,35844,160
2006246,2006-09-11,53270728,,8346,1000,,,24212,160
2006247,2006-09-12,53061814,,16832,1000,,,44169,160
2006248,2006-09-13,54307986,,15071,1000,14690,320,,
2006249,2006-09-14,52119582,,11732,1000,14661,320,,
2006250,2006-09-15,54175330,,5231,1000,9259,320,,
2006251,2006-09-16,54178598,,4715,1000,5121,320,,
2006252,2006-09-17,52449700,,23369,1000,,,68333,160
2006253,2006-09-18,54227688,,44618,1000,,,34979,160
2006254,2006-09-19,55122662,,19962,1000,,,24550,160
2006255,2006-09-20,56934166,,38402,1000,,,23820,160
2006256,2006-09-21,53274714,,9380,1000,8831,320,,
2006257,2006-09-22,53295574,,18355,1000,,,34872,160
2006258,2006-09-23,51114282,,11839,1000,,,24469,160
2006259,2006-09-24,51912576,,11668,1000,6415,320,,
2006260,2006-09-25,52283076,,15579,1000,,,25252,160
2006261,2006-09-26,53632246,,33551,1000,,,50918,160
2006262,2006-09-27,57579824,,10951,1000,,,35447,160
2006263,2006-09-28,58377060,,7257,1000,,,17544,160
2006264,2006-09-29,59712710,,8842,1000,,,22257,160
2006265,2006-09-30,57574224,,6289,1000,,,28632,160
2006266,2006-10-01,55151202,,12081,1000,,,45834,160
2006267,2006-10-02,52630288,,13020,1000,,,24006,160
2006268,2006-10-03,53371432,,9162,1000,9349,320,,
2006269,2006-10-04,54454858,,21251,1000,,,44845,160
2006270,2006-10-05,56836602,,160566,1000,,,132230,160
2006271,2006-10-06,40312854,,7610,1000,,,22921,160
2006272,2006-10-07,41631472,,17833,1000,,,40476,160
2006273,2006-10-08,42160062,,12456,1000,,,19177,160
2006274,2006-10-09,43011300,,17130,1000,,,33355,160
2006275,2006-10-10,45582122,,14084,1000,,,41773,160
2006276,2006-10-11,45838542,,28885,1000,,,36284,160
2006277,2006-10-12,44525094,,7292,1000,12566,320,,
2006278,2006-10-13,44082682,,12344,1000,,,12902,160
2006279,2006-10-14,42209746,,29346,1000,,,69971,160
2006280,2006-10-15,42129980,,6409,1000,6815,320,,
2006281,2006-10-16,43127704,,20029,1000,,,30703,160
2006282,2006-10-17,43127738,,10561,1000,,,26906,160
2006283,2006-10-18,44392530,,10907,1000,10077,320,,
2006284,2006-10-19,43019464,,7254,1000,,,16673,160
2006285,2006-10-20,43326222,,12063,1000,,,34771,160
2006286,2006-10-21,41628422,,9682,1000,,,26478,160
2006287,2006-10-22,41255002,,10215,1000,,,26298,160
2006288,2006-10-23,45088480,,11672,1000,,,34297,160
2006289,2006-10-24,43810920,,16339,1000,17345,320,,
2006290,2006-10-25,45292366,,11999,1000,,,15687,160
2006291,2006-10-26,43681150,,27841,1000,,,33357,160
2006292,2006-10-27,46089762,,17766,1000,13439,320,,
2006293,2006-10-28,43756086,,30008,1000,,,56542,160
2006294,2006-10-29,43504532,,3756,1000,,,25060,160
2006295,2006-10-30,45073768,,14655,1000,,,18694,160
2006296,2006-10-31,45877532,,9883,1000,,,32583,160
2006297,2006-11-01,46556106,,53352,1000,,,76364,160
2006298,2006-11-02,43436694,,11905,1000,19912,320,,
2006299,2006-11-03,43899790,,23172,1000,,,41058,160
2006300,2006-11-04,43362878,,14312,1000,,,48002,160
2006301,2006-11-05,42741990,,10292,1000,,,30441,160
2006302,2006-11-06,45008084,,17309,1000,,,48579,160
2006303,2006-11-07,45697032,,9000,1000,12957,320,,
2006304,2006-11-08,45453432,,20464,1000,,,54670,160
2006305,2006-11-09,44917116,,16818,1000,,,66918,160
2006306,2006-11-10,46521048,,14216,1000,,,41593,160
2006307,2006-11-11,47213896,,6752,1000,,,27689,160
2006308,2006-11-12,46413256,,21433,1000,,,42190,160
2006309,2006-11-13,47165786,,15057,1000,,,39760,160
2006310,2006-11-14,45938532,,30427,1000,,,59948,160
2006311,2006-11-15,47592950,,9044,1000,22673,320,,
2006312,2006-11-16,45405548,,20062,1000,,,27822,160
2006313,2006-11-17,46224566,,9780,1000,9447,320,,
2006314,2006-11-18,44492554,,12359,1000,,,38305,160
2006315,2006-11-19,45911628,,14680,1000,,,40861,160
2006316,2006-11-20,49089256,,39446,1000,,,123030,160
2006317,2006-11-21,50271548,,4152,1000,5453,320,,
2006318,2006-11-22,49340136,,11983,1000,,,35448,160
2006319,2006-11-23,49570812,,18268,1000,,,109099,160
2006320,2006-11-24,52990304,,12794,1000,,,40580,160
2006321,2006-11-25,50124332,,8488,1000,,,18821,160
2006322,2006-11-26,51444802,,7116,1000,14619,320,,
2006323,2006-11-27,51172610,,8376,1000,,,39918,160
2006324,2006-11-28,52069822,,33964,1000,,,76832,160
2006325,2006-11-29,54964350,,5660,1000,,,26540,160
2006326,2006-11-30,53390806,,11353,1000,,,42301,160
2006327,2006-12-01,53807362,,10471,1000,,,82063,160
2006328,2006-12-02,52784990,,18085,1000,,,44828,160
2006329,2006-12-03,53362082,,8024,1000,,,37712,160
2006330,2006-12-04,56335432,,23493,1000,56483,320,,
2006331,2006-12-05,53759656,,15207,1000,,,54780,160
2006332,2006-12-06,55939058,,16551,1000,,,72265,160
2006333,2006-12-07,55502668,,10689,1000,,,80496,160
2006334,2006-12-08,57292948,,15864,1000,,,82676,160
2006335,2006-12-09,52121972,,4207,1000,11704,320,,
2006336,2006-12-10,49949670,,11261,1000,,,86355,160
2006337,2006-12-11,54458304,,11534,1000,15897,320,,
2006338,2006-12-12,51567058,,11597,1000,10537,320,,
2006339,2006-12-13,53530484,,33304,1000,,,94803,160
2006340,2006-12-14,51648166,,23665,1000,,,65748,160
2006341,2006-12-15,51226518,,13770,1000,,,35193,160
2006342,2006-12-16,49799970,,8662,1000,,,65641,160
2006343,2006-12-17,50151210,,14081,1000,,,43083,160
2006344,2006-12-18,54079032,,15375,1000,,,42228,160
2006345,2006-12-19,55971642,,13778,1000,31538,320,,
2006346,2006-12-20,55595934,,15638,1000,,,52893,160
2006347,2006-12-21,57355142,,9207,1000,,,39723,160
2006348,2006-12-22,58042688,,7790,1000,16686,320,,
2006349,2006-12-23,59288328,,23771,1000,,,97216,160
2006350,2006-12-24,59116004,,18994,1000,,,75154,160
2006351,2006-12-25,58859756,,12144,1000,,,48735,160
2006352,2006-12-26,58718452,,6020,1000,15389,320,,
2006353,2006-12-27,59189142,,6876,1000,,,49410,160
2006354,2006-12-28,58704896,,16458,1000,,,82654,160
2006355,2006-12-29,58085124,,47129,1000,,,52624,160
2006356,2006-12-30,51675212,,9177,1000,,,46054,160
2006357,2006-12-31,50655532,,15355,1000,,,80492,160
2007001,2007-01-01,47323304,,9306,1000,,,67603,160
2007002,2007-01-02,47251758,,13153,1000,40600,320,,
2007003,2007-01-03,45332446,,8533,1000,16892,320,,
2007004,2007-01-04,46882078,,8800,1000,12229,320,,
2007005,2007-01-05,46692328,,10646,1000,,,36889,160
2007006,2007-01-06,47110896,,29557,1000,23107,320,,
2007007,2007-01-07,44958604,,20514,1000,,,79457,160
2007008,2007-01-08,47510450,,9556,1000,7340,320,,
2007009,2007-01-09,46904948,,12046,1000,,,36485,160
2007010,2007-01-10,47955678,,20572,1000,,,55794,160
2007011,2007-01-11,48378692,,14551,1000,,,56173,160
2007012,2007-01-12,48771182,,7859,1000,,,28342,160
2007013,2007-01-13,48762034,,7423,1000,15614,320,,
2007014,2007-01-14,46452602,,21220,1000,,,82500,160
2007015,2007-01-15,49731374,,17375,1000,,,71820,160
2007016,2007-01-16,49242702,,36247,1000,21590,320,,
2007017,2007-01-17,48832154,,6830,1000,,,39980,160
2007018,2007-01-18,48391946,,18686,1000,,,32389,160
2007019,2007-01-19,50304702,,14538,1000,,,44532,160
2007020,2007-01-20,49272524,,10438,1000,,,41619,160
2007021,2007-01-21,49591696,,10282,1000,28537,320,,
2007022,2007-01-22,49296632,,26379,1000,,,59669,160
2007023,2007-01-23,51245738,,17640,1000,,,69175,160
2007024,2007-01-24,50555620,,43342,1000,,,98903,160
2007025,2007-01-25,52292016,,5705,1000,,,28287,160
2007026,2007-01-26,52796634,,22041,1000,77845,320,,
2007027,2007-01-27,49229816,,11953,1000,,,41116,160
2007028,2007-01-28,49281766,,9400,1000,,,64171,160
2007029,2007-01-29,52193272,,8313,1000,17684,320,,
2007030,2007-01-30,51915514,,9205,1000,14218,320,,
2007031,2007-01-31,52328018,,8654,1000,,,41249,160
2007032,2007-02-01,52509162,,6759,1000,12729,320,,
2007033,2007-02-02,53321796,,7899,1000,,,40908,160
2007034,2007-02-03,53703956,,23353,1000,19366,320,,
2007035,2007-02-04,52431464,,14328,1000,,,53914,160
2007036,2007-02-05,53452996,,10790,1000,,,60257,160
2007037,2007-02-06,54861810,,34037,1000,,,102272,160
2007038,2007-02-07,55665606,,20508,1000,,,69165,160
2007039,2007-02-08,57132848,,20830,1000,,,55728,160
2007040,2007-02-09,57116380,,12028,1000,48217,320,,
2007041,2007-02-10,49427084,,13798,1000,,,48691,160
2007042,2007-02-11,50778942,,10021,1000,20959,320,,
2007043,2007-02-12,52162092,,7895,1000,,,34011,160
2007044,2007-02-13,49186322,,11612,1000,26304,320,,
2007045,2007-02-14,49736020,,10788,1000,12845,320,,
2007046,2007-02-15,46874586,,16450,1000,,,58868,160
2007047,2007-02-16,44567562,,12862,1000,,,41972,160
2007048,2007-02-25,37697286,,16325,1000,,,47489,160
2007049,2007-02-26,41313176,,29071,1000,33370,320,,
2007050,2007-02-27,37054848,,16573,1000,,,60900,160
2007051,2007-02-28,41042682,,19273,1000,,,38388,160
2007052,2007-03-01,43689616,,6139,1000,16422,320,,
2007053,2007-03-02,42723044,,11001,1000,,,44959,160
2007054,2007-03-03,43221938,,7820,1000,,,30791,160
2007055,2007-03-04,41187178,,8737,1000,23846,320,,
2007056,2007-03-05,42864394,,6514,1000,,,26965,160
2007057,2007-03-06,45852096,,6561,1000,10965,320,,
2007058,2007-03-07,46767236,,15446,1000,,,80284,160
2007059,2007-03-08,48662288,,15951,1000,,,41998,160
2007060,2007-03-09,52785214,,15294,1000,,,31605,160
2007061,2007-03-10,56142412,,22455,1000,84969,320,,
2007062,2007-03-11,48740096,,12840,1000,28785,320,,
2007063,2007-03-12,53264080,,21367,1000,,,137541,160
2007064,2007-03-13,54427294,,33642,1000,,,148172,160
2007065,2007-03-14,57616984,,21713,1000,74807,320,,
2007066,2007-03-15,50781932,,47481,1000,62707,320,,
2007067,2007-03-16,51686078,,6655,1000,,,40335,160
2007068,2007-03-17,52973870,,12948,1000,,,58120,160
2007069,2007-03-18,64040286,,7209,1000,,,62739,160
2007070,2007-03-19,75247662,,12099,1000,,,31152,160
2007071,2007-03-20,91972506,,11814,1000,,,53559,160
2007072,2007-03-21,105804334,,8822,1000,,,42397,160
2007073,2007-03-22,111064146,,18823,1000,299263,320,,
2007074,2007-03-23,60607636,,38385,1000,,,108715,160
2007075,2007-03-24,62497682,,26964,1000,,,51565,160
2007076,2007-03-25,69535690,,9193,1000,78228,320,,
2007077,2007-03-26,63585138,,24613,1000,,,136789,160
2007078,2007-03-27,65811916,,58763,1000,0,0,,
2007079,2007-03-28,69515114,,5703,1000,,,27662,160
2007080,2007-03-29,77497910,,19414,1000,,,77865,160
2007081,2007-03-30,89554654,,17532,1000,,,67732,160
2007082,2007-03-31,94676564,,15644,1000,,,117800,160
2007083,2007-04-01,109434214,,14970,1000,,,57980,160
2007084,2007-04-02,124115892,,31511,1000,289620,320,,
2007085,2007-04-03,71936874,,7399,1000,,,59117,160
2007086,2007-04-04,77858534,,19094,1000,,,120758,160
2007087,2007-04-05,81493558,,41290,1000,,,114548,160
2007088,2007-04-06,92675942,,56247,1000,,,72342,160
2007089,2007-04-07,101642086,,28357,1000,,,69292,160
2007090,2007-04-08,126354474,,6753,1000,,,41263,160
2007091,2007-04-09,147074326,,57003,1000,337563,320,,
2007092,2007-04-10,83292068,,14541,1000,,,28617,160
2007093,2007-04-11,84750618,,25938,1000,,,116071,160
2007094,2007-04-12,87628296,,27830,1000,,,67432,160
2007095,2007-04-13,90521106,,16864,1000,,,81738,160
2007096,2007-04-14,90204500,,13459,1000,,,52618,160
2007097,2007-04-15,91587770,,10442,1000,63180,320,,
2007098,2007-04-16,83186164,,10063,1000,21428,320,,
2007099,2007-04-17,82161864,,15028,1000,,,85103,160
2007100,2007-04-18,84349688,,13178,1000,18278,320,,
2007101,2007-04-19,81136736,,25350,1000,,,90920,160
2007102,2007-04-20,78419836,,16371,1000,,,42187,160
2007103,2007-04-21,77148362,,42219,1000,,,97705,160
2007104,2007-04-22,75664590,,123315,1000,,,44489,160
2007105,2007-04-23,59284676,,11429,1000,48629,320,,
2007106,2007-04-24,57551170,,41193,1000,,,153930,160
2007107,2007-04-25,56923008,,80818,1000,,,152875,160
2007108,2007-04-26,59169474,,15620,1000,,,86195,160
2007109,2007-04-27,58827096,,5976,1000,,,38976,160
2007110,2007-04-28,61197002,,10894,1000,,,44730,160
2007111,2007-04-29,61381514,,18100,1000,,,34545,160
2007112,2007-04-30,63752596,,22036,1000,,,64559,160
2007113,2007-05-01,63752596,,22036,1000,,,64559,160
2007114,2007-05-02,59594270,,7048,1000,,,36590,160
2007115,2007-05-03,59014498,,26002,1000,82866,320,,
2007116,2007-05-04,48738954,,8998,1000,19121,320,,
2007117,2007-05-05,51198850,,14110,1000,,,46149,160
2007118,2007-05-06,52078654,,7523,1000,9541,320,,
2007119,2007-05-07,51220242,,5516,1000,9781,320,,
2007120,2007-05-08,51829074,,13220,1000,,,100520,160
2007121,2007-05-09,53351726,,21593,1000,,,115399,160
2007122,2007-05-10,53545580,,25146,1000,,,108144,160
2007123,2007-05-11,54179110,,11671,1000,,,43557,160
2007124,2007-05-12,52759158,,40512,1000,,,96130,160
2007125,2007-05-13,54882220,,25051,1000,,,33350,160
2007126,2007-05-14,57341856,,7046,1000,,,29369,160
2007127,2007-05-15,57374414,,14900,1000,47284,320,,
2007128,2007-05-16,51813192,,13580,1000,,,79083,160
2007129,2007-05-17,52268610,,25519,1000,,,62628,160
2007130,2007-05-18,53573786,,23762,1000,,,67131,160
2007131,2007-05-19,51305116,,9037,1000,,,48068,160
2007132,2007-05-20,51764138,,20032,1000,,,42164,160
2007133,2007-05-21,54443188,,16581,1000,,,41535,160
2007134,2007-05-22,57181646,,8441,1000,,,25975,160
2007135,2007-05-23,60950440,,8024,1000,,,38563,160
2007136,2007-05-24,61606508,,12558,1000,,,29090,160
2007137,2007-05-25,62931820,,20280,1000,73856,320,,
2007138,2007-05-26,48500666,,17134,1000,,,87642,160
2007139,2007-05-27,48204086,,8681,1000,,,42077,160
2007140,2007-05-28,49191386,,14700,1000,25832,320,,
2007141,2007-05-29,48016406,,23458,1000,,,67238,160
2007142,2007-05-30,49462902,,10420,1000,,,44656,160
2007143,2007-05-31,49580794,,11333,1000,,,48897,160
2007144,2007-06-01,49446232,,11537,1000,,,44616,160
2007145,2007-06-02,48762942,,14054,1000,20288,320,,
2007146,2007-06-03,47723814,,8877,1000,,,28798,160
2007147,2007-06-04,48131172,,9757,1000,20332,320,,
2007148,2007-06-05,49234138,,26435,1000,,,119530,160
2007149,2007-06-06,48887464,,7826,1000,13494,320,,
2007150,2007-06-07,48126392,,18189,1000,21207,320,,
2007151,2007-06-08,46867300,,9784,1000,14244,320,,
2007152,2007-06-09,45121400,,11393,1000,,,42500,160
2007153,2007-06-10,45395754,,10008,1000,,,45877,160
2007154,2007-06-11,45460476,,18147,1000,19607,320,,
2007155,2007-06-12,45365392,,22244,1000,,,74380,160
2007156,2007-06-13,47181034,,17476,1000,,,42793,160
2007157,2007-06-14,46440232,,18246,1000,,,74801,160
2007158,2007-06-15,47707588,,33459,1000,42364,320,,
2007159,2007-06-16,45941052,,8688,1000,,,23257,160
2007160,2007-06-17,44330814,,10745,1000,19046,320,,
2007161,2007-06-18,46700200,,18427,1000,18186,320,,
2007162,2007-06-19,47291626,,13458,1000,,,40372,160
2007163,2007-06-20,48482512,,14740,1000,,,30258,160
2007164,2007-06-21,48608448,,32552,1000,,,97502,160
2007165,2007-06-22,49305218,,12296,1000,,,48219,160
2007166,2007-06-23,45983726,,36408,1000,,,92563,160
2007167,2007-06-24,47506580,,6170,1000,,,37235,160
2007168,2007-06-25,51138534,,10296,1000,,,42385,160
2007169,2007-06-26,51967294,,19710,1000,49491,320,,
2007170,2007-06-27,46587944,,9129,1000,14637,320,,
2007171,2007-06-28,45747290,,16206,1000,21456,320,,
2007172,2007-06-29,45420886,,8830,1000,,,36912,160
2007173,2007-06-30,44238242,,16306,1000,,,74147,160
2007174,2007-07-01,43698906,,14392,1000,14398,320,,
2007175,2007-07-02,44507058,,14023,1000,,,50566,160
2007176,2007-07-03,44665396,,9279,1000,14357,320,,
2007177,2007-07-04,45087766,,15322,1000,18960,320,,
2007178,2007-07-05,43891298,,9575,1000,9585,320,,
2007179,2007-07-06,43488554,,13834,1000,,,34232,160
2007180,2007-07-07,43092216,,16141,1000,,,49717,160
2007181,2007-07-08,44324892,,30777,1000,,,60724,160
2007182,2007-07-09,44788098,,17570,1000,,,51716,160
2007183,2007-07-10,46190118,,9442,1000,,,31306,160
2007184,2007-07-11,44646520,,10747,1000,13564,320,,
2007185,2007-07-12,44395938,,6618,1000,13133,320,,
2007186,2007-07-13,45418638,,10585,1000,,,23759,160
2007187,2007-07-14,44482206,,11849,1000,,,35913,160
2007188,2007-07-15,45523574,,22483,1000,26850,320,,
2007189,2007-07-16,46765190,,13202,1000,15809,320,,
2007190,2007-07-17,45831462,,9110,1000,16137,320,,
2007191,2007-07-18,47072846,,20501,1000,,,65580,160
2007192,2007-07-19,45418890,,13865,1000,,,32483,160
2007193,2007-07-20,45004618,,9311,1000,16132,320,,
2007194,2007-07-21,43734096,,6080,1000,,,21185,160
2007195,2007-07-22,43659170,,33725,1000,,,95569,160
2007196,2007-07-23,44923582,,9386,1000,25288,320,,
2007197,2007-07-24,42831688,,6201,1000,,,23411,160
2007198,2007-07-25,42663332,,13675,1000,,,36249,160
2007199,2007-07-26,44368794,,18410,1000,,,25760,160
2007200,2007-07-27,44788952,,9722,1000,20243,320,,
2007201,2007-07-28,43343526,,6528,1000,,,19676,160
2007202,2007-07-29,42294666,,11406,1000,,,37402,160
2007203,2007-07-30,42596396,,6017,1000,,,17533,160
2007204,2007-07-31,40384828,,8495,1000,25895,320,,
2007205,2007-08-01,40854616,,12328,1000,,,56320,160
2007206,2007-08-02,41744326,,29327,1000,28644,320,,
2007207,2007-08-03,42549654,,17681,1000,19608,320,,
2007208,2007-08-04,41986584,,20706,1000,,,48940,160
2007209,2007-08-05,40827932,,26254,1000,,,37959,160
2007210,2007-08-06,43376044,,5993,1000,,,9643,160
2007211,2007-08-07,42295726,,11117,1000,24186,320,,
2007212,2007-08-08,42346036,,19228,1000,,,43969,160
2007213,2007-08-09,42956046,,31860,1000,,,51911,160
2007214,2007-08-10,45958856,,16043,1000,,,25298,160
2007215,2007-08-11,46485270,,28732,1000,52415,320,,
2007216,2007-08-12,44666622,,22036,1000,,,39083,160
2007217,2007-08-13,46583126,,12319,1000,,,31980,160
2007218,2007-08-14,46324504,,17910,1000,,,43525,160
2007219,2007-08-15,46763048,,20654,1000,,,61648,160
2007220,2007-08-16,46501738,,26504,1000,,,53011,160
2007221,2007-08-17,45683608,,30003,1000,42433,320,,
2007222,2007-08-18,42604146,,7509,1000,,,29958,160
2007223,2007-08-19,41423754,,11688,1000,,,35095,160
2007224,2007-08-20,40750668,,9942,1000,,,29899,160
2007225,2007-08-21,42076606,,25699,1000,,,80705,160
2007226,2007-08-22,45744654,,16404,1000,32453,320,,
2007227,2007-08-23,41245968,,8393,1000,,,24185,160
2007228,2007-08-24,40931716,,8703,1000,11875,320,,
2007229,2007-08-25,40159992,,23614,1000,,,30081,160
2007230,2007-08-26,40905376,,5011,1000,,,14991,160
2007231,2007-08-27,41319252,,9819,1000,,,27470,160
2007232,2007-08-28,43331140,,51820,1000,,,95954,160
2007233,2007-08-29,45777064,,12061,1000,38326,320,,
2007234,2007-08-30,42561286,,10506,1000,,,23550,160
2007235,2007-08-31,43120852,,14591,1000,,,36598,160
2007236,2007-09-01,42418544,,8786,1000,15060,320,,
2007237,2007-09-02,40588550,,33964,1000,,,59523,160
2007238,2007-09-03,43910676,,31039,1000,,,88192,160
2007239,2007-09-04,45177772,,7573,1000,15051,320,,
2007240,2007-09-05,43894398,,21268,1000,,,50106,160
2007241,2007-09-06,43672392,,14186,1000,,,45263,160
2007242,2007-09-07,45002924,,12773,1000,24184,320,,
2007243,2007-09-08,44247224,,22265,1000,,,62571,160
2007244,2007-09-09,43653392,,10392,1000,,,60607,160
2007245,2007-09-10,46684464,,6421,1000,,,35808,160
2007246,2007-09-11,45900778,,12621,1000,21753,320,,
2007247,2007-09-12,44022486,,7331,1000,14527,320,,
2007248,2007-09-13,44239250,,12518,1000,20172,320,,
2007249,2007-09-14,45377204,,7179,1000,,,30517,160
2007250,2007-09-15,43358438,,26659,1000,,,35950,160
2007251,2007-09-16,43663846,,37605,1000,,,47317,160
2007252,2007-09-17,45634096,,19001,1000,46114,320,,
2007253,2007-09-18,43804420,,22208,1000,,,97748,160
2007254,2007-09-19,45438368,,10602,1000,,,37421,160
2007255,2007-09-20,45794088,,27797,1000,,,67517,160
2007256,2007-09-21,49889552,,6729,1000,,,25512,160
2007257,2007-09-22,49252796,,19116,1000,57131,320,,
2007258,2007-09-23,44542216,,8005,1000,,,37875,160
2007259,2007-09-24,46692688,,21657,1000,,,54127,160
2007260,2007-09-25,45220344,,32373,1000,,,66817,160
2007261,2007-09-26,48591782,,36483,1000,,,62763,160
2007262,2007-09-27,48876142,,4989,1000,,,15850,160
2007263,2007-09-28,54040482,,11531,1000,,,26043,160
2007264,2007-09-29,55624904,,23189,1000,63443,320,,
2007265,2007-09-30,42889128,,8242,1000,,,29330,160
2007266,2007-10-01,41976074,,17505,1000,,,59340,160
2007267,2007-10-02,42843208,,12884,1000,23849,320,,
2007268,2007-10-03,43028896,,12071,1000,,,30995,160
2007269,2007-10-04,44124730,,17067,1000,,,56547,160
2007270,2007-10-05,46403468,,19904,1000,,,33256,160
2007271,2007-10-06,48211166,,22588,1000,,,58818,160
2007272,2007-10-07,47955710,,8529,1000,37842,320,,
2007273,2007-10-08,44978066,,19870,1000,,,51807,160
2007274,2007-10-09,45725890,,14707,1000,,,41036,160
2007275,2007-10-10,48773272,,4076,1000,12295,320,,
2007276,2007-10-11,45965956,,3983,1000,4660,320,,
2007277,2007-10-12,46113638,,16383,1000,,,55283,160
2007278,2007-10-13,46846650,,12823,1000,,,43246,160
2007279,2007-10-14,44970482,,14296,1000,,,20781,160
2007280,2007-10-15,48028948,,5212,1000,,,17421,160
2007281,2007-10-16,50382548,,24138,1000,,,39804,160
2007282,2007-10-17,54056130,,9898,1000,,,42886,160
2007283,2007-10-18,58194382,,22728,1000,,,48592,160
2007284,2007-10-19,63364706,,23537,1000,,,48679,160
2007285,2007-10-20,61013042,,11903,1000,,,24023,160
2007286,2007-10-21,57884070,,42518,1000,88598,320,,
2007287,2007-10-22,46547866,,22414,1000,,,64068,160
2007288,2007-10-23,47374102,,24986,1000,,,77972,160
2007289,2007-10-24,48794104,,15659,1000,,,39637,160
2007290,2007-10-25,48233964,,15812,1000,,,41023,160
2007291,2007-10-26,49873552,,25541,1000,35961,320,,
2007292,2007-10-27,47981712,,9075,1000,,,50045,160
2007293,2007-10-28,46324024,,7449,1000,,,22021,160
2007294,2007-10-29,48381304,,31817,1000,,,63307,160
2007295,2007-10-30,46904624,,41765,1000,0,0,,
2007296,2007-10-31,44270604,,34320,1000,,,65667,160
2007297,2007-11-01,47264926,,40041,1000,,,79388,160
2007298,2007-11-02,50663758,,12703,1000,32677,320,,
2007299,2007-11-03,48869190,,6574,1000,9743,320,,
2007300,2007-11-04,47655182,,18819,1000,,,61042,160
2007301,2007-11-05,50740300,,23069,1000,,,60641,160
2007302,2007-11-06,51111018,,27482,1000,12096,320,,
2007303,2007-11-07,49557696,,11656,1000,12163,320,,
2007304,2007-11-08,47999658,,10347,1000,13595,320,,
2007305,2007-11-09,50715494,,6324,1000,8760,320,,
2007306,2007-11-10,49819042,,18741,1000,,,55125,160
2007307,2007-11-11,49332088,,8132,1000,,,32964,160
2007308,2007-11-12,52048744,,22449,1000,,,70199,160
2007309,2007-11-13,50993948,,15734,1000,24182,320,,
2007310,2007-11-14,51922246,,12757,1000,,,36914,160
2007311,2007-11-15,50649584,,9317,1000,,,24232,160
2007312,2007-11-16,52214006,,16575,1000,,,78099,160
2007313,2007-11-17,50582754,,16445,1000,,,47034,160
2007314,2007-11-18,51604102,,11134,1000,23320,320,,
2007315,2007-11-19,52685884,,20616,1000,,,62194,160
2007316,2007-11-20,53630604,,9561,1000,,,33209,160
2007317,2007-11-21,54674766,,18410,1000,,,19709,160
2007318,2007-11-22,52040426,,17635,1000,,,45613,160
2007319,2007-11-23,54259380,,10540,1000,,,27134,160
2007320,2007-11-24,54103054,,13261,1000,,,34718,160
2007321,2007-11-25,54439562,,15605,1000,46754,320,,
2007322,2007-11-26,50818778,,18445,1000,,,30709,160
2007323,2007-11-27,51916176,,6786,1000,15247,320,,
2007324,2007-11-28,52205992,,18212,1000,14930,320,,
2007325,2007-11-29,52008626,,14075,1000,,,57664,160
2007326,2007-11-30,52706442,,24083,1000,27307,320,,
2007327,2007-12-01,51161454,,30810,1000,,,57172,160
2007328,2007-12-02,50100658,,17962,1000,19714,320,,
2007329,2007-12-03,53681722,,23238,1000,,,62460,160
2007330,2007-12-04,54146438,,26084,1000,,,38777,160
2007331,2007-12-05,56984656,,17938,1000,38130,320,,
2007332,2007-12-06,53625480,,23552,1000,,,33281,160
2007333,2007-12-07,57688226,,28276,1000,,,130791,160
2007334,2007-12-08,55357140,,29607,1000,36985,320,,
2007335,2007-12-09,52298370,,23870,1000,25700,320,,
2007336,2007-12-10,55621748,,7783,1000,,,58572,160
2007337,2007-12-11,54370180,,10709,1000,18747,320,,
2007338,2007-12-12,55422378,,48949,1000,,,87998,160
2007339,2007-12-13,55089462,,18373,1000,,,51204,160
2007340,2007-12-14,54453210,,16099,1000,,,27747,160
2007341,2007-12-15,54751604,,24032,1000,31212,320,,
2007342,2007-12-16,50815262,,6929,1000,9972,320,,
2007343,2007-12-17,52083722,,26680,1000,,,98365,160
2007344,2007-12-18,52246110,,17658,1000,,,54230,160
2007345,2007-12-19,56277384,,14103,1000,,,71424,160
2007346,2007-12-20,57200282,,14257,1000,,,40361,160
2007347,2007-12-21,60515754,,9897,1000,,,22513,160
2007348,2007-12-22,59290534,,15441,1000,46583,320,,
2007349,2007-12-23,52517038,,12702,1000,27019,320,,
2007350,2007-12-24,54617438,,7586,1000,9705,320,,
2007351,2007-12-25,51051792,,14697,1000,17556,320,,
2007352,2007-12-26,55601626,,10987,1000,,,43907,160
2007353,2007-12-27,52883930,,24752,1000,28746,320,,
2007354,2007-12-28,56180114,,15226,1000,,,43745,160
2007355,2007-12-29,54515080,,21287,1000,,,57373,160
2007356,2007-12-30,53811646,,10942,1000,,,41822,160
2007357,2007-12-31,54719738,,10422,1000,,,38288,160
2008001,2008-01-01,54594238,,42321,1000,,,71035,160
2008002,2008-01-02,57848732,,24691,1000,,,52722,160
2008003,2008-01-03,58043542,,42150,1000,74237,320,,
2008004,2008-01-04,56971680,,11898,1000,,,23327,160
2008005,2008-01-05,54300252,,26235,1000,,,42285,160
2008006,2008-01-06,53922080,,10799,1000,15728,320,,
2008007,2008-01-07,51733576,,26515,1000,,,45720,160
2008008,2008-01-08,52934052,,28889,1000,,,62324,160
2008009,2008-01-09,56714512,,7966,1000,12201,320,,
2008010,2008-01-10,51835198,,19735,1000,,,58655,160
2008011,2008-01-11,53746644,,13415,1000,,,40710,160
2008012,2008-01-12,53087872,,31292,1000,,,41949,160
2008013,2008-01-13,54145856,,20877,1000,,,30470,160
2008014,2008-01-14,57145908,,46049,1000,40497,320,,
2008015,2008-01-15,52505954,,31139,1000,29058,320,,
2008016,2008-01-16,56470496,,15664,1000,,,34290,160
2008017,2008-01-17,55637030,,5392,1000,,,34087,160
2008018,2008-01-18,56496440,,19822,1000,,,31638,160
2008019,2008-01-19,57115994,,26885,1000,,,66379,160
2008020,2008-01-20,57785218,,16078,1000,,,31578,160
2008021,2008-01-21,62844736,,46938,1000,0,0,,
2008022,2008-01-22,52643832,,42196,1000,,,46868,160
2008023,2008-01-23,57908884,,19361,1000,26986,320,,
2008024,2008-01-24,54204062,,15569,1000,,,56592,160
2008025,2008-01-25,54743816,,22639,1000,,,34373,160
2008026,2008-01-26,55664218,,16435,1000,30658,320,,
2008027,2008-01-27,52361130,,26499,1000,,,43496,160
2008028,2008-01-28,53921248,,28224,1000,,,88370,160
2008029,2008-01-29,55480662,,13694,1000,,,32694,160
2008030,2008-01-30,55001414,,8248,1000,,,25487,160
2008031,2008-01-31,55610226,,70261,1000,,,80571,160
2008032,2008-02-01,54571964,,12504,1000,,,46118,160
2008033,2008-02-02,58074488,,33498,1000,69431,320,,
2008034,2008-02-03,48639532,,14902,1000,,,34788,160
2008035,2008-02-04,48341728,,8797,1000,,,18229,160
2008036,2008-02-05,43214602,,6461,1000,,,14658,160
2008037,2008-02-13,33325702,,31434,1000,,,83032,160
2008038,2008-02-14,39736838,,10430,1000,,,22145,160
2008039,2008-02-15,43923834,,3047,1000,,,23539,160
2008040,2008-02-16,47756288,,14625,1000,34035,320,,
2008041,2008-02-17,41350596,,15185,1000,,,40054,160
2008042,2008-02-18,45680528,,10437,1000,12484,320,,
2008043,2008-02-19,45509426,,7048,1000,,,15765,160
2008044,2008-02-20,47641168,,79291,1000,,,100697,160
2008045,2008-02-21,52578952,,12215,1000,,,29067,160
2008046,2008-02-22,51523420,,14107,1000,,,35132,160
2008047,2008-02-23,52721196,,11291,1000,,,25984,160
2008048,2008-02-24,55007768,,22411,1000,,,31566,160
2008049,2008-02-25,62206262,,7712,1000,,,20342,160
2008050,2008-02-26,64724816,,11404,1000,,,38429,160
2008051,2008-02-27,69334380,,36044,1000,89191,320,,
2008052,2008-02-28,53591546,,11926,1000,,,34157,160
2008053,2008-02-29,54916278,,16640,1000,,,40279,160
2008054,2008-03-01,54695442,,8264,1000,,,52206,160
2008055,2008-03-02,54336232,,14329,1000,27150,320,,
2008056,2008-03-03,54966038,,9193,1000,,,41345,160
2008057,2008-03-04,55688586,,12262,1000,,,52175,160
2008058,2008-03-05,56352692,,6631,1000,,,29187,160
2008059,2008-03-06,56050476,,14845,1000,,,57188,160
2008060,2008-03-07,58113186,,13965,1000,,,35048,160
2008061,2008-03-08,59412616,,9290,1000,,,41059,160
2008062,2008-03-09,62134502,,18795,1000,69710,320,,
2008063,2008-03-10,56790396,,23415,1000,29108,320,,
2008064,2008-03-11,54399158,,9253,1000,13468,320,,
2008065,2008-03-12,55375676,,14406,1000,,,56178,160
2008066,2008-03-13,54901190,,24517,1000,,,34365,160
2008067,2008-03-14,53358106,,11053,1000,23113,320,,
2008068,2008-03-15,50663944,,26392,1000,,,67256,160
2008069,2008-03-16,51851128,,23860,1000,,,60648,160
2008070,2008-03-17,54843988,,21945,1000,,,61971,160
2008071,2008-03-18,54212824,,16411,1000,22302,320,,
2008072,2008-03-19,54782938,,24959,1000,,,46545,160
2008073,2008-03-20,52789788,,15859,1000,,,52445,160
2008074,2008-03-21,53633476,,9323,1000,13166,320,,
2008075,2008-03-22,50143148,,10609,1000,,,30409,160
2008076,2008-03-23,48880914,,20145,1000,,,60433,160
2008077,2008-03-24,52419898,,3449,1000,,,8006,160
2008078,2008-03-25,50620152,,8962,1000,,,22671,160
2008079,2008-03-26,52075312,,8523,1000,21130,320,,
2008080,2008-03-27,50306632,,19414,1000,,,61100,160
2008081,2008-03-28,52039982,,7965,1000,,,27784,160
2008082,2008-03-29,50807644,,11044,1000,,,41928,160
2008083,2008-03-30,49541428,,8259,1000,16481,320,,
2008084,2008-03-31,50853220,,6888,1000,8784,320,,
2008085,2008-04-01,48409504,,36821,1000,,,57931,160
2008086,2008-04-02,46875810,,19824,1000,,,47530,160
2008087,2008-04-03,46788326,,10651,1000,,,38719,160
2008088,2008-04-04,47343326,,20329,1000,23137,320,,
2008089,2008-04-05,47116478,,8505,1000,,,34836,160
2008090,2008-04-06,46993842,,31866,1000,,,81237,160
2008091,2008-04-07,51601412,,13804,1000,,,23757,160
2008092,2008-04-08,51520586,,21269,1000,,,41361,160
2008093,2008-04-09,54632074,,6953,1000,,,11083,160
2008094,2008-04-10,56100758,,12170,1000,40271,320,,
2008095,2008-04-11,52422810,,7244,1000,11251,320,,
2008096,2008-04-12,51134794,,18971,1000,,,63832,160
2008097,2008-04-13,49439862,,33455,1000,,,62759,160
2008098,2008-04-14,52592936,,10006,1000,16494,320,,
2008099,2008-04-15,52022496,,28137,1000,,,62698,160
2008100,2008-04-16,53812506,,14482,1000,23488,320,,
2008101,2008-04-17,52083948,,12209,1000,,,56917,160
2008102,2008-04-18,55206930,,21887,1000,,,63832,160
2008103,2008-04-19,54464898,,38570,1000,0,0,,
2008104,2008-04-20,47170438,,12842,1000,21052,320,,
2008105,2008-04-21,50881620,,26810,1000,,,64593,160
2008106,2008-04-22,50103958,,17928,1000,,,57569,160
2008107,2008-04-23,51012348,,34971,1000,,,86186,160
2008108,2008-04-24,51463780,,19519,1000,37284,320,,
2008109,2008-04-25,49676760,,24602,1000,,,52062,160
2008110,2008-04-26,51171732,,9788,1000,14513,320,,
2008111,2008-04-27,47999382,,13082,1000,,,36899,160
2008112,2008-04-28,51693814,,9455,1000,,,31376,160
2008113,2008-04-29,52254362,,7295,1000,,,30649,160
2008114,2008-04-30,52613638,,11866,1000,,,37381,160
2008115,2008-05-01,48748512,,25284,1000,,,38100,160
2008116,2008-05-02,55416006,,22845,1000,,,56651,160
2008117,2008-05-03,58302508,,10154,1000,,,30864,160
2008118,2008-05-04,63108888,,24356,1000,78644,320,,
2008119,2008-05-05,52010054,,14656,1000,,,27112,160
2008120,2008-05-06,51549866,,4470,1000,,,27271,160
2008121,2008-05-07,51928450,,8795,1000,,,18351,160
2008122,2008-05-08,51597174,,27684,1000,,,88566,160
2008123,2008-05-09,54986822,,38567,1000,47601,320,,
2008124,2008-05-10,48216498,,34851,1000,,,59859,160
2008125,2008-05-11,47532822,,9823,1000,13772,320,,
2008126,2008-05-12,47987284,,14494,1000,,,33345,160
2008127,2008-05-13,46203216,,11040,1000,,,43830,160
2008128,2008-05-14,48560774,,24724,1000,,,74918,160
2008129,2008-05-15,49132766,,16254,1000,,,44737,160
2008130,2008-05-16,55140326,,13505,1000,33077,320,,
2008131,2008-05-17,48890722,,10121,1000,,,21218,160
2008132,2008-05-18,48639140,,21933,1000,21038,320,,
2008133,2008-05-19,49741188,,11271,1000,,,35955,160
2008134,2008-05-20,48695294,,8843,1000,,,32907,160
2008135,2008-05-21,50970910,,97092,1000,,,87705,160
2008136,2008-05-22,53893280,,11384,1000,17139,320,,
2008137,2008-05-23,52009650,,14883,1000,,,43739,160
2008138,2008-05-24,51494622,,12695,1000,,,40586,160
2008139,2008-05-25,50402990,,34637,1000,,,69533,160
2008140,2008-05-26,55240452,,15530,1000,21758,320,,
2008141,2008-05-27,51905724,,15849,1000,,,43988,160
2008142,2008-05-28,53668992,,25339,1000,,,32458,160
2008143,2008-05-29,53964620,,9143,1000,,,30164,160
2008144,2008-05-30,55702466,,7700,1000,,,30102,160
2008145,2008-05-31,56936964,,5564,1000,,,18935,160
2008146,2008-06-01,58559004,,6661,1000,,,19270,160
2008147,2008-06-02,65532624,,12885,1000,,,35452,160
2008148,2008-06-03,70395044,,12076,1000,,,50457,160
2008149,2008-06-04,74267818,,12610,1000,,,32242,160
2008150,2008-06-05,72224480,,13230,1000,,,47101,160
2008151,2008-06-06,68830264,,14048,1000,,,47621,160
2008152,2008-06-07,64339594,,18323,1000,,,34297,160
2008153,2008-06-08,59585004,,7077,1000,,,19436,160
2008154,2008-06-09,59302032,,17693,1000,,,32073,160
2008155,2008-06-10,55369130,,81537,1000,107345,320,,
2008156,2008-06-11,46542404,,26286,1000,,,48800,160
2008157,2008-06-12,46412384,,6460,1000,11085,320,,
2008158,2008-06-13,44938712,,10264,1000,,,43439,160
2008159,2008-06-14,44812154,,18873,1000,,,78360,160
2008160,2008-06-15,45182210,,15072,1000,25115,320,,
2008161,2008-06-16,45308450,,32667,1000,,,32433,160
2008162,2008-06-17,46155476,,17337,1000,,,42806,160
2008163,2008-06-18,47492944,,13985,1000,22509,320,,
2008164,2008-06-19,45460428,,10562,1000,,,36138,160
2008165,2008-06-20,46182132,,16836,1000,,,35523,160
2008166,2008-06-21,45940638,,21869,1000,,,74264,160
2008167,2008-06-22,46666384,,15871,1000,24254,320,,
2008168,2008-06-23,47301358,,15194,1000,,,42938,160
2008169,2008-06-24,46816800,,9740,1000,,,29424,160
2008170,2008-06-25,48043470,,18709,1000,,,58796,160
2008171,2008-06-26,48419640,,7832,1000,17782,320,,
2008172,2008-06-27,47003360,,23017,1000,,,44002,160
2008173,2008-06-28,47021024,,14282,1000,,,21610,160
2008174,2008-06-29,45125722,,9866,1000,21221,320,,
2008175,2008-06-30,46176886,,10798,1000,,,38377,160
2008176,2008-07-01,45755928,,12164,1000,,,38454,160
2008177,2008-07-02,46274224,,22634,1000,30518,320,,
2008178,2008-07-03,45141006,,21799,1000,,,70084,160
2008179,2008-07-04,46865560,,13408,1000,,,32065,160
2008180,2008-07-05,46163604,,25913,1000,35738,320,,
2008181,2008-07-06,43045934,,10735,1000,8441,320,,
2008182,2008-07-07,42171050,,17009,1000,,,28748,160
2008183,2008-07-08,42782846,,7858,1000,,,36488,160
2008184,2008-07-09,46403524,,8319,1000,,,22512,160
2008185,2008-07-10,45304164,,7405,1000,,,29139,160
2008186,2008-07-11,46070004,,22842,1000,,,31487,160
2008187,2008-07-12,45969380,,40653,1000,,,80602,160
2008188,2008-07-13,47440552,,14882,1000,,,24689,160
2008189,2008-07-14,51494618,,7806,1000,,,21345,160
2008190,2008-07-15,49388280,,6874,1000,,,13918,160
2008191,2008-07-16,50326514,,7465,1000,,,21758,160
2008192,2008-07-17,49320644,,16949,1000,,,28869,160
2008193,2008-07-18,51148946,,6636,1000,,,18283,160
2008194,2008-07-19,49463322,,7164,1000,,,23269,160
2008195,2008-07-20,48829392,,7297,1000,,,19167,160
2008196,2008-07-21,54032442,,17283,1000,42143,320,,
2008197,2008-07-22,45399798,,6427,1000,,,20976,160
2008198,2008-07-23,47344590,,8990,1000,14849,320,,
2008199,2008-07-24,43744150,,6976,1000,,,26628,160
2008200,2008-07-25,46102154,,30530,1000,,,52223,160
2008201,2008-07-26,42100716,,11217,1000,,,29178,160
2008202,2008-07-27,43085444,,17444,1000,,,48872,160
2008203,2008-07-28,45838456,,9630,1000,,,25451,160
2008204,2008-07-29,46109314,,11095,1000,22538,320,,
2008205,2008-07-30,43618986,,19369,1000,,,49972,160
2008206,2008-07-31,43867714,,8834,1000,,,42229,160
2008207,2008-08-01,45558028,,5960,1000,,,30953,160
2008208,2008-08-02,44055262,,10970,1000,21460,320,,
2008209,2008-08-03,42285038,,17216,1000,,,35430,160
2008210,2008-08-04,45392162,,13392,1000,,,29379,160
2008211,2008-08-05,45166978,,21777,1000,,,48530,160
2008212,2008-08-06,44137786,,17926,1000,,,48772,160
2008213,2008-08-07,45797278,,13715,1000,,,31277,160
2008214,2008-08-08,48089178,,27384,1000,,,39822,160
2008215,2008-08-09,43202240,,9956,1000,,,18878,160
2008216,2008-08-10,42998660,,24111,1000,33676,320,,
2008217,2008-08-11,41524186,,9887,1000,,,31156,160
2008218,2008-08-12,41667832,,11127,1000,12827,320,,
2008219,2008-08-13,42384810,,25744,1000,,,69910,160
2008220,2008-08-14,42218828,,20973,1000,,,34453,160
2008221,2008-08-15,44058000,,33027,1000,,,31516,160
2008222,2008-08-16,42872672,,34589,1000,29608,320,,
2008223,2008-08-17,40291802,,8246,1000,,,36709,160
2008224,2008-08-18,41271966,,13694,1000,13230,320,,
2008225,2008-08-19,41863746,,7053,1000,,,27036,160
2008226,2008-08-20,41623996,,11894,1000,,,39373,160
2008227,2008-08-21,41326432,,15219,1000,,,49216,160
2008228,2008-08-22,43332234,,9356,1000,15014,320,,
2008229,2008-08-23,41192946,,10961,1000,,,27479,160
2008230,2008-08-24,41182324,,14561,1000,,,30275,160
2008231,2008-08-25,42157880,,16570,1000,,,33466,160
2008232,2008-08-26,42389226,,10677,1000,,,14399,160
2008233,2008-08-27,43896360,,17653,1000,23603,320,,
2008234,2008-08-28,41740968,,9214,1000,,,29691,160
2008235,2008-08-29,43510314,,13317,1000,,,30388,160
2008236,2008-08-30,42765748,,6255,1000,8035,320,,
2008237,2008-08-31,41176812,,4285,1000,5275,320,,
2008238,2008-09-01,40956134,,3758,1000,4087,320,,
2008239,2008-09-02,40808806,,43395,1000,,,64194,160
2008240,2008-09-03,45387566,,10971,1000,,,42671,160
2008241,2008-09-04,44575406,,15903,1000,,,32106,160
2008242,2008-09-05,45253106,,22735,1000,,,59860,160
2008243,2008-09-06,45002816,,12033,1000,,,34316,160
2008244,2008-09-07,44608678,,34790,1000,0,0,,
2008245,2008-09-08,40952018,,9685,1000,,,23694,160
2008246,2008-09-09,42234300,,12126,1000,,,49738,160
2008247,2008-09-10,44734990,,12443,1000,,,34537,160
2008248,2008-09-11,44107804,,7308,1000,,,25966,160
2008249,2008-09-12,44952502,,28071,1000,,,37919,160
2008250,2008-09-13,44679266,,39575,1000,,,28831,160
2008251,2008-09-14,43809800,,15940,1000,20892,320,,
2008252,2008-09-15,45102454,,8781,1000,9415,320,,
2008253,2008-09-16,43774394,,7603,1000,9311,320,,
2008254,2008-09-17,45644858,,17489,1000,,,52359,160
2008255,2008-09-18,45434812,,41975,1000,,,71863,160
2008256,2008-09-19,47189794,,9776,1000,13594,320,,
2008257,2008-09-20,44414312,,7331,1000,,,30182,160
2008258,2008-09-21,43609754,,15669,1000,,,17860,160
2008259,2008-09-22,44983562,,29127,1000,,,53290,160
2008260,2008-09-23,44871082,,5264,1000,6670,320,,
2008261,2008-09-24,43073892,,5431,1000,6957,320,,
2008262,2008-09-25,42891142,,9463,1000,,,23314,160
2008263,2008-09-26,45024308,,4681,1000,4912,320,,
2008264,2008-09-27,42701826,,14665,1000,,,33288,160
2008265,2008-09-28,42439026,,13060,1000,,,36041,160
2008266,2008-09-29,43059054,,8742,1000,,,27468,160
2008267,2008-09-30,42341352,,14901,1000,,,22774,160
2008268,2008-10-01,41041826,,4937,1000,,,19631,160
2008269,2008-10-02,40017696,,9883,1000,,,27206,160
2008270,2008-10-03,43551440,,7690,1000,,,29060,160
2008271,2008-10-04,43614238,,3478,1000,,,4754,160
2008272,2008-10-05,42902128,,11461,1000,,,26696,160
2008273,2008-10-06,44159542,,19578,1000,,,59223,160
2008274,2008-10-07,44701714,,15065,1000,25102,320,,
2008275,2008-10-08,43112050,,8754,1000,11605,320,,
2008276,2008-10-09,41910672,,12685,1000,,,30120,160
2008277,2008-10-10,43697180,,9705,1000,,,28646,160
2008278,2008-10-11,43404392,,9005,1000,,,19516,160
2008279,2008-10-12,42083938,,6460,1000,,,30419,160
2008280,2008-10-13,44842058,,50688,1000,,,65089,160
2008281,2008-10-14,40210702,,6326,1000,19040,320,,
2008282,2008-10-15,41768886,,26175,1000,,,51637,160
2008283,2008-10-16,41803698,,23032,1000,,,43865,160
2008284,2008-10-17,43284640,,11077,1000,,,31689,160
2008285,2008-10-18,42298324,,11946,1000,,,45419,160
2008286,2008-10-19,41438338,,11778,1000,,,28935,160
2008287,2008-10-20,44480624,,18462,1000,,,33530,160
2008288,2008-10-21,43007838,,32949,1000,,,81826,160
2008289,2008-10-22,46991328,,8646,1000,,,24415,160
2008290,2008-10-23,44962572,,30789,1000,48372,320,,
2008291,2008-10-24,44530688,,8642,1000,23428,320,,
2008292,2008-10-25,41356112,,33470,1000,,,43485,160
2008293,2008-10-26,43683986,,18680,1000,,,42163,160
2008294,2008-10-27,45502890,,8974,1000,,,54129,160
2008295,2008-10-28,44601508,,11868,1000,11917,320,,
2008296,2008-10-29,43374734,,18344,1000,,,33706,160
2008297,2008-10-30,44450984,,19454,1000,,,43271,160
2008298,2008-10-31,47330654,,15537,1000,,,26154,160
2008299,2008-11-01,45333228,,7192,1000,,,21129,160
2008300,2008-11-02,46095504,,5164,1000,,,21984,160
2008301,2008-11-03,46260066,,6104,1000,,,21888,160
2008302,2008-11-04,44547984,,11456,1000,30554,320,,
2008303,2008-11-05,44180646,,12389,1000,,,37237,160
2008304,2008-11-06,43453794,,12369,1000,17008,320,,
2008305,2008-11-07,44003590,,22872,1000,,,34768,160
2008306,2008-11-08,41955828,,14362,1000,,,49608,160
2008307,2008-11-09,42774712,,15522,1000,,,59156,160
2008308,2008-11-10,45137854,,17870,1000,,,40223,160
2008309,2008-11-11,44982800,,6737,1000,,,20697,160
2008310,2008-11-12,47339816,,9442,1000,,,30263,160
2008311,2008-11-13,45370692,,32835,1000,,,53644,160
2008312,2008-11-14,49577702,,18771,1000,39432,320,,
2008313,2008-11-15,44499846,,13068,1000,,,41980,160
2008314,2008-11-16,44487592,,6006,1000,,,24116,160
2008315,2008-11-17,47582108,,8404,1000,,,32147,160
2008316,2008-11-18,46454550,,16301,1000,,,57417,160
2008317,2008-11-19,48219690,,40408,1000,0,0,,
2008318,2008-11-20,43867692,,10333,1000,,,47863,160
2008319,2008-11-21,47393750,,10470,1000,21380,320,,
2008320,2008-11-22,43770202,,14313,1000,,,36876,160
2008321,2008-11-23,42177700,,19765,1000,26763,320,,
2008322,2008-11-24,44631672,,14132,1000,7412,320,,
2008323,2008-11-25,43420530,,14374,1000,,,26721,160
2008324,2008-11-26,45629002,,11268,1000,13530,320,,
2008325,2008-11-27,43809102,,9226,1000,13810,320,,
2008326,2008-11-28,47204724,,12416,1000,,,31971,160
2008327,2008-11-29,43911976,,27238,1000,,,50595,160
2008328,2008-11-30,44029976,,22559,1000,29420,320,,
2008329,2008-12-01,46431566,,8150,1000,,,22552,160
2008330,2008-12-02,46118896,,12814,1000,10931,320,,
2008331,2008-12-03,45626416,,20889,1000,,,43758,160
2008332,2008-12-04,45267410,,10030,1000,13841,320,,
2008333,2008-12-05,45920536,,11194,1000,,,31314,160
2008334,2008-12-06,45033526,,14464,1000,,,29424,160
2008335,2008-12-07,44674416,,20263,1000,,,38924,160
2008336,2008-12-08,48112428,,15810,1000,,,45404,160
2008337,2008-12-09,45682708,,27574,1000,,,73736,160
2008338,2008-12-10,49917500,,10074,1000,,,23176,160
2008339,2008-12-11,50105408,,27266,1000,,,81990,160
2008340,2008-12-12,52219432,,10414,1000,,,69935,160
2008341,2008-12-13,51661552,,13620,1000,37292,320,,
2008342,2008-12-14,45390282,,14973,1000,,,51153,160
2008343,2008-12-15,50444254,,13095,1000,,,58134,160
2008344,2008-12-16,50572624,,23018,1000,25844,320,,
2008345,2008-12-17,50439124,,8181,1000,11337,320,,
2008346,2008-12-18,49982882,,11935,1000,,,40189,160
2008347,2008-12-19,51802676,,29115,1000,,,59188,160
2008348,2008-12-20,50900836,,18307,1000,,,32221,160
2008349,2008-12-21,47718478,,26216,1000,40991,320,,
2008350,2008-12-22,47383988,,21260,1000,,,60660,160
2008351,2008-12-23,50464580,,7478,1000,16871,320,,
2008352,2008-12-24,49959668,,15489,1000,,,51618,160
2008353,2008-12-25,49327148,,23040,1000,,,64062,160
2008354,2008-12-26,52839404,,10643,1000,,,41659,160
2008355,2008-12-27,52705188,,17499,1000,,,37033,160
2008356,2008-12-28,50273008,,14076,1000,27120,320,,
2008357,2008-12-29,51032630,,21554,1000,,,107313,160
2008358,2008-12-30,51177396,,30818,1000,,,64613,160
2008359,2008-12-31,53800288,,41001,1000,,,81509,160
2009001,2009-01-01,49192652,,25546,1000,,,71934,160
2009002,2009-01-02,51089610,,16814,1000,,,31202,160
2009003,2009-01-03,53485626,,41686,1000,,,104651,160
2009004,2009-01-04,56507186,,11480,1000,,,37117,160
2009005,2009-01-05,58720250,,11099,1000,36062,320,,
2009006,2009-01-06,51316338,,15817,1000,,,62298,160
2009007,2009-01-07,53813130,,13548,1000,,,39300,160
2009008,2009-01-08,52464440,,7600,1000,,,14853,160
2009009,2009-01-09,53215152,,19422,1000,,,61350,160
2009010,2009-01-10,53662752,,6444,1000,,,35188,160
2009011,2009-01-11,51996076,,25620,1000,,,40130,160
2009012,2009-01-12,56373848,,18998,1000,,,53643,160
2009013,2009-01-13,57856636,,37866,1000,87771,320,,
2009014,2009-01-14,52350552,,10391,1000,15602,320,,
2009015,2009-01-15,51181610,,29098,1000,,,44817,160
2009016,2009-01-16,52733076,,9841,1000,,,21763,160
2009017,2009-01-17,52094222,,22315,1000,,,30767,160
2009018,2009-01-18,52419844,,10252,1000,20857,320,,
2009019,2009-01-19,51113470,,9713,1000,,,34986,160
2009020,2009-01-20,50385432,,18406,1000,,,55765,160
2009021,2009-01-21,50119960,,26778,1000,,,45107,160
2009022,2009-01-22,50007354,,20999,1000,,,38153,160
2009023,2009-01-23,49052244,,6373,1000,23220,320,,
2009024,2009-01-24,40940162,,19653,1000,,,37979,160
2009025,2009-02-01,35497914,,6581,1000,9870,320,,
2009026,2009-02-02,37215102,,8918,1000,,,24221,160
2009027,2009-02-03,40713716,,18796,1000,,,37474,160
2009028,2009-02-04,42488546,,27322,1000,,,60244,160
2009029,2009-02-05,43796454,,20397,1000,,,33207,160
2009030,2009-02-06,48049376,,14353,1000,,,36289,160
2009031,2009-02-07,46951782,,21038,1000,,,41936,160
2009032,2009-02-08,48565356,,18937,1000,,,48265,160
2009033,2009-02-09,53445202,,40672,1000,0,0,,
2009034,2009-02-10,45250818,,14314,1000,30455,320,,
2009035,2009-02-11,45432734,,13052,1000,,,38242,160
2009036,2009-02-12,47419888,,49006,1000,,,91956,160
2009037,2009-02-13,50725224,,43501,1000,,,72676,160
2009038,2009-02-14,51568068,,19972,1000,,,71712,160
2009039,2009-02-15,49921808,,9189,1000,,,43577,160
2009040,2009-02-16,51315270,,10468,1000,28776,320,,
2009041,2009-02-17,49043088,,15787,1000,,,32625,160
2009042,2009-02-18,51105016,,12868,1000,,,40824,160
2009043,2009-02-19,51225184,,17214,1000,,,43216,160
2009044,2009-02-20,52291796,,34145,1000,50457,320,,
2009045,2009-02-21,49455964,,35954,1000,,,66123,160
2009046,2009-02-22,50617820,,29750,1000,20467,320,,
2009047,2009-02-23,51315602,,9573,1000,8043,320,,
2009048,2009-02-24,49035038,,19013,1000,10331,320,,
2009049,2009-02-25,50588348,,10124,1000,,,39926,160
2009050,2009-02-26,50898284,,29332,1000,,,66428,160
2009051,2009-02-27,54071260,,46746,1000,,,96559,160
2009052,2009-02-28,56249380,,19000,1000,,,43456,160
2009053,2009-03-01,54614490,,19146,1000,,,44366,160
2009054,2009-03-02,58022276,,11447,1000,,,28559,160
2009055,2009-03-03,59793080,,22452,1000,,,50994,160
2009056,2009-03-04,62211830,,20935,1000,,,31740,160
2009057,2009-03-05,59394358,,7341,1000,,,24369,160
2009058,2009-03-06,61761418,,13120,1000,,,34227,160
2009059,2009-03-07,62280814,,18396,1000,,,35886,160
2009060,2009-03-08,62955714,,36383,1000,87275,320,,
2009061,2009-03-09,56668446,,18195,1000,,,38693,160
2009062,2009-03-10,56536944,,25194,1000,28392,320,,
2009063,2009-03-11,59013950,,18466,1000,19796,320,,
2009064,2009-03-12,58088152,,19568,1000,29938,320,,
2009065,2009-03-13,58945922,,15964,1000,27328,320,,
2009066,2009-03-14,57270982,,7029,1000,13780,320,,
2009067,2009-03-15,55518742,,26381,1000,,,49254,160
2009068,2009-03-16,59212924,,26540,1000,,,92516,160
2009069,2009-03-17,57814194,,20339,1000,,,46727,160
2009070,2009-03-18,61226806,,18496,1000,,,57325,160
2009071,2009-03-19,59607450,,15232,1000,,,53704,160
2009072,2009-03-20,63163354,,27021,1000,,,42753,160
2009073,2009-03-21,58463732,,12917,1000,18116,320,,
2009074,2009-03-22,54666970,,13392,1000,,,43414,160
2009075,2009-03-23,58112348,,55310,1000,0,0,,
2009076,2009-03-24,53174320,,18215,1000,39166,320,,
2009077,2009-03-25,57192588,,30599,1000,,,105804,160
2009078,2009-03-26,59219402,,15155,1000,15356,320,,
2009079,2009-03-27,60615482,,15865,1000,,,30024,160
2009080,2009-03-28,57118360,,13430,1000,,,39499,160
2009081,2009-03-29,57885758,,24999,1000,,,57393,160
2009082,2009-03-30,61505892,,28018,1000,,,92944,160
2009083,2009-03-31,62642024,,22620,1000,25803,320,,
2009084,2009-04-01,60743508,,6328,1000,,,34087,160
2009085,2009-04-02,60764954,,10065,1000,,,60963,160
2009086,2009-04-03,62412326,,20725,1000,20248,320,,
2009087,2009-04-04,55913358,,9300,1000,,,45505,160
2009088,2009-04-05,56737320,,18021,1000,,,62104,160
2009089,2009-04-06,57867702,,20085,1000,,,60651,160
2009090,2009-04-07,58329598,,11466,1000,17498,320,,
2009091,2009-04-08,56539984,,36375,1000,,,93451,160
2009092,2009-04-09,55070382,,10448,1000,,,36645,160
2009093,2009-04-10,57573482,,22655,1000,,,52443,160
2009094,2009-04-11,57224962,,14070,1000,,,29634,160
2009095,2009-04-12,55936338,,16027,1000,,,68876,160
2009096,2009-04-13,57027592,,7822,1000,,,24529,160
2009097,2009-04-14,56023268,,18138,1000,44815,320,,
2009098,2009-04-15,55996352,,45772,1000,,,67038,160
2009099,2009-04-16,57609136,,13755,1000,,,82196,160
2009100,2009-04-17,60808402,,24369,1000,32726,320,,
2009101,2009-04-18,58697466,,11848,1000,,,56355,160
2009102,2009-04-19,56740426,,12279,1000,,,52988,160
2009103,2009-04-20,58949430,,19497,1000,,,63397,160
2009104,2009-04-21,59190144,,18259,1000,18872,320,,
2009105,2009-04-22,60605476,,22396,1000,,,70878,160
2009106,2009-04-23,60084626,,15167,1000,,,63950,160
2009107,2009-04-24,62200298,,13812,1000,,,49860,160
2009108,2009-04-25,59695048,,17584,1000,,,49022,160
2009109,2009-04-26,58615638,,14143,1000,,,50721,160
2009110,2009-04-27,61496806,,18458,1000,,,41954,160
2009111,2009-04-28,62319382,,11691,1000,,,72688,160
2009112,2009-04-29,64223164,,42993,1000,83854,320,,
2009113,2009-04-30,60969342,,57962,1000,,,121610,160
2009114,2009-05-01,54326334,,71538,1000,,,86536,160
2009115,2009-05-02,59030066,,24454,1000,,,71444,160
2009116,2009-05-03,57727838,,16505,1000,,,45832,160
2009117,2009-05-04,60734472,,36371,1000,44342,320,,
2009118,2009-05-05,58383522,,17545,1000,24252,320,,
2009119,2009-05-06,59485382,,29242,1000,,,81827,160
2009120,2009-05-07,59250566,,26707,1000,,,53150,160
2009121,2009-05-08,59709082,,12554,1000,12959,320,,
2009122,2009-05-09,55882594,,9286,1000,,,27769,160
2009123,2009-05-10,53994672,,7978,1000,13554,320,,
2009124,2009-05-11,55965356,,16997,1000,13791,320,,
2009125,2009-05-12,53651584,,16990,1000,18648,320,,
2009126,2009-05-13,53818452,,25675,1000,,,82156,160
2009127,2009-05-14,53475764,,13102,1000,,,47236,160
2009128,2009-05-15,55280184,,22143,1000,,,64240,160
2009129,2009-05-16,54330292,,18987,1000,,,58723,160
2009130,2009-05-17,54074544,,21690,1000,,,37250,160
2009131,2009-05-18,57792450,,28010,1000,44794,320,,
2009132,2009-05-19,56090594,,15512,1000,,,42481,160
2009133,2009-05-20,56530426,,49763,1000,,,134220,160
2009134,2009-05-21,58037042,,18936,1000,,,38890,160
2009135,2009-05-22,58391946,,13525,1000,24861,320,,
2009136,2009-05-23,54739634,,47091,1000,,,100672,160
2009137,2009-05-24,55280688,,21425,1000,,,54470,160
2009138,2009-05-25,57653540,,13567,1000,,,32559,160
2009139,2009-05-26,56587084,,17358,1000,,,44538,160
2009140,2009-05-27,57855452,,23214,1000,,,62723,160
2009141,2009-05-28,56693630,,11727,1000,,,34360,160
2009142,2009-05-29,58887182,,13472,1000,,,29889,160
2009143,2009-05-30,60360726,,14120,1000,30722,320,,
2009144,2009-05-31,53072812,,36454,1000,,,96041,160
2009145,2009-06-01,56540288,,19133,1000,16654,320,,
2009146,2009-06-02,53917882,,12385,1000,,,52295,160
2009147,2009-06-03,57681600,,24701,1000,32824,320,,
2009148,2009-06-04,55998786,,22123,1000,,,62929,160
2009149,2009-06-05,58561474,,17263,1000,,,84136,160
2009150,2009-06-06,57494458,,13717,1000,,,48232,160
2009151,2009-06-07,56860230,,13733,1000,,,64917,160
2009152,2009-06-08,58867128,,28754,1000,,,78869,160
2009153,2009-06-09,58513582,,21390,1000,,,46008,160
2009154,2009-06-10,61699054,,8962,1000,,,43155,160
2009155,2009-06-11,61983324,,32939,1000,62236,320,,
2009156,2009-06-12,60315210,,22015,1000,,,59102,160
2009157,2009-06-13,59295180,,18770,1000,,,43475,160
2009158,2009-06-14,58236874,,17383,1000,,,48034,160
2009159,2009-06-15,61384748,,15049,1000,,,62254,160
2009160,2009-06-16,60470684,,41173,1000,,,138054,160
2009161,2009-06-17,62630266,,18386,1000,,,53742,160
2009162,2009-06-18,61477570,,47071,1000,43674,320,,
2009163,2009-06-19,57173390,,13157,1000,16164,320,,
2009164,2009-06-20,54615234,,30240,1000,,,94542,160
2009165,2009-06-21,56419010,,17211,1000,,,39505,160
2009166,2009-06-22,57943328,,56338,1000,,,86599,160
2009167,2009-06-23,59068278,,25742,1000,,,95739,160
2009168,2009-06-24,61694216,,27959,1000,40941,320,,
2009169,2009-06-25,57174514,,12656,1000,,,44002,160
2009170,2009-06-26,60012464,,12808,1000,19181,320,,
2009171,2009-06-27,56609622,,6603,1000,7132,320,,
2009172,2009-06-28,53253572,,15149,1000,22611,320,,
2009173,2009-06-29,57236278,,24283,1000,,,75489,160
2009174,2009-06-30,56614270,,12226,1000,,,73162,160
2009175,2009-07-01,57212572,,13284,1000,,,34824,160
2009176,2009-07-02,56222546,,9365,1000,10881,320,,
2009177,2009-07-03,57393136,,15291,1000,,,30643,160
2009178,2009-07-04,54862570,,67984,1000,,,154342,160
2009179,2009-07-05,56962688,,39834,1000,,,99143,160
2009180,2009-07-06,59592588,,17829,1000,,,41789,160
2009181,2009-07-07,57850738,,9542,1000,11825,320,,
2009182,2009-07-08,55725068,,14730,1000,25254,320,,
2009183,2009-07-09,54066118,,26403,1000,17560,320,,
2009184,2009-07-10,55164024,,11611,1000,,,25854,160
2009185,2009-07-11,54206788,,33815,1000,,,67282,160
2009186,2009-07-12,55766390,,27738,1000,,,95913,160
2009187,2009-07-13,57129904,,10760,1000,,,25648,160
2009188,2009-07-14,55308728,,11437,1000,26392,320,,
2009189,2009-07-15,55123008,,11723,1000,,,36640,160
2009190,2009-07-16,54989426,,17483,1000,,,91387,160
2009191,2009-07-17,55453470,,14639,1000,,,71193,160
2009192,2009-07-18,55080750,,9656,1000,11799,320,,
2009193,2009-07-19,52315658,,27456,1000,,,94720,160
2009194,2009-07-20,55905992,,13822,1000,,,42647,160
2009195,2009-07-21,55783490,,19767,1000,,,84045,160
2009196,2009-07-22,56342232,,21554,1000,,,37066,160
2009197,2009-07-23,54991598,,13576,1000,22331,320,,
2009198,2009-07-24,53321970,,11579,1000,,,26661,160
2009199,2009-07-25,54107832,,16029,1000,,,40510,160
2009200,2009-07-26,54254510,,21413,1000,,,55583,160
2009201,2009-07-27,58020082,,11976,1000,11569,320,,
2009202,2009-07-28,54889604,,7683,1000,,,24827,160
2009203,2009-07-29,56652490,,11785,1000,,,56511,160
2009204,2009-07-30,56372012,,11794,1000,,,23351,160
2009205,2009-07-31,56425548,,6769,1000,,,12175,160
2009206,2009-08-01,54523254,,12686,1000,,,33569,160
2009207,2009-08-02,53363048,,40947,1000,,,82308,160
2009208,2009-08-03,56957704,,7663,1000,,,19653,160
2009209,2009-08-04,56263352,,32656,1000,,,98125,160
2009210,2009-08-05,58517080,,12387,1000,,,29278,160
2009211,2009-08-06,56088368,,24349,1000,,,48374,160
2009212,2009-08-07,57455540,,9622,1000,,,37896,160
2009213,2009-08-08,57232644,,22668,1000,,,46949,160
2009214,2009-08-09,57264648,,51861,1000,,,56434,160
2009215,2009-08-10,63626940,,36116,1000,,,57258,160
2009216,2009-08-11,66447264,,8720,1000,,,24198,160
2009217,2009-08-12,67881554,,14063,1000,,,28296,160
2009218,2009-08-13,67686396,,8054,1000,,,21624,160
2009219,2009-08-14,68560072,,23149,1000,58206,320,,
2009220,2009-08-15,52890102,,31468,1000,,,82135,160
2009221,2009-08-16,53029512,,8630,1000,,,29226,160
2009222,2009-08-17,54366528,,32994,1000,,,37459,160
2009223,2009-08-18,52935196,,12544,1000,,,46029,160
2009224,2009-08-19,53015760,,10292,1000,,,17240,160
2009225,2009-08-20,52549452,,53224,1000,,,83654,160
2009226,2009-08-21,57073380,,20775,1000,,,64002,160
2009227,2009-08-22,55870790,,17133,1000,21470,320,,
2009228,2009-08-23,52911708,,23387,1000,,,44997,160
2009229,2009-08-24,56036750,,20261,1000,,,63912,160
2009230,2009-08-25,54740772,,12956,1000,15018,320,,
2009231,2009-08-26,53971112,,14361,1000,,,26549,160
2009232,2009-08-27,53421900,,24687,1000,,,79292,160
2009233,2009-08-28,56895754,,11678,1000,,,24981,160
2009234,2009-08-29,53587930,,8077,1000,,,18225,160
2009235,2009-08-30,52354744,,9435,1000,,,32992,160
2009236,2009-08-31,53836780,,15922,1000,29689,320,,
2009237,2009-09-01,50790012,,10336,1000,12732,320,,
2009238,2009-09-02,54189426,,20110,1000,,,44875,160
2009239,2009-09-03,50683116,,11212,1000,,,53485,160
2009240,2009-09-04,53161988,,15373,1000,13555,320,,
2009241,2009-09-05,50734480,,10500,1000,20045,320,,
2009242,2009-09-06,50406960,,29298,1000,,,82073,160
2009243,2009-09-07,53717874,,8510,1000,,,21758,160
2009244,2009-09-08,52554594,,13908,1000,,,68541,160
2009245,2009-09-09,54768630,,36783,1000,47952,320,,
2009246,2009-09-10,51745098,,15727,1000,,,58185,160
2009247,2009-09-11,54482850,,17214,1000,,,63865,160
2009248,2009-09-12,51950882,,15976,1000,,,36700,160
2009249,2009-09-13,50126284,,22465,1000,31562,320,,
2009250,2009-09-14,52377950,,20779,1000,,,60775,160
2009251,2009-09-15,52991284,,11358,1000,,,38444,160
2009252,2009-09-16,53347650,,8544,1000,11751,320,,
2009253,2009-09-17,51094852,,26868,1000,33573,320,,
2009254,2009-09-18,52893594,,11622,1000,10230,320,,
2009255,2009-09-19,49792078,,28348,1000,,,55400,160
2009256,2009-09-20,48774298,,22590,1000,,,27503,160
2009257,2009-09-21,50688424,,11128,1000,,,38083,160
2009258,2009-09-22,50235992,,21576,1000,,,56536,160
2009259,2009-09-23,51591512,,49785,1000,0,0,,
2009260,2009-09-24,47562660,,36235,1000,,,72989,160
2009261,2009-09-25,51834688,,10716,1000,,,21977,160
2009262,2009-09-26,51112496,,21627,1000,,,46127,160
2009263,2009-09-27,50416692,,13285,1000,23595,320,,
2009264,2009-09-28,50239460,,19278,1000,,,52943,160
2009265,2009-09-29,50461012,,12471,1000,,,26178,160
2009266,2009-09-30,51672742,,5461,1000,,,24488,160
2009267,2009-10-01,46651556,,33985,1000,,,41286,160
2009268,2009-10-02,49046638,,11036,1000,,,36987,160
2009269,2009-10-03,48540252,,7013,1000,,,31212,160
2009270,2009-10-04,48880142,,14964,1000,,,30028,160
2009271,2009-10-05,52217208,,16814,1000,23134,320,,
2009272,2009-10-06,49747318,,18963,1000,19231,320,,
2009273,2009-10-07,52037032,,14379,1000,,,33965,160
2009274,2009-10-08,50235080,,5776,1000,,,22008,160
2009275,2009-10-09,54515144,,19212,1000,,,32166,160
2009276,2009-10-10,51464534,,18089,1000,,,43216,160
2009277,2009-10-11,50039952,,20100,1000,,,50666,160
2009278,2009-10-12,52762014,,34930,1000,,,70973,160
2009279,2009-10-13,53580624,,16242,1000,,,49032,160
2009280,2009-10-14,56316602,,29110,1000,,,55010,160
2009281,2009-10-15,56589202,,18028,1000,,,30895,160
2009282,2009-10-16,58802058,,12557,1000,,,46275,160
2009283,2009-10-17,55776182,,21725,1000,22641,320,,
2009284,2009-10-18,51534058,,17314,1000,,,55690,160
2009285,2009-10-19,53729924,,9782,1000,9688,320,,
2009286,2009-10-20,51544740,,34483,1000,,,58657,160
2009287,2009-10-21,56697250,,15167,1000,,,60688,160
2009288,2009-10-22,57309252,,15500,1000,,,36664,160
2009289,2009-10-23,59764796,,9453,1000,14077,320,,
2009290,2009-10-24,57526976,,4822,1000,6647,320,,
2009291,2009-10-25,53068024,,19240,1000,,,33251,160
2009292,2009-10-26,53208660,,13289,1000,,,55934,160
2009293,2009-10-27,55839912,,7973,1000,9549,320,,
2009294,2009-10-28,56357130,,28374,1000,,,53211,160
2009295,2009-10-29,57999228,,35371,1000,,,69739,160
2009296,2009-10-30,55153422,,15370,1000,,,49486,160
2009297,2009-10-31,52815008,,17609,1000,,,32408,160
2009298,2009-11-01,51258766,,12128,1000,,,31343,160
2009299,2009-11-02,51783922,,17777,1000,32989,320,,
2009300,2009-11-03,51332556,,9841,1000,16351,320,,
2009301,2009-11-04,53802298,,17597,1000,14933,320,,
2009302,2009-11-05,53233544,,7075,1000,,,33343,160
2009303,2009-11-06,56192942,,9212,1000,,,30107,160
2009304,2009-11-07,55091564,,24889,1000,29597,320,,
2009305,2009-11-08,52400178,,23764,1000,,,45218,160
2009306,2009-11-09,52406166,,15551,1000,,,65429,160
2009307,2009-11-10,50650928,,9085,1000,12072,320,,
2009308,2009-11-11,50796710,,7209,1000,7506,320,,
2009309,2009-11-12,47614244,,19661,1000,18617,320,,
2009310,2009-11-13,49808180,,20711,1000,,,50871,160
2009311,2009-11-14,49039528,,29632,1000,,,40855,160
2009312,2009-11-15,48476286,,12587,1000,,,22878,160
2009313,2009-11-16,50085598,,15682,1000,26211,320,,
2009314,2009-11-17,50832716,,20714,1000,,,15189,160
2009315,2009-11-18,52357508,,14932,1000,,,58580,160
2009316,2009-11-19,54832248,,13998,1000,,,58202,160
2009317,2009-11-20,55343980,,19134,1000,,,37773,160
2009318,2009-11-21,55688938,,16811,1000,,,30491,160
2009319,2009-11-22,53926926,,9946,1000,26223,320,,
2009320,2009-11-23,54788490,,7167,1000,,,39910,160
2009321,2009-11-24,53718192,,19974,1000,,,59329,160
2009322,2009-11-25,55051182,,15678,1000,,,31918,160
2009323,2009-11-26,54804822,,6499,1000,11507,320,,
2009324,2009-11-27,53772584,,15952,1000,,,46025,160
2009325,2009-11-28,54013988,,11128,1000,,,30359,160
2009326,2009-11-29,52865766,,16353,1000,,,38358,160
2009327,2009-11-30,56343418,,14358,1000,25601,320,,
2009328,2009-12-01,54734398,,18946,1000,,,29126,160
2009329,2009-12-02,54514716,,6603,1000,9994,320,,
2009330,2009-12-03,53488834,,16092,1000,,,63297,160
2009331,2009-12-04,54866818,,30423,1000,,,93299,160
2009332,2009-12-05,54481276,,22876,1000,,,70356,160
2009333,2009-12-06,55016688,,28581,1000,32462,320,,
2009334,2009-12-07,55005692,,19991,1000,,,31576,160
2009335,2009-12-08,56634730,,14433,1000,22960,320,,
2009336,2009-12-09,56352776,,26322,1000,,,45598,160
2009337,2009-12-10,57178834,,28167,1000,,,64333,160
2009338,2009-12-11,59203852,,32057,1000,,,120568,160
2009339,2009-12-12,58147288,,12695,1000,,,52384,160
2009340,2009-12-13,55664264,,30434,1000,,,66992,160
2009341,2009-12-14,59869276,,11777,1000,,,49343,160
2009342,2009-12-15,58427258,,25843,1000,,,50378,160
2009343,2009-12-16,59258796,,18580,1000,,,52425,160
2009344,2009-12-17,58426270,,39428,1000,45426,320,,
2009345,2009-12-18,56395148,,14637,1000,,,53409,160
2009346,2009-12-19,55555640,,18749,1000,,,57560,160
2009347,2009-12-20,54959010,,11961,1000,,,26663,160
2009348,2009-12-21,57924312,,18063,1000,,,55766,160
2009349,2009-12-22,57841376,,16707,1000,,,30247,160
2009350,2009-12-23,57984244,,18704,1000,,,26331,160
2009351,2009-12-24,56537346,,15916,1000,,,66737,160
2009352,2009-12-25,56726874,,32895,1000,,,104153,160
2009353,2009-12-26,59029600,,25247,1000,,,70003,160
2009354,2009-12-27,57661444,,18393,1000,42402,320,,
2009355,2009-12-28,56751196,,15697,1000,18874,320,,
2009356,2009-12-29,56149486,,22397,1000,,,57810,160
2009357,2009-12-30,58511262,,42345,1000,,,68464,160
2009358,2009-12-31,58357768,,16078,1000,,,31865,160
2010001,2010-01-01,56143340,,48059,1000,,,158770,160
2010002,2010-01-02,59456544,,18079,1000,,,82110,160
2010003,2010-01-03,58884602,,10049,1000,,,31021,160
2010004,2010-01-04,61328816,,31858,1000,,,68080,160
2010005,2010-01-05,59872522,,21129,1000,,,65887,160
2010006,2010-01-06,61584322,,20892,1000,,,55605,160
2010007,2010-01-07,62969946,,14025,1000,,,33398,160
2010008,2010-01-08,64229838,,12486,1000,,,56591,160
2010009,2010-01-09,63410120,,34900,1000,,,43874,160
2010010,2010-01-10,61258544,,27862,1000,,,83842,160
2010011,2010-01-11,66374330,,21454,1000,37004,320,,
2010012,2010-01-12,58278692,,44632,1000,,,131462,160
2010013,2010-01-13,61026728,,15034,1000,18461,320,,
2010014,2010-01-14,59042214,,11905,1000,,,33815,160
2010015,2010-01-15,60538540,,36900,1000,,,120218,160
2010016,2010-01-16,63116988,,55141,1000,0,0,,
2010017,2010-01-17,54881720,,47008,1000,,,112106,160
2010018,2010-01-18,63051472,,17735,1000,,,56314,160
2010019,2010-01-19,63061462,,26067,1000,,,53855,160
2010020,2010-01-20,63013098,,11510,1000,,,30975,160
2010021,2010-01-21,61117298,,31757,1000,,,94266,160
2010022,2010-01-22,62791148,,12202,1000,,,22751,160
2010023,2010-01-23,60390026,,35785,1000,,,84078,160
2010024,2010-01-24,61941626,,20356,1000,30885,320,,
2010025,2010-01-25,61014734,,10941,1000,13216,320,,
2010026,2010-01-26,59504910,,17020,1000,12034,320,,
2010027,2010-01-27,61033520,,8023,1000,11215,320,,
2010028,2010-01-28,58476438,,11427,1000,,,36035,160
2010029,2010-01-29,60777426,,17228,1000,,,72058,160
2010030,2010-01-30,60085894,,22289,1000,,,55848,160
2010031,2010-01-31,58828972,,12230,1000,,,36044,160
2010032,2010-02-01,58952656,,10173,1000,16737,320,,
2010033,2010-02-02,56737930,,11601,1000,,,49253,160
2010034,2010-02-03,58488210,,19210,1000,,,62475,160
2010035,2010-02-04,56325086,,12328,1000,,,30391,160
2010036,2010-02-05,58827230,,6537,1000,,,25854,160
2010037,2010-02-06,54932896,,17744,1000,31509,320,,
2010038,2010-02-07,54473110,,25869,1000,,,37726,160
2010039,2010-02-08,53909826,,12058,1000,18412,320,,
2010040,2010-02-09,51835364,,7958,1000,,,41315,160
2010041,2010-02-10,50805488,,50993,1000,,,83583,160
2010042,2010-02-11,51296306,,19303,1000,,,29068,160
2010043,2010-02-12,46252734,,32319,1000,,,59592,160
2010044,2010-02-20,39063244,,14157,1000,,,36117,160
2010045,2010-02-21,43172462,,5454,1000,7350,320,,
2010046,2010-02-22,44370750,,27740,1000,,,55646,160
2010047,2010-02-23,46737566,,4602,1000,,,22429,160
2010048,2010-02-24,49146906,,18360,1000,,,53349,160
2010049,2010-02-25,49625870,,16799,1000,,,61807,160
2010050,2010-02-26,51378332,,14785,1000,,,26004,160
2010051,2010-02-27,50475846,,13957,1000,,,42177,160
2010052,2010-02-28,49162100,,5458,1000,,,22936,160
2010053,2010-03-01,49522976,,18867,1000,28299,320,,
2010054,2010-03-02,50066600,,9793,1000,10446,320,,
2010055,2010-03-03,49659226,,3325,1000,1901,320,,
2010056,2010-03-04,49034960,,13909,1000,,,39789,160
2010057,2010-03-05,50556040,,11446,1000,,,22602,160
2010058,2010-03-06,50629240,,9195,1000,,,24081,160
2010059,2010-03-07,50450640,,11135,1000,15923,320,,
2010060,2010-03-08,49378846,,21847,1000,,,42268,160
2010061,2010-03-09,50221132,,15685,1000,,,47842,160
2010062,2010-03-10,53763048,,56568,1000,,,60031,160
2010063,2010-03-11,55959890,,12124,1000,,,49179,160
2010064,2010-03-12,56170262,,14366,1000,,,45274,160
2010065,2010-03-13,53699164,,20039,1000,,,62450,160
2010066,2010-03-14,54579648,,14957,1000,,,48152,160
2010067,2010-03-15,56305412,,18249,1000,,,34896,160
2010068,2010-03-16,57327682,,14020,1000,,,33962,160
2010069,2010-03-17,58451578,,11128,1000,19522,320,,
2010070,2010-03-18,53507090,,8231,1000,,,55066,160
2010071,2010-03-19,57336516,,17602,1000,22699,320,,
2010072,2010-03-20,54805578,,7914,1000,15388,320,,
2010073,2010-03-21,52804142,,34123,1000,,,50940,160
2010074,2010-03-22,52003882,,29014,1000,17004,320,,
2010075,2010-03-23,47988928,,50151,1000,,,74151,160
2010076,2010-03-24,54247168,,21519,1000,,,55376,160
2010077,2010-03-25,54644932,,18632,1000,,,49681,160
2010078,2010-03-26,54772688,,9677,1000,10006,320,,
2010079,2010-03-27,51792032,,22609,1000,,,68137,160
2010080,2010-03-28,52841296,,39005,1000,,,82193,160
2010081,2010-03-29,55700616,,17920,1000,,,73051,160
2010082,2010-03-30,56228112,,38475,1000,,,53515,160
2010083,2010-03-31,58670782,,14669,1000,,,53927,160
2010084,2010-04-01,56750468,,11574,1000,16101,320,,
2010085,2010-04-02,56336064,,15106,1000,,,58725,160
2010086,2010-04-03,54598458,,20813,1000,21589,320,,
2010087,2010-04-04,52651554,,20768,1000,,,49508,160
2010088,2010-04-05,54249482,,14806,1000,,,67251,160
2010089,2010-04-06,55934028,,38186,1000,,,71909,160
2010090,2010-04-07,58298522,,16786,1000,,,47237,160
2010091,2010-04-08,55739872,,17816,1000,,,43875,160
2010092,2010-04-09,57979922,,38077,1000,42895,320,,
2010093,2010-04-10,54610248,,12400,1000,20172,320,,
2010094,2010-04-11,53005138,,12827,1000,10024,320,,
2010095,2010-04-12,53711892,,8931,1000,12449,320,,
2010096,2010-04-13,52495594,,25178,1000,,,89857,160
2010097,2010-04-14,55195308,,12968,1000,,,45073,160
2010098,2010-04-15,54210502,,6510,1000,7418,320,,
2010099,2010-04-16,53390196,,18668,1000,,,56117,160
2010100,2010-04-17,53167230,,11825,1000,,,35232,160
2010101,2010-04-18,52245060,,18655,1000,,,30470,160
2010102,2010-04-19,54233012,,12439,1000,,,28672,160
2010103,2010-04-20,54092946,,30912,1000,,,54415,160
2010104,2010-04-21,54865740,,32697,1000,,,94580,160
2010105,2010-04-22,53134500,,21259,1000,,,39288,160
2010106,2010-04-23,55501930,,13613,1000,,,55375,160
2010107,2010-04-24,55146196,,14385,1000,25136,320,,
2010108,2010-04-25,51150624,,14506,1000,,,62379,160
2010109,2010-04-26,54123344,,13227,1000,,,27633,160
2010110,2010-04-27,53811172,,52021,1000,,,104717,160
2010111,2010-04-28,55939102,,25668,1000,,,79855,160
2010112,2010-04-29,56220886,,13950,1000,,,59774,160
2010113,2010-04-30,56438316,,29326,1000,31345,320,,
2010114,2010-05-01,50860596,,41784,1000,,,67023,160
2010115,2010-05-02,51466010,,42137,1000,,,79153,160
2010116,2010-05-03,55559352,,19789,1000,,,37989,160
2010117,2010-05-04,55838554,,15632,1000,,,60181,160
2010118,2010-05-05,56932616,,13724,1000,,,36881,160
2010119,2010-05-06,56436796,,12507,1000,,,43069,160
2010120,2010-05-07,59114740,,22815,1000,43874,320,,
2010121,2010-05-08,53916562,,17678,1000,,,50718,160
2010122,2010-05-09,53081486,,17537,1000,,,53713,160
2010123,2010-05-10,55282174,,53801,1000,,,73753,160
2010124,2010-05-11,56554258,,33527,1000,,,106053,160
2010125,2010-05-12,60840090,,18813,1000,,,61839,160
2010126,2010-05-13,60150546,,81678,1000,,,104718,160
2010127,2010-05-14,66082396,,12269,1000,17782,320,,
2010128,2010-05-15,59581044,,12810,1000,,,36987,160
2010129,2010-05-16,57784032,,9725,1000,11157,320,,
2010130,2010-05-17,58728708,,6569,1000,7518,320,,
2010131,2010-05-18,54778252,,23250,1000,,,56542,160
2010132,2010-05-19,60531160,,60374,1000,,,109889,160
2010133,2010-05-20,57673804,,9518,1000,,,35388,160
2010134,2010-05-21,58158510,,28957,1000,,,61840,160
2010135,2010-05-22,55300526,,58493,1000,,,106844,160
2010136,2010-05-23,56576694,,8768,1000,,,35361,160
2010137,2010-05-24,59007532,,28145,1000,,,87118,160
2010138,2010-05-25,61277490,,25632,1000,,,80866,160
2010139,2010-05-26,65522942,,33420,1000,,,85787,160
2010140,2010-05-27,64928326,,10600,1000,,,36101,160
2010141,2010-05-28,65636082,,8298,1000,,,43537,160
2010142,2010-05-29,62318166,,29754,1000,54129,320,,
2010143,2010-05-30,58193228,,13975,1000,20869,320,,
2010144,2010-05-31,60338138,,15564,1000,19676,320,,
2010145,2010-06-01,57890762,,13928,1000,,,13778,320
2010146,2010-06-02,57734000,,13939,1000,,,46593,160
2010147,2010-06-03,58994194,,12137,1000,,,31888,160
2010148,2010-06-04,59311368,,30707,1000,,,62398,160
2010149,2010-06-05,56723114,,14043,1000,,,38327,160
2010150,2010-06-06,56851658,,19756,1000,,,56758,160
2010151,2010-06-07,57703938,,11490,1000,,,25879,160
2010152,2010-06-08,56233082,,10109,1000,17348,320,,
2010153,2010-06-09,56136230,,73787,1000,0,160,,
2010154,2010-06-10,49346824,,16496,1000,,,32272,160
2010155,2010-06-11,55319952,,6205,1000,,,27109,160
2010156,2010-06-12,54879240,,12836,1000,,,35721,160
2010157,2010-06-13,51796190,,9112,1000,,,39563,160
2010158,2010-06-14,52532124,,16327,1000,22067,320,,
2010159,2010-06-15,50184914,,11449,1000,,,37487,160
2010160,2010-06-16,50847344,,9734,1000,10462,320,,
2010161,2010-06-17,50300056,,24591,1000,,,36816,160
2010162,2010-06-18,52268744,,16539,1000,,,40847,160
2010163,2010-06-19,50876796,,6075,1000,,,32568,160
2010164,2010-06-20,49940326,,8264,1000,11418,320,,
2010165,2010-06-21,49765418,,11881,1000,,,22385,160
2010166,2010-06-22,50475496,,12604,1000,,,18785,160
2010167,2010-06-23,51151966,,13512,1000,,,43127,160
2010168,2010-06-24,50272910,,13599,1000,17902,320,,
2010169,2010-06-25,48066826,,9393,1000,,,39054,160
2010170,2010-06-26,48992274,,29088,1000,,,45928,160
2010171,2010-06-27,47667308,,20055,1000,19757,320,,
2010172,2010-06-28,47612086,,39487,1000,,,71573,160
2010173,2010-06-29,49615806,,7322,1000,,,33049,160
2010174,2010-06-30,49996228,,19489,1000,,,57274,160
2010175,2010-07-01,48634316,,20304,1000,,,40408,160
2010176,2010-07-02,49868198,,12656,1000,12096,320,,
2010177,2010-07-03,45853474,,34959,1000,,,68909,160
2010178,2010-07-04,47864226,,17967,1000,,,55773,160
2010179,2010-07-05,50854374,,21790,1000,,,43132,160
2010180,2010-07-06,49815308,,19608,1000,,,47362,160
2010181,2010-07-07,51122726,,21228,1000,,,50030,160
2010182,2010-07-08,51395586,,12360,1000,16293,320,,
2010183,2010-07-09,50580826,,15342,1000,,,36251,160
2010184,2010-07-10,50744720,,32238,1000,,,42358,160
2010185,2010-07-11,51092678,,14468,1000,,,44153,160
2010186,2010-07-12,51770412,,15186,1000,,,38029,160
2010187,2010-07-13,52007034,,20732,1000,,,41660,160
2010188,2010-07-14,53962240,,19302,1000,,,22996,160
2010189,2010-07-15,54097578,,25178,1000,,,27307,160
2010190,2010-07-16,54119502,,28668,1000,,,65595,160
2010191,2010-07-17,53396014,,8065,1000,,,27880,160
2010192,2010-07-18,52667182,,58801,1000,,,70713,160
2010193,2010-07-19,57620136,,20758,1000,,,40105,160
2010194,2010-07-20,57507976,,81320,1000,76491,320,,
2010195,2010-07-21,55400262,,9898,1000,,,33280,160
2010196,2010-07-22,54918664,,23722,1000,,,54844,160
2010197,2010-07-23,55210296,,14169,1000,14722,320,,
2010198,2010-07-24,51599332,,25290,1000,,,57065,160
2010199,2010-07-25,51614750,,14816,1000,,,49764,160
2010200,2010-07-26,55120712,,22459,1000,,,49067,160
2010201,2010-07-27,53799300,,8623,1000,14248,320,,
2010202,2010-07-28,51919114,,14914,1000,,,37276,160
2010203,2010-07-29,51150358,,12662,1000,,,42147,160
2010204,2010-07-30,52640442,,19938,1000,20473,320,,
2010205,2010-07-31,50091422,,11784,1000,,,31857,160
2010206,2010-08-01,50431244,,8087,1000,11780,320,,
2010207,2010-08-02,50760912,,14912,1000,,,34237,160
2010208,2010-08-03,52327648,,11415,1000,,,20429,160
2010209,2010-08-04,51883894,,14063,1000,,,27874,160
2010210,2010-08-05,51036354,,9008,1000,10667,320,,
2010211,2010-08-06,51947536,,19926,1000,,,50222,160
2010212,2010-08-07,51521212,,19105,1000,,,51367,160
2010213,2010-08-08,50830412,,12544,1000,,,26482,160
2010214,2010-08-09,52601804,,39852,1000,0,160,,
2010215,2010-08-10,47433786,,13564,1000,8887,320,,
2010216,2010-08-11,48775384,,7028,1000,6481,320,,
2010217,2010-08-12,48498476,,15265,1000,,,37783,160
2010218,2010-08-13,49975858,,55107,1000,,,88395,160
2010219,2010-08-14,49289786,,10506,1000,,,36909,160
2010220,2010-08-15,49698356,,23010,1000,,,50426,160
2010221,2010-08-16,51504964,,8527,1000,,,15235,160
2010222,2010-08-17,51097724,,19685,1000,,,45653,160
2010223,2010-08-18,51054122,,8834,1000,15696,320,,
2010224,2010-08-19,48702116,,16583,1000,13449,320,,
2010225,2010-08-20,50331918,,24897,1000,,,52785,160
2010226,2010-08-21,50059588,,9429,1000,10890,320,,
2010227,2010-08-22,48376834,,28579,1000,,,74298,160
2010228,2010-08-23,51382474,,19864,1000,,,41508,160
2010229,2010-08-24,51276676,,23164,1000,,,94730,160
2010230,2010-08-25,53759138,,27017,1000,,,46635,160
2010231,2010-08-26,54383638,,61036,1000,,,89014,160
2010232,2010-08-27,56402984,,33561,1000,,,62044,160
2010233,2010-08-28,57897850,,15419,1000,31013,320,,
2010234,2010-08-29,53486252,,18552,1000,,,57308,160
2010235,2010-08-30,55057710,,13101,1000,9135,320,,
2010236,2010-08-31,52378040,,11246,1000,,,35864,160
2010237,2010-09-01,54426574,,9473,1000,,,22456,160
2010238,2010-09-02,54320356,,6678,1000,9605,320,,
2010239,2010-09-03,51819988,,31495,1000,,,54089,160
2010240,2010-09-04,50840144,,9126,1000,,,34867,160
2010241,2010-09-05,49694280,,14318,1000,,,37417,160
2010242,2010-09-06,52883308,,30473,1000,,,77620,160
2010243,2010-09-07,52908460,,12209,1000,,,21909,160
2010244,2010-09-08,54833198,,27392,1000,,,86064,160
2010245,2010-09-09,56821606,,11851,1000,,,26362,160
2010246,2010-09-10,57781030,,30511,1000,27281,320,,
2010247,2010-09-11,53064716,,9851,1000,,,33992,160
2010248,2010-09-12,52984880,,26196,1000,,,57380,160
2010249,2010-09-13,55453338,,29265,1000,,,71706,160
2010250,2010-09-14,54430814,,21674,1000,,,40094,160
2010251,2010-09-15,55942232,,9128,1000,,,24584,160
2010252,2010-09-16,54794142,,11980,1000,20946,320,,
2010253,2010-09-17,52531620,,17196,1000,,,66577,160
2010254,2010-09-18,52630170,,2531,1000,,,8368,160
2010255,2010-09-19,49117340,,16627,1000,,,46319,160
2010256,2010-09-20,51242508,,16143,1000,28186,320,,
2010257,2010-09-21,49797142,,19460,1000,,,30502,160
2010258,2010-09-22,44701278,,9915,1000,5743,320,,
2010259,2010-09-23,48317402,,11637,1000,,,23716,160
2010260,2010-09-24,53393586,,50215,1000,,,102062,160
2010261,2010-09-25,55281836,,40215,1000,,,100516,160
2010262,2010-09-26,53318592,,26774,1000,,,34963,160
2010263,2010-09-27,55072752,,27542,1000,,,41445,160
2010264,2010-09-28,55014504,,28659,1000,,,45687,160
2010265,2010-09-29,56881880,,10870,1000,20528,320,,
2010266,2010-09-30,52037896,,35090,1000,,,69652,160
2010267,2010-10-01,51647856,,38871,1000,,,59287,160
2010268,2010-10-02,50714292,,24994,1000,,,33101,160
2010269,2010-10-03,50623098,,13013,1000,,,26704,160
2010270,2010-10-04,53015638,,21019,1000,,,36585,160
2010271,2010-10-05,51714458,,15770,1000,23754,320,,
2010272,2010-10-06,52088752,,15689,1000,,,28369,160
2010273,2010-10-07,52770470,,25750,1000,,,96347,160
2010274,2010-10-08,57086752,,23364,1000,,,101027,160
2010275,2010-10-09,58983206,,14279,1000,13734,320,,
2010276,2010-10-10,53074886,,3770,1000,4409,320,,
2010277,2010-10-11,53431036,,22087,1000,,,35605,160
2010278,2010-10-12,53569590,,34757,1000,,,64226,160
2010279,2010-10-13,56219248,,25384,1000,,,61423,160
2010280,2010-10-14,54518242,,10212,1000,20906,320,,
2010281,2010-10-15,55747076,,17579,1000,12096,320,,
2010282,2010-10-16,52255776,,14556,1000,15443,320,,
2010283,2010-10-17,53817108,,17341,1000,20761,320,,
2010284,2010-10-18,54089408,,6861,1000,,,18708,160
2010285,2010-10-19,52899646,,12463,1000,,,21447,160
2010286,2010-10-20,55514148,,17648,1000,,,23321,160
2010287,2010-10-21,54027558,,21725,1000,,,84501,160
2010288,2010-10-22,58879322,,25814,1000,,,50476,160
2010289,2010-10-23,54847234,,25986,1000,26480,320,,
2010290,2010-10-24,52434634,,9099,1000,16785,320,,
2010291,2010-10-25,52032680,,20859,1000,,,38383,160
2010292,2010-10-26,52326808,,5516,1000,,,10419,160
2010293,2010-10-27,52396888,,20296,1000,,,50300,160
2010294,2010-10-28,55032050,,10659,1000,15603,320,,
2010295,2010-10-29,53487398,,14943,1000,,,57697,160
2010296,2010-10-30,51311604,,15612,1000,,,44893,160
2010297,2010-10-31,53279296,,12977,1000,,,36948,160
2010298,2010-11-01,56093616,,12527,1000,,,31306,160
2010299,2010-11-02,54964032,,21329,1000,,,53492,160
2010300,2010-11-03,58268584,,16199,1000,,,65422,160
2010301,2010-11-04,58540366,,20106,1000,,,51797,160
2010302,2010-11-05,60473512,,13089,1000,,,27254,160
2010303,2010-11-06,59836820,,29535,1000,38461,320,,
2010304,2010-11-07,54942720,,11561,1000,,,41871,160
2010305,2010-11-08,57059918,,20506,1000,,,41744,160
2010306,2010-11-09,58000514,,13461,1000,,,59490,160
2010307,2010-11-10,59861824,,12741,1000,19658,320,,
2010308,2010-11-11,56448332,,9642,1000,,,20515,160
2010309,2010-11-12,55872262,,13300,1000,17193,320,,
2010310,2010-11-13,54426724,,17110,1000,,,49075,160
2010311,2010-11-14,53694846,,10884,1000,,,29018,160
2010312,2010-11-15,55973378,,17484,1000,,,44148,160
2010313,2010-11-16,55303648,,31629,1000,,,96629,160
2010314,2010-11-17,56885956,,10853,1000,,,48957,160
2010315,2010-11-18,57262600,,38767,1000,38223,320,,
2010316,2010-11-19,56727000,,42377,1000,0,320,,
2010317,2010-11-20,50842418,,28834,1000,,,67589,160
2010318,2010-11-21,52327304,,5174,1000,7093,320,,
2010319,2010-11-22,52130062,,16304,1000,,,32598,160
2010320,2010-11-23,53016254,,24996,1000,,,57007,160
2010321,2010-11-24,55029190,,16853,1000,,,44224,160
2010322,2010-11-25,54844940,,20799,1000,,,40829,160
2010323,2010-11-26,56815380,,12296,1000,,,30733,160
2010324,2010-11-27,55103670,,12759,1000,,,27542,160
2010325,2010-11-28,55202934,,18895,1000,,,35765,160
2010326,2010-11-29,59157126,,10776,1000,24221,320,,
2010327,2010-11-30,53210190,,13425,1000,,,48287,160
2010328,2010-12-01,55644636,,26978,1000,,,63157,160
2010329,2010-12-02,55635142,,16970,1000,,,58370,160
2010330,2010-12-03,57283424,,24391,1000,,,63971,160
2010331,2010-12-04,58977170,,28092,1000,,,83217,160
2010332,2010-12-05,58264536,,36085,1000,,,79072,160
2010333,2010-12-06,63110004,,35564,1000,,,62368,160
2010334,2010-12-07,64559314,,20344,1000,36749,320,,
2010335,2010-12-08,59511672,,24589,1000,,,81845,160
2010336,2010-12-09,60551488,,32847,1000,,,73758,160
2010337,2010-12-10,63295302,,24399,1000,,,58533,160
2010338,2010-12-11,59733516,,14308,1000,,,47245,160
2010339,2010-12-12,57891274,,13255,1000,23226,320,,
2010340,2010-12-13,57559884,,45991,1000,,,43749,160
2010341,2010-12-14,58225934,,22467,1000,,,67024,160
2010342,2010-12-15,58210920,,14267,1000,,,39388,160
2010343,2010-12-16,58540514,,25571,1000,,,56816,160
2010344,2010-12-17,62375154,,40998,1000,,,54283,160
2010345,2010-12-18,63380386,,11365,1000,16164,320,,
2010346,2010-12-19,58215812,,16466,1000,16466,320,,
2010347,2010-12-20,57460662,,33467,1000,,,60136,160
2010348,2010-12-21,58859214,,23780,1000,,,45910,160
2010349,2010-12-22,60474222,,24225,1000,,,63955,160
2010350,2010-12-23,59446552,,19147,1000,,,69053,160
2010351,2010-12-24,62037846,,43422,1000,,,82714,160
2010352,2010-12-25,59730420,,7617,1000,,,30911,160
2010353,2010-12-26,59835456,,17488,1000,,,82530,160
2010354,2010-12-27,65586694,,40121,1000,,,90369,160
2010355,2010-12-28,67710604,,28000,1000,,,60092,160
2010356,2010-12-29,70029054,,14981,1000,,,32464,160
2010357,2010-12-30,65059024,,9258,1000,,,25446,160
2010358,2010-12-31,66515384,,27346,1000,40697,320,,
2011001,2011-01-01,52857592,,13383,1000,,,32507,160
2011002,2011-01-02,53441996,,15374,1000,,,43602,160
2011003,2011-01-03,57136636,,28853,1000,,,87287,160
2011004,2011-01-04,60657946,,26557,1000,,,102414,160
2011005,2011-01-05,63256740,,25980,1000,,,67576,160
2011006,2011-01-06,62446232,,21318,1000,31228,320,,
2011007,2011-01-07,62082790,,20669,1000,,,72241,160
2011008,2011-01-08,62737422,,8531,1000,,,33205,160
2011009,2011-01-09,60907642,,36161,1000,,,120149,160
2011010,2011-01-10,64802446,,11250,1000,,,69759,160
2011011,2011-01-11,63330668,,20119,1000,,,41048,160
2011012,2011-01-12,64446680,,14802,1000,,,49320,160
2011013,2011-01-13,64316362,,21362,1000,,,64051,160
2011014,2011-01-14,63750168,,14976,1000,26782,320,,
2011015,2011-01-15,58429444,,13419,1000,,,56039,160
2011016,2011-01-16,58855224,,46254,1000,0,320,,
2011017,2011-01-17,55317036,,22920,1000,,,61684,160
2011018,2011-01-18,58716932,,9249,1000,10736,320,,
2011019,2011-01-19,58834966,,63396,1000,,,61525,160
2011020,2011-01-20,59592076,,27031,1000,,,67604,160
2011021,2011-01-21,61962672,,30230,1000,,,50029,160
2011022,2011-01-22,61420258,,36186,1000,,,55153,160
2011023,2011-01-23,60120470,,21370,1000,0,320,,
2011024,2011-01-24,57790468,,16250,1000,19819,320,,
2011025,2011-01-25,57520054,,28210,1000,,,80331,160
2011026,2011-01-26,60261578,,13406,1000,,,54752,160
2011027,2011-01-27,59375044,,14881,1000,14781,320,,
2011028,2011-01-28,56909532,,27217,1000,,,74776,160
2011029,2011-01-29,57109944,,16845,1000,,,30008,160
2011030,2011-01-30,55620934,,13494,1000,,,30960,160
2011031,2011-01-31,53613878,,10746,1000,,,24423,160
2011032,2011-02-01,49172916,,30790,1000,,,66575,160
2011033,2011-02-09,39703180,,14470,1000,,,18541,160
2011034,2011-02-10,43597032,,4190,1000,8397,320,,
2011035,2011-02-11,43616658,,15659,1000,,,32622,160
2011036,2011-02-12,46019638,,10622,1000,,,30917,160
2011037,2011-02-13,46283676,,19375,1000,,,31294,160
2011038,2011-02-14,49185502,,12040,1000,7756,320,,
2011039,2011-02-15,47843450,,14530,1000,,,61175,160
2011040,2011-02-16,51013540,,26676,1000,,,67268,160
2011041,2011-02-17,50489234,,18358,1000,,,54968,160
2011042,2011-02-18,53736518,,14011,1000,,,24777,160
2011043,2011-02-19,53050088,,16543,1000,28198,320,,
2011044,2011-02-20,51852998,,43056,1000,,,84049,160
2011045,2011-02-21,54393296,,9201,1000,8181,320,,
2011046,2011-02-22,53301052,,18360,1000,,,37886,160
2011047,2011-02-23,56096468,,20450,1000,,,73442,160
2011048,2011-02-24,54680424,,14874,1000,,,29640,160
2011049,2011-02-25,56959812,,26892,1000,,,89224,160
2011050,2011-02-26,55021882,,19560,1000,,,51621,160
2011051,2011-02-27,56412882,,28751,1000,,,57011,160
2011052,2011-02-28,57496534,,24396,1000,,,55047,160
2011053,2011-03-01,58873738,,20860,1000,,,46080,160
2011054,2011-03-02,61629254,,37031,1000,,,55051,160
2011055,2011-03-03,63101764,,44340,1000,,,73461,160
2011056,2011-03-04,66212768,,11485,1000,,,39826,160
2011057,2011-03-05,65177650,,18015,1000,37279,320,,
2011058,2011-03-06,53913542,,11047,1000,,,42421,160
2011059,2011-03-07,59091576,,13728,1000,,,43487,160
2011060,2011-03-08,58437534,,20822,1000,,,73531,160
2011061,2011-03-09,62309292,,20380,1000,,,66160,160
2011062,2011-03-10,62239648,,11504,1000,,,36844,160
2011063,2011-03-11,64103938,,16143,1000,,,32686,160
2011064,2011-03-12,61475878,,24530,1000,,,89171,160
2011065,2011-03-13,63653732,,7726,1000,,,25489,160
2011066,2011-03-14,63937152,,13588,1000,,,31904,160
2011067,2011-03-15,64320932,,26753,1000,39080,320,,
2011068,2011-03-16,60915486,,25651,1000,,,45060,160
2011069,2011-03-17,60781322,,30325,1000,,,109579,160
2011070,2011-03-18,64290780,,21426,1000,21628,320,,
2011071,2011-03-19,60537812,,12481,1000,,,68247,160
2011072,2011-03-20,60794418,,26924,1000,,,45929,160
2011073,2011-03-21,64407120,,15710,1000,,,61096,160
2011074,2011-03-22,63916734,,17100,1000,,,54926,160
2011075,2011-03-23,64590160,,7501,1000,,,29338,160
2011076,2011-03-24,63664842,,31887,1000,,,50824,160
2011077,2011-03-25,66684596,,12265,1000,,,29633,160
2011078,2011-03-26,62853264,,14097,1000,,,34235,160
2011079,2011-03-27,61847690,,27140,1000,,,74661,160
2011080,2011-03-28,67318512,,17267,1000,,,63643,160
2011081,2011-03-29,68589804,,27979,1000,38000,320,,
2011082,2011-03-30,60530488,,43273,1000,,,70026,160
2011083,2011-03-31,61902040,,11302,1000,10081,320,,
2011084,2011-04-01,62256704,,17282,1000,,,49506,160
2011085,2011-04-02,61285868,,25399,1000,25741,320,,
2011086,2011-04-03,57503630,,32336,1000,,,79572,160
2011087,2011-04-04,59875882,,30282,1000,,,75258,160
2011088,2011-04-05,62535298,,15280,1000,,,58195,160
2011089,2011-04-06,64121656,,24547,1000,,,39213,160
2011090,2011-04-07,63610348,,13306,1000,,,40261,160
2011091,2011-04-08,63969040,,25729,1000,,,63190,160
2011092,2011-04-09,63586678,,15055,1000,,,44822,160
2011093,2011-04-10,63442822,,37676,1000,,,41389,160
2011094,2011-04-11,66388628,,12107,1000,,,49856,160
2011095,2011-04-12,67468352,,26285,1000,,,61429,160
2011096,2011-04-13,71117378,,15634,1000,37689,320,,
2011097,2011-04-14,61626284,,24994,1000,,,69535,160
2011098,2011-04-15,65155772,,7956,1000,11079,320,,
2011099,2011-04-16,59853954,,15174,1000,,,44081,160
2011100,2011-04-17,59519208,,33085,1000,,,139872,160
2011101,2011-04-18,64781016,,15063,1000,10930,320,,
2011102,2011-04-19,61924936,,42768,1000,,,76159,160
2011103,2011-04-20,65352176,,39886,1000,0,320,,
2011104,2011-04-21,59498186,,8285,1000,,,27770,160
2011105,2011-04-22,63233666,,12372,1000,,,33901,160
2011106,2011-04-23,59624086,,43979,1000,,,99074,160
2011107,2011-04-24,64694628,,37142,1000,,,73368,160
2011108,2011-04-25,64221364,,15742,1000,19958,320,,
2011109,2011-04-26,61779254,,20639,1000,,,60061,160
2011110,2011-04-27,62267890,,32214,1000,,,98753,160
2011111,2011-04-28,63304622,,34310,1000,,,71008,160
2011112,2011-04-29,65018862,,28491,1000,,,83617,160
2011113,2011-04-30,61491762,,16057,1000,,,48701,160
2011114,2011-05-01,58962984,,21381,1000,,,49967,160
2011115,2011-05-02,59896258,,20150,1000,,,58414,160
2011116,2011-05-03,63747062,,18741,1000,,,41298,160
2011117,2011-05-04,65327518,,21737,1000,,,50028,160
2011118,2011-05-05,66218434,,25472,1000,27762,320,,
2011119,2011-05-06,62881138,,37110,1000,,,67963,160
2011120,2011-05-07,61627154,,14670,1000,,,53651,160
2011121,2011-05-08,59754004,,7247,1000,8615,320,,
2011122,2011-05-09,59419154,,44963,1000,0,320,,
2011123,2011-05-10,55538098,,10996,1000,,,27754,160
2011124,2011-05-11,59815730,,11020,1000,,,48493,160
2011125,2011-05-12,60848640,,6859,1000,9396,320,,
2011126,2011-05-13,60266178,,7739,1000,11949,320,,
2011127,2011-05-14,55072990,,26383,1000,,,63962,160
2011128,2011-05-15,57947080,,23768,1000,,,51515,160
2011129,2011-05-16,60025340,,11004,1000,,,59928,160
2011130,2011-05-17,59864974,,14226,1000,,,36822,160
2011131,2011-05-18,60263908,,23316,1000,32836,320,,
2011132,2011-05-19,59351342,,27780,1000,,,58291,160
2011133,2011-05-20,61447788,,12362,1000,,,32173,160
2011134,2011-05-21,57874566,,14948,1000,18326,320,,
2011135,2011-05-22,56445644,,15520,1000,,,30547,160
2011136,2011-05-23,59439094,,11935,1000,14354,320,,
2011137,2011-05-24,57729484,,13325,1000,,,31107,160
2011138,2011-05-25,57685316,,22140,1000,,,52270,160
2011139,2011-05-26,58088190,,9374,1000,,,44100,160
2011140,2011-05-27,58926676,,33232,1000,,,69120,160
2011141,2011-05-28,58263740,,16623,1000,,,52762,160
2011142,2011-05-29,57621668,,42966,1000,,,59119,160
2011143,2011-05-30,60461638,,36901,1000,,,55759,160
2011144,2011-05-31,63074170,,36662,1000,42845,320,,
2011145,2011-06-01,59514568,,11112,1000,8606,320,,
2011146,2011-06-02,58884466,,18745,1000,13655,320,,
2011147,2011-06-03,57579280,,40139,1000,,,74193,160
2011148,2011-06-04,56146196,,47050,1000,,,91051,160
2011149,2011-06-05,57167630,,38134,1000,,,53215,160
2011150,2011-06-06,57615704,,11802,1000,15355,320,,
2011151,2011-06-07,57476164,,20998,1000,,,58630,160
2011152,2011-06-08,59161258,,13763,1000,,,58324,160
2011153,2011-06-09,60451094,,44794,1000,,,64927,160
2011154,2011-06-10,61359636,,32482,1000,,,66331,160
2011155,2011-06-11,60664406,,21631,1000,,,34943,160
2011156,2011-06-12,60901862,,14341,1000,15902,320,,
2011157,2011-06-13,57310148,,18550,1000,,,54108,160
2011158,2011-06-14,60066074,,21220,1000,,,54058,160
2011159,2011-06-15,61737578,,25379,1000,,,46672,160
2011160,2011-06-16,61263886,,10699,1000,,,29042,160
2011161,2011-06-17,60471100,,55407,1000,,,95082,160
2011162,2011-06-18,58796420,,13040,1000,,,41213,160
2011163,2011-06-19,58507124,,26113,1000,,,36333,160
2011164,2011-06-20,62095618,,22086,1000,,,47633,160
2011165,2011-06-21,62159152,,27482,1000,,,59417,160
2011166,2011-06-22,65171006,,36453,1000,54983,320,,
2011167,2011-06-23,58833578,,37736,1000,,,66867,160
2011168,2011-06-24,62809740,,50150,1000,,,69130,160
2011169,2011-06-25,60516304,,9821,1000,17705,320,,
2011170,2011-06-26,58150764,,14863,1000,,,39924,160
2011171,2011-06-27,61599368,,19218,1000,,,41893,160
2011172,2011-06-28,60135282,,17222,1000,16890,320,,
2011173,2011-06-29,59944404,,32737,1000,,,57889,160
2011174,2011-06-30,60508802,,20411,1000,,,38080,160
2011175,2011-07-01,62893590,,11293,1000,18001,320,,
2011176,2011-07-02,58167434,,21405,1000,,,49089,160
2011177,2011-07-03,57574872,,14494,1000,,,35468,160
2011178,2011-07-04,60238906,,19932,1000,,,43693,160
2011179,2011-07-05,60679814,,8846,1000,,,28401,160
2011180,2011-07-06,61903490,,64406,1000,,,70137,160
2011181,2011-07-07,57816050,,39707,1000,,,45850,160
2011182,2011-07-08,59987000,,35822,1000,39475,320,,
2011183,2011-07-09,56239176,,8951,1000,,,35341,160
2011184,2011-07-10,56551886,,14592,1000,,,35480,160
2011185,2011-07-11,57494564,,26276,1000,24332,320,,
2011186,2011-07-12,57176886,,6539,1000,8654,320,,
2011187,2011-07-13,57804264,,17904,1000,,,61827,160
2011188,2011-07-14,57665182,,11495,1000,,,41427,160
2011189,2011-07-15,58394346,,11774,1000,,,52147,160
2011190,2011-07-16,56805300,,7016,1000,15092,320,,
2011191,2011-07-17,54674596,,32789,1000,,,76213,160
2011192,2011-07-18,57978258,,27697,1000,,,52747,160
2011193,2011-07-19,58058828,,10237,1000,15914,320,,
2011194,2011-07-20,57479650,,11332,1000,,,29702,160
2011195,2011-07-21,54487608,,27979,1000,,,73948,160
2011196,2011-07-22,58342736,,20851,1000,,,54180,160
2011197,2011-07-23,57359558,,23112,1000,,,46241,160
2011198,2011-07-24,56582416,,9185,1000,,,29805,160
2011199,2011-07-25,58308228,,18916,1000,,,45793,160
2011200,2011-07-26,58531882,,43017,1000,41702,320,,
2011201,2011-07-27,56506746,,41743,1000,,,74651,160
2011202,2011-07-28,57552962,,16060,1000,,,49436,160
2011203,2011-07-29,59982190,,21279,1000,,,29818,160
2011204,2011-07-30,57175984,,17897,1000,,,35469,160
2011205,2011-07-31,56757360,,11434,1000,,,27595,160
2011206,2011-08-01,57891508,,15511,1000,21001,320,,
2011207,2011-08-02,55599494,,20540,1000,14217,320,,
2011208,2011-08-03,54419630,,14820,1000,,,33155,160
2011209,2011-08-04,56224692,,10045,1000,5753,320,,
2011210,2011-08-05,55536640,,25590,1000,,,44479,160
2011211,2011-08-06,54633860,,11926,1000,10596,320,,
2011212,2011-08-07,52998070,,18436,1000,,,83310,160
2011213,2011-08-08,55537662,,16334,1000,,,42375,160
2011214,2011-08-09,54857130,,19619,1000,22273,320,,
2011215,2011-08-10,54738144,,44081,1000,,,77405,160
2011216,2011-08-11,57205448,,6195,1000,4830,320,,
2011217,2011-08-12,56506568,,65279,1000,,,64229,160
2011218,2011-08-13,55798480,,13388,1000,,,29093,160
2011219,2011-08-14,54408858,,20426,1000,,,32660,160
2011220,2011-08-15,57320742,,74947,1000,,,,
2011221,2011-08-16,51848242,,10138,1000,,,25934,160
2011222,2011-08-17,56676616,,26000,1000,,,72497,160
2011223,2011-08-18,58026422,,61357,1000,,,88995,160
2011224,2011-08-19,60558742,,12457,1000,,,27720,160
2011225,2011-08-20,58349174,,18825,1000,,,37763,160
2011226,2011-08-21,59488372,,19437,1000,28964,320,,
2011227,2011-08-22,59106340,,12959,1000,,,31547,160
2011228,2011-08-23,59397300,,11013,1000,,,27532,160
2011229,2011-08-24,59315698,,86631,1000,,,107464,160
2011230,2011-08-25,60638488,,16481,1000,,,62849,160
2011231,2011-08-26,63237094,,29977,1000,,,65251,160
2011232,2011-08-27,61061992,,29080,1000,,,55238,160
2011233,2011-08-28,61077598,,6761,1000,11553,320,,
2011234,2011-08-29,57298682,,13903,1000,12146,320,,
2011235,2011-08-30,56373218,,14061,1000,,,36517,160
2011236,2011-08-31,59382448,,49364,1000,,,102452,160
2011237,2011-09-01,60266920,,9813,1000,13094,320,,
2011238,2011-09-02,60545574,,9985,1000,,,25877,160
2011239,2011-09-03,57586818,,12763,1000,10986,320,,
2011240,2011-09-04,56700482,,29069,1000,,,72939,160
2011241,2011-09-05,59481374,,20576,1000,14382,320,,
2011242,2011-09-06,58865664,,11658,1000,,,32533,160
2011243,2011-09-07,59166110,,11321,1000,20116,320,,
2011244,2011-09-08,58525222,,19966,1000,,,28058,160
2011245,2011-09-09,61251404,,9145,1000,8863,320,,
2011246,2011-09-10,56643942,,8230,1000,,,22570,160
2011247,2011-09-11,56216328,,9468,1000,,,35559,160
2011248,2011-09-12,55367456,,20661,1000,,,42070,160
2011249,2011-09-13,59487590,,18593,1000,,,53775,160
2011250,2011-09-14,61518308,,12621,1000,16421,320,,
2011251,2011-09-15,60920776,,12626,1000,,,51993,160
2011252,2011-09-16,61148434,,21559,1000,13191,320,,
2011253,2011-09-17,58236740,,21611,1000,,,30745,160
2011254,2011-09-18,59894550,,24922,1000,,,77115,160
2011255,2011-09-19,60502588,,46451,1000,,,49879,160
2011256,2011-09-20,63202894,,33248,1000,,,42790,160
2011257,2011-09-21,64640688,,23205,1000,25098,320,,
2011258,2011-09-22,61853658,,10149,1000,11263,320,,
2011259,2011-09-23,63457766,,44483,1000,,,91313,160
2011260,2011-09-24,62628706,,29395,1000,,,49635,160
2011261,2011-09-25,63621020,,49252,1000,,,64167,160
2011262,2011-09-26,66263534,,12999,1000,15161,320,,
2011263,2011-09-27,62837146,,56486,1000,,,63863,160
2011264,2011-09-28,60646318,,16723,1000,9441,320,,
2011265,2011-09-29,59804308,,6323,1000,5551,320,,
2011266,2011-09-30,59684946,,28826,1000,,,36846,160
2011267,2011-10-01,57090586,,22685,1000,,,44794,160
2011268,2011-10-02,56608794,,8346,1000,15824,320,,
2011269,2011-10-03,54755936,,5841,1000,4590,320,,
2011270,2011-10-04,54663320,,19100,1000,,,41635,160
2011271,2011-10-05,56500082,,11896,1000,14408,320,,
2011272,2011-10-06,56509138,,29301,1000,,,38785,160
2011273,2011-10-07,57510660,,40730,1000,,,42642,160
2011274,2011-10-08,61593396,,14872,1000,,,44725,160
2011275,2011-10-09,59148368,,11435,1000,,,22574,160
2011276,2011-10-10,60762116,,34233,1000,,,52580,160
2011277,2011-10-11,60875628,,20240,1000,,,38327,160
2011278,2011-10-12,62224084,,43390,1000,,,70226,160
2011279,2011-10-13,60272786,,13390,1000,,,47747,160
2011280,2011-10-14,63727724,,45349,1000,,,50173,160
2011281,2011-10-15,61377194,,10193,1000,,,37954,160
2011282,2011-10-16,62388026,,32182,1000,,,62351,160
2011283,2011-10-17,65271806,,20326,1000,,,43752,160
2011284,2011-10-18,66466016,,29160,1000,,,60287,160
2011285,2011-10-19,67872314,,12807,1000,,,33732,160
2011286,2011-10-20,67121568,,13900,1000,,,66214,160
2011287,2011-10-21,69228986,,25001,1000,,,42128,160
2011288,2011-10-22,67939222,,12564,1000,36064,320,,
2011289,2011-10-23,55815836,,14426,1000,23273,320,,
2011290,2011-10-24,59323368,,15364,1000,,,31087,160
2011291,2011-10-25,60882884,,18664,1000,,,52194,160
2011292,2011-10-26,61834050,,18140,1000,,,43376,160
2011293,2011-10-27,61252714,,35764,1000,,,60325,160
2011294,2011-10-28,63034960,,30493,1000,35810,320,,
2011295,2011-10-29,59717360,,36522,1000,,,93181,160
2011296,2011-10-30,62203032,,14297,1000,16035,320,,
2011297,2011-10-31,61582436,,11596,1000,,,27361,160
2011298,2011-11-01,63783316,,33784,1000,,,73106,160
2011299,2011-11-02,62953074,,33999,1000,,,55146,160
2011300,2011-11-03,62568806,,22316,1000,26198,320,,
2011301,2011-11-04,62721576,,24567,1000,,,74086,160
2011302,2011-11-05,61355074,,15315,1000,12466,320,,
2011303,2011-11-06,59627500,,36358,1000,,,96462,160
2011304,2011-11-07,63260654,,17531,1000,,,35865,160
2011305,2011-11-08,63007520,,17312,1000,11266,320,,
2011306,2011-11-09,59794656,,13279,1000,,,40769,160
2011307,2011-11-10,60930812,,24722,1000,,,49110,160
2011308,2011-11-11,65664776,,30353,1000,29729,320,,
2011309,2011-11-12,60284558,,21490,1000,,,59116,160
2011310,2011-11-13,62350488,,17130,1000,,,51170,160
2011311,2011-11-14,63731432,,20122,1000,,,59940,160
2011312,2011-11-15,64525772,,18161,1000,,,62136,160
2011313,2011-11-16,67016220,,16828,1000,,,46007,160
2011314,2011-11-17,64554114,,28092,1000,,,26726,160
2011315,2011-11-18,64335728,,12403,1000,15479,320,,
2011316,2011-11-19,59613992,,6518,1000,8216,320,,
2011317,2011-11-20,60024322,,11864,1000,,,34493,160
2011318,2011-11-21,60957392,,10327,1000,10325,320,,
2011319,2011-11-22,59125182,,15520,1000,13584,320,,
2011320,2011-11-23,60291442,,6545,1000,10519,320,,
2011321,2011-11-24,58258346,,6257,1000,7802,320,,
2011322,2011-11-25,61431188,,18943,1000,13141,320,,
2011323,2011-11-26,60204420,,25022,1000,,,48368,160
2011324,2011-11-27,59046212,,16282,1000,,,39259,160
2011325,2011-11-28,61140332,,25395,1000,,,87344,160
2011326,2011-11-29,60591036,,19430,1000,,,56789,160
2011327,2011-11-30,58290654,,14427,1000,,,61153,160
2011328,2011-12-01,58822216,,30484,1000,,,32909,160
2011329,2011-12-02,61190856,,20393,1000,17839,320,,
2011330,2011-12-03,57903082,,9184,1000,,,35582,160
2011331,2011-12-04,58534462,,21517,1000,,,42334,160
2011332,2011-12-05,61714996,,15429,1000,,,43070,160
2011333,2011-12-06,61086552,,34484,1000,,,64136,160
2011334,2011-12-07,61138480,,53176,1000,,,73656,160
2011335,2011-12-08,62448710,,22635,1000,,,81519,160
2011336,2011-12-09,64202714,,36421,1000,,,91629,160
2011337,2011-12-10,63064574,,12968,1000,,,39210,160
2011338,2011-12-11,64746548,,18514,1000,19145,320,,
2011339,2011-12-12,64576724,,20324,1000,,,48277,160
2011340,2011-12-13,65525270,,21170,1000,,,65900,160
2011341,2011-12-14,68512790,,21042,1000,,,44482,160
2011342,2011-12-15,68962870,,71323,1000,,,,
2011343,2011-12-16,62644366,,11471,1000,,,33410,160
2011344,2011-12-17,64583502,,9797,1000,,,23289,160
2011345,2011-12-18,64419392,,13142,1000,,,31434,160
2011346,2011-12-19,67800376,,10460,1000,9744,320,,
2011347,2011-12-20,64475306,,8552,1000,12265,320,,
2011348,2011-12-21,64694590,,17664,1000,21390,320,,
2011349,2011-12-22,63771572,,18555,1000,,,52403,160
2011350,2011-12-23,67124104,,37653,1000,,,61522,160
2011351,2011-12-24,66337770,,36550,1000,,,63952,160
2011352,2011-12-25,67265816,,19752,1000,,,39856,160
2011353,2011-12-26,67139100,,20947,1000,,,35414,160
2011354,2011-12-27,63988150,,11514,1000,,,21455,160
2011355,2011-12-28,66211706,,16611,1000,18733,320,,
2011356,2011-12-29,63445002,,47675,1000,,,69433,160
2011357,2011-12-30,66347978,,21123,1000,,,37529,160
2011358,2011-12-31,66422468,,50173,1000,,,81559,160
2012001,2012-01-01,60711316,,21440,1000,,,34982,160
2012002,2012-01-02,60193726,,10793,1000,,,24282,160
2012003,2012-01-03,59833424,,17217,1000,,,33161,160
2012004,2012-01-04,62737854,,12137,1000,,,32992,160
2012005,2012-01-05,63827292,,31820,1000,,,51671,160
2012006,2012-01-06,66416562,,26817,1000,43245,320,,
2012007,2012-01-07,62144842,,14566,1000,13931,320,,
2012008,2012-01-08,61664944,,30725,1000,,,70529,160
2012009,2012-01-09,63901634,,17104,1000,25177,320,,
2012010,2012-01-10,62390584,,12049,1000,,,39164,160
2012011,2012-01-11,62862468,,28018,1000,,,33997,160
2012012,2012-01-12,63358002,,16274,1000,20072,320,,
2012013,2012-01-13,63093604,,23208,1000,,,102568,160
2012014,2012-01-14,64051470,,19385,1000,,,55672,160
2012015,2012-01-15,61197604,,25223,1000,,,42548,160
2012016,2012-01-16,63219640,,34529,1000,,,52835,160
2012017,2012-01-17,62991316,,45269,1000,,,98492,160
2012018,2012-01-18,66101762,,16966,1000,14106,320,,
2012019,2012-01-19,59473466,,12638,1000,,,36619,160
2012020,2012-01-20,58132590,,25324,1000,24379,320,,
2012021,2012-01-21,48143956,,16008,1000,,,27021,160
2012022,2012-01-29,41688594,,9743,1000,,,27802,160
2012023,2012-01-30,45072648,,12745,1000,20205,320,,
2012024,2012-01-31,48043312,,7638,1000,6840,320,,
2012025,2012-02-01,48038744,,7291,1000,9735,320,,
2012026,2012-02-02,49961540,,14147,1000,,,33746,160
2012027,2012-02-03,52121242,,28462,1000,,,46891,160
2012028,2012-02-04,52503102,,15771,1000,,,36054,160
2012029,2012-02-05,54092952,,12187,1000,12840,320,,
2012030,2012-02-06,47261068,,20001,1000,,,50370,160
2012031,2012-02-07,52911524,,21165,1000,,,47569,160
2012032,2012-02-08,56724856,,13924,1000,,,24073,160
2012033,2012-02-09,56474418,,17256,1000,,,43289,160
2012034,2012-02-10,57617116,,8368,1000,,,37682,160
2012035,2012-02-11,55950202,,30289,1000,,,51452,160
2012036,2012-02-12,58593252,,24301,1000,,,97824,160
2012037,2012-02-13,61742838,,25241,1000,,,42792,160
2012038,2012-02-14,58522528,,24388,1000,,,34206,160
2012039,2012-02-15,58489952,,17096,1000,20658,320,,
2012040,2012-02-16,57662222,,25709,1000,,,42404,160
2012041,2012-02-17,61155762,,26540,1000,25479,320,,
2012042,2012-02-18,58376958,,8936,1000,9457,320,,
2012043,2012-02-19,55309464,,26484,1000,17930,320,,
2012044,2012-02-20,59343110,,31057,1000,,,63385,160
2012045,2012-02-21,61375296,,15749,1000,,,38985,160
2012046,2012-02-22,60579398,,21448,1000,,,70462,160
2012047,2012-02-23,61580412,,18397,1000,,,37023,160
2012048,2012-02-24,63563898,,34710,1000,,,89076,160
2012049,2012-02-25,61359112,,17493,1000,18463,320,,
2012050,2012-02-26,60512396,,11482,1000,,,30602,160
2012051,2012-02-27,63086044,,13875,1000,,,19046,160
2012052,2012-02-28,62910444,,14977,1000,25574,320,,
2012053,2012-02-29,62766298,,17613,1000,17297,320,,
2012054,2012-03-01,61619148,,9338,1000,,,23839,160
2012055,2012-03-02,61416194,,65406,1000,,,88732,160
2012056,2012-03-03,62352470,,15933,1000,,,36747,160
2012057,2012-03-04,61207948,,21800,1000,,,53784,160
2012058,2012-03-05,61569020,,17104,1000,,,80223,160
2012059,2012-03-06,62838472,,24058,1000,,,32047,160
2012060,2012-03-07,65463322,,17197,1000,,,48663,160
2012061,2012-03-08,65346868,,15916,1000,,,57104,160
2012062,2012-03-09,65122748,,9408,1000,,,22878,160
2012063,2012-03-10,63018276,,23770,1000,,,50389,160
2012064,2012-03-11,63395380,,20008,1000,,,47824,160
2012065,2012-03-12,67399782,,26787,1000,43488,320,,
2012066,2012-03-13,61510186,,19390,1000,,,52816,160
2012067,2012-03-14,65030114,,27635,1000,,,84838,160
2012068,2012-03-15,66404480,,20482,1000,,,37136,160
2012069,2012-03-16,66928026,,18323,1000,,,65669,160
2012070,2012-03-17,66226220,,11364,1000,12312,320,,
2012071,2012-03-18,63405014,,10374,1000,,,36021,160
2012072,2012-03-19,63265892,,7213,1000,,,16024,160
2012073,2012-03-20,61303852,,27798,1000,,,67737,160
2012074,2012-03-21,67396052,,26145,1000,,,80715,160
2012075,2012-03-22,67673100,,32540,1000,,,93711,160
2012076,2012-03-23,71145946,,27571,1000,28862,320,,
2012077,2012-03-24,64534570,,21569,1000,15221,320,,
2012078,2012-03-25,64127044,,16700,1000,14437,320,,
2012079,2012-03-26,64327618,,57230,1000,,,112819,160
2012080,2012-03-27,68831324,,19666,1000,,,69015,160
2012081,2012-03-28,68848100,,19101,1000,14093,320,,
2012082,2012-03-29,65918950,,23865,1000,,,58110,160
2012083,2012-03-30,67242426,,17839,1000,18386,320,,
2012084,2012-03-31,63642546,,24250,1000,,,51834,160
2012085,2012-04-01,63486440,,17593,1000,,,46196,160
2012086,2012-04-02,60452454,,22297,1000,,,98350,160
2012087,2012-04-03,62355014,,32745,1000,28215,320,,
2012088,2012-04-04,62426900,,16661,1000,21832,320,,
2012089,2012-04-05,64860966,,18335,1000,15366,320,,
2012090,2012-04-06,62822266,,18267,1000,,,66870,160
2012091,2012-04-07,62015728,,7162,1000,8996,320,,
2012092,2012-04-08,60141684,,18308,1000,22788,320,,
2012093,2012-04-09,63944546,,14134,1000,14984,320,,
2012094,2012-04-10,60780254,,16371,1000,12815,320,,
2012095,2012-04-11,62002344,,11640,1000,15859,320,,
2012096,2012-04-12,62312148,,18226,1000,,,31311,160
2012097,2012-04-13,63260860,,13474,1000,,,28248,160
2012098,2012-04-14,60840064,,9045,1000,10241,320,,
2012099,2012-04-15,58733244,,29943,1000,,,38425,160
2012100,2012-04-16,61954918,,32172,1000,,,81137,160
2012101,2012-04-17,63926640,,9821,1000,,,34358,160
2012102,2012-04-18,62474644,,26440,1000,26641,320,,
2012103,2012-04-19,61930076,,10816,1000,,,28157,160
2012104,2012-04-20,62029018,,25424,1000,17404,320,,
2012105,2012-04-21,57207510,,33081,1000,,,86716,160
2012106,2012-04-22,59855324,,18134,1000,,,45498,160
2012107,2012-04-23,63498118,,69072,1000,,,61780,160
2012108,2012-04-24,62059740,,19058,1000,,,35648,160
2012109,2012-04-25,63224392,,20563,1000,,,42642,160
2012110,2012-04-26,60703072,,30631,1000,,,64072,160
2012111,2012-04-27,62619446,,14786,1000,,,25722,160
2012112,2012-04-28,61945866,,48863,1000,46504,320,,
2012113,2012-04-29,57631810,,18446,1000,19179,320,,
2012114,2012-04-30,58127304,,10275,1000,,,30758,160
2012115,2012-05-01,57722506,,9509,1000,,,23407,160
2012116,2012-05-02,60435612,,48688,1000,38137,320,,
2012117,2012-05-03,60448864,,27441,1000,24298,320,,
2012118,2012-05-04,61875702,,56486,1000,,,49918,160
2012119,2012-05-05,62128872,,11069,1000,9012,320,,
2012120,2012-05-06,58012822,,21725,1000,,,48098,160
2012121,2012-05-07,61665678,,20137,1000,,,32671,160
2012122,2012-05-08,60101090,,38828,1000,35212,320,,
2012123,2012-05-09,61960034,,35351,1000,,,51615,160
2012124,2012-05-10,60439126,,19757,1000,,,28505,160
2012125,2012-05-11,62586840,,7576,1000,,,27403,160
2012126,2012-05-12,60115102,,19595,1000,,,45476,160
2012127,2012-05-13,60669008,,13091,1000,,,31797,160
2012128,2012-05-14,61264606,,15033,1000,,,22216,160
2012129,2012-05-15,61778934,,44375,1000,,,67927,160
2012130,2012-05-16,65631210,,41789,1000,,,57015,160
2012131,2012-05-17,64626672,,70994,1000,,,97045,160
2012132,2012-05-18,66932364,,37789,1000,,,31428,160
2012133,2012-05-19,65029462,,21421,1000,,,61901,160
2012134,2012-05-20,66612780,,14163,1000,,,31938,160
2012135,2012-05-21,68069378,,44701,1000,,,55320,160
2012136,2012-05-22,67662384,,10480,1000,,,29815,160
2012137,2012-05-23,69014460,,30379,1000,,,51410,160
2012138,2012-05-24,70009316,,9462,1000,,,37779,160
2012139,2012-05-25,69615300,,15326,1000,,,47945,160
2012140,2012-05-26,67883814,,12568,1000,,,25788,160
2012141,2012-05-27,67609678,,18432,1000,,,47001,160
2012142,2012-05-28,70368552,,20231,1000,,,33247,160
2012143,2012-05-29,68483624,,40829,1000,,,63907,160
2012144,2012-05-30,71919606,,15663,1000,,,32357,160
2012145,2012-05-31,70320026,,25630,1000,,,59194,160
2012146,2012-06-01,70572986,,25967,1000,,,79648,160
2012147,2012-06-02,69075970,,29729,1000,,,39821,160
2012148,2012-06-03,67426878,,17976,1000,,,50060,160
2012149,2012-06-04,70911996,,8102,1000,,,27624,160
2012150,2012-06-05,67737408,,40549,1000,39108,320,,
2012151,2012-06-06,62776178,,23853,1000,,,35052,160
2012152,2012-06-07,63107282,,15977,1000,,,30027,160
2012153,2012-06-08,61396820,,21419,1000,,,67827,160
2012154,2012-06-09,59735056,,20976,1000,,,70349,160
2012155,2012-06-10,60558866,,24068,1000,,,49111,160
2012156,2012-06-11,64224888,,11469,1000,,,39824,160
2012157,2012-06-12,62016684,,32092,1000,,,68879,160
2012158,2012-06-13,63996970,,10625,1000,,,38232,160
2012159,2012-06-14,64265428,,21820,1000,,,82010,160
2012160,2012-06-15,66485250,,22974,1000,,,63819,160
2012161,2012-06-16,65052116,,37081,1000,,,48703,160
2012162,2012-06-17,64409010,,26799,1000,,,66207,160
2012163,2012-06-18,68053198,,23851,1000,,,52148,160
2012164,2012-06-19,67575728,,18076,1000,,,54528,160
2012165,2012-06-20,66652440,,10447,1000,,,21250,160
2012166,2012-06-21,64686218,,14416,1000,14303,320,,
2012167,2012-06-22,59692852,,22100,1000,23561,320,,
2012168,2012-06-23,55296564,,22930,1000,,,42522,160
2012169,2012-06-24,58998428,,10642,1000,,,37593,160
2012170,2012-06-25,61085716,,9980,1000,10878,320,,
2012171,2012-06-26,60425750,,9177,1000,10886,320,,
2012172,2012-06-27,60576230,,16457,1000,,,40124,160
2012173,2012-06-28,59805204,,25892,1000,21078,320,,
2012174,2012-06-29,58830878,,28498,1000,,,61889,160
2012175,2012-06-30,55858544,,14096,1000,,,29034,160
2012176,2012-07-01,56436098,,20186,1000,,,27783,160
2012177,2012-07-02,58142612,,28051,1000,,,44338,160
2012178,2012-07-03,59351146,,18373,1000,,,37492,160
2012179,2012-07-04,59737412,,8533,1000,,,23607,160
2012180,2012-07-05,58340026,,15018,1000,14798,320,,
2012181,2012-07-06,57094566,,12519,1000,,,40053,160
2012182,2012-07-07,56899004,,13956,1000,,,56139,160
2012183,2012-07-08,58285600,,24579,1000,,,56452,160
2012184,2012-07-09,58445946,,14211,1000,,,37643,160
2012185,2012-07-10,58108768,,19536,1000,,,38119,160
2012186,2012-07-11,57834294,,39202,1000,,,63236,160
2012187,2012-07-12,60154406,,22239,1000,18863,320,,
2012188,2012-07-13,57753826,,11721,1000,13976,320,,
2012189,2012-07-14,54942918,,16720,1000,,,44091,160
2012190,2012-07-15,56598348,,23848,1000,,,48163,160
2012191,2012-07-16,58323130,,24180,1000,25025,320,,
2012192,2012-07-17,57502782,,11855,1000,,,29737,160
2012193,2012-07-18,57978292,,10867,1000,16012,320,,
2012194,2012-07-19,56486164,,20439,1000,,,52098,160
2012195,2012-07-20,58250150,,36958,1000,34858,320,,
2012196,2012-07-21,55645730,,8887,1000,6333,320,,
2012197,2012-07-22,52928454,,13814,1000,,,32427,160
2012198,2012-07-23,55977916,,13586,1000,,,25909,160
2012199,2012-07-24,55654412,,14174,1000,,,38298,160
2012200,2012-07-25,55933284,,21223,1000,,,70156,160
2012201,2012-07-26,57208172,,13321,1000,,,26023,160
2012202,2012-07-27,57379486,,19820,1000,,,32647,160
2012203,2012-07-28,54713956,,14420,1000,,,29488,160
2012204,2012-07-29,54340844,,13020,1000,,,23640,160
2012205,2012-07-30,55309426,,14047,1000,,,36912,160
2012206,2012-07-31,55774478,,11275,1000,,,35325,160
2012207,2012-08-01,54998476,,29363,1000,14368,320,,
2012208,2012-08-02,51520210,,26720,1000,,,46155,160
2012209,2012-08-03,55120378,,15775,1000,,,49566,160
2012210,2012-08-04,54883746,,20264,1000,17109,320,,
2012211,2012-08-05,52122908,,15570,1000,,,42165,160
2012212,2012-08-06,53968640,,46588,1000,,,107666,160
2012213,2012-08-07,54857956,,26600,1000,,,77173,160
2012214,2012-08-08,54734512,,21618,1000,,,44677,160
2012215,2012-08-09,56761356,,14640,1000,,,49838,160
2012216,2012-08-10,56888704,,39373,1000,,,68674,160
2012217,2012-08-11,56324370,,13712,1000,,,47820,160
2012218,2012-08-12,56744340,,13516,1000,14557,320,,
2012219,2012-08-13,56117752,,14409,1000,,,27615,160
2012220,2012-08-14,56086852,,23262,1000,,,49952,160
2012221,2012-08-15,55483846,,20388,1000,,,42474,160
2012222,2012-08-16,56510350,,25698,1000,19338,320,,
2012223,2012-08-17,55454828,,7393,1000,,,29858,160
2012224,2012-08-18,53217480,,18748,1000,,,64227,160
2012225,2012-08-19,54678736,,21979,1000,,,57496,160
2012226,2012-08-20,57629802,,12106,1000,,,40961,160
2012227,2012-08-21,56318792,,32903,1000,,,55572,160
2012228,2012-08-22,58127860,,21294,1000,,,27179,160
2012229,2012-08-23,57897730,,23948,1000,,,56711,160
2012230,2012-08-24,58172484,,51135,1000,,,,
2012231,2012-08-25,51221756,,9059,1000,,,21794,160
2012232,2012-08-26,54156200,,20095,1000,,,27278,160
2012233,2012-08-27,55496296,,16444,1000,,,22824,160
2012234,2012-08-28,52765522,,20527,1000,,,32394,160
2012235,2012-08-29,56684618,,9703,1000,17604,320,,
2012236,2012-08-30,53421492,,12247,1000,13214,320,,
2012237,2012-08-31,52458696,,20815,1000,,,33932,160
2012238,2012-09-01,51835464,,18607,1000,,,28830,160
2012239,2012-09-02,53118134,,13207,1000,,,34565,160
2012240,2012-09-03,53949220,,25788,1000,,,60426,160
2012241,2012-09-04,54639998,,36639,1000,,,70920,160
2012242,2012-09-05,54639998,,36639,1000,,,70920,160
2012243,2012-09-06,56319246,,20226,1000,,,32897,160
2012244,2012-09-07,58598432,,20118,1000,,,60082,160
2012245,2012-09-08,56232350,,30767,1000,,,44349,160
2012246,2012-09-09,57802822,,34662,1000,,,60111,160
2012247,2012-09-10,59434022,,17049,1000,,,37759,160
2012248,2012-09-11,59126310,,16972,1000,,,44050,160
2012249,2012-09-12,58305150,,15093,1000,,,34537,160
2012250,2012-09-13,58133322,,18893,1000,,,33971,160
2012251,2012-09-14,58913288,,10133,1000,,,39812,160
2012252,2012-09-15,55878790,,19570,1000,,,45168,160
2012253,2012-09-16,57811664,,26838,1000,30663,320,,
2012254,2012-09-17,55191684,,6451,1000,,,11622,160
2012255,2012-09-18,55599644,,17761,1000,,,47662,160
2012256,2012-09-19,56340880,,10915,1000,,,34142,160
2012257,2012-09-20,56869490,,14165,1000,21519,320,,
2012258,2012-09-21,55827560,,21485,1000,,,32871,160
2012259,2012-09-22,54842152,,15225,1000,,,28929,160
2012260,2012-09-23,55339478,,12875,1000,15525,320,,
2012261,2012-09-24,55833724,,10647,1000,,,24341,160
2012262,2012-09-25,54097952,,23391,1000,,,44431,160
2012263,2012-09-26,55425330,,12785,1000,12304,320,,
2012264,2012-09-27,53266258,,17205,1000,14802,320,,
2012265,2012-09-28,52378954,,22104,1000,,,28133,160
2012266,2012-09-29,52778890,,16063,1000,12373,320,,
2012267,2012-09-30,47174602,,8074,1000,7076,320,,
2012268,2012-10-01,46926176,,6194,1000,9036,320,,
2012269,2012-10-02,47820694,,39366,1000,,,85507,160
2012270,2012-10-03,49213170,,9137,1000,6596,320,,
2012271,2012-10-04,49284294,,6852,1000,,,21169,160
2012272,2012-10-05,50366616,,64947,1000,32534,320,,
2012273,2012-10-06,49572990,,18417,1000,13843,320,,
2012274,2012-10-07,51946266,,12486,1000,,,31101,160
2012275,2012-10-08,53647444,,24199,1000,17513,320,,
2012276,2012-10-09,52738288,,27263,1000,,,47668,160
2012277,2012-10-10,54822308,,10144,1000,10536,320,,
2012278,2012-10-11,53161970,,12504,1000,,,36541,160
2012279,2012-10-12,53693586,,39443,1000,,,86012,160
2012280,2012-10-13,53958868,,20965,1000,,,34529,160
2012281,2012-10-14,54825392,,15649,1000,,,41135,160
2012282,2012-10-15,57072966,,10524,1000,10594,320,,
2012283,2012-10-16,54101140,,8459,1000,9332,320,,
2012284,2012-10-17,54179432,,23209,1000,,,48896,160
2012285,2012-10-18,53785342,,11127,1000,8915,320,,
2012286,2012-10-19,54503738,,21105,1000,,,37981,160
2012287,2012-10-20,52452020,,34328,1000,,,50619,160
2012288,2012-10-21,53638022,,10525,1000,,,34383,160
2012289,2012-10-22,54329394,,5207,1000,,,9542,160
2012290,2012-10-23,53742714,,10920,1000,18597,320,,
2012291,2012-10-24,53519024,,34093,1000,20010,320,,
2012292,2012-10-25,53512726,,11766,1000,11217,320,,
2012293,2012-10-26,54944732,,10270,1000,,,20200,160
2012294,2012-10-27,52220488,,6882,1000,9578,320,,
2012295,2012-10-28,51252872,,13560,1000,,,25718,160
2012296,2012-10-29,52522760,,29908,1000,,,46276,160
2012297,2012-10-30,51051516,,23573,1000,,,54629,160
2012298,2012-10-31,53010722,,13943,1000,,,22018,160
2012299,2012-11-01,52478904,,23148,1000,,,43437,160
2012300,2012-11-02,53462378,,40371,1000,,,40435,160
2012301,2012-11-03,50604998,,20247,1000,,,33778,160
2012302,2012-11-04,51944908,,26968,1000,,,42387,160
2012303,2012-11-05,53426970,,19642,1000,,,38655,160
2012304,2012-11-06,55394942,,16286,1000,,,43356,160
2012305,2012-11-07,55339586,,15189,1000,,,33216,160
2012306,2012-11-08,55481364,,8308,1000,,,27584,160
2012307,2012-11-09,54990574,,17382,1000,,,35434,160
2012308,2012-11-10,53530204,,14932,1000,,,32926,160
2012309,2012-11-11,53418768,,11677,1000,,,35419,160
2012310,2012-11-12,54434864,,25960,1000,16018,320,,
2012311,2012-11-13,51734498,,21407,1000,,,46224,160
2012312,2012-11-14,54396994,,18181,1000,,,50830,160
2012313,2012-11-15,54829592,,7325,1000,,,15363,160
2012314,2012-11-16,54346628,,13260,1000,13733,320,,
2012315,2012-11-17,52220412,,11117,1000,,,30550,160
2012316,2012-11-18,53580714,,17087,1000,,,32413,160
2012317,2012-11-19,55355774,,21625,1000,,,31944,160
2012318,2012-11-20,56458124,,18465,1000,11804,320,,
2012319,2012-11-21,52750524,,21095,1000,,,76618,160
2012320,2012-11-22,53154366,,22074,1000,,,29753,160
2012321,2012-11-23,55332950,,21789,1000,,,64016,160
2012322,2012-11-24,54132414,,22492,1000,,,42617,160
2012323,2012-11-25,54423964,,13703,1000,13452,320,,
2012324,2012-11-26,52275614,,10652,1000,9064,320,,
2012325,2012-11-27,53013304,,18722,1000,16435,320,,
2012326,2012-11-28,53021488,,21320,1000,,,45017,160
2012327,2012-11-29,55599244,,11213,1000,,,31883,160
2012328,2012-11-30,54891466,,9193,1000,14013,320,,
2012329,2012-12-01,52069012,,15323,1000,15706,320,,
2012330,2012-12-02,52381398,,13853,1000,,,48771,160
2012331,2012-12-03,54301018,,19232,1000,,,53950,160
2012332,2012-12-04,55776516,,17817,1000,,,32767,160
2012333,2012-12-05,55858848,,25384,1000,35870,320,,
2012334,2012-12-06,55904562,,7860,1000,9655,320,,
2012335,2012-12-07,53833042,,15408,1000,,,34670,160
2012336,2012-12-08,52598160,,38130,1000,,,37290,160
2012337,2012-12-09,53888406,,14359,1000,,,40334,160
2012338,2012-12-10,55169390,,13223,1000,,,31781,160
2012339,2012-12-11,56140364,,13123,1000,,,48180,160
2012340,2012-12-12,57222062,,16096,1000,,,39529,160
2012341,2012-12-13,57221054,,9034,1000,,,14923,160
2012342,2012-12-14,56877712,,27698,1000,33445,320,,
2012343,2012-12-15,55135200,,31408,1000,,,61486,160
2012344,2012-12-16,57556922,,22530,1000,,,38880,160
2012345,2012-12-17,57295440,,7543,1000,,,27355,160
2012346,2012-12-18,56193060,,5846,1000,11052,320,,
2012347,2012-12-19,54529252,,21696,1000,,,43322,160
2012348,2012-12-20,56771626,,39645,1000,,,69282,160
2012349,2012-12-21,57642998,,16746,1000,14907,320,,
2012350,2012-12-22,54365036,,14141,1000,15010,320,,
2012351,2012-12-23,52562192,,12543,1000,,,31615,160
2012352,2012-12-24,53469096,,30346,1000,,,41672,160
2012353,2012-12-25,54571240,,9626,1000,,,31570,160
2012354,2012-12-26,53978424,,11766,1000,13912,320,,
2012355,2012-12-27,54582120,,18272,1000,15724,320,,
2012356,2012-12-28,54702274,,16579,1000,,,43688,160
2012357,2012-12-29,52061170,,20507,1000,,,56049,160
2012358,2012-12-30,54936926,,12100,1000,19497,320,,
2012359,2012-12-31,53680650,,15906,1000,,,31103,160
2013001,2013-01-01,51205406,,12712,1000,,,23739,160
2013002,2013-01-02,51488516,,13837,1000,,,35043,160
2013003,2013-01-03,53738774,,25183,1000,27442,320,,
2013004,2013-01-04,54718238,,4783,1000,,,13636,160
2013005,2013-01-05,53740252,,9377,1000,12187,320,,
2013006,2013-01-06,53780150,,41738,1000,,,64451,160
2013007,2013-01-07,55928164,,34132,1000,,,53919,160
2013008,2013-01-08,57451894,,19977,1000,17563,320,,
2013009,2013-01-09,57996374,,22799,1000,,,30945,160
2013010,2013-01-10,57925506,,33624,1000,,,60344,160
2013011,2013-01-11,60309854,,20471,1000,,,24748,160
2013012,2013-01-12,58977958,,21461,1000,30214,320,,
2013013,2013-01-13,56006754,,23014,1000,21856,320,,
2013014,2013-01-14,57139268,,29831,1000,,,46664,160
2013015,2013-01-15,59555910,,14263,1000,15172,320,,
2013016,2013-01-16,57442828,,21759,1000,,,44549,160
2013017,2013-01-17,57845866,,8465,1000,,,12280,160
2013018,2013-01-18,56286508,,20923,1000,,,52036,160
2013019,2013-01-19,56479968,,14364,1000,19012,320,,
2013020,2013-01-20,55475778,,20457,1000,29682,320,,
2013021,2013-01-21,56768302,,37143,1000,,,43055,160
2013022,2013-01-22,57679674,,14142,1000,,,36153,160
2013023,2013-01-23,57365368,,32665,1000,,,41872,160
2013024,2013-01-24,58246060,,28368,1000,,,56005,160
2013025,2013-01-25,61130992,,18881,1000,,,39121,160
2013026,2013-01-26,58905784,,19580,1000,,,32532,160
2013027,2013-01-27,58222760,,30881,1000,,,25864,160
2013028,2013-01-28,60423552,,20102,1000,20253,320,,
2013029,2013-01-29,56171078,,20614,1000,,,39740,160
2013030,2013-01-30,58841292,,23827,1000,,,50281,160
2013031,2013-01-31,57891658,,9434,1000,,,50727,160
2013032,2013-02-01,57250484,,39234,1000,,,55312,160
2013033,2013-02-02,55643734,,23560,1000,20480,320,,
2013034,2013-02-03,54456032,,13502,1000,13890,320,,
2013035,2013-02-04,53610406,,13887,1000,,,37170,160
2013036,2013-02-05,53335498,,20849,1000,,,53150,160
2013037,2013-02-06,51778416,,19449,1000,,,36066,160
2013038,2013-02-07,50105204,,14054,1000,,,29102,160
2013039,2013-02-08,43491876,,15188,1000,,,36702,160
2013040,2013-02-16,38967932,,11073,1000,,,23901,160
2013041,2013-02-17,42206558,,29578,1000,,,57503,160
2013042,2013-02-18,45872886,,22427,1000,,,25759,160
2013043,2013-02-19,47806124,,15969,1000,,,34729,160
2013044,2013-02-20,50331618,,30993,1000,,,45571,160
2013045,2013-02-21,51612576,,10842,1000,,,24013,160
2013046,2013-02-22,52090038,,19337,1000,24495,320,,
2013047,2013-02-23,48253090,,19349,1000,,,44393,160
2013048,2013-02-24,47788424,,11798,1000,,,21410,160
2013049,2013-02-25,50335224,,17600,1000,18751,320,,
2013050,2013-02-26,52021244,,19435,1000,20721,320,,
2013051,2013-02-27,54318922,,7047,1000,9789,320,,
2013052,2013-02-28,51247670,,6069,1000,6297,320,,
2013053,2013-03-01,50047710,,12137,1000,,,48354,160
2013054,2013-03-02,50454958,,23465,1000,,,53533,160
2013055,2013-03-03,52651292,,24679,1000,,,25491,160
2013056,2013-03-04,53947372,,38462,1000,,,67400,160
2013057,2013-03-05,56736106,,17012,1000,,,40014,160
2013058,2013-03-06,56366870,,14035,1000,,,47059,160
2013059,2013-03-07,56973490,,17008,1000,,,42073,160
2013060,2013-03-08,56593202,,15694,1000,,,35695,160
2013061,2013-03-09,55177344,,26269,1000,,,46244,160
2013062,2013-03-10,54074636,,18670,1000,18652,320,,
2013063,2013-03-11,54223942,,14831,1000,,,49447,160
2013064,2013-03-12,54961150,,23039,1000,,,35554,160
2013065,2013-03-13,55330984,,64229,1000,,,91698,160
2013066,2013-03-14,58223938,,10460,1000,,,30920,160
2013067,2013-03-15,58134722,,14293,1000,,,25118,160
2013068,2013-03-16,55694510,,18922,1000,23245,320,,
2013069,2013-03-17,54609822,,15499,1000,12693,320,,
2013070,2013-03-18,54080092,,32403,1000,,,55755,160
2013071,2013-03-19,56808112,,34340,1000,,,54690,160
2013072,2013-03-20,58030932,,15963,1000,,,40277,160
2013073,2013-03-21,60128994,,80133,1000,,,,
2013074,2013-03-22,54718670,,11482,1000,14184,320,,
2013075,2013-03-23,52736716,,20450,1000,,,36732,160
2013076,2013-03-24,56419230,,13960,1000,,,37047,160
2013077,2013-03-25,59454290,,9216,1000,,,30869,160
2013078,2013-03-26,58070700,,13393,1000,,,47511,160
2013079,2013-03-27,58510720,,14149,1000,,,31166,160
2013080,2013-03-28,58736374,,19998,1000,21227,320,,
2013081,2013-03-29,58330284,,15838,1000,,,39669,160
2013082,2013-03-30,55883762,,32707,1000,,,56891,160
2013083,2013-03-31,57614130,,16032,1000,,,24748,160
2013084,2013-04-01,58118434,,21142,1000,,,41500,160
2013085,2013-04-02,58105884,,9513,1000,,,52796,160
2013086,2013-04-03,57458402,,14821,1000,,,40459,160
2013087,2013-04-04,53773954,,11477,1000,,,35472,160
2013088,2013-04-05,54916814,,17336,1000,,,38192,160
2013089,2013-04-06,56375304,,18243,1000,,,35809,160
2013090,2013-04-07,59730012,,28993,1000,20874,320,,
2013091,2013-04-08,56447310,,23342,1000,,,38379,160
2013092,2013-04-09,57521316,,19276,1000,,,52486,160
2013093,2013-04-10,59076588,,33661,1000,24254,320,,
2013094,2013-04-11,54431016,,19563,1000,,,49329,160
2013095,2013-04-12,56759410,,45190,1000,,,62544,160
2013096,2013-04-13,55345358,,17033,1000,,,41590,160
2013097,2013-04-14,56141016,,15574,1000,,,32013,160
2013098,2013-04-15,57282494,,11617,1000,,,31804,160
2013099,2013-04-16,56936026,,17936,1000,,,51861,160
2013100,2013-04-17,57218932,,25960,1000,31130,320,,
2013101,2013-04-18,54734762,,19221,1000,,,49593,160
2013102,2013-04-19,56561892,,20739,1000,,,53807,160
2013103,2013-04-20,54303116,,15879,1000,,,25452,160
2013104,2013-04-21,54329426,,16758,1000,,,28322,160
2013105,2013-04-22,55980892,,16287,1000,19117,320,,
2013106,2013-04-23,54084550,,20799,1000,,,37196,160
2013107,2013-04-24,55889962,,11212,1000,,,37118,160
2013108,2013-04-25,55143700,,17255,1000,14065,320,,
2013109,2013-04-26,55036706,,58655,1000,,,107940,160
2013110,2013-04-27,57118496,,35432,1000,,,56038,160
2013111,2013-04-28,57364056,,11598,1000,16506,320,,
2013112,2013-04-29,51053390,,9203,1000,9648,320,,
2013113,2013-04-30,49058762,,28827,1000,,,73344,160
2013114,2013-05-01,50112036,,13462,1000,15086,320,,
2013115,2013-05-02,52033944,,26153,1000,,,55766,160
2013116,2013-05-03,51945998,,15554,1000,,,43348,160
2013117,2013-05-04,51097094,,17258,1000,14533,320,,
2013118,2013-05-05,51385794,,19885,1000,21192,320,,
2013119,2013-05-06,53194996,,14129,1000,,,50229,160
2013120,2013-05-07,52533936,,35963,1000,,,42995,160
2013121,2013-05-08,52822504,,9200,1000,,,27432,160
2013122,2013-05-09,53486726,,17658,1000,,,56105,160
2013123,2013-05-10,54313932,,44224,1000,,,81595,160
2013124,2013-05-11,53532440,,15706,1000,,,52118,160
2013125,2013-05-12,53256156,,18776,1000,,,26435,160
2013126,2013-05-13,54294900,,9873,1000,,,21141,160
2013127,2013-05-14,52820314,,19377,1000,21624,320,,
2013128,2013-05-15,51428752,,22047,1000,,,40576,160
2013129,2013-05-16,53932556,,10832,1000,10672,320,,
2013130,2013-05-17,50778870,,8138,1000,9510,320,,
2013131,2013-05-18,47537386,,22548,1000,,,42975,160
2013132,2013-05-19,48803698,,14113,1000,11471,320,,
2013133,2013-05-20,49978068,,30061,1000,,,52487,160
2013134,2013-05-21,51968206,,15637,1000,16877,320,,
2013135,2013-05-22,49863468,,17445,1000,,,42389,160
2013136,2013-05-23,50761102,,20113,1000,,,33628,160
2013137,2013-05-24,52127046,,41670,1000,,,66059,160
2013138,2013-05-25,50871788,,23034,1000,,,35991,160
2013139,2013-05-26,51984940,,12922,1000,,,23259,160
2013140,2013-05-27,53282804,,12953,1000,,,24305,160
2013141,2013-05-28,53522782,,32452,1000,,,48392,160
2013142,2013-05-29,51612554,,9875,1000,,,21693,160
2013143,2013-05-30,51785116,,10252,1000,10291,320,,
2013144,2013-05-31,48910892,,21650,1000,,,23477,160
2013145,2013-06-01,47240968,,19753,1000,,,22097,160
2013146,2013-06-02,49227664,,14208,1000,20479,320,,
2013147,2013-06-03,49188316,,21440,1000,,,45919,160
2013148,2013-06-04,49546152,,27116,1000,,,73487,160
2013149,2013-06-05,50811430,,24756,1000,,,32091,160
2013150,2013-06-06,51195058,,92078,1000,,,131841,160
2013151,2013-06-07,54270796,,24244,1000,,,40176,160
2013152,2013-06-08,54528784,,22260,1000,,,33804,160
2013153,2013-06-09,53115290,,17262,1000,19188,320,,
2013154,2013-06-10,49097680,,10086,1000,,,15498,160
2013155,2013-06-11,48540036,,20518,1000,,,44224,160
2013156,2013-06-12,48972954,,16541,1000,22127,320,,
2013157,2013-06-13,50328028,,14439,1000,14016,320,,
2013158,2013-06-14,51547480,,29450,1000,,,51202,160
2013159,2013-06-15,51012658,,11207,1000,,,27159,160
2013160,2013-06-16,50080826,,11210,1000,,,27569,160
2013161,2013-06-17,48359420,,45123,1000,,,53063,160
2013162,2013-06-18,51562818,,11998,1000,19978,320,,
2013163,2013-06-19,50021706,,16905,1000,,,23188,160
2013164,2013-06-20,50149378,,18633,1000,,,52373,160
2013165,2013-06-21,51788378,,8238,1000,7225,320,,
2013166,2013-06-22,46130978,,8526,1000,,,26704,160
2013167,2013-06-23,47917318,,13111,1000,12799,320,,
2013168,2013-06-24,47399792,,13823,1000,13798,320,,
2013169,2013-06-25,48195230,,11429,1000,11651,320,,
2013170,2013-06-26,48298332,,22044,1000,,,42631,160
2013171,2013-06-27,49365826,,20320,1000,,,46057,160
2013172,2013-06-28,50230274,,31630,1000,,,40390,160
2013173,2013-06-29,49557644,,15800,1000,,,24745,160
2013174,2013-06-30,48332742,,36508,1000,,,71173,160
2013175,2013-07-01,50229052,,27855,1000,,,49368,160
2013176,2013-07-02,50626150,,13079,1000,,,24608,160
2013177,2013-07-03,51330434,,20332,1000,,,59440,160
2013178,2013-07-04,51997938,,31062,1000,,,48587,160
2013179,2013-07-05,53343650,,27523,1000,,,57035,160
2013180,2013-07-06,53240908,,26734,1000,,,32121,160
2013181,2013-07-07,53635916,,11914,1000,,,24213,160
2013182,2013-07-08,54583536,,9672,1000,17940,320,,
2013183,2013-07-09,50037916,,14305,1000,,,45877,160
2013184,2013-07-10,50528942,,19219,1000,,,47955,160
2013185,2013-07-11,51027762,,13977,1000,,,24819,160
2013186,2013-07-12,52191654,,20807,1000,,,44462,160
2013187,2013-07-13,49249794,,13523,1000,19993,320,,
2013188,2013-07-14,48601326,,4647,1000,5599,320,,
2013189,2013-07-15,47072312,,4891,1000,,,21763,160
2013190,2013-07-16,47560468,,18727,1000,,,40267,160
2013191,2013-07-17,49663388,,24582,1000,,,55396,160
2013192,2013-07-18,49931280,,6440,1000,,,20377,160
2013193,2013-07-19,51828136,,23204,1000,,,54577,160
2013194,2013-07-20,49689328,,32614,1000,,,37010,160
2013195,2013-07-21,51744134,,13065,1000,,,31818,160
2013196,2013-07-22,51719348,,23071,1000,16693,320,,
2013197,2013-07-23,47863562,,9690,1000,12642,320,,
2013198,2013-07-24,48377452,,11300,1000,11820,320,,
2013199,2013-07-25,47643064,,18402,1000,,,33649,160
2013200,2013-07-26,49525736,,20775,1000,,,66139,160
2013201,2013-07-27,48388210,,18323,1000,,,30400,160
2013202,2013-07-28,49564312,,23064,1000,,,47722,160
2013203,2013-07-29,50710596,,8402,1000,8012,320,,
2013204,2013-07-30,48552028,,11349,1000,,,26093,160
2013205,2013-07-31,50439752,,26717,1000,,,50341,160
2013206,2013-08-01,47009482,,15370,1000,,,35951,160
2013207,2013-08-02,51995032,,12662,1000,,,36635,160
2013208,2013-08-03,49673960,,9225,1000,9963,320,,
2013209,2013-08-04,47521646,,27096,1000,,,37672,160
2013210,2013-08-05,49674864,,41817,1000,,,55266,160
2013211,2013-08-06,50673604,,15266,1000,,,33437,160
2013212,2013-08-07,50631466,,14198,1000,,,40207,160
2013213,2013-08-08,51422732,,22360,1000,21048,320,,
2013214,2013-08-09,50719044,,21671,1000,,,41360,160
2013215,2013-08-10,50010648,,26578,1000,,,72517,160
2013216,2013-08-11,51420732,,24584,1000,19957,320,,
2013217,2013-08-12,52890082,,13611,1000,,,31263,160
2013218,2013-08-13,52338032,,16163,1000,19530,320,,
2013219,2013-08-14,51490344,,14607,1000,13889,320,,
2013220,2013-08-15,51442686,,17678,1000,,,52215,160
2013221,2013-08-16,52741656,,78403,1000,,,,
2013222,2013-08-17,46680080,,6817,1000,,,15111,160
2013223,2013-08-18,49736780,,30998,1000,12974,320,,
2013224,2013-08-19,47180932,,20704,1000,,,26798,160
2013225,2013-08-20,49007036,,8352,1000,12435,320,,
2013226,2013-08-21,48448390,,9828,1000,10935,320,,
2013227,2013-08-22,47351782,,54140,1000,,,51560,160
2013228,2013-08-23,50778150,,15882,1000,,,28074,160
2013229,2013-08-24,47307774,,14286,1000,11256,320,,
2013230,2013-08-25,45781728,,19507,1000,,,44326,160
2013231,2013-08-26,49444646,,19430,1000,,,45191,160
2013232,2013-08-27,50169576,,15737,1000,18825,320,,
2013233,2013-08-28,48461790,,24241,1000,,,54116,160
2013234,2013-08-29,49816190,,7602,1000,,,17155,160
2013235,2013-08-30,50810722,,30569,1000,,,41562,160
2013236,2013-08-31,49064840,,36014,1000,,,62697,160
2013237,2013-09-01,50383608,,7763,1000,,,18976,160
2013238,2013-09-02,50572426,,12373,1000,12810,320,,
2013239,2013-09-03,48853076,,25593,1000,,,63436,160
2013240,2013-09-04,49479440,,23766,1000,,,31128,160
2013241,2013-09-05,50969252,,23340,1000,,,37282,160
2013242,2013-09-06,51918258,,35915,1000,,,75681,160
2013243,2013-09-07,50162912,,19648,1000,,,34465,160
2013244,2013-09-08,51159172,,15164,1000,20453,320,,
2013245,2013-09-09,49860396,,15615,1000,,,59091,160
2013246,2013-09-10,51719274,,17640,1000,,,29483,160
2013247,2013-09-11,52062482,,12846,1000,10718,320,,
2013248,2013-09-12,50868860,,11299,1000,7711,320,,
2013249,2013-09-13,51072380,,18299,1000,,,38550,160
2013250,2013-09-14,49180430,,17759,1000,,,29479,160
2013251,2013-09-15,50850712,,15386,1000,,,35530,160
2013252,2013-09-16,52079762,,11160,1000,,,11278,160
2013253,2013-09-17,50720538,,14562,1000,,,47374,160
2013254,2013-09-18,49934528,,23947,1000,,,42684,160
2013255,2013-09-19,47728438,,12383,1000,,,35769,160
2013256,2013-09-20,50103172,,8630,1000,,,16093,160
2013257,2013-09-21,50296442,,6528,1000,,,17566,160
2013258,2013-09-22,51279710,,12041,1000,19372,320,,
2013259,2013-09-23,48626018,,33582,1000,,,46399,160
2013260,2013-09-24,49926712,,26949,1000,21787,320,,
2013261,2013-09-25,50523564,,21013,1000,21427,320,,
2013262,2013-09-26,48612154,,19082,1000,,,52645,160
2013263,2013-09-27,50606338,,19829,1000,,,68987,160
2013264,2013-09-28,50237190,,22348,1000,,,47449,160
2013265,2013-09-29,50447250,,17057,1000,14022,320,,
2013266,2013-09-30,49560970,,21582,1000,18536,320,,
2013267,2013-10-01,45282844,,8893,1000,,,25647,160
2013268,2013-10-02,43795942,,17269,1000,12595,320,,
2013269,2013-10-03,45437352,,11720,1000,10031,320,,
2013270,2013-10-04,45992142,,24466,1000,,,42262,160
2013271,2013-10-05,47373524,,26402,1000,,,72041,160
2013272,2013-10-06,48627534,,11300,1000,,,29988,160
2013273,2013-10-07,47758596,,20171,1000,,,30043,160
2013274,2013-10-08,50173628,,9471,1000,9201,320,,
2013275,2013-10-09,48957560,,13492,1000,,,23030,160
2013276,2013-10-10,48437538,,16248,1000,,,38538,160
2013277,2013-10-11,50386084,,14014,1000,15537,320,,
2013278,2013-10-12,50031750,,19406,1000,,,35266,160
2013279,2013-10-13,49697534,,36561,1000,,,32411,160
2013280,2013-10-14,51232838,,9104,1000,,,29813,160
2013281,2013-10-15,49949070,,14197,1000,21246,320,,
2013282,2013-10-16,48962290,,21674,1000,,,32337,160
2013283,2013-10-17,50269634,,29971,1000,,,49565,160
2013284,2013-10-18,51746266,,15153,1000,,,29105,160
2013285,2013-10-19,49492790,,9421,1000,,,32188,160
2013286,2013-10-20,48928468,,5679,1000,,,24205,160
2013287,2013-10-21,49970448,,18442,1000,16359,320,,
2013288,2013-10-22,47553052,,16053,1000,,,39680,160
2013289,2013-10-23,49654670,,15262,1000,,,32068,160
2013290,2013-10-24,48963790,,23512,1000,16314,320,,
2013291,2013-10-25,48861738,,11684,1000,9881,320,,
2013292,2013-10-26,46178026,,11023,1000,,,27039,160
2013293,2013-10-27,48767776,,32886,1000,,,40447,160
2013294,2013-10-28,50519218,,16404,1000,,,35337,160
2013295,2013-10-29,51237610,,20215,1000,,,47652,160
2013296,2013-10-30,49873888,,11958,1000,,,26497,160
2013297,2013-10-31,51533156,,20996,1000,,,48761,160
2013298,2013-11-01,50686042,,21792,1000,,,36158,160
2013299,2013-11-02,49072764,,26547,1000,,,31744,160
2013300,2013-11-03,51071828,,25633,1000,27952,320,,
2013301,2013-11-04,50873362,,18641,1000,16899,320,,
2013302,2013-11-05,50394954,,9723,1000,14026,320,,
2013303,2013-11-06,50217810,,15236,1000,,,34760,160
2013304,2013-11-07,50025050,,7841,1000,5752,320,,
2013305,2013-11-08,48221052,,10911,1000,,,28494,160
2013306,2013-11-09,47562040,,12436,1000,,,27919,160
2013307,2013-11-10,48184534,,10049,1000,,,32242,160
2013308,2013-11-11,50014486,,30558,1000,,,52660,160
2013309,2013-11-12,51459188,,15619,1000,,,21973,160
2013310,2013-11-13,52116468,,12378,1000,,,36566,160
2013311,2013-11-14,51627468,,26844,1000,,,48947,160
2013312,2013-11-15,53709802,,13161,1000,,,31942,160
2013313,2013-11-16,51261556,,16558,1000,15326,320,,
2013314,2013-11-17,49106634,,15262,1000,19416,320,,
2013315,2013-11-18,49951234,,15493,1000,12302,320,,
2013316,2013-11-19,48057856,,7987,1000,9755,320,,
2013317,2013-11-20,50163284,,32121,1000,,,66420,160
2013318,2013-11-21,51184712,,9644,1000,11662,320,,
2013319,2013-11-22,51043014,,11338,1000,,,25498,160
2013320,2013-11-23,48034280,,34186,1000,,,76841,160
2013321,2013-11-24,49586640,,23288,1000,,,39155,160
2013322,2013-11-25,50565940,,20578,1000,,,33111,160
2013323,2013-11-26,53362574,,16771,1000,11359,320,,
2013324,2013-11-27,50499546,,20030,1000,,,52171,160
2013325,2013-11-28,52291244,,21471,1000,,,63101,160
2013326,2013-11-29,53901366,,14159,1000,11671,320,,
2013327,2013-11-30,49747718,,33173,1000,,,47418,160
2013328,2013-12-01,51567730,,21625,1000,,,42153,160
2013329,2013-12-02,52562696,,39796,1000,,,31629,160
2013330,2013-12-03,53387658,,10087,1000,11104,320,,
2013331,2013-12-04,51715594,,9372,1000,11636,320,,
2013332,2013-12-05,51518764,,13329,1000,,,34839,160
2013333,2013-12-06,51838676,,19910,1000,,,29897,160
2013334,2013-12-07,49381314,,9212,1000,,,30941,160
2013335,2013-12-08,51332722,,8464,1000,8756,320,,
2013336,2013-12-09,50453982,,10031,1000,,,36889,160
2013337,2013-12-10,52612902,,9094,1000,9321,320,,
2013338,2013-12-11,49595356,,67055,1000,,,95367,160
2013339,2013-12-12,51471180,,14754,1000,,,46446,160
2013340,2013-12-13,51392076,,11808,1000,,,25009,160
2013341,2013-12-14,49851434,,14157,1000,,,43439,160
2013342,2013-12-15,50185342,,14102,1000,13286,320,,
2013343,2013-12-16,48577338,,33288,1000,24284,320,,
2013344,2013-12-17,50558398,,21141,1000,,,36040,160
2013345,2013-12-18,51951616,,10927,1000,,,36461,160
2013346,2013-12-19,52939898,,14937,1000,,,44513,160
2013347,2013-12-20,52460926,,15557,1000,14131,320,,
2013348,2013-12-21,49751314,,10476,1000,,,25590,160
2013349,2013-12-22,50242970,,10082,1000,,,22218,160
2013350,2013-12-23,49793344,,13228,1000,18021,320,,
2013351,2013-12-24,49368358,,26265,1000,,,53509,160
2013352,2013-12-25,51516790,,12593,1000,,,33602,160
2013353,2013-12-26,52915212,,17650,1000,,,48814,160
2013354,2013-12-27,53670416,,11857,1000,,,24456,160
2013355,2013-12-28,50684558,,17331,1000,,,36362,160
2013356,2013-12-29,52582086,,9957,1000,,,41975,160
2013357,2013-12-30,54169102,,16946,1000,,,33867,160
2013358,2013-12-31,55034802,,22774,1000,,,42421,160
2014001,2014-01-01,50650400,,15638,1000,,,36452,160
2014002,2014-01-02,54252668,,12367,1000,,,35465,160
2014003,2014-01-03,54487812,,6017,1000,,,11430,160
2014004,2014-01-04,52258512,,28167,1000,30966,320,,
2014005,2014-01-05,50874566,,8646,1000,14507,320,,
2014006,2014-01-06,50911850,,7705,1000,12695,320,,
2014007,2014-01-07,50817158,,24407,1000,,,47842,160
2014008,2014-01-08,52167368,,14573,1000,,,26593,160
2014009,2014-01-09,52673576,,10866,1000,,,33504,160
2014010,2014-01-10,52135932,,16910,1000,,,40232,160
2014011,2014-01-11,51948648,,25740,1000,,,34502,160
2014012,2014-01-12,52496122,,25988,1000,,,40887,160
2014013,2014-01-13,54290432,,11165,1000,,,22872,160
2014014,2014-01-14,53671030,,30472,1000,,,53039,160
2014015,2014-01-15,56161526,,20988,1000,,,57795,160
2014016,2014-01-16,57758882,,17610,1000,17832,320,,
2014017,2014-01-17,55453410,,45116,1000,,,64867,160
2014018,2014-01-18,51495026,,23374,1000,16492,320,,
2014019,2014-01-19,51068002,,19388,1000,,,32032,160
2014020,2014-01-20,51250442,,9048,1000,,,31284,160
2014021,2014-01-21,50719312,,15290,1000,,,35743,160
2014022,2014-01-22,51684262,,26403,1000,20763,320,,
2014023,2014-01-23,50982982,,17847,1000,14205,320,,
2014024,2014-01-24,50375718,,23593,1000,22071,320,,
2014025,2014-01-25,49709660,,20419,1000,,,36202,160
2014026,2014-01-26,50542950,,5418,1000,4726,320,,
2014027,2014-01-27,47216580,,13692,1000,15103,320,,
2014028,2014-01-28,46991026,,10869,1000,,,22536,160
2014029,2014-01-29,43169964,,18500,1000,,,33696,160
2014030,2014-02-07,40093518,,11386,1000,9298,320,,
2014031,2014-02-08,37478570,,9527,1000,,,16371,160
2014032,2014-02-09,38982254,,14382,1000,,,35152,160
2014033,2014-02-10,42234852,,67186,1000,,,,
2014034,2014-02-11,40753266,,30299,1000,28887,320,,
2014035,2014-02-12,42598796,,15572,1000,,,27290,160
2014036,2014-02-13,45397788,,13090,1000,,,26824,160
2014037,2014-02-14,44499994,,29934,1000,,,40166,160
2014038,2014-02-15,45248970,,5932,1000,7186,320,,
2014039,2014-02-16,44499028,,19117,1000,,,22949,160
2014040,2014-02-17,46517886,,11745,1000,,,27787,160
2014041,2014-02-18,48256458,,17704,1000,,,16552,160
2014042,2014-02-19,49740970,,27676,1000,,,48670,160
2014043,2014-02-20,49654044,,18546,1000,,,39967,160
2014044,2014-02-21,52061154,,33426,1000,24752,320,,
2014045,2014-02-22,49738726,,31359,1000,,,50994,160
2014046,2014-02-23,51177838,,19413,1000,,,32687,160
2014047,2014-02-24,54656496,,15317,1000,,,30751,160
2014048,2014-02-25,53841670,,19662,1000,,,31463,160
2014049,2014-02-26,55364382,,14126,1000,,,20960,160
2014050,2014-02-27,55111208,,33865,1000,33732,320,,
2014051,2014-02-28,55289972,,12206,1000,,,24227,160
2014052,2014-03-01,52573072,,12995,1000,,,28263,160
2014053,2014-03-02,53118520,,7394,1000,9123,320,,
2014054,2014-03-03,53297148,,29453,1000,,,35731,160
2014055,2014-03-04,55813832,,42577,1000,,,28675,160
2014056,2014-03-05,50022000,,21351,1000,,,56088,160
2014057,2014-03-06,51523394,,13631,1000,,,28330,160
2014058,2014-03-07,52890778,,12617,1000,,,20836,160
2014059,2014-03-08,48291824,,31313,1000,,,33958,160
2014060,2014-03-09,48906980,,13194,1000,16386,320,,
2014061,2014-03-10,48063072,,21001,1000,,,36456,160
2014062,2014-03-11,50595602,,12512,1000,9653,320,,
2014063,2014-03-12,48748060,,21558,1000,,,45244,160
2014064,2014-03-13,51676508,,23331,1000,,,58456,160
2014065,2014-03-14,52114946,,17339,1000,,,31861,160
2014066,2014-03-15,50472426,,19566,1000,,,48243,160
2014067,2014-03-16,50934560,,9188,1000,,,27738,160
2014068,2014-03-17,53689304,,9640,1000,,,25919,160
2014069,2014-03-18,53706146,,13094,1000,,,35331,160
2014070,2014-03-19,53003314,,21023,1000,23341,320,,
2014071,2014-03-20,50027580,,35440,1000,,,58256,160
2014072,2014-03-21,51848328,,17020,1000,20161,320,,
2014073,2014-03-22,49384562,,10387,1000,,,23275,160
2014074,2014-03-23,50550040,,33234,1000,,,59402,160
2014075,2014-03-24,53386148,,22038,1000,,,42619,160
2014076,2014-03-25,52329694,,15667,1000,13684,320,,
2014077,2014-03-26,50927424,,18753,1000,,,38072,160
2014078,2014-03-27,52905938,,17683,1000,,,40120,160
2014079,2014-03-28,53650332,,14586,1000,,,28473,160
2014080,2014-03-29,51103120,,8958,1000,,,22463,160
2014081,2014-03-30,50231424,,15053,1000,23671,320,,
2014082,2014-03-31,50829152,,23899,1000,,,61351,160
2014083,2014-04-01,51209914,,38726,1000,,,48583,160
2014084,2014-04-02,52224426,,15734,1000,14898,320,,
2014085,2014-04-03,50405126,,34238,1000,,,86964,160
2014086,2014-04-04,53047898,,13599,1000,,,19986,160
2014087,2014-04-05,47604872,,6192,1000,6638,320,,
2014088,2014-04-06,47391112,,18873,1000,10681,320,,
2014089,2014-04-07,47541322,,7129,1000,,,12683,160
2014090,2014-04-08,50547640,,13213,1000,,,43855,160
2014091,2014-04-09,50624402,,19309,1000,,,50830,160
2014092,2014-04-10,50779188,,13850,1000,15512,320,,
2014093,2014-04-11,50319158,,16404,1000,9722,320,,
2014094,2014-04-12,45307376,,20926,1000,,,47517,160
2014095,2014-04-13,47496852,,10763,1000,9800,320,,
2014096,2014-04-14,49041302,,47119,1000,,,51763,160
2014097,2014-04-15,50638680,,23522,1000,,,24871,160
2014098,2014-04-16,50797208,,18699,1000,,,39010,160
2014099,2014-04-17,52089690,,16394,1000,,,36763,160
2014100,2014-04-18,51992918,,16214,1000,,,45268,160
2014101,2014-04-19,48092362,,14476,1000,,,27037,160
2014102,2014-04-20,49464556,,17896,1000,,,40558,160
2014103,2014-04-21,51156938,,10811,1000,,,17684,160
2014104,2014-04-22,52036580,,10291,1000,,,26769,160
2014105,2014-04-23,50687742,,22849,1000,,,37440,160
2014106,2014-04-24,52626868,,14053,1000,,,31086,160
2014107,2014-04-25,52705332,,17871,1000,19117,320,,
2014108,2014-04-26,46117734,,10811,1000,,,25041,160
2014109,2014-04-27,47437364,,6791,1000,,,26418,160
2014110,2014-04-28,47641284,,8172,1000,,,34386,160
2014111,2014-04-29,46905720,,18749,1000,,,42974,160
2014112,2014-04-30,46797136,,17607,1000,,,31434,160
2014113,2014-05-01,43493652,,8732,1000,,,18893,160
2014114,2014-05-02,44236698,,11254,1000,,,34404,160
2014115,2014-05-03,45917614,,8946,1000,,,28731,160
2014116,2014-05-04,47748808,,22371,1000,,,37148,160
2014117,2014-05-05,48657978,,21941,1000,,,32641,160
2014118,2014-05-06,50202628,,11977,1000,,,29489,160
2014119,2014-05-07,50514652,,31869,1000,44792,320,,
2014120,2014-05-08,48794720,,30034,1000,,,38954,160
2014121,2014-05-09,50143030,,16224,1000,,,56190,160
2014122,2014-05-10,47116280,,27568,1000,17092,320,,
2014123,2014-05-11,46163976,,22163,1000,,,36714,160
2014124,2014-05-12,48608398,,17051,1000,,,43332,160
2014125,2014-05-13,49247064,,16453,1000,,,49241,160
2014126,2014-05-14,49301714,,21981,1000,12954,320,,
2014127,2014-05-15,48660404,,9873,1000,,,26414,160
2014128,2014-05-16,49442780,,14565,1000,,,27989,160
2014129,2014-05-17,47440828,,16451,1000,,,39316,160
2014130,2014-05-18,49850178,,14070,1000,10786,320,,
2014131,2014-05-19,48399618,,7274,1000,,,12507,160
2014132,2014-05-20,48840976,,23480,1000,,,33982,160
2014133,2014-05-21,49199448,,15031,1000,,,44401,160
2014134,2014-05-22,49750660,,24017,1000,,,24147,160
2014135,2014-05-23,50582202,,15188,1000,,,27688,160
2014136,2014-05-24,46933784,,34392,1000,,,38156,160
2014137,2014-05-25,47032368,,26208,1000,,,46300,160
2014138,2014-05-26,49241742,,20820,1000,,,44375,160
2014139,2014-05-27,49713532,,27124,1000,,,57794,160
2014140,2014-05-28,49820224,,14096,1000,,,19985,160
2014141,2014-05-29,49726198,,9914,1000,,,23374,160
2014142,2014-05-30,49086860,,9272,1000,,,20247,160
2014143,2014-05-31,46291068,,10757,1000,20898,320,,
2014144,2014-06-01,41924850,,16966,1000,16400,320,,
2014145,2014-06-02,41548422,,37694,1000,,,44986,160
2014146,2014-06-03,46520552,,23466,1000,,,44510,160
2014147,2014-06-04,47258330,,18750,1000,,,37222,160
2014148,2014-06-05,48640408,,19345,1000,,,29681,160
2014149,2014-06-06,48631970,,13174,1000,12921,320,,
2014150,2014-06-07,45049952,,9975,1000,,,20809,160
2014151,2014-06-08,46068024,,12790,1000,,,27794,160
2014152,2014-06-09,47445102,,12713,1000,,,31593,160
2014153,2014-06-10,47671154,,11104,1000,,,32952,160
2014154,2014-06-11,47524560,,14194,1000,15241,320,,
2014155,2014-06-12,45961654,,12022,1000,13243,320,,
2014156,2014-06-13,45466318,,23400,1000,,,44105,160
2014157,2014-06-14,45386698,,8182,1000,9450,320,,
2014158,2014-06-15,45164914,,9425,1000,9876,320,,
2014159,2014-06-16,45389024,,16068,1000,,,25908,160
2014160,2014-06-17,45138190,,16141,1000,,,38678,160
2014161,2014-06-18,45738734,,51112,1000,,,44471,160
2014162,2014-06-19,45823774,,39566,1000,,,79261,160
2014163,2014-06-20,48977490,,18608,1000,15853,320,,
2014164,2014-06-21,44511804,,12161,1000,,,26291,160
2014165,2014-06-22,46544384,,7037,1000,6438,320,,
2014166,2014-06-23,45020512,,11480,1000,,,21501,160
2014167,2014-06-24,47203616,,7130,1000,,,17200,160
2014168,2014-06-25,44971920,,9033,1000,,,35885,160
2014169,2014-06-26,45575288,,28694,1000,,,42900,160
2014170,2014-06-27,46378156,,25241,1000,,,52886,160
2014171,2014-06-28,44662392,,6441,1000,,,18316,160
2014172,2014-06-29,43377408,,24255,1000,,,46803,160
2014173,2014-06-30,44895042,,25145,1000,,,32299,160
2014174,2014-07-01,46087300,,6760,1000,,,27487,160
2014175,2014-07-02,45407950,,32313,1000,,,50770,160
2014176,2014-07-03,48322042,,16969,1000,,,47427,160
2014177,2014-07-04,48446554,,11609,1000,,,20431,160
2014178,2014-07-05,46570396,,12481,1000,21532,320,,
2014179,2014-07-06,44105362,,10681,1000,,,20812,160
2014180,2014-07-07,44551920,,7851,1000,10245,320,,
2014181,2014-07-08,43293880,,10756,1000,,,19745,160
2014182,2014-07-09,44259704,,9443,1000,,,14655,160
2014183,2014-07-10,43217458,,12490,1000,,,31681,160
2014184,2014-07-11,43488668,,8642,1000,,,28520,160
2014185,2014-07-12,42975584,,26599,1000,21812,320,,
2014186,2014-07-13,43623752,,9591,1000,,,31297,160
2014187,2014-07-14,44587434,,9222,1000,,,27260,160
2014188,2014-07-15,45117154,,26255,1000,,,43473,160
2014189,2014-07-16,44515430,,12749,1000,10419,320,,
2014190,2014-07-17,44479066,,10964,1000,,,25946,160
2014191,2014-07-18,45445912,,8512,1000,8959,320,,
2014192,2014-07-19,41752332,,12811,1000,,,27454,160
2014193,2014-07-20,43363562,,10778,1000,,,33727,160
2014194,2014-07-21,44376558,,17987,1000,13938,320,,
2014195,2014-07-22,44745986,,9705,1000,,,27194,160
2014196,2014-07-23,45134548,,13743,1000,12538,320,,
2014197,2014-07-24,43369400,,11393,1000,,,27373,160
2014198,2014-07-25,44423464,,10134,1000,,,20279,160
2014199,2014-07-26,41952820,,10557,1000,,,20570,160
2014200,2014-07-27,43183178,,18986,1000,,,35965,160
2014201,2014-07-28,44461982,,18956,1000,16944,320,,
2014202,2014-07-29,43610444,,26974,1000,,,60622,160
2014203,2014-07-30,44413876,,6130,1000,,,19972,160
2014204,2014-07-31,44549286,,14789,1000,,,21332,160
2014205,2014-08-01,45813938,,24521,1000,25823,320,,
2014206,2014-08-02,42093298,,9949,1000,,,42884,160
2014207,2014-08-03,42924628,,35098,1000,,,47661,160
2014208,2014-08-04,45781598,,11237,1000,,,27046,160
2014209,2014-08-05,46482598,,10460,1000,,,26763,160
2014210,2014-08-06,46341180,,16154,1000,15195,320,,
2014211,2014-08-07,45690002,,15491,1000,,,56192,160
2014212,2014-08-08,46524396,,7222,1000,9792,320,,
2014213,2014-08-09,42839972,,11864,1000,11800,320,,
2014214,2014-08-10,43985988,,21093,1000,9193,320,,
2014215,2014-08-11,41209832,,10863,1000,,,28027,160
2014216,2014-08-12,42759754,,21221,1000,,,42594,160
2014217,2014-08-13,43106708,,19592,1000,,,40956,160
2014218,2014-08-14,44301710,,14719,1000,,,30252,160
2014219,2014-08-15,46556494,,11100,1000,,,21423,160
2014220,2014-08-16,43160200,,28225,1000,,,40991,160
2014221,2014-08-17,45726412,,21285,1000,,,34986,160
2014222,2014-08-18,46146104,,15790,1000,,,30206,160
2014223,2014-08-19,46561702,,35485,1000,,,,
2014224,2014-08-20,41884324,,12940,1000,,,21293,160
2014225,2014-08-21,44575160,,15330,1000,,,29451,160
2014226,2014-08-22,44175740,,10515,1000,,,41392,160
2014227,2014-08-23,43745456,,26679,1000,,,39552,160
2014228,2014-08-24,44301666,,16742,1000,15549,320,,
2014229,2014-08-25,44291432,,11993,1000,,,33449,160
2014230,2014-08-26,46149896,,10333,1040,10816,346,,
2014231,2014-08-27,43453076,,19208,1040,,,29800,173
2014232,2014-08-28,45050514,,15669,1040,9718,346,,
2014233,2014-08-29,43826884,,9262,1040,,,29484,173
2014234,2014-08-30,43088402,,8696,1040,,,28141,173
2014235,2014-08-31,44146634,,9754,1040,12079,346,,
2014236,2014-09-01,43187642,,11089,1040,,,24658,173
2014237,2014-09-02,42623784,,8468,1040,,,26624,173
2014238,2014-09-03,43525056,,25386,1040,,,40402,173
2014239,2014-09-04,44945280,,14979,1040,15542,346,,
2014240,2014-09-05,45279962,,6289,1040,6857,346,,
2014241,2014-09-06,41877858,,15283,1040,,,27317,173
2014242,2014-09-07,42506504,,10906,1040,,,26638,173
2014243,2014-09-08,40613072,,15329,1040,,,46485,173
2014244,2014-09-09,44126036,,14425,1040,13214,346,,
2014245,2014-09-10,42603812,,22918,1040,,,35084,173
2014246,2014-09-11,45522610,,11530,1040,,,30864,173
2014247,2014-09-12,47158704,,25949,1040,,,52751,173
2014248,2014-09-13,46299778,,16974,1040,,,25204,173
2014249,2014-09-14,47010764,,19909,1040,,,32800,173
2014250,2014-09-15,48402946,,12857,1040,,,28771,173
2014251,2014-09-16,49944766,,18005,1040,22526,346,,
2014252,2014-09-17,46419798,,10578,1040,,,28017,173
2014253,2014-09-18,47893436,,19575,1040,,,29282,173
2014254,2014-09-19,48781750,,19169,1040,,,28821,173
2014255,2014-09-20,43970340,,19147,1040,,,43536,173
2014256,2014-09-21,44640988,,19258,1040,19609,346,,
2014257,2014-09-22,43949200,,26315,1040,,,73513,173
2014258,2014-09-23,46456396,,25626,1040,,,32842,173
2014259,2014-09-24,46834578,,20618,1040,12473,346,,
2014260,2014-09-25,46539850,,15369,1040,,,35645,173
2014261,2014-09-26,47231304,,14099,1040,14301,346,,
2014262,2014-09-27,43281830,,12057,1040,,,27422,173
2014263,2014-09-28,46078156,,13351,1040,,,28117,173
2014264,2014-09-29,46658952,,8156,1040,,,20154,173
2014265,2014-09-30,45535404,,8285,1040,,,19612,173
2014266,2014-10-01,40930498,,8142,1040,,,33934,173
2014267,2014-10-02,41500822,,7830,1040,,,28976,173
2014268,2014-10-03,43140782,,7415,1040,,,8614,173
2014269,2014-10-04,41550458,,6325,1040,,,17841,173
2014270,2014-10-05,43266768,,23327,1040,,,33548,173
2014271,2014-10-06,45126412,,8669,1040,,,19953,173
2014272,2014-10-07,47195930,,27004,1040,,,44542,173
2014273,2014-10-08,48877282,,12098,1040,,,24342,173
2014274,2014-10-09,49932960,,17150,1040,,,40041,173
2014275,2014-10-10,51509678,,12398,1040,,,36571,173
2014276,2014-10-11,48959936,,7355,1040,,,24620,173
2014277,2014-10-12,48751706,,23314,1040,33637,346,,
2014278,2014-10-13,44251370,,13945,1040,,,28759,173
2014279,2014-10-14,46340008,,16965,1040,12917,346,,
2014280,2014-10-15,44347478,,14883,1040,,,30713,173
2014281,2014-10-16,46252948,,12312,1040,15455,346,,
2014282,2014-10-17,46206752,,14402,1040,,,46825,173
2014283,2014-10-18,44953264,,15140,1040,,,23934,173
2014284,2014-10-19,46042470,,23178,1040,,,49974,173
2014285,2014-10-20,45988652,,14724,1040,,,38872,173
2014286,2014-10-21,47388450,,21890,1040,15714,346,,
2014287,2014-10-22,46866466,,20445,1040,,,35970,173
2014288,2014-10-23,47748812,,14043,1040,10107,346,,
2014289,2014-10-24,44534502,,38822,1040,,,61832,173
2014290,2014-10-25,44809860,,5775,1040,,,14791,173
2014291,2014-10-26,45784310,,8816,1040,,,18804,173
2014292,2014-10-27,44872280,,12359,1040,,,29491,173
2014293,2014-10-28,46601538,,12785,1040,,,28808,173
2014294,2014-10-29,46289744,,40836,1040,,,25413,173
2014295,2014-10-30,47458786,,11514,1040,,,36808,173
2014296,2014-10-31,48334664,,18068,1040,,,35964,173
2014297,2014-11-01,46002198,,21517,1040,19524,346,,
2014298,2014-11-02,44777574,,11936,1040,9839,346,,
2014299,2014-11-03,42493620,,24526,1040,14549,346,,
2014300,2014-11-04,44576724,,32549,1040,,,42513,173
2014301,2014-11-05,47265612,,17307,1040,,,38522,173
2014302,2014-11-06,45979002,,5539,1040,,,11138,173
2014303,2014-11-07,46151680,,13961,1040,15703,346,,
2014304,2014-11-08,43280118,,9558,1040,,,23916,173
2014305,2014-11-09,44309884,,17796,1040,12990,346,,
2014306,2014-11-10,44911832,,11523,1040,,,29690,173
2014307,2014-11-11,47280830,,18086,1040,,,46049,173
2014308,2014-11-12,47330392,,8139,1040,,,17518,173
2014309,2014-11-13,47729156,,10072,1040,,,37492,173
2014310,2014-11-14,49232686,,20563,1040,,,67469,173
2014311,2014-11-15,47095892,,23841,1040,,,36226,173
2014312,2014-11-16,48685512,,29400,1040,,,58529,173
2014313,2014-11-17,50907618,,12553,1040,,,31986,173
2014314,2014-11-18,50601494,,25880,1040,,,40108,173
2014315,2014-11-19,51638900,,6435,1040,,,20259,173
2014316,2014-11-20,50503130,,30661,1040,,,36853,173
2014317,2014-11-21,51209372,,10435,1040,,,20970,173
2014318,2014-11-22,49859304,,12271,1040,,,38748,173
2014319,2014-11-23,51608554,,19965,1040,26498,346,,
2014320,2014-11-24,48442142,,12712,1040,,,30540,173
2014321,2014-11-25,51964228,,12874,1040,,,50433,173
2014322,2014-11-26,51296524,,21744,1040,17582,346,,
2014323,2014-11-27,50277544,,17922,1040,,,63297,173
2014324,2014-11-28,50871560,,8754,1040,,,34276,173
2014325,2014-11-29,47373766,,12768,1040,15077,346,,
2014326,2014-11-30,46927734,,12143,1040,,,29605,173
2014327,2014-12-01,46536152,,8461,1040,11255,346,,
2014328,2014-12-02,47610308,,25005,1040,,,53993,173
2014329,2014-12-03,49097952,,18391,1040,,,41544,173
2014330,2014-12-04,50831540,,15994,1040,,,41826,173
2014331,2014-12-05,52116258,,18285,1040,,,50818,173
2014332,2014-12-06,50503352,,10346,1040,12748,346,,
2014333,2014-12-07,49273318,,47638,1040,,,69682,173
2014334,2014-12-08,49904372,,15293,1040,,,30902,173
2014335,2014-12-09,51029194,,17596,1040,,,36721,173
2014336,2014-12-10,52184810,,30005,1040,,,43641,173
2014337,2014-12-11,52071446,,23692,1040,27757,346,,
2014338,2014-12-12,51039530,,21876,1040,,,48397,173
2014339,2014-12-13,49832954,,20740,1040,,,39610,173
2014340,2014-12-14,51593314,,30425,1040,,,40157,173
2014341,2014-12-15,51672844,,8182,1040,12305,346,,
2014342,2014-12-16,50064500,,7799,1040,6370,346,,
2014343,2014-12-17,49198572,,14106,1040,,,43482,173
2014344,2014-12-18,52265832,,18031,1040,,,36725,173
2014345,2014-12-19,52372578,,24406,1040,,,47712,173
2014346,2014-12-20,49200212,,14026,1040,,,34207,173
2014347,2014-12-21,51576586,,16727,1040,13868,346,,
2014348,2014-12-22,49233062,,10842,1040,11158,346,,
2014349,2014-12-23,50366000,,11531,1040,21848,346,,
2014350,2014-12-24,50149968,,10419,1040,8275,346,,
2014351,2014-12-25,49872876,,15648,1040,15453,346,,
2014352,2014-12-26,51537854,,22989,1040,15004,346,,
2014353,2014-12-27,49585110,,21742,1040,19481,346,,
2014354,2014-12-28,52294538,,10464,1040,,,27739,173
2014355,2014-12-29,51823826,,9692,1040,13994,346,,
2014356,2014-12-30,51968758,,7927,1040,,,14842,173
2014357,2014-12-31,51476826,,8734,1040,,,26321,173
2015001,2015-01-01,46560598,,21912,1040,,,38322,173
2015002,2015-01-02,48854690,,9586,1040,,,21982,173
2015003,2015-01-03,50112068,,13579,1040,,,18312,173
2015004,2015-01-04,50201356,,12417,1040,,,28330,173
2015005,2015-01-05,52263196,,9537,1040,,,26544,173
2015006,2015-01-06,49375864,,11307,1040,,,29632,173
2015007,2015-01-07,51106722,,15733,1040,14591,346,,
2015008,2015-01-08,47797862,,15895,1040,14349,346,,
2015009,2015-01-09,50660374,,12357,1040,,,28785,173
2015010,2015-01-10,49660662,,7758,1040,9106,346,,
2015011,2015-01-11,51453928,,15762,1040,15660,346,,
2015012,2015-01-12,49689566,,10462,1040,,,24723,173
2015013,2015-01-13,54263750,,21623,1040,,,28877,173
2015014,2015-01-14,50221528,,15432,1040,,,26100,173
2015015,2015-01-15,51270418,,16114,1040,,,31695,173
2015016,2015-01-16,52049830,,10512,1040,11598,346,,
2015017,2015-01-17,47219010,,7388,1040,,,13203,173
2015018,2015-01-18,49691590,,13042,1040,,,25489,173
2015019,2015-01-19,50571314,,21168,1040,17444,346,,
2015020,2015-01-20,49719960,,20017,1040,,,39758,173
2015021,2015-01-21,52350800,,8644,1040,9846,346,,
2015022,2015-01-22,50511014,,11071,1040,,,29204,173
2015023,2015-01-23,51394134,,23624,1040,,,47318,173
2015024,2015-01-24,50564816,,27140,1040,,,54506,173
2015025,2015-01-25,48658172,,59286,1040,,,48598,173
2015026,2015-01-26,51361490,,24448,1040,,,35255,173
2015027,2015-01-27,50801582,,10333,1040,,,26436,173
2015028,2015-01-28,50215716,,22491,1040,,,41379,173
2015029,2015-01-29,50577200,,23054,1040,,,63484,173
2015030,2015-01-30,51807306,,17164,1040,,,38495,173
2015031,2015-01-31,51632326,,19484,1040,20873,346,,
2015032,2015-02-01,49289068,,9757,1040,5955,346,,
2015033,2015-02-02,49927358,,9996,1040,,,18402,173
2015034,2015-02-03,48805874,,12065,1040,,,21072,173
2015035,2015-02-04,51732834,,9504,1040,13641,346,,
2015036,2015-02-05,47797202,,17240,1040,,,43368,173
2015037,2015-02-06,54291308,,25377,1040,19785,346,,
2015038,2015-02-07,47290592,,9203,1040,,,29492,173
2015039,2015-02-08,52292128,,7422,1040,,,25944,173
2015040,2015-02-09,46847258,,8294,1040,,,24463,173
2015041,2015-02-10,48684334,,13962,1040,,,44821,173
2015042,2015-02-11,48338098,,27098,1040,,,43113,173
2015043,2015-02-12,49707152,,17191,1040,17233,346,,
2015044,2015-02-13,47861374,,16068,1040,,,46879,173
2015045,2015-02-14,46120772,,9826,1040,9809,346,,
2015046,2015-02-15,45476874,,6479,1040,7984,346,,
2015047,2015-02-16,41979436,,9035,1040,11272,346,,
2015048,2015-02-17,38984002,,16449,1040,,,29288,173
2015049,2015-02-25,33739650,,7323,1040,,,14684,173
2015050,2015-02-26,37250176,,12226,1040,,,39155,173
2015051,2015-02-27,39256502,,7532,1040,,,25803,173
2015052,2015-02-28,38963316,,8527,1040,,,26194,173
2015053,2015-03-01,38631400,,13484,1040,13498,346,,
2015054,2015-03-02,38054136,,9101,1040,,,29751,173
2015055,2015-03-03,39988896,,11231,1040,11809,346,,
2015056,2015-03-04,39377714,,29083,1040,,,55988,173
2015057,2015-03-05,39611628,,29793,1040,,,33248,173
2015058,2015-03-06,41675758,,32180,1040,,,40972,173
2015059,2015-03-07,42254112,,13094,1040,15147,346,,
2015060,2015-03-08,39901920,,10319,1040,,,15213,173
2015061,2015-03-09,41148488,,16919,1040,,,40351,173
2015062,2015-03-10,42617306,,20011,1040,,,26477,173
2015063,2015-03-11,45371472,,16661,1040,,,50395,173
2015064,2015-03-12,44249182,,35559,1040,,,50169,173
2015065,2015-03-13,46189722,,10724,1040,10547,346,,
2015066,2015-03-14,41863006,,14300,1040,15618,346,,
2015067,2015-03-15,42858374,,11780,1040,14017,346,,
2015068,2015-03-16,44329286,,10523,1040,19106,346,,
2015069,2015-03-17,44861266,,21488,1040,,,43557,173
2015070,2015-03-18,45881580,,16014,1040,,,50925,173
2015071,2015-03-19,47376048,,20954,1040,,,52527,173
2015072,2015-03-20,46638822,,51407,1040,,,53083,173
2015073,2015-03-21,43847292,,16536,1040,,,28885,173
2015074,2015-03-22,47772670,,10253,1040,,,26718,173
2015075,2015-03-23,46331494,,22546,1040,,,38559,173
2015076,2015-03-24,46972798,,10993,1040,16542,346,,
2015077,2015-03-25,45250422,,10040,1040,,,16923,173
2015078,2015-03-26,45929990,,16537,1040,,,47952,173
2015079,2015-03-27,45574610,,8500,1040,13687,346,,
2015080,2015-03-28,42557370,,12100,1040,,,23773,173
2015081,2015-03-29,44000686,,10294,1040,12272,346,,
2015082,2015-03-30,46106638,,19105,1040,,,37311,173
2015083,2015-03-31,45361248,,39720,1040,,,63815,173
2015084,2015-04-01,47715306,,8322,1040,,,13313,173
2015085,2015-04-02,44787182,,24114,1040,,,30039,173
2015086,2015-04-03,51102492,,13421,1040,,,25920,173
2015087,2015-04-04,42400492,,14942,1040,,,26535,173
2015088,2015-04-05,43286110,,11376,1040,16116,346,,
2015089,2015-04-06,41742746,,40415,1040,,,64666,173
2015090,2015-04-07,46051110,,13614,1040,13859,346,,
2015091,2015-04-08,45105812,,15673,1040,,,29157,173
2015092,2015-04-09,45528284,,16730,1040,,,34927,173
2015093,2015-04-10,47940836,,13912,1040,,,24087,173
2015094,2015-04-11,45586904,,8516,1040,12166,346,,
2015095,2015-04-12,43384886,,24077,1040,,,36045,173
2015096,2015-04-13,47564514,,7376,1040,,,21882,173
2015097,2015-04-14,45855560,,20260,1040,,,29706,173
2015098,2015-04-15,49096376,,21758,1040,,,31510,173
2015099,2015-04-16,47604268,,19413,1040,,,35425,173
2015100,2015-04-17,46966298,,12620,1040,16433,346,,
2015101,2015-04-18,42888376,,35141,1040,,,47986,173
2015102,2015-04-19,45473622,,18582,1040,,,78718,173
2015103,2015-04-20,46913094,,13499,1040,15691,346,,
2015104,2015-04-21,47422588,,9499,1040,,,28936,173
2015105,2015-04-22,47252172,,18027,1040,,,40184,173
2015106,2015-04-23,47984092,,11242,1040,,,26252,173
2015107,2015-04-24,47870438,,32888,1040,,,51604,173
2015108,2015-04-25,45858280,,21923,1040,,,35110,173
2015109,2015-04-26,46639354,,13228,1040,17441,346,,
2015110,2015-04-27,46508646,,13326,1040,14753,346,,
2015111,2015-04-28,46770614,,11664,1040,,,32455,173
2015112,2015-04-29,48326668,,6778,1040,,,21742,173
2015113,2015-04-30,46792816,,10270,1040,,,26227,173
2015114,2015-05-01,41920354,,9353,1040,8466,346,,
2015115,2015-05-02,43143772,,15905,1040,,,24002,173
2015116,2015-05-03,46162620,,17210,1040,17733,346,,
2015117,2015-05-04,47307612,,28627,1040,,,63971,173
2015118,2015-05-05,47301152,,47714,1040,,,54574,173
2015119,2015-05-06,47030176,,12365,1040,,,24781,173
2015120,2015-05-07,46512272,,26247,1040,,,51188,173
2015121,2015-05-08,48333516,,17065,1040,15556,346,,
2015122,2015-05-09,43836776,,12338,1040,,,31472,173
2015123,2015-05-10,45210032,,4788,1040,,,20428,173
2015124,2015-05-11,44177644,,6864,1040,6558,346,,
2015125,2015-05-12,44029720,,16833,1040,,,37244,173
2015126,2015-05-13,45281694,,9289,1040,,,25878,173
2015127,2015-05-14,47210360,,17525,1040,,,36160,173
2015128,2015-05-15,45536566,,19943,1040,14949,346,,
2015129,2015-05-16,41602500,,10501,1040,13774,346,,
2015130,2015-05-17,43220828,,15555,1040,,,31874,173
2015131,2015-05-18,44319736,,39415,1040,,,67430,173
2015132,2015-05-19,45885386,,14347,1040,,,37074,173
2015133,2015-05-20,46927936,,6010,1040,7242,346,,
2015134,2015-05-21,41296824,,9100,1040,12761,346,,
2015135,2015-05-22,43203748,,9362,1040,,,37359,173
2015136,2015-05-23,39945484,,25917,1040,,,40108,173
2015137,2015-05-24,43312828,,13855,1040,,,34214,173
2015138,2015-05-25,43161482,,29094,1040,,,35612,173
2015139,2015-05-26,44678332,,12576,1040,17731,346,,
2015140,2015-05-27,43259124,,11336,1040,17258,346,,
2015141,2015-05-28,44561600,,9264,1040,,,15989,173
2015142,2015-05-29,43865508,,15297,1040,,,33916,173
2015143,2015-05-30,41583884,,9040,1040,13102,346,,
2015144,2015-05-31,41242580,,16060,1040,,,43416,173
2015145,2015-06-01,41867518,,16269,1040,,,36280,173
2015146,2015-06-02,43979968,,13191,1040,,,35099,173
2015147,2015-06-03,44354272,,13789,1040,15726,346,,
2015148,2015-06-04,43834610,,17445,1040,,,44331,173
2015149,2015-06-05,42845120,,8047,1040,8520,346,,
2015150,2015-06-06,40212600,,31616,1040,,,40490,173
2015151,2015-06-07,43189930,,7936,1040,,,23760,173
2015152,2015-06-08,43727024,,21693,1040,14958,346,,
2015153,2015-06-09,43463508,,9488,1040,,,31105,173
2015154,2015-06-10,43519092,,7298,1040,11098,346,,
2015155,2015-06-11,42453962,,14676,1040,13800,346,,
2015156,2015-06-12,43228942,,13544,1040,,,33525,173
2015157,2015-06-13,41704158,,53363,1040,,,,
2015158,2015-06-14,38333490,,9115,1040,,,27057,173
2015159,2015-06-15,42502270,,9332,1040,,,36111,173
2015160,2015-06-16,43450898,,10925,1040,,,30112,173
2015161,2015-06-17,43753284,,17687,1040,,,43501,173
2015162,2015-06-18,44439488,,12067,1040,,,26556,173
2015163,2015-06-19,44666130,,13827,1040,15724,346,,
2015164,2015-06-20,36666482,,8473,1040,8532,346,,
2015165,2015-06-21,38986494,,32751,1040,,,40697,173
2015166,2015-06-22,38306072,,16104,1040,,,31161,173
2015167,2015-06-23,41533716,,15072,1040,,,30040,173
2015168,2015-06-24,42316082,,15443,1040,,,24389,173
2015169,2015-06-25,43280382,,10020,1040,10879,346,,
2015170,2015-06-26,41814534,,10082,1040,9982,346,,
2015171,2015-06-27,39363482,,17085,1040,,,41130,173
2015172,2015-06-28,41154850,,13793,1040,,,40738,173
2015173,2015-06-29,41619678,,28655,1040,,,37018,160
2015174,2015-06-30,41829996,,16659,1040,,,31529,173
2015175,2015-07-01,41414308,,20450,1040,,,51690,160
2015176,2015-07-02,42702346,,24436,1040,35357,346,,
2015177,2015-07-03,42143130,,14764,1040,,,29757,173
2015178,2015-07-04,40267172,,6860,1040,10389,346,,
2015179,2015-07-05,40504808,,20941,1040,,,50375,173
2015180,2015-07-06,42045786,,18501,1040,,,36454,173
2015181,2015-07-07,43366950,,8705,1040,,,25146,173
2015182,2015-07-08,42187610,,23508,1040,,,39595,173
2015183,2015-07-09,44581994,,9699,1040,,,25236,173
2015184,2015-07-10,44341510,,15318,1040,19441,346,,
2015185,2015-07-11,39022590,,16425,1040,,,28272,173
2015186,2015-07-12,41437496,,28439,1040,,,38963,173
2015187,2015-07-13,41271792,,6928,1040,9164,346,,
2015188,2015-07-14,39425744,,11463,1040,10536,346,,
2015189,2015-07-15,40316110,,12438,1040,11902,346,,
2015190,2015-07-16,40426190,,13342,1040,,,19859,173
2015191,2015-07-17,41455152,,41503,1040,,,47425,173
2015192,2015-07-18,41780612,,12855,1040,13169,346,,
2015193,2015-07-19,41066152,,15057,1040,,,25278,173
2015194,2015-07-20,41961698,,14344,1040,,,33664,173
2015195,2015-07-21,42762840,,11414,1040,,,46431,173
2015196,2015-07-22,42256774,,18646,1040,,,25481,173
2015197,2015-07-23,43463464,,21862,1040,,,46040,173
2015198,2015-07-24,44061534,,12869,1040,20165,346,,
2015199,2015-07-25,39499948,,10683,1040,11796,346,,
2015200,2015-07-26,40117832,,11051,1040,12152,346,,
2015201,2015-07-27,40083530,,33001,1040,,,36451,173
2015202,2015-07-28,39911602,,11790,1040,,,28114,173
2015203,2015-07-29,39050130,,8477,1040,10652,346,,
2015204,2015-07-30,38779616,,11477,1040,14633,346,,
2015205,2015-07-31,39234080,,41460,1040,26421,346,,
2015206,2015-08-01,38250106,,12869,1040,10435,346,,
2015207,2015-08-02,36854306,,13560,1040,,,39623,173
2015208,2015-08-03,38772010,,15262,1040,,,36302,173
2015209,2015-08-04,40101322,,17730,1040,,,42859,173
2015210,2015-08-05,40591138,,13451,1040,,,19828,160
2015211,2015-08-06,41348946,,11499,1040,,,20674,160
2015212,2015-08-07,41470846,,9392,1040,,,23325,160
2015213,2015-08-08,37918860,,8027,1040,,,14705,173
2015214,2015-08-09,39787160,,6733,1040,,,22573,173
2015215,2015-08-10,41635850,,11512,1040,,,19957,173
2015216,2015-08-11,41335050,,8276,1040,,,22332,173
2015217,2015-08-12,41452752,,15838,1040,,,19149,173
2015218,2015-08-13,41958804,,15168,1040,20381,346,,
2015219,2015-08-14,40264250,,16825,1040,17202,346,,
2015220,2015-08-15,38938746,,24311,1040,23915,346,,
2015221,2015-08-16,38848960,,8049,1040,,,17981,173
2015222,2015-08-17,39541912,,11755,1040,12064,346,,
2015223,2015-08-18,38933452,,18644,1040,,,27721,173
2015224,2015-08-19,39203270,,4184,1040,,,8397,173
2015225,2015-08-20,38235222,,14232,1040,,,30978,173
2015226,2015-08-21,38123368,,18897,1040,,,30575,173
2015227,2015-08-22,37980920,,11118,1040,,,35571,173
2015228,2015-08-23,38766562,,7001,1040,,,24311,173
2015229,2015-08-24,38858320,,13652,1040,,,26937,173
2015230,2015-08-25,40675500,,17344,1040,,,20259,173
2015231,2015-08-26,40225730,,16935,1040,,,55903,173
2015232,2015-08-27,42000674,,19180,1040,20390,346,,
2015233,2015-08-28,41818238,,9957,1040,,,17240,173
2015234,2015-08-29,39664582,,15610,1040,21603,346,,
2015235,2015-08-30,39725992,,25486,1040,,,34038,173
2015236,2015-08-31,41412958,,13014,1040,,,37877,173
2015237,2015-09-01,40858232,,4789,1040,,,10540,173
2015238,2015-09-02,40235620,,15877,1040,,,43915,173
2015239,2015-09-03,37152328,,11259,1040,11470,346,,
2015240,2015-09-04,37060802,,6714,1040,,,12456,173
2015241,2015-09-05,38474482,,10405,1040,,,31100,173
2015242,2015-09-06,38918980,,13984,1040,,,56546,173
2015243,2015-09-07,39817802,,12027,1040,10726,346,,
2015244,2015-09-08,38902744,,7647,1040,11628,320,,
2015245,2015-09-09,38311842,,7765,1040,,,23429,173
2015246,2015-09-10,38717948,,21345,1040,14534,320,,
2015247,2015-09-11,39228826,,5997,1040,,,12980,173
2015248,2015-09-12,37514914,,5410,1040,7284,346,,
2015249,2015-09-13,37503562,,14313,1040,,,27516,173
2015250,2015-09-14,38831752,,14201,1040,,,41634,173
2015251,2015-09-15,39872536,,19952,1040,15263,346,,
2015252,2015-09-16,39862426,,8158,1040,,,26182,173
2015253,2015-09-17,40164614,,14150,1040,,,32213,173
2015254,2015-09-18,41497734,,19436,1040,,,49002,173
2015255,2015-09-19,40823298,,22244,1040,,,37666,173
2015256,2015-09-20,41896472,,26920,1040,29524,346,,
2015257,2015-09-21,40355100,,9575,1040,10133,346,,
2015258,2015-09-22,40036868,,43306,1040,,,,
2015259,2015-09-23,36397952,,13057,1040,,,44310,173
2015260,2015-09-24,38798366,,16693,1040,12111,346,,
2015261,2015-09-25,38931124,,16085,1040,,,35956,173
2015262,2015-09-26,37092884,,10486,1040,,,36567,173
2015263,2015-09-27,37072648,,4701,1040,,,15069,173
2015264,2015-09-28,38594902,,15338,1040,,,43567,173
2015265,2015-09-29,39797650,,8125,1040,,,20099,173
2015266,2015-09-30,37811648,,13133,1040,,,43899,173
2015267,2015-10-01,35783980,,11312,1040,14686,346,,
2015268,2015-10-02,35065160,,15739,1040,13402,346,,
2015269,2015-10-03,35818814,,29198,1040,,,,
2015270,2015-10-04,33704850,,6553,1040,,,14038,173
2015271,2015-10-05,35628928,,11607,1040,14000,346,,
2015272,2015-10-06,36601086,,14158,1040,11444,346,,
2015273,2015-10-07,37128254,,6137,1040,,,19334,173
2015274,2015-10-08,39370758,,8259,1040,12095,320,,
2015275,2015-10-09,39364824,,30119,1040,22863,346,,
2015276,2015-10-10,39396272,,7576,1040,15318,346,,
2015277,2015-10-11,36747736,,15922,1040,,,33785,173
2015278,2015-10-12,39113234,,18595,1040,,,36669,173
2015279,2015-10-13,40447452,,18992,1040,,,34444,173
2015280,2015-10-14,40630616,,18722,1040,,,39365,160
2015281,2015-10-15,42203388,,15876,1040,12990,320,,
2015282,2015-10-16,42319938,,9288,1040,,,22307,173
2015283,2015-10-17,38998182,,17632,1040,,,39622,173
2015284,2015-10-18,41237302,,21128,1040,18098,346,,
2015285,2015-10-19,40735206,,10481,1040,,,28512,173
2015286,2015-10-20,41554566,,10420,1040,9909,346,,
2015287,2015-10-21,38470446,,6963,1040,8447,346,,
2015288,2015-10-22,39161456,,62659,1040,,,,
2015289,2015-10-23,35327260,,14162,1040,15387,346,,
2015290,2015-10-24,37481622,,4902,1040,,,18076,173
2015291,2015-10-25,39605154,,8233,1040,,,17467,173
2015292,2015-10-26,39126278,,12124,1040,11012,346,,
2015293,2015-10-27,38060584,,9373,1040,,,19866,173
2015294,2015-10-28,39526522,,15924,1040,,,36930,173
2015295,2015-10-29,40503892,,12569,1040,12003,346,,
2015296,2015-10-30,37964936,,28923,1040,,,40929,173
2015297,2015-10-31,37768590,,55683,1040,,,,
2015298,2015-11-01,36611276,,11020,1040,,,21881,173
2015299,2015-11-02,39007656,,17242,1040,,,34752,173
2015300,2015-11-03,41384776,,10411,1040,,,21662,160
2015301,2015-11-04,40671034,,9622,1040,,,31985,160
2015302,2015-11-05,41194900,,16785,1040,,,21438,173
2015303,2015-11-06,39789950,,12240,1040,,,33100,173
2015304,2015-11-07,39224074,,10083,1040,,,21302,173
2015305,2015-11-08,40662198,,13093,1040,,,27290,173
2015306,2015-11-09,42142750,,12126,1040,,,31314,173
2015307,2015-11-10,42115324,,14812,1040,,,30576,173
2015308,2015-11-11,41974294,,17818,1040,,,25361,173
2015309,2015-11-12,42940324,,14825,1040,23491,346,,
2015310,2015-11-13,40497162,,42637,1040,,,41192,173
2015311,2015-11-14,40606758,,13571,1040,27542,346,,
2015312,2015-11-15,40720532,,17777,1040,,,33045,173
2015313,2015-11-16,43225400,,11759,1040,13502,346,,
2015314,2015-11-17,41231628,,11231,1040,8372,346,,
2015315,2015-11-18,40068740,,15080,1040,,,26815,160
2015316,2015-11-19,41492600,,7951,1040,,,22438,173
2015317,2015-11-20,42083218,,13731,1040,,,36194,173
2015318,2015-11-21,42248074,,52650,1040,,,,
2015319,2015-11-22,37465264,,7756,1040,,,17847,173
2015320,2015-11-23,40463172,,39782,1040,,,47019,173
2015321,2015-11-24,41386776,,7548,1040,,,17335,173
2015322,2015-11-25,42479956,,20179,1040,19472,346,,
2015323,2015-11-26,41872130,,14154,1040,,,47576,173
2015324,2015-11-27,43542386,,15093,1040,,,23893,173
2015325,2015-11-28,42015548,,9488,1040,,,16334,173
2015326,2015-11-29,42586598,,22420,1040,16467,346,,
2015327,2015-11-30,43118674,,16547,1040,,,36166,173
2015328,2015-12-01,43326326,,18025,1040,16766,346,,
2015329,2015-12-02,43400862,,24728,1040,,,41704,173
2015330,2015-12-03,44788154,,30070,1040,,,31827,173
2015331,2015-12-04,45123492,,8522,1040,10783,346,,
2015332,2015-12-05,40696394,,10616,1040,13137,346,,
2015333,2015-12-06,42639658,,6927,1040,,,27474,173
2015334,2015-12-07,43890522,,16480,1040,,,39259,173
2015335,2015-12-08,45751280,,11563,1040,11961,346,,
2015336,2015-12-09,42713964,,16796,1040,,,22274,173
2015337,2015-12-10,45236930,,17606,1040,,,32725,173
2015338,2015-12-11,47244176,,10127,1040,,,35764,173
2015339,2015-12-12,44451060,,8957,1040,,,24614,173
2015340,2015-12-13,44081812,,8371,1040,,,27179,173
2015341,2015-12-14,44610892,,11206,1040,13583,320,,
2015342,2015-12-15,43749134,,6480,1040,,,17593,173
2015343,2015-12-16,43287902,,7939,1040,13161,346,,
2015344,2015-12-17,43772512,,11841,1040,,,26431,160
2015345,2015-12-18,44554850,,9303,1040,,,23501,160
2015346,2015-12-19,43449782,,24335,1040,20538,346,,
2015347,2015-12-20,43853762,,9661,1040,9086,346,,
2015348,2015-12-21,43777770,,11925,1040,10510,346,,
2015349,2015-12-22,43644926,,11503,1040,,,40361,173
2015350,2015-12-23,45834296,,22021,1040,,,38346,173
2015351,2015-12-24,45962298,,9540,1040,10485,346,,
2015352,2015-12-25,45464852,,34461,1040,,,63091,173
2015353,2015-12-26,42807364,,6564,1040,,,21460,173
2015354,2015-12-27,44336206,,14892,1040,,,28011,173
2015355,2015-12-28,44047018,,8766,1040,15376,346,,
2015356,2015-12-29,44433252,,21599,1040,,,43304,173
2015357,2015-12-30,45299380,,40827,1040,,,67013,173
2015358,2015-12-31,46563182,,13860,1040,,,38408,173
2016001,2016-01-01,43865824,,18635,1040,,,42592,173
2016002,2016-01-02,43688822,,15572,1040,,,35648,173
2016003,2016-01-03,45537166,,23042,1040,,,39101,173
2016004,2016-01-04,48191528,,15721,1040,,,37166,173
2016005,2016-01-05,48984378,,19899,1040,,,35532,173
2016006,2016-01-06,47772632,,13827,1040,,,30942,173
2016007,2016-01-07,48777614,,16658,1040,,,31538,173
2016008,2016-01-08,49908044,,12929,1040,,,33382,173
2016009,2016-01-09,47987834,,22672,1040,37086,346,,
2016010,2016-01-10,45953916,,20646,1040,,,39046,173
2016011,2016-01-11,46633282,,15667,1040,,,27836,173
2016012,2016-01-12,48226690,,10557,1040,,,22899,173
2016013,2016-01-13,47732324,,11769,1040,,,40027,173
2016014,2016-01-14,47482802,,23700,1040,,,38954,160
2016015,2016-01-15,48174220,,13589,1040,,,32505,173
2016016,2016-01-16,47042364,,37827,1040,38950,346,,
2016017,2016-01-17,46572348,,11831,1040,,,32777,173
2016018,2016-01-18,47385114,,25672,1040,,,53810,173
2016019,2016-01-19,48882070,,37704,1040,,,64205,160
2016020,2016-01-20,49447878,,13781,1040,,,41068,173
2016021,2016-01-21,50374668,,16322,1040,14729,346,,
2016022,2016-01-22,45950090,,30215,1040,,,43577,173
2016023,2016-01-23,45183732,,23229,1040,,,35615,173
2016024,2016-01-24,46396280,,13709,1040,,,36202,173
2016025,2016-01-25,47227960,,17105,1040,12169,346,,
2016026,2016-01-26,45040586,,12013,1040,,,28038,173
2016027,2016-01-27,46927802,,9198,1040,,,25467,173
2016028,2016-01-28,48242122,,35370,1040,,,71683,173
2016029,2016-01-29,49816234,,7743,1040,,,26363,173
2016030,2016-01-30,47489922,,14927,1040,,,50563,173
2016031,2016-01-31,48147074,,8638,1040,,,29886,173
2016032,2016-02-01,47126952,,20880,1040,23713,346,,
2016033,2016-02-02,45108524,,16259,1040,,,25897,173
2016034,2016-02-03,45779768,,20951,1040,17445,346,,
2016035,2016-02-04,46088696,,15675,1040,,,40281,173
2016036,2016-02-05,45623460,,8357,1040,,,23410,173
2016037,2016-02-06,37433618,,11146,1040,,,21033,173
2016038,2016-02-14,32402160,,6020,1040,,,18564,160
2016039,2016-02-15,34585952,,10338,1040,,,26019,173
2016040,2016-02-16,39280354,,4703,1040,,,18400,160
2016041,2016-02-17,39734662,,24039,1040,,,33392,160
2016042,2016-02-18,42258136,,10221,1040,,,17976,173
2016043,2016-02-19,42766260,,19167,1040,24624,346,,
2016044,2016-02-20,39535378,,6690,1040,6329,346,,
2016045,2016-02-21,38070644,,15859,1040,,,33080,173
2016046,2016-02-22,38638112,,15662,1040,15673,346,,
2016047,2016-02-23,40820150,,7519,1040,8690,346,,
2016048,2016-02-24,41084934,,15777,1040,,,42149,173
2016049,2016-02-25,43198830,,34692,1040,,,57269,173
2016050,2016-02-26,43545538,,10374,1040,,,27359,173
2016051,2016-02-27,41480402,,36519,1040,,,60819,173
2016052,2016-02-28,44441724,,15787,1040,,,37884,173
2016053,2016-02-29,46282586,,17083,1040,15137,346,,
2016054,2016-03-01,43742714,,27812,1040,,,56094,173
2016055,2016-03-02,44308844,,20194,1040,18420,346,,
2016056,2016-03-03,44370418,,13033,1040,,,47677,173
2016057,2016-03-04,46855666,,13392,1040,,,39668,173
2016058,2016-03-05,42511092,,20371,1040,,,45298,160
2016059,2016-03-06,44763578,,29929,1040,,,42842,160
2016060,2016-03-07,46265162,,10664,1040,,,20813,160
2016061,2016-03-08,45634670,,9563,1040,,,40720,173
2016062,2016-03-09,45095162,,20208,1040,,,45198,160
2016063,2016-03-10,47703578,,20996,1040,,,40928,160
2016064,2016-03-11,49115122,,7817,1040,,,21370,160
2016065,2016-03-12,46354858,,8107,1040,,,21478,160
2016066,2016-03-13,47023806,,40543,1040,58737,346,,
2016067,2016-03-14,45837976,,11889,1040,13888,346,,
2016068,2016-03-15,43527078,,12294,1040,,,28466,173
2016069,2016-03-16,44163620,,29174,1040,,,66664,160
2016070,2016-03-17,48049330,,14478,1040,,,41058,160
2016071,2016-03-18,46649980,,9250,1040,,,21469,173
2016072,2016-03-19,44884332,,6746,1040,10828,346,,
2016073,2016-03-20,43032560,,10637,1040,,,35920,173
2016074,2016-03-21,45320626,,32421,1040,,,,
2016075,2016-03-22,42094948,,17012,1040,,,42150,173
2016076,2016-03-23,44536516,,10998,1040,12025,346,,
2016077,2016-03-24,44694604,,12880,1040,12573,346,,
2016078,2016-03-25,43816078,,23685,1040,,,39730,173
2016079,2016-03-26,42461052,,9044,1040,,,24002,173
2016080,2016-03-27,43658390,,23717,1040,,,59577,173
2016081,2016-03-28,46343084,,20326,1040,,,62086,173
2016082,2016-03-29,48148038,,11410,1040,,,32869,173
2016083,2016-03-30,47221494,,24051,1040,,,47701,173
2016084,2016-03-31,46884494,,14455,1040,19278,346,,
2016085,2016-04-01,43942488,,14031,1040,,,28661,173
2016086,2016-04-02,41337486,,10553,1040,,,27153,173
2016087,2016-04-03,41103256,,11476,1040,11973,346,,
2016088,2016-04-04,39597830,,30130,1040,,,54242,173
2016089,2016-04-05,44406292,,31553,1040,,,,
2016090,2016-04-06,40053498,,16747,1040,,,46932,160
2016091,2016-04-07,43909224,,9354,1040,,,18054,173
2016092,2016-04-08,44374798,,11146,1040,,,45549,173
2016093,2016-04-09,41489304,,14171,1040,16347,346,,
2016094,2016-04-10,42667450,,25836,1040,,,28136,173
2016095,2016-04-11,43572206,,17745,1040,,,63419,173
2016096,2016-04-12,45023130,,23614,1040,,,45517,173
2016097,2016-04-13,45093606,,15881,1040,,,40293,173
2016098,2016-04-14,46674116,,31174,1040,23587,346,,
2016099,2016-04-15,45329692,,14419,1040,,,26610,173
2016100,2016-04-16,42305668,,21861,1040,20469,346,,
2016101,2016-04-17,43715692,,9529,1040,,,24160,173
2016102,2016-04-18,44141874,,6681,1040,9257,346,,
2016103,2016-04-19,44156482,,19886,1040,,,32112,173
2016104,2016-04-20,44308114,,16289,1040,11077,346,,
2016105,2016-04-21,42985610,,16949,1040,9470,346,,
2016106,2016-04-22,42401238,,8315,1040,,,18645,160
2016107,2016-04-23,40227976,,32268,1040,,,51563,173
2016108,2016-04-24,43378276,,12460,1040,,,21875,160
2016109,2016-04-25,43612058,,19791,1040,14483,346,,
2016110,2016-04-26,41282878,,7021,1040,,,22197,173
2016111,2016-04-27,42866582,,15529,1040,13242,346,,
2016112,2016-04-28,42887740,,5223,1040,,,14099,173
2016113,2016-04-29,42572042,,14051,1040,,,20988,173
2016114,2016-04-30,39517818,,22241,1040,,,42978,173
2016115,2016-05-01,40096810,,8857,1040,,,32740,173
2016116,2016-05-02,40914148,,23036,1040,,,59511,173
2016117,2016-05-03,42922552,,11787,1040,,,29769,173
2016118,2016-05-04,43666246,,18936,1040,,,32949,173
2016119,2016-05-05,44753156,,12043,1040,,,21280,173
2016120,2016-05-06,45264440,,8700,1040,,,33114,173
2016121,2016-05-07,43622160,,14658,1040,,,27174,173
2016122,2016-05-08,45398000,,12166,1040,,,37557,173
2016123,2016-05-09,44985464,,8756,1040,,,22024,160
2016124,2016-05-10,46860652,,18875,1040,,,47203,173
2016125,2016-05-11,47613346,,7511,1040,,,19982,160
2016126,2016-05-12,48092158,,7900,1040,,,21686,173
2016127,2016-05-13,49205300,,10745,1040,,,28051,173
2016128,2016-05-14,45386564,,23815,1040,,,29751,173
2016129,2016-05-15,44776880,,20181,1040,,,30149,173
2016130,2016-05-16,48159204,,26258,1040,,,47174,160
2016131,2016-05-17,48325436,,33488,1040,,,69055,173
2016132,2016-05-18,49516936,,7986,1040,,,34128,173
2016133,2016-05-19,48884596,,12772,1040,,,36594,173
2016134,2016-05-20,50298404,,13506,1040,,,31769,173
2016135,2016-05-21,47511666,,11121,1040,,,25308,173
2016136,2016-05-22,48632000,,11849,1040,,,18427,173
2016137,2016-05-23,48712018,,34702,1040,31812,346,,
2016138,2016-05-24,45578394,,16038,1040,,,32287,173
2016139,2016-05-25,46382592,,11575,1040,,,22213,173
2016140,2016-05-26,45715702,,10854,1040,16525,346,,
2016141,2016-05-27,44366068,,12596,1040,16693,346,,
2016142,2016-05-28,40655006,,19588,1040,,,36199,173
2016143,2016-05-29,43069182,,12552,1040,,,20379,173
2016144,2016-05-30,45039942,,22046,1040,,,48933,160
2016145,2016-05-31,45219020,,31879,1040,,,59941,173
2016146,2016-06-01,46899486,,22151,1040,,,57351,173
2016147,2016-06-02,48066190,,16356,1040,19422,346,,
2016148,2016-06-03,44776738,,19462,1040,,,33613,173
2016149,2016-06-04,44450786,,15572,1040,,,59206,173
2016150,2016-06-05,46666300,,17495,1040,,,32845,173
2016151,2016-06-06,47322338,,12565,1040,11532,346,,
2016152,2016-06-07,46463600,,23180,1040,,,24063,173
2016153,2016-06-08,44363544,,28225,1040,,,43150,173
2016154,2016-06-09,41714748,,10329,1040,,,24575,173
2016155,2016-06-10,42879162,,14789,1040,,,33624,160
2016156,2016-06-11,43591738,,17298,1040,,,31034,173
2016157,2016-06-12,45063084,,11331,1040,15082,346,,
2016158,2016-06-13,42792956,,14786,1040,,,30963,173
2016159,2016-06-14,43742926,,13228,1040,,,35271,173
2016160,2016-06-15,44815532,,28946,1040,,,42676,173
2016161,2016-06-16,44923292,,6831,1040,,,19345,173
2016162,2016-06-17,42900858,,18807,1040,,,57042,173
2016163,2016-06-18,42101126,,8836,1040,15488,346,,
2016164,2016-06-19,39942706,,14091,1040,,,36740,173
2016165,2016-06-20,42626756,,5112,1040,,,14753,173
2016166,2016-06-21,42402536,,18188,1040,,,38224,173
2016167,2016-06-22,41937100,,11703,1040,,,30921,173
2016168,2016-06-23,43123530,,24238,1040,16745,346,,
2016169,2016-06-24,41127212,,15326,1040,,,36179,173
2016170,2016-06-25,40333788,,9312,1040,7877,346,,
2016171,2016-06-26,39207234,,14617,1040,,,29425,173
2016172,2016-06-27,41292230,,9605,1040,8169,346,,
2016173,2016-06-28,40470750,,10791,1040,,,23893,173
2016174,2016-06-29,40962692,,16146,1040,12048,346,,
2016175,2016-06-30,39852806,,16416,1040,,,38947,173
2016176,2016-07-01,42812498,,32883,1040,,,41044,173
2016177,2016-07-02,40714158,,15902,1040,,,32671,173
2016178,2016-07-03,41897664,,9989,1040,13610,346,,
2016179,2016-07-04,40352178,,20380,1040,,,57184,173
2016180,2016-07-05,41861970,,14685,1040,,,34048,173
2016181,2016-07-06,41723708,,7359,1040,,,18551,173
2016182,2016-07-07,41403472,,8615,1040,,,18409,173
2016183,2016-07-08,41693314,,8030,1040,,,28895,173
2016184,2016-07-09,40703944,,15070,1040,,,33002,173
2016185,2016-07-10,41648920,,14158,1040,,,54020,173
2016186,2016-07-11,41756854,,33969,1040,,,37866,173
2016187,2016-07-12,43386034,,15146,1040,,,24837,173
2016188,2016-07-13,42905252,,12528,1040,20974,346,,
2016189,2016-07-14,40520418,,6239,1040,,,20132,173
2016190,2016-07-15,40829780,,17831,1040,,,38312,173
2016191,2016-07-16,40463290,,17388,1040,,,16460,173
2016192,2016-07-17,41719440,,10858,1040,13389,346,,
2016193,2016-07-18,41527416,,10536,1040,,,31255,173
2016194,2016-07-19,41697926,,25989,1040,,,52434,173
2016195,2016-07-20,41471354,,7953,1040,,,16847,173
2016196,2016-07-21,42335906,,11975,1040,,,23830,173
2016197,2016-07-22,42422336,,14613,1040,,,58466,173
2016198,2016-07-23,41328672,,12209,1040,10109,346,,
2016199,2016-07-24,39602624,,14558,1040,,,46606,173
2016200,2016-07-25,40051532,,8001,1040,,,26845,173
2016201,2016-07-26,41638390,,14065,1040,,,19409,173
2016202,2016-07-27,40083642,,16267,1040,,,41822,173
2016203,2016-07-28,41478544,,11896,1040,,,34160,173
2016204,2016-07-29,42580814,,8604,1040,,,19773,173
2016205,2016-07-30,40108134,,10833,1040,9256,346,,
2016206,2016-07-31,39251110,,23140,1040,,,37294,173
2016207,2016-08-01,42093602,,14415,1040,,,28054,173
2016208,2016-08-02,41160436,,11456,1040,,,18914,173
2016209,2016-08-03,41931180,,8206,1040,,,17301,173
2016210,2016-08-04,41035104,,18107,1040,,,27899,173
2016211,2016-08-05,42142748,,24180,1040,,,45369,173
2016212,2016-08-06,40906620,,13339,1040,,,40926,173
2016213,2016-08-07,42447994,,8074,1040,,,24187,173
2016214,2016-08-08,43073220,,17934,1040,,,38492,173
2016215,2016-08-09,44093920,,12154,1040,16707,346,,
2016216,2016-08-10,40771344,,8242,1040,9516,346,,
2016217,2016-08-11,40562920,,13245,1040,,,33435,173
2016218,2016-08-12,41972872,,6635,1040,8550,346,,
2016219,2016-08-13,38538612,,20729,1040,,,41196,173
2016220,2016-08-14,40778184,,32911,1040,,,54371,173
2016221,2016-08-15,43293408,,19650,1040,13428,346,,
2016222,2016-08-16,40905258,,8992,1040,8493,346,,
2016223,2016-08-17,40547054,,13339,1040,,,34659,173
2016224,2016-08-18,42516996,,14131,1040,,,38828,173
2016225,2016-08-19,43063912,,6906,1040,9239,346,,
2016226,2016-08-20,39424994,,8195,1040,,,19062,173
2016227,2016-08-21,40095056,,11908,1040,,,23613,173
2016228,2016-08-22,41491342,,11617,1040,13481,346,,
2016229,2016-08-23,40315072,,20451,1040,,,34705,173
2016230,2016-08-24,42508308,,24757,1040,,,52296,173
2016231,2016-08-25,44229936,,15163,1040,,,37990,173
2016232,2016-08-26,43508322,,8552,1040,,,30582,173
2016233,2016-08-27,40935824,,15042,1040,,,31070,173
2016234,2016-08-28,42145274,,7409,1040,,,15578,173
2016235,2016-08-29,42092464,,11129,1040,16683,346,,
2016236,2016-08-30,40562520,,17430,1040,,,38421,173
2016237,2016-08-31,41095060,,7069,1040,,,28067,173
2016238,2016-09-01,41787074,,16482,1040,,,0,173
2016239,2016-09-02,45095038,,31460,1040,,,88988,173
2016240,2016-09-03,42939496,,9178,1040,,,34620,173
2016241,2016-09-04,43401280,,10234,1040,13478,346,,
2016242,2016-09-05,42642040,,13525,1040,,,32682,173
2016243,2016-09-06,43952770,,9855,1040,16134,346,,
2016244,2016-09-07,42097386,,7960,1040,7927,346,,
2016245,2016-09-08,41669160,,18828,1040,,,39090,173
2016246,2016-09-09,43001032,,14556,1040,,,39154,173
2016247,2016-09-10,41736174,,8256,1040,9486,346,,
2016248,2016-09-11,41949878,,10479,1040,,,14351,173
2016249,2016-09-12,43506724,,8919,1040,,,19224,173
2016250,2016-09-13,41853568,,26574,1040,,,39933,173
2016251,2016-09-14,43398960,,31966,1040,,,36923,173
2016252,2016-09-15,39993702,,9417,1040,,,26869,173
2016253,2016-09-16,41616574,,10321,1040,,,25170,173
2016254,2016-09-17,43542480,,12866,1040,,,40495,173
2016255,2016-09-18,44518332,,10331,1040,,,19915,173
2016256,2016-09-19,45331496,,23306,1040,,,28950,173
2016257,2016-09-20,45821552,,23097,1040,,,29301,173
2016258,2016-09-21,45396264,,10742,1040,15927,346,,
2016259,2016-09-22,43243140,,23076,1040,,,50717,173
2016260,2016-09-23,46218434,,5827,1040,,,16198,173
2016261,2016-09-24,43155976,,8921,1040,,,27889,173
2016262,2016-09-25,44509880,,11167,1040,,,32639,173
2016263,2016-09-26,44343260,,13242,1040,,,31036,173
2016264,2016-09-27,45461304,,20393,1040,17305,346,,
2016265,2016-09-28,42388164,,38254,1040,30614,346,,
2016266,2016-09-29,40197892,,24062,1040,,,37320,173
2016267,2016-09-30,42928820,,14050,1040,11964,346,,
2016268,2016-10-01,36730246,,7857,1040,,,16046,173
2016269,2016-10-02,36689086,,7335,1040,,,21489,173
2016270,2016-10-03,37761616,,6638,1040,7041,346,,
2016271,2016-10-04,37742022,,9689,1040,10661,346,,
2016272,2016-10-05,36792314,,12193,1040,16414,346,,
2016273,2016-10-06,37064248,,6871,1040,8643,346,,
2016274,2016-10-07,38681282,,13603,1040,23307,346,,
2016275,2016-10-08,39767144,,7196,1040,,,25564,173
2016276,2016-10-09,39972550,,12896,1040,13342,346,,
2016277,2016-10-10,39432884,,12225,1040,,,29781,173
2016278,2016-10-11,40946036,,15962,1040,,,43221,173
2016279,2016-10-12,40203606,,19760,1040,,,27312,173
2016280,2016-10-13,41755336,,23129,1040,,,40663,173
2016281,2016-10-14,42476988,,14459,1040,15236,346,,
2016282,2016-10-15,38372192,,14713,1040,16678,346,,
2016283,2016-10-16,40480304,,19901,1040,,,40369,173
2016284,2016-10-17,41499642,,9308,1040,,,37056,173
2016285,2016-10-18,41472348,,12025,1040,11844,346,,
2016286,2016-10-19,40479204,,13261,1040,,,26668,173
2016287,2016-10-20,40920248,,13393,1040,,,42946,173
2016288,2016-10-21,42021728,,14888,1040,12873,346,,
2016289,2016-10-22,36637668,,27867,1040,,,34366,173
2016290,2016-10-23,39796992,,8170,1040,,,17169,173
2016291,2016-10-24,40888890,,17777,1040,,,37256,173
2016292,2016-10-25,42559570,,13858,1040,,,32981,173
2016293,2016-10-26,41252076,,13290,1040,,,29964,173
2016294,2016-10-27,41483236,,16795,1040,24375,346,,
2016295,2016-10-28,41086940,,21965,1040,,,30382,173
2016296,2016-10-29,37843092,,5179,1040,,,24531,173
2016297,2016-10-30,39095938,,10492,1040,,,22726,173
2016298,2016-10-31,41043580,,20826,1040,,,38529,173
2016299,2016-11-01,41445288,,14885,1040,,,23653,173
2016300,2016-11-02,42179804,,11541,1040,,,25222,173
2016301,2016-11-03,42545742,,31089,1040,,,41279,173
2016302,2016-11-04,43677508,,14754,1040,15703,346,,
2016303,2016-11-05,39691252,,9223,1040,,,27349,173
2016304,2016-11-06,41529302,,10865,1040,,,24301,160
2016305,2016-11-07,40425628,,13576,1040,23132,346,,
2016306,2016-11-08,40487244,,13447,1040,,,33588,173
2016307,2016-11-09,40973656,,16349,1040,10600,346,,
2016308,2016-11-10,39908614,,10877,1040,,,27867,173
2016309,2016-11-11,42892722,,25977,1040,,,51110,173
2016310,2016-11-12,42064528,,6283,1040,,,18783,173
2016311,2016-11-13,42642760,,17694,1040,,,29562,173
2016312,2016-11-14,42672804,,8384,1040,9331,346,,
2016313,2016-11-15,41153572,,7766,1040,9993,346,,
2016314,2016-11-16,42162790,,11436,1040,,,25929,173
2016315,2016-11-17,42870330,,67131,1040,,,,
2016316,2016-11-18,40201326,,10732,1040,12298,346,,
2016317,2016-11-19,39283724,,16992,1040,,,35736,173
2016318,2016-11-20,41311046,,9809,1040,,,26471,173
2016319,2016-11-21,42103764,,8974,1040,12322,346,,
2016320,2016-11-22,40866434,,31887,1040,,,47034,173
2016321,2016-11-23,40879448,,31748,1040,,,53307,173
2016322,2016-11-24,43358478,,11356,1040,,,29784,173
2016323,2016-11-25,44710760,,9281,1040,14283,346,,
2016324,2016-11-26,40346660,,13893,1040,18042,320,,
2016325,2016-11-27,41473742,,18208,1040,,,36690,173
2016326,2016-11-28,42541846,,12287,1040,,,26668,173
2016327,2016-11-29,42539856,,16535,1040,,,49158,173
2016328,2016-11-30,44190290,,11045,1040,,,18607,173
2016329,2016-12-01,44087274,,19113,1040,19799,346,,
2016330,2016-12-02,44177708,,21012,1040,,,24105,173
2016331,2016-12-03,43134226,,12328,1040,,,25603,173
2016332,2016-12-04,43761868,,13945,1040,19304,346,,
2016333,2016-12-05,43419912,,19621,1040,,,41892,173
2016334,2016-12-06,44846308,,30505,1040,,,49499,173
2016335,2016-12-07,46286226,,8557,1040,12020,346,,
2016336,2016-12-08,44799792,,9043,1040,,,22013,173
2016337,2016-12-09,46263506,,15866,1040,13402,346,,
2016338,2016-12-10,42022660,,31697,1040,,,41760,173
2016339,2016-12-11,43039880,,11446,1040,14179,346,,
2016340,2016-12-12,43981072,,23726,1040,,,35632,173
2016341,2016-12-13,45244674,,8367,1040,11033,346,,
2016342,2016-12-14,43937532,,9641,1040,8579,346,,
2016343,2016-12-15,44529884,,14151,1040,12296,346,,
2016344,2016-12-16,43810790,,20298,1040,,,51564,173
2016345,2016-12-17,43946466,,11521,1040,9952,346,,
2016346,2016-12-18,43957972,,10691,1040,,,32479,173
2016347,2016-12-19,45118676,,24994,1040,,,39097,173
2016348,2016-12-20,45846326,,13336,1040,,,21751,173
2016349,2016-12-21,44993862,,7963,1040,,,22566,173
2016350,2016-12-22,46463106,,19701,1040,24623,346,,
2016351,2016-12-23,45944990,,21347,1040,18536,346,,
2016352,2016-12-24,43102150,,8177,1040,,,22900,173
2016353,2016-12-25,43502218,,11773,1040,,,32633,173
2016354,2016-12-26,44430754,,10236,1040,,,20967,173
2016355,2016-12-27,45168040,,14108,1040,,,22473,173
2016356,2016-12-28,43606390,,18633,1040,,,32356,173
2016357,2016-12-29,45880896,,9197,1040,,,21341,173
2016358,2016-12-30,46185540,,18929,1040,15797,346,,
2016359,2016-12-31,41004312,,11824,1040,12001,346,,
2017001,2017-01-01,40532262,,42606,1040,,,52680,173
2017002,2017-01-02,42048806,,16594,1040,22885,346,,
2017003,2017-01-03,42206588,,16062,1040,,,41742,173
2017004,2017-01-04,43890190,,11572,1040,,,25424,173
2017005,2017-01-05,44818408,,39722,1040,,,53970,173
2017006,2017-01-06,45881388,,42818,1040,,,,
2017007,2017-01-07,40703854,,14541,1040,,,37632,173
2017008,2017-01-08,44452040,,37743,1040,,,52484,173
2017009,2017-01-09,46734400,,13129,1040,12348,346,,
2017010,2017-01-10,44273782,,9235,1040,,,24744,173
2017011,2017-01-11,44494992,,8901,1040,10937,346,,
2017012,2017-01-12,44116942,,8939,1040,,,20329,173
2017013,2017-01-13,45404526,,17861,1040,,,47799,173
2017014,2017-01-14,43540354,,9180,1040,10359,346,,
2017015,2017-01-15,41649168,,8937,1040,,,24004,173
2017016,2017-01-16,42816064,,20332,1040,,,36967,173
2017017,2017-01-17,44841668,,37535,1040,,,51387,173
2017018,2017-01-18,45338116,,26849,1040,,,31936,173
2017019,2017-01-19,47163972,,20402,1040,19570,346,,
2017020,2017-01-20,44602200,,16826,1040,,,41599,173
2017021,2017-01-21,43560544,,11820,1040,,,50750,173
2017022,2017-01-22,44862754,,23428,1040,,,26759,173
2017023,2017-01-23,44587890,,11090,1040,,,24425,173
2017024,2017-01-24,45068642,,16691,1040,,,24521,173
2017025,2017-01-25,43549888,,11819,1040,,,25260,173
2017026,2017-01-26,41206326,,6499,1040,,,12258,173
2017027,2017-02-03,33280928,,11507,1040,,,23841,173
2017028,2017-02-04,36527012,,9881,1040,,,28381,173
2017029,2017-02-05,38513422,,16970,1040,23260,346,,
2017030,2017-02-06,39176878,,11742,1040,,,19374,173
2017031,2017-02-07,39475188,,17016,1040,,,28675,173
2017032,2017-02-08,39955650,,14682,1040,,,17037,173
2017033,2017-02-09,40052228,,14159,1040,16903,346,,
2017034,2017-02-10,38998338,,26244,1040,,,48641,173
2017035,2017-02-11,37761014,,12321,1040,,,24372,173
2017036,2017-02-12,40375428,,13211,1040,,,36621,173
2017037,2017-02-13,41779470,,12870,1040,,,39742,173
2017038,2017-02-14,41215136,,11892,1040,,,27915,173
2017039,2017-02-15,41892482,,7629,1040,,,22577,173
2017040,2017-02-16,43566574,,23435,1040,23900,346,,
2017041,2017-02-17,40449832,,11343,1040,,,21673,173
2017042,2017-02-18,40592188,,97715,1040,,,,
2017043,2017-02-19,36851842,,9060,1040,12849,346,,
2017044,2017-02-20,38257620,,14708,1040,,,38414,173
2017045,2017-02-21,40797910,,14937,1040,,,29155,173
2017046,2017-02-22,41158480,,7119,1040,,,20085,173
2017047,2017-02-23,42280860,,29944,1040,,,43344,173
2017048,2017-02-24,44328926,,17326,1040,15753,346,,
2017049,2017-02-25,41312528,,15489,1040,,,30972,173
2017050,2017-02-26,42907740,,17261,1040,,,34051,173
2017051,2017-02-27,44679886,,18667,1040,,,20926,173
2017052,2017-02-28,45451026,,10603,1040,,,31302,173
2017053,2017-03-01,45304308,,17547,1040,,,48794,173
2017054,2017-03-02,46643308,,7856,1040,,,48245,173
2017055,2017-03-03,47008498,,22480,1040,,,34386,173
2017056,2017-03-04,45252372,,11735,1040,,,18216,173
2017057,2017-03-05,43898312,,12360,1040,20378,346,,
2017058,2017-03-06,43354494,,7662,1040,10195,346,,
2017059,2017-03-07,42945878,,7436,1040,,,26046,173
2017060,2017-03-08,43575824,,7266,1040,10910,346,,
2017061,2017-03-09,43367368,,13072,1040,12380,346,,
2017062,2017-03-10,43768582,,25426,1040,,,50285,173
2017063,2017-03-11,42859730,,13249,1040,,,39192,173
2017064,2017-03-12,43622914,,35580,1040,,,59442,173
2017065,2017-03-13,44735852,,18156,1040,19084,346,,
2017066,2017-03-14,45035348,,8829,1040,12205,346,,
2017067,2017-03-15,43917184,,14463,1040,14566,346,,
2017068,2017-03-16,44923374,,20034,1040,,,43789,173
2017069,2017-03-17,44593002,,24674,1040,,,27229,173
2017070,2017-03-18,44084318,,15107,1040,,,25484,173
2017071,2017-03-19,44904382,,10629,1040,13431,346,,
2017072,2017-03-20,45123368,,21475,1040,,,55124,173
2017073,2017-03-21,47167150,,9105,1040,,,30377,173
2017074,2017-03-22,46658832,,8933,1040,,,30605,173
2017075,2017-03-23,45894818,,15892,1040,14023,346,,
2017076,2017-03-24,45023604,,8259,1040,,,22078,173
2017077,2017-03-25,43399836,,9052,1040,8032,346,,
2017078,2017-03-26,42107808,,28513,1040,19683,346,,
2017079,2017-03-27,44365062,,9090,1040,,,35115,173
2017080,2017-03-28,44498616,,33744,1040,,,53676,173
2017081,2017-03-29,46244244,,18231,1040,,,49240,173
2017082,2017-03-30,45942054,,14172,1040,,,46786,173
2017083,2017-03-31,46846248,,7383,1040,,,18941,173
2017084,2017-04-01,43719256,,10292,1040,16847,346,,
2017085,2017-04-02,40739688,,11254,1040,,,19278,173
2017086,2017-04-03,40272908,,17944,1040,,,30221,173
2017087,2017-04-04,40992440,,15909,1040,18970,346,,
2017088,2017-04-05,43016550,,12121,1040,13258,346,,
2017089,2017-04-06,41863478,,23178,1040,,,51631,173
2017090,2017-04-07,44751828,,6846,1040,,,27694,173
2017091,2017-04-08,41542080,,8793,1040,,,32797,173
2017092,2017-04-09,43027944,,8003,1040,,,17993,173
2017093,2017-04-10,43017514,,10001,1040,,,26410,173
2017094,2017-04-11,44910682,,21866,1040,,,35000,173
2017095,2017-04-12,44541754,,7264,1040,,,20241,173
2017096,2017-04-13,44555580,,11259,1040,,,29813,173
2017097,2017-04-14,46174158,,22866,1040,,,30813,173
2017098,2017-04-15,42929664,,10468,1040,,,11257,173
2017099,2017-04-16,45310288,,15048,1040,,,20849,173
2017100,2017-04-17,45892166,,14971,1040,,,37573,173
2017101,2017-04-18,45854574,,17321,1040,,,29955,173
2017102,2017-04-19,45755206,,13429,1040,,,23536,173
2017103,2017-04-20,45823514,,12916,1040,,,16728,173
2017104,2017-04-21,46943324,,18990,1040,,,30129,173
2017105,2017-04-22,44206138,,9021,1040,,,24249,173
2017106,2017-04-23,44246402,,16024,1040,,,39168,173
2017107,2017-04-24,46256916,,17026,1040,,,38241,173
2017108,2017-04-25,46320892,,33963,1040,28477,346,,
2017109,2017-04-26,44488796,,14821,1040,24785,346,,
2017110,2017-04-27,44360496,,17228,1040,18816,346,,
2017111,2017-04-28,44401830,,22154,1040,33354,346,,
2017112,2017-04-29,41820696,,14510,1040,,,25345,160
2017113,2017-04-30,41777008,,23333,1040,,,58329,173
2017114,2017-05-01,42230190,,17344,1040,,,36020,173
2017115,2017-05-02,45477648,,4558,1040,,,17647,173
2017116,2017-05-03,43473884,,55326,1040,,,51422,173
2017117,2017-05-04,45885628,,21813,1040,,,31923,173
2017118,2017-05-05,47774940,,11560,1040,,,23475,173
2017119,2017-05-06,44682694,,12883,1040,,,22310,173
2017120,2017-05-07,45424838,,8690,1040,,,35204,173
2017121,2017-05-08,44961962,,13419,1040,,,30141,173
2017122,2017-05-09,46235448,,16433,1040,,,30013,173
2017123,2017-05-10,45870366,,7531,1040,11358,346,,
2017124,2017-05-11,43537924,,4047,1040,,,14872,173
2017125,2017-05-12,43219378,,9650,1040,11920,346,,
2017126,2017-05-13,39144288,,12229,1040,15637,346,,
2017127,2017-05-14,41931160,,23885,1040,,,55357,173
2017128,2017-05-15,42728342,,12449,1040,22412,346,,
2017129,2017-05-16,42733118,,18945,1040,18181,346,,
2017130,2017-05-17,42489708,,10362,1040,13057,346,,
2017131,2017-05-18,43107264,,24513,1040,,,33148,173
2017132,2017-05-19,44636886,,12549,1040,10464,346,,
2017133,2017-05-20,41330984,,15126,1040,,,23160,173
2017134,2017-05-21,42802782,,11702,1040,,,24392,173
2017135,2017-05-22,43284670,,16515,1040,16054,346,,
2017136,2017-05-23,42971232,,44814,1040,,,,
2017137,2017-05-24,39792742,,15842,1040,16747,346,,
2017138,2017-05-25,41452834,,10867,1040,10740,346,,
2017139,2017-05-26,42451252,,18837,1040,,,28473,173
2017140,2017-05-27,41107686,,10467,1040,,,25988,173
2017141,2017-05-28,39543958,,10958,1040,10089,346,,
2017142,2017-05-29,39079958,,10531,1040,9034,346,,
2017143,2017-05-30,39202064,,17070,1040,,,31426,173
2017144,2017-05-31,42335594,,14647,1040,14702,346,,
2017145,2017-06-01,41967748,,8962,1040,,,25102,173
2017146,2017-06-02,43307326,,6692,1040,,,10385,173
2017147,2017-06-03,40236988,,13461,1040,13323,346,,
2017148,2017-06-04,42030312,,10838,1040,,,22016,173
2017149,2017-06-05,41898850,,4109,1040,,,14636,160
2017150,2017-06-06,40290746,,10426,1040,10570,346,,
2017151,2017-06-07,40133208,,14859,1040,,,36766,173
2017152,2017-06-08,41178018,,17217,1040,14346,346,,
2017153,2017-06-09,41463492,,25381,1040,,,32527,173
2017154,2017-06-10,40079362,,17242,1040,16198,346,,
2017155,2017-06-11,40493882,,17203,1040,,,26015,173
2017156,2017-06-12,43057114,,13891,1040,,,40162,173
2017157,2017-06-13,44125152,,22456,1040,,,60181,173
2017158,2017-06-14,45034730,,19982,1040,,,44615,173
2017159,2017-06-15,44772604,,10782,1040,,,22938,173
2017160,2017-06-16,43493006,,8793,1040,,,15452,173
2017161,2017-06-17,39118936,,9694,1040,12880,346,,
2017162,2017-06-18,39096630,,12353,1040,,,35196,173
2017163,2017-06-19,41126294,,4989,1040,6641,346,,
2017164,2017-06-20,39537828,,8713,1040,,,21820,173
2017165,2017-06-21,39235576,,49152,1040,,,,
2017166,2017-06-22,37301602,,13980,1040,,,35327,173
2017167,2017-06-23,40413596,,9395,1040,,,33830,173
2017168,2017-06-24,38781356,,14528,1040,,,29021,173
2017169,2017-06-25,40559766,,25306,1040,,,45578,173
2017170,2017-06-26,41884216,,14911,1040,14873,346,,
2017171,2017-06-27,40244766,,16356,1040,,,41338,173
2017172,2017-06-28,40771396,,15463,1040,12116,346,,
2017173,2017-06-29,42055536,,12879,1040,,,29936,173
2017174,2017-06-30,43272894,,15729,1040,18369,346,,
2017175,2017-07-01,40239944,,17197,1040,16689,346,,
2017176,2017-07-02,37497772,,17242,1040,,,33729,173
2017177,2017-07-03,40251648,,12972,1040,,,36376,173
2017178,2017-07-04,40880322,,20413,1040,18542,346,,
2017179,2017-07-05,40487080,,18570,1040,,,26499,173
2017180,2017-07-06,42529264,,11041,1040,,,30424,173
2017181,2017-07-07,42893156,,13699,1040,,,29672,173
2017182,2017-07-08,40332100,,11251,1040,,,26835,173
2017183,2017-07-09,41816460,,7541,1040,10591,346,,
2017184,2017-07-10,40389394,,21369,1040,16548,346,,
2017185,2017-07-11,40075260,,16104,1040,11744,346,,
2017186,2017-07-12,39155126,,10230,1040,14290,346,,
2017187,2017-07-13,38887678,,14793,1040,,,27930,173
2017188,2017-07-14,40685166,,17278,1040,,,39667,173
2017189,2017-07-15,40337008,,24587,1040,,,48503,173
2017190,2017-07-16,40429880,,13538,1040,18214,346,,
2017191,2017-07-17,39909308,,18217,1040,,,28778,173
2017192,2017-07-18,40257720,,14138,1040,,,20514,173
2017193,2017-07-19,41050352,,11886,1040,,,39105,173
2017194,2017-07-20,41225452,,16459,1040,18562,346,,
2017195,2017-07-21,40691606,,11957,1040,0,346,,
2017196,2017-07-22,38706398,,13569,1040,,,32444,173
2017197,2017-07-23,40723654,,16633,1040,,,36615,173
2017198,2017-07-24,41452254,,10728,1040,,,25364,173
2017199,2017-07-25,41558864,,16922,1040,,,23728,173
2017200,2017-07-26,42140884,,18813,1040,,,35641,173
2017201,2017-07-27,41862850,,29892,1040,,,48971,173
2017202,2017-07-28,44215164,,14761,1040,21835,346,,
2017203,2017-07-29,40514018,,11466,1040,9278,346,,
2017204,2017-07-30,38999878,,6401,1040,,,20576,173
2017205,2017-07-31,39560170,,8560,1040,9015,346,,
2017206,2017-08-01,39439176,,16001,1040,15805,346,,
2017207,2017-08-02,38976356,,9030,1040,10282,346,,
2017208,2017-08-03,39367408,,11207,1040,12337,346,,
2017209,2017-08-04,39885640,,9438,1040,,,26369,173
2017210,2017-08-05,38158814,,18466,1040,,,39628,173
2017211,2017-08-06,39941024,,12800,1040,,,18322,173
2017212,2017-08-07,40483604,,20572,1040,,,56139,173
2017213,2017-08-08,42404644,,8137,1040,,,26392,173
2017214,2017-08-09,40933828,,10082,1040,7734,346,,
2017215,2017-08-10,40945436,,30080,1040,,,34474,173
2017216,2017-08-11,42607836,,8531,1040,,,21831,173
2017217,2017-08-12,39080998,,33438,1040,,,44625,173
2017218,2017-08-13,41470712,,27839,1040,17442,346,,
2017219,2017-08-14,41264474,,9004,1040,,,20824,173
2017220,2017-08-15,41461492,,27984,1040,,,35413,173
2017221,2017-08-16,43089762,,11491,1040,,,31794,173
2017222,2017-08-17,43602030,,15006,1040,,,26537,173
2017223,2017-08-18,46352062,,18839,1040,16470,346,,
2017224,2017-08-19,42381042,,17641,1040,,,39065,173
2017225,2017-08-20,44219078,,11689,1040,,,27261,173
2017226,2017-08-21,44145550,,18588,1040,,,38155,173
2017227,2017-08-22,43710284,,17382,1040,22414,346,,
2017228,2017-08-23,42908974,,17082,1040,19900,346,,
2017229,2017-08-24,43605552,,12473,1040,13275,346,,
2017230,2017-08-25,45020612,,13101,1040,,,28580,173
2017231,2017-08-26,43337268,,15487,1040,,,44121,173
2017232,2017-08-27,43359946,,8756,1040,,,23112,173
2017233,2017-08-28,44778444,,20002,1040,,,39673,173
2017234,2017-08-29,46262480,,8647,1040,,,16198,173
2017235,2017-08-30,46547720,,19578,1040,,,44928,173
2017236,2017-08-31,47150848,,11656,1040,,,24977,173
2017237,2017-09-01,49140876,,12879,1040,,,22685,173
2017238,2017-09-02,46701460,,15836,1040,,,23051,173
2017239,2017-09-03,48559834,,22861,1040,,,31849,173
2017240,2017-09-04,48655236,,12681,1040,,,39997,173
2017241,2017-09-05,49543152,,29496,1040,43220,346,,
2017242,2017-09-06,47487396,,44062,1040,,,54204,173
2017243,2017-09-07,49512124,,9965,1040,,,29874,173
2017244,2017-09-08,51131260,,13971,1040,,,36949,173
2017245,2017-09-09,47435854,,8626,1040,,,31157,173
2017246,2017-09-10,47665310,,9975,1040,15860,346,,
2017247,2017-09-11,47586980,,12001,1040,,,21640,173
2017248,2017-09-12,47791284,,19581,1040,,,38950,173
2017249,2017-09-13,48147378,,14811,1040,,,31147,173
2017250,2017-09-14,47491358,,7077,1040,,,30730,173
2017251,2017-09-15,48189604,,15921,1040,,,36818,173
2017252,2017-09-16,47393168,,20715,1040,,,65243,173
2017253,2017-09-17,48226254,,12095,1040,,,36141,173
2017254,2017-09-18,49277494,,16388,1040,,,31940,173
2017255,2017-09-19,49232200,,10384,1040,,,28856,173
2017256,2017-09-20,49097560,,7495,1040,,,18379,173
2017257,2017-09-21,49665770,,17951,1040,,,29692,173
2017258,2017-09-22,50454842,,14413,1040,,,46242,173
2017259,2017-09-23,49183776,,17649,1040,,,36227,173
2017260,2017-09-24,47780724,,18270,1040,,,44454,173
2017261,2017-09-25,48218734,,11380,1040,21039,346,,
2017262,2017-09-26,45315412,,18830,1040,,,26770,173
2017263,2017-09-27,45258508,,14564,1040,,,62695,173
2017264,2017-09-28,46577604,,16745,1040,25172,346,,
2017265,2017-09-29,45242790,,13746,1040,,,26565,173
2017266,2017-09-30,43599998,,6844,1040,,,12147,173
2017267,2017-10-01,40098116,,10107,1040,12710,346,,
2017268,2017-10-02,38277492,,20431,1040,,,36078,173
2017269,2017-10-03,39614646,,7988,1040,,,26606,173
2017270,2017-10-04,37636860,,9744,1040,,,27716,173
2017271,2017-10-05,40788424,,12896,1040,,,35369,173
2017272,2017-10-06,42942024,,12354,1040,,,37314,173
2017273,2017-10-07,43177616,,25126,1040,,,44280,173
2017274,2017-10-08,44671164,,15796,1040,25896,346,,
2017275,2017-10-09,42506964,,28086,1040,25047,346,,
2017276,2017-10-10,42971914,,10290,1040,11815,346,,
2017277,2017-10-11,41909102,,17263,1040,16314,346,,
2017278,2017-10-12,43072046,,10192,1040,,,23352,173
2017279,2017-10-13,44073566,,12888,1040,,,35375,173
2017280,2017-10-14,42359996,,12041,1040,,,33905,173
2017281,2017-10-15,42865390,,17396,1040,,,26084,173
2017282,2017-10-16,44235396,,10896,1040,,,14141,173
2017283,2017-10-17,45544890,,11718,1040,12752,346,,
2017284,2017-10-18,45631900,,11564,1040,11106,346,,
2017285,2017-10-19,44388588,,11097,1040,16721,346,,
2017286,2017-10-20,45923590,,59445,1040,,,36436,173
2017287,2017-10-21,44017476,,23076,1040,,,44703,173
2017288,2017-10-22,45874932,,8971,1040,7820,346,,
2017289,2017-10-23,44242786,,21445,1040,,,37962,173
2017290,2017-10-24,47170852,,5754,1040,,,30449,173
2017291,2017-10-25,47301744,,16266,1040,,,44445,173
2017292,2017-10-26,46514584,,9296,1040,,,22774,173
2017293,2017-10-27,47577208,,20842,1040,20384,346,,
2017294,2017-10-28,43424260,,12457,1040,16615,346,,
2017295,2017-10-29,45576568,,16577,1040,,,42636,173
2017296,2017-10-30,45661316,,10944,1040,11192,346,,
2017297,2017-10-31,45914766,,15153,1040,,,43590,173
2017298,2017-11-01,47646122,,30079,1040,,,37766,173
2017299,2017-11-02,47817180,,17617,1040,,,20340,173
2017300,2017-11-03,48033958,,7951,1040,11323,346,,
2017301,2017-11-04,42535182,,10215,1040,,,24685,173
2017302,2017-11-05,44021582,,9208,1040,,,23157,173
2017303,2017-11-06,45892834,,18493,1040,,,45025,173
2017304,2017-11-07,45811526,,23991,1040,,,23538,173
2017305,2017-11-08,46460116,,16427,1040,,,36172,173
2017306,2017-11-09,44258698,,16932,1040,,,34428,173
2017307,2017-11-10,45391188,,9417,1040,,,22257,173
2017308,2017-11-11,44160650,,7086,1040,,,12749,173
2017309,2017-11-12,43350128,,16500,1040,,,35155,173
2017310,2017-11-13,44248742,,11584,1040,,,22553,173
2017311,2017-11-14,45056664,,18429,1040,16671,346,,
2017312,2017-11-15,44521734,,13362,1040,12052,346,,
2017313,2017-11-16,43668512,,13298,1040,18095,346,,
2017314,2017-11-17,44723526,,9847,1040,8595,346,,
2017315,2017-11-18,39603236,,14817,1040,,,27533,173
2017316,2017-11-19,41815870,,12466,1040,,,35672,173
2017317,2017-11-20,43848220,,9774,1040,13554,346,,
2017318,2017-11-21,43231828,,21627,1040,,,64604,173
2017319,2017-11-22,44556732,,15845,1040,,,19499,173
2017320,2017-11-23,44117094,,12453,1040,,,30138,173
2017321,2017-11-24,44805466,,16192,1040,20501,346,,
2017322,2017-11-25,42769366,,49764,1040,,,51860,173
2017323,2017-11-26,45097704,,13278,1040,,,31378,173
2017324,2017-11-27,46445008,,56235,1040,,,89076,173
2017325,2017-11-28,46664766,,10431,1040,,,19243,173
2017326,2017-11-29,46917384,,8043,1040,,,25153,173
2017327,2017-11-30,46263686,,18049,1040,,,36597,173
2017328,2017-12-01,48445592,,6431,1040,7285,346,,
2017329,2017-12-02,42449064,,20206,1040,,,28156,173
2017330,2017-12-03,44873136,,8790,1040,,,18739,173
2017331,2017-12-04,46440576,,19881,1040,,,61907,173
2017332,2017-12-05,46145498,,21629,1040,,,24817,173
2017333,2017-12-06,48594470,,12071,1040,16241,346,,
2017334,2017-12-07,45612242,,16726,1040,,,36125,173
2017335,2017-12-08,47711014,,11375,1040,,,23078,173
2017336,2017-12-09,44639760,,12415,1040,16141,346,,
2017337,2017-12-10,43859716,,66808,1040,,,,
2017338,2017-12-11,42529768,,14883,1040,,,23473,173
2017339,2017-12-12,44756400,,28645,1040,,,56181,173
2017340,2017-12-13,47185344,,22203,1040,,,46928,173
2017341,2017-12-14,49214898,,41213,1040,,,48495,173
2017342,2017-12-15,49671162,,23060,1040,,,40784,173
2017343,2017-12-16,46578380,,18599,1040,,,33273,173
2017344,2017-12-17,48071954,,13184,1040,,,20814,173
2017345,2017-12-18,46790300,,21618,1040,,,47409,173
2017346,2017-12-19,49205350,,7124,1040,,,19008,173
2017347,2017-12-20,49463058,,90658,1040,,,,
2017348,2017-12-21,45113192,,10735,1040,12431,346,,
2017349,2017-12-22,47051056,,24157,1040,,,32178,173
2017350,2017-12-23,47609926,,19881,1040,,,27440,173
2017351,2017-12-24,47677460,,17165,1040,,,29931,173
2017352,2017-12-25,48489138,,17611,1040,17613,346,,
2017353,2017-12-26,47232570,,12172,1040,,,22009,173
2017354,2017-12-27,48270332,,7927,1040,,,26860,173
2017355,2017-12-28,46945714,,12371,1040,,,29519,173
2017356,2017-12-29,47229832,,24328,1040,,,43443,173
2017357,2017-12-30,46328368,,14010,1040,18408,346,,
2017358,2017-12-31,45404058,,14879,1040,,,28116,173
2018001,2018-01-01,44047350,,17082,1040,,,26608,173
2018002,2018-01-02,46624244,,16495,1040,,,29288,173
2018003,2018-01-03,45961674,,25852,1040,,,38875,173
2018004,2018-01-04,47759896,,19134,1040,17080,346,,
2018005,2018-01-05,47138854,,16346,1040,14950,346,,
2018006,2018-01-06,44928872,,9695,1040,,,25044,173
2018007,2018-01-07,45694678,,6429,1040,,,21436,173
2018008,2018-01-08,44794146,,25503,1040,,,55362,173
2018009,2018-01-09,46964346,,16123,1040,,,37661,173
2018010,2018-01-10,47804654,,12337,1040,13644,346,,
2018011,2018-01-11,46063512,,11762,1040,,,24198,173
2018012,2018-01-12,47206654,,15829,1040,,,34017,173
2018013,2018-01-13,45751350,,26732,1040,,,49520,160
2018014,2018-01-14,47473310,,6958,1040,,,19152,173
2018015,2018-01-15,48490130,,18183,1040,,,39449,173
2018016,2018-01-16,48990110,,12039,1040,,,23928,173
2018017,2018-01-17,48547166,,19493,1040,,,35883,173
2018018,2018-01-18,48776502,,16370,1040,,,26229,173
2018019,2018-01-19,51127954,,18836,1040,,,29118,173
2018020,2018-01-20,48570764,,10667,1040,,,23526,173
2018021,2018-01-21,49013348,,17059,1040,25725,346,,
2018022,2018-01-22,46875682,,20763,1040,18665,346,,
2018023,2018-01-23,46343884,,6642,1040,,,13753,173
2018024,2018-01-24,44574490,,8669,1040,10091,346,,
2018025,2018-01-25,44070002,,11748,1040,,,26865,173
2018026,2018-01-26,50484014,,21917,1040,,,58008,173
2018027,2018-01-27,43855270,,8015,1040,,,32557,173
2018028,2018-01-28,44335790,,18433,1040,17342,346,,
2018029,2018-01-29,45190750,,18781,1040,15667,346,,
2018030,2018-01-30,45155570,,18231,1040,,,32944,160
2018031,2018-01-31,46704910,,22961,1040,,,41829,160
2018032,2018-02-01,46521728,,21016,1040,,,36039,173
2018033,2018-02-02,48357268,,12539,1040,18771,320,,
2018034,2018-02-03,43880072,,20812,1040,17089,346,,
2018035,2018-02-04,43785694,,12163,1040,,,36023,173
2018036,2018-02-05,44937402,,22680,1040,,,34238,173
2018037,2018-02-06,45296160,,11591,1040,,,20952,173
2018038,2018-02-07,45667958,,22086,1040,,,34534,173
2018039,2018-02-08,47545878,,15511,1040,,,26553,173
2018040,2018-02-09,48529764,,14851,1040,,,33544,173
2018041,2018-02-10,47306102,,8147,1040,,,27188,173
2018042,2018-02-11,46484892,,11089,1040,16103,346,,
2018043,2018-02-12,44812116,,41210,1040,,,43582,173
2018044,2018-02-13,45646112,,27363,1040,,,41380,173
2018045,2018-02-14,41689550,,11981,1040,,,16781,173
2018046,2018-02-22,36418904,,16720,1040,,,39917,173
2018047,2018-02-23,39530466,,18599,1040,19137,346,,
2018048,2018-02-24,39632498,,19707,1040,,,49415,173
2018049,2018-02-25,41675858,,10057,1040,,,39868,173
2018050,2018-02-26,43719032,,25209,1040,,,50560,173
2018051,2018-02-27,45102720,,13791,1040,,,24875,160
2018052,2018-02-28,44879062,,31656,1040,,,24462,173
2018053,2018-03-01,45993444,,19442,1040,,,28595,173
2018054,2018-03-02,45457814,,20883,1040,,,43093,160
2018055,2018-03-03,45074496,,17680,1040,,,30492,173
2018056,2018-03-04,45921966,,15893,1040,,,40492,173
2018057,2018-03-05,47393740,,18573,1040,23725,346,,
2018058,2018-03-06,45436898,,18104,1040,,,36051,173
2018059,2018-03-07,47146198,,8263,1040,,,26048,173
2018060,2018-03-08,46477714,,13530,1040,13990,320,,
2018061,2018-03-09,46719902,,18534,1040,15522,346,,
2018062,2018-03-10,44589900,,9493,1040,,,26913,173
2018063,2018-03-11,46520988,,21064,1040,,,37041,173
2018064,2018-03-12,48205822,,17713,1040,16369,346,,
2018065,2018-03-13,47186352,,17384,1040,23787,346,,
2018066,2018-03-14,47555650,,9959,1040,,,23895,173
2018067,2018-03-15,46278596,,13663,1040,12111,346,,
2018068,2018-03-16,47386764,,12902,1040,13158,320,,
2018069,2018-03-17,44070860,,24312,1040,19646,346,,
2018070,2018-03-18,44008802,,34849,1040,,,44975,160
2018071,2018-03-19,45253654,,10132,1040,11454,320,,
2018072,2018-03-20,46875830,,13818,1040,,,37380,173
2018073,2018-03-21,46218088,,11455,1040,,,32806,173
2018074,2018-03-22,46576900,,13534,1040,,,38983,173
2018075,2018-03-23,47824422,,10698,1040,,,37433,173
2018076,2018-03-24,45545204,,14971,1040,,,39150,173
2018077,2018-03-25,47961462,,19935,1040,,,42830,173
2018078,2018-03-26,47923616,,32581,1040,28178,346,,
2018079,2018-03-27,46621876,,55744,1040,,,52486,173
2018080,2018-03-28,49797060,,21465,1040,,,48345,173
2018081,2018-03-29,49750588,,31987,1040,,,45689,160
2018082,2018-03-30,51913686,,16199,1040,,,36718,173
2018083,2018-03-31,47751736,,13954,1040,0,346,,
2018084,2018-04-01,47774304,,23111,1040,,,45184,173
2018085,2018-04-02,50198870,,11493,1040,,,22060,173
2018086,2018-04-03,47441654,,13400,1040,,,30407,173
2018087,2018-04-04,47196302,,12700,1040,,,31816,173
2018088,2018-04-05,44623164,,14553,1040,20762,346,,
2018089,2018-04-06,44208102,,27314,1040,25847,346,,
2018090,2018-04-07,45703498,,14143,1040,,,40137,173
2018091,2018-04-08,47561388,,9070,1040,,,22765,173
2018092,2018-04-09,45128988,,10587,1040,,,37259,173
2018093,2018-04-10,45341800,,10954,1040,,,20785,173
2018094,2018-04-11,45939196,,19493,1040,,,42166,173
2018095,2018-04-12,47171954,,8026,1040,,,26290,173
2018096,2018-04-13,47563804,,9657,1040,,,38518,173
2018097,2018-04-14,44492858,,14375,1040,,,31541,173
2018098,2018-04-15,46160176,,17842,1040,24956,346,,
2018099,2018-04-16,45221064,,28653,1040,26837,346,,
2018100,2018-04-17,46005682,,8486,1040,,,23141,173
2018101,2018-04-18,45587818,,27506,1040,,,51116,173
2018102,2018-04-19,46869148,,22216,1040,,,42818,160
2018103,2018-04-20,49318644,,73902,1040,,,,
2018104,2018-04-21,41655810,,17356,1040,16884,346,,
2018105,2018-04-22,45124358,,13703,1040,,,40869,173
2018106,2018-04-23,46697734,,16551,1040,13528,346,,
2018107,2018-04-24,46338292,,47277,1040,24100,346,,
2018108,2018-04-25,47508212,,16747,1040,,,40380,173
2018109,2018-04-26,48240536,,31347,1040,,,46320,173
2018110,2018-04-27,50531496,,14808,1040,,,37432,173
2018111,2018-04-28,48311568,,7003,1040,,,16388,173
2018112,2018-04-29,45675910,,16302,1040,22182,346,,
2018113,2018-04-30,44711840,,19549,1040,,,38967,173
2018114,2018-05-01,45690776,,13061,1040,14677,346,,
2018115,2018-05-02,46596912,,70366,1040,,,,
2018116,2018-05-03,43473700,,7141,1040,9708,346,,
2018117,2018-05-04,44688152,,5567,1040,,,22293,173
2018118,2018-05-05,44056638,,6116,1040,,,12627,173
2018119,2018-05-06,44600704,,9961,1040,,,26750,173
2018120,2018-05-07,43943536,,13387,1040,,,32185,173
2018121,2018-05-08,45733084,,21852,1040,,,37286,173
2018122,2018-05-09,47378670,,23937,1040,22646,346,,
2018123,2018-05-10,46637562,,14046,1040,,,25797,173
2018124,2018-05-11,47955774,,17885,1040,,,27411,173
2018125,2018-05-12,46026868,,23570,1040,,,40694,173
2018126,2018-05-13,45676000,,27426,1040,,,34841,173
2018127,2018-05-14,48463534,,9980,1040,9278,346,,
2018128,2018-05-15,44064578,,11770,1040,15190,346,,
2018129,2018-05-16,44772220,,20688,1040,,,31224,173
2018130,2018-05-17,46512902,,28498,1040,,,60535,173
2018131,2018-05-18,48882014,,12919,1040,,,41644,173
2018132,2018-05-19,45479802,,14059,1040,17179,346,,
2018133,2018-05-20,47275258,,33740,1040,,,55395,173
2018134,2018-05-21,47939342,,16657,1040,,,25350,173
2018135,2018-05-22,48342720,,8940,1040,,,22440,173
2018136,2018-05-23,46704298,,7027,1040,,,28473,173
2018137,2018-05-24,47790478,,24509,1040,,,71281,173
2018138,2018-05-25,50938294,,19142,1040,,,31624,160
2018139,2018-05-26,48350178,,11496,1040,21326,346,,
2018140,2018-05-27,46425088,,16724,1040,16225,346,,
2018141,2018-05-28,48190526,,17480,1040,,,42079,173
2018142,2018-05-29,49494282,,9229,1040,,,26680,173
2018143,2018-05-30,48253118,,27378,1040,17401,320,,
2018144,2018-05-31,45927288,,12816,1040,,,29546,173
2018145,2018-06-01,46493152,,41498,1040,,,68949,173
2018146,2018-06-02,45467016,,36137,1040,,,49646,173
2018147,2018-06-03,48441372,,21479,1040,20430,346,,
2018148,2018-06-04,48138948,,9580,1040,,,24842,173
2018149,2018-06-05,47130974,,24390,1040,,,40762,173
2018150,2018-06-06,47316278,,18858,1040,17094,320,,
2018151,2018-06-07,48027364,,33711,1040,,,54069,173
2018152,2018-06-08,48942858,,51029,1040,,,49536,173
2018153,2018-06-09,47757520,,11328,1040,,,22793,173
2018154,2018-06-10,48348210,,16099,1040,16939,346,,
2018155,2018-06-11,48129060,,11348,1040,,,27594,173
2018156,2018-06-12,48057174,,14650,1040,,,36298,173
2018157,2018-06-13,48554614,,9540,1040,11987,346,,
2018158,2018-06-14,44828746,,12667,1040,14002,346,,
2018159,2018-06-15,46328144,,7652,1040,,,19683,173
2018160,2018-06-16,43657556,,14681,1040,14921,346,,
2018161,2018-06-17,43079102,,32205,1040,,,37930,173
2018162,2018-06-18,44073142,,18751,1040,,,34853,173
2018163,2018-06-19,46712686,,17942,1040,,,32381,173
2018164,2018-06-20,48948196,,12151,1040,,,30599,173
2018165,2018-06-21,48986916,,17513,1040,,,22498,160
2018166,2018-06-22,48967350,,15785,1040,,,40561,173
2018167,2018-06-23,46318710,,15054,1040,,,21239,173
2018168,2018-06-24,48087722,,22363,1040,,,50440,173
2018169,2018-06-25,48197198,,31966,1040,,,36058,173
2018170,2018-06-26,48007958,,18780,1040,19618,320,,
2018171,2018-06-27,46137868,,17718,1040,,,30314,173
2018172,2018-06-28,45987140,,8761,1040,,,23849,173
2018173,2018-06-29,48874394,,17135,1040,,,53586,173
2018174,2018-06-30,46454328,,24581,1040,27010,346,,
2018175,2018-07-01,45327534,,35914,1040,21429,346,,
2018176,2018-07-02,46068100,,31536,1040,,,47733,173
2018177,2018-07-03,47860236,,17141,1040,,,21765,173
2018178,2018-07-04,46406364,,11468,1040,11570,320,,
2018179,2018-07-05,46947538,,42642,1040,,,53437,173
2018180,2018-07-06,48704002,,20504,1040,,,60698,173
2018181,2018-07-07,46897816,,23145,1040,,,40632,173
2018182,2018-07-08,48685566,,14738,1040,,,30015,173
2018183,2018-07-09,49272544,,15935,1040,,,28812,173
2018184,2018-07-10,48482166,,14233,1040,,,36294,160
2018185,2018-07-11,49038240,,10452,1040,,,26574,173
2018186,2018-07-12,47783056,,18360,1040,17263,346,,
2018187,2018-07-13,47770364,,26595,1040,,,26110,173
2018188,2018-07-14,45618312,,6202,1040,,,16972,173
2018189,2018-07-15,45878570,,10971,1040,,,21858,173
2018190,2018-07-16,46783260,,35830,1040,40147,346,,
2018191,2018-07-17,45734044,,13080,1040,,,21458,160
2018192,2018-07-18,45513230,,15964,1040,,,56266,160
2018193,2018-07-19,46602346,,6731,1040,,,19399,173
2018194,2018-07-20,46948712,,22647,1040,,,47504,173
2018195,2018-07-21,46324112,,20491,1040,,,29380,173
2018196,2018-07-22,46401818,,7886,1040,11089,346,,
2018197,2018-07-23,43907342,,14712,1040,,,22994,173
2018198,2018-07-24,44710690,,19178,1040,,,29671,173
2018199,2018-07-25,47185914,,4677,1040,,,6421,173
2018200,2018-07-26,45528166,,6073,1040,,,18140,160
2018201,2018-07-27,47365472,,18006,1040,,,24946,173
2018202,2018-07-28,45225790,,11096,1040,,,28951,173
2018203,2018-07-29,45064842,,11083,1040,,,29676,173
2018204,2018-07-30,46271362,,6541,1040,,,21196,173
2018205,2018-07-31,44163050,,20283,1040,,,24889,160
2018206,2018-08-01,46483098,,20116,1040,30669,346,,
2018207,2018-08-02,44537572,,14445,1040,,,35990,173
2018208,2018-08-03,44688602,,11082,1040,,,32535,173
2018209,2018-08-04,42838658,,7616,1040,,,23895,173
2018210,2018-08-05,43118678,,21426,1040,,,34672,160
2018211,2018-08-06,44967340,,23095,1040,,,36007,173
2018212,2018-08-07,45238900,,21429,1040,,,43601,173
2018213,2018-08-08,46344146,,11185,1040,,,16691,173
2018214,2018-08-09,44601264,,20792,1040,21409,346,,
2018215,2018-08-10,44498222,,13486,1040,,,19521,173
2018216,2018-08-11,43776598,,10787,1040,,,22068,173
2018217,2018-08-12,43513142,,13125,1040,,,25683,173
2018218,2018-08-13,44869418,,11735,1040,,,34873,160
2018219,2018-08-14,43250378,,11802,1040,,,38539,173
2018220,2018-08-15,44456996,,18223,1040,,,42942,160
2018221,2018-08-16,45123564,,9926,1040,,,30840,173
2018222,2018-08-17,45577480,,15735,1040,,,35214,173
2018223,2018-08-18,44201974,,17343,1040,18946,320,,
2018224,2018-08-19,41312366,,5741,1040,6529,346,,
2018225,2018-08-20,40579728,,14444,1040,,,27303,173
2018226,2018-08-21,42673804,,5496,1040,,,15439,173
2018227,2018-08-22,42071822,,9343,1040,12781,346,,
2018228,2018-08-23,41053530,,15023,1040,,,29044,160
2018229,2018-08-24,43128470,,14877,1040,11306,346,,
2018230,2018-08-25,40651648,,10718,1040,,,18762,173
2018231,2018-08-26,41225566,,32204,1040,,,27041,173
2018232,2018-08-27,42542528,,17002,1040,,,35671,173
2018233,2018-08-28,43915580,,25969,1040,,,28017,173
2018234,2018-08-29,44403396,,12443,1040,,,18626,173
2018235,2018-08-30,45302886,,29863,1040,27124,346,,
2018236,2018-08-31,44562086,,23241,1040,,,42181,160
2018237,2018-09-01,44229016,,21170,1040,,,54882,173
2018238,2018-09-02,43203216,,19640,1040,,,33015,160
2018239,2018-09-03,43538284,,24897,1040,,,43228,160
2018240,2018-09-04,45306558,,29984,1040,,,44299,160
2018241,2018-09-05,46480160,,29849,1040,,,39512,173
2018242,2018-09-06,45836780,,21563,1040,,,39558,173
2018243,2018-09-07,47919246,,21279,1040,,,51968,173
2018244,2018-09-08,45944558,,26478,1040,,,29359,173
2018245,2018-09-09,47285980,,8456,1040,,,22289,173
2018246,2018-09-10,48898272,,10841,1040,,,17409,173
2018247,2018-09-11,49268332,,20967,1040,27488,346,,
2018248,2018-09-12,46427864,,9833,1040,,,24175,173
2018249,2018-09-13,47014968,,15130,1040,14806,346,,
2018250,2018-09-14,46197436,,9319,1040,12588,346,,
2018251,2018-09-15,43988158,,14183,1040,,,28876,173
2018252,2018-09-16,45284128,,18956,1040,,,27118,173
2018253,2018-09-17,46658928,,15459,1040,,,36650,160
2018254,2018-09-18,46776648,,12092,1040,,,40076,173
2018255,2018-09-19,47384190,,27362,1040,,,43468,173
2018256,2018-09-20,48589652,,10985,1040,,,30723,160
2018257,2018-09-21,48206964,,9507,1040,,,24407,160
2018258,2018-09-22,45980922,,8269,1040,8321,346,,
2018259,2018-09-23,42384134,,25764,1040,21436,346,,
2018260,2018-09-24,40286210,,10332,1040,11316,346,,
2018261,2018-09-25,44781452,,9971,1040,,,26804,160
2018262,2018-09-26,46754282,,23001,1040,,,53470,160
2018263,2018-09-27,46611318,,24123,1040,,,53585,173
2018264,2018-09-28,49609780,,12153,1040,11926,320,,
2018265,2018-09-29,45394766,,15195,1040,,,26381,173
2018266,2018-09-30,45697178,,23321,1040,,,45090,173
2018267,2018-10-01,43260116,,14559,1040,12292,346,,
2018268,2018-10-02,41059182,,21307,1040,,,34051,173
2018269,2018-10-03,42266254,,22999,1040,,,49344,173
2018270,2018-10-04,44885460,,19513,1040,,,51761,173
2018271,2018-10-05,45584112,,29735,1040,,,50707,173
2018272,2018-10-06,47254316,,19511,1040,,,39541,173
2018273,2018-10-07,46582144,,25419,1040,,,41374,173
2018274,2018-10-08,47885094,,16793,1040,17394,346,,
2018275,2018-10-09,46271394,,26214,1040,,,47736,160
2018276,2018-10-10,47437936,,17628,1040,,,30338,173
2018277,2018-10-11,45330210,,18749,1040,,,35152,173
2018278,2018-10-12,47465790,,15723,1040,,,41372,173
2018279,2018-10-13,45541042,,25778,1040,,,43418,173
2018280,2018-10-14,46954364,,12406,1040,15644,346,,
2018281,2018-10-15,46093830,,23928,1040,,,41605,160
2018282,2018-10-16,47475964,,15347,1040,,,41854,173
2018283,2018-10-17,48142000,,32175,1040,22709,346,,
2018284,2018-10-18,48133660,,15840,1040,,,49997,173
2018285,2018-10-19,49663384,,22338,1040,,,48720,160
2018286,2018-10-20,47676548,,25686,1040,,,46436,173
2018287,2018-10-21,48676610,,24214,1040,,,49234,173
2018288,2018-10-22,49720348,,14420,1040,19760,346,,
2018289,2018-10-23,47219782,,8987,1040,,,27534,173
2018290,2018-10-24,48095156,,15531,1040,,,35265,173
2018291,2018-10-25,47671764,,8419,1040,,,29205,173
2018292,2018-10-26,48928854,,16891,1040,16237,346,,
2018293,2018-10-27,45026612,,11591,1040,,,25704,173
2018294,2018-10-28,45274554,,21614,1040,,,48559,173
2018295,2018-10-29,48851614,,7431,1040,,,22735,173
2018296,2018-10-30,47868556,,13507,1040,14469,346,,
2018297,2018-10-31,47669534,,11638,1040,,,27063,173
2018298,2018-11-01,48015456,,104554,1040,,,,
2018299,2018-11-02,43317192,,14358,1040,21626,346,,
2018300,2018-11-03,44400944,,56899,1040,,,,
2018301,2018-11-04,44546232,,14609,1040,,,24130,173
2018302,2018-11-05,46494328,,11551,1040,12304,320,,
2018303,2018-11-06,46863504,,14554,1040,,,25526,173
2018304,2018-11-07,46799412,,6170,1040,,,23147,173
2018305,2018-11-08,47366966,,10903,1040,,,31888,173
2018306,2018-11-09,48680642,,29420,1040,,,51117,173
2018307,2018-11-10,47068928,,22420,1040,,,36337,173
2018308,2018-11-11,47630438,,20897,1040,,,50923,173
2018309,2018-11-12,49241864,,9640,1040,,,19872,173
2018310,2018-11-13,48009014,,22153,1040,,,57362,160
2018311,2018-11-14,49996742,,5354,1040,,,17955,173
2018312,2018-11-15,49195538,,28586,1040,,,45628,160
2018313,2018-11-16,51728128,,13495,1040,,,27988,173
2018314,2018-11-17,50184776,,29311,1040,33462,320,,
2018315,2018-11-18,47184822,,10577,1040,12543,346,,
2018316,2018-11-19,46744748,,20250,1040,,,29579,160
2018317,2018-11-20,47012864,,10111,1040,,,21277,173
2018318,2018-11-21,47272172,,5868,1040,,,12206,173
2018319,2018-11-22,47154638,,15884,1040,,,34626,173
2018320,2018-11-23,50138830,,19616,1040,16919,346,,
2018321,2018-11-24,46865038,,23812,1040,,,42618,160
2018322,2018-11-25,48307536,,10826,1040,,,22019,173
2018323,2018-11-26,47763676,,32987,1040,,,49505,173
2018324,2018-11-27,49067454,,24158,1040,,,42011,173
2018325,2018-11-28,50077944,,18600,1040,,,28432,173
2018326,2018-11-29,49987750,,18718,1040,18616,346,,
2018327,2018-11-30,49643258,,21793,1040,,,45608,173
2018328,2018-12-01,47194828,,8787,1040,,,27944,173
2018329,2018-12-02,48216414,,32111,1040,,,50988,173
2018330,2018-12-03,48640634,,10763,1040,10343,346,,
2018331,2018-12-04,46106776,,27006,1040,,,27194,173
2018332,2018-12-05,47222732,,12704,1040,12058,346,,
2018333,2018-12-06,46001896,,9887,1040,7650,320,,
2018334,2018-12-07,45235928,,12392,1040,,,32845,173
2018335,2018-12-08,43838518,,35305,1040,,,46476,173
2018336,2018-12-09,45413814,,14395,1040,,,36495,173
2018337,2018-12-10,46142278,,21750,1040,,,35376,173
2018338,2018-12-11,48470754,,15820,1040,,,31768,173
2018339,2018-12-12,47931300,,17388,1040,22859,346,,
2018340,2018-12-13,47858652,,14536,1040,,,33882,173
2018341,2018-12-14,47134494,,24025,1040,21056,346,,
2018342,2018-12-15,44585320,,19934,1040,,,35554,160
2018343,2018-12-16,47214380,,14463,1040,,,37529,160
2018344,2018-12-17,47549156,,10752,1040,,,25097,173
2018345,2018-12-18,49005036,,14672,1040,,,41046,173
2018346,2018-12-19,49926526,,19998,1040,,,52274,173
2018347,2018-12-20,50501368,,41114,1040,,,55820,173
2018348,2018-12-21,53060898,,18047,1040,,,30017,173
2018349,2018-12-22,49960112,,15428,1040,,,28417,173
2018350,2018-12-23,51214024,,9835,1040,17078,320,,
2018351,2018-12-24,49047412,,22050,1040,,,30861,173
2018352,2018-12-25,49768222,,10876,1040,,,29421,173
2018353,2018-12-26,49919826,,15737,1040,,,25584,173
2018354,2018-12-27,48788656,,14196,1040,,,28075,173
2018355,2018-12-28,49924886,,14032,1040,17005,346,,
2018356,2018-12-29,46518202,,22088,1040,17997,346,,
2018357,2018-12-30,44782100,,45284,1040,,,45313,173
2018358,2018-12-31,48351522,,27971,1040,,,44045,173
2019001,2019-01-01,47676292,,8372,1040,10619,346,,
2019002,2019-01-02,46925192,,14808,1040,13226,346,,
2019003,2019-01-03,47257462,,23065,1040,,,33643,173
2019004,2019-01-04,49369934,,30907,1040,19922,346,,
2019005,2019-01-05,47636854,,17877,1040,,,21477,160
2019006,2019-01-06,48141258,,9985,1040,11895,346,,
2019007,2019-01-07,46849816,,14601,1040,,,25288,173
2019008,2019-01-08,47295692,,16411,1040,,,37457,173
2019009,2019-01-09,47825002,,17260,1040,,,36151,173
2019010,2019-01-10,49282480,,32993,1040,,,65122,173
2019011,2019-01-11,51386462,,38308,1040,24386,346,,
2019012,2019-01-12,49444204,,10833,1040,10005,346,,
2019013,2019-01-13,48408048,,21504,1040,,,38116,173
2019014,2019-01-14,48824900,,15275,1040,,,43458,173
2019015,2019-01-15,50807796,,11583,1040,,,33199,173
2019016,2019-01-16,50427124,,41676,1040,,,52302,173
2019017,2019-01-17,50784508,,25068,1040,18654,346,,
2019018,2019-01-18,52358720,,13742,1040,,,34408,173
2019019,2019-01-19,50363970,,13086,1040,11680,346,,
2019020,2019-01-20,48984718,,31312,1040,,,53000,160
2019021,2019-01-21,50587058,,13392,1040,13295,346,,
2019022,2019-01-22,49831492,,20093,1040,,,52717,173
2019023,2019-01-23,50947288,,10452,1040,16182,346,,
2019024,2019-01-24,50354586,,14635,1040,,,30833,173
2019025,2019-01-25,50888312,,12416,1040,,,28538,173
2019026,2019-01-26,48259222,,44424,1040,,,61139,173
2019027,2019-01-27,50835954,,22659,1040,,,27420,173
2019028,2019-01-28,50153656,,15112,1040,,,34615,173
2019029,2019-01-29,51283488,,21949,1040,,,53522,173
2019030,2019-01-30,50739814,,15890,1040,,,31230,173
2019031,2019-01-31,51268986,,19725,1040,,,47100,173
2019032,2019-02-01,52965358,,13064,1040,16262,346,,
2019033,2019-02-02,48970120,,13078,1040,,,22392,173
2019034,2019-02-03,47118920,,16262,1040,12752,346,,
2019035,2019-02-11,38262214,,73519,1040,,,,
2019036,2019-02-12,39041950,,9709,1040,10103,346,,
2019037,2019-02-13,41579140,,16576,1040,,,29790,173
2019038,2019-02-14,43858980,,21269,1040,17910,346,,
2019039,2019-02-15,45119860,,11433,1040,,,35732,173
2019040,2019-02-16,45593438,,4854,1040,,,11835,173
2019041,2019-02-17,43981358,,14764,1040,,,24835,173
2019042,2019-02-18,46882892,,30899,1040,,,42435,173
2019043,2019-02-19,46978968,,18213,1040,,,45419,173
2019044,2019-02-20,48140768,,11601,1040,10625,346,,
2019045,2019-02-21,45795900,,23972,1040,,,40557,173
2019046,2019-02-22,50222594,,32865,1040,,,43757,160
2019047,2019-02-23,48294426,,16933,1040,,,40336,173
2019048,2019-02-24,49340138,,13696,1040,,,32335,173
2019049,2019-02-25,50233986,,22670,1040,,,31831,173
2019050,2019-02-26,50755350,,9685,1040,,,21921,173
2019051,2019-02-27,51062468,,8284,1040,,,16541,173
2019052,2019-02-28,50212768,,25565,1040,,,54231,173
2019053,2019-03-01,53156228,,29141,1040,,,42483,173
2019054,2019-03-02,52397900,,10592,1040,,,24592,173
2019055,2019-03-03,53168456,,18596,1040,,,29522,173
2019056,2019-03-04,54185678,,16347,1040,,,48812,173
2019057,2019-03-05,54926416,,52045,1040,,,54590,173
2019058,2019-03-06,53446952,,13481,1040,18649,320,,
2019059,2019-03-07,48640070,,9403,1040,,,23916,173
2019060,2019-03-08,50349406,,16391,1040,13379,346,,
2019061,2019-03-09,46104406,,14235,1040,,,24416,173
2019062,2019-03-10,47564392,,12666,1040,,,18553,173
2019063,2019-03-11,47944518,,19875,1040,,,60670,173
2019064,2019-03-12,49006828,,41834,1040,,,62360,173
2019065,2019-03-13,50931030,,11023,1040,,,24084,173
2019066,2019-03-14,50120526,,18198,1040,,,23629,173
2019067,2019-03-15,52317110,,11972,1040,17124,346,,
2019068,2019-03-16,46801354,,9392,1040,15066,346,,
2019069,2019-03-17,48126130,,21221,1040,,,45094,173
2019070,2019-03-18,48176652,,11297,1040,,,35124,173
2019071,2019-03-19,49722366,,7999,1040,11220,346,,
2019072,2019-03-20,46671402,,19958,1040,,,47242,173
2019073,2019-03-21,48488086,,10252,1040,10653,346,,
2019074,2019-03-22,48378740,,60060,1040,,,52108,173
2019075,2019-03-23,46928902,,14417,1040,,,27641,173
2019076,2019-03-24,47609682,,9251,1040,10838,346,,
2019077,2019-03-25,46866200,,11418,1040,,,36573,173
2019078,2019-03-26,48361984,,8326,1040,,,27187,173
2019079,2019-03-27,48806580,,29206,1040,,,54894,173
2019080,2019-03-28,50281808,,12479,1040,,,36298,173
2019081,2019-03-29,50828932,,4846,1040,,,12184,173
2019082,2019-03-30,45627074,,20934,1040,,,49751,173
2019083,2019-03-31,47498944,,26198,1040,,,47118,160
2019084,2019-04-01,49081774,,8378,1040,,,31922,173
2019085,2019-04-02,48891036,,26787,1040,22109,320,,
2019086,2019-04-03,47203552,,33367,1040,,,55605,173
2019087,2019-04-04,47399486,,25123,1040,,,69369,173
2019088,2019-04-05,46721624,,17169,1040,,,61050,160
2019089,2019-04-06,48060110,,22415,1040,,,42118,173
2019090,2019-04-07,49534516,,26202,1040,,,26796,173
2019091,2019-04-08,50776294,,24241,1040,,,39410,173
2019092,2019-04-09,51076428,,12950,1040,,,28129,173
2019093,2019-04-10,51282736,,42751,1040,,,58288,173
2019094,2019-04-11,52643036,,17604,1040,,,42797,173
2019095,2019-04-12,54300448,,13861,1040,,,36232,173
2019096,2019-04-13,52929558,,29227,1040,31055,346,,
2019097,2019-04-14,50355472,,12326,1040,,,41761,173
2019098,2019-04-15,51016540,,14372,1040,,,34504,173
2019099,2019-04-16,51991218,,20124,1040,,,34867,173
2019100,2019-04-17,52068014,,6818,1040,,,24604,173
2019101,2019-04-18,53640408,,15682,1040,14710,346,,
2019102,2019-04-19,52823500,,6130,1040,5858,346,,
2019103,2019-04-20,46613472,,9628,1040,,,23208,173
2019104,2019-04-21,48478856,,9820,1040,,,25155,173
2019105,2019-04-22,51302288,,20820,1040,,,49302,173
2019106,2019-04-23,51494660,,7646,1040,8741,346,,
2019107,2019-04-24,48035592,,18629,1040,17286,346,,
2019108,2019-04-25,47898496,,15501,1040,11488,346,,
2019109,2019-04-26,49528884,,27581,1040,,,64310,173
2019110,2019-04-27,48467544,,15555,1040,,,31190,173
2019111,2019-04-28,49809380,,20024,1040,,,36830,173
2019112,2019-04-29,49786448,,13349,1040,19216,320,,
2019113,2019-04-30,47839856,,21947,1040,,,33777,173
2019114,2019-05-01,45414888,,15099,1040,16573,320,,
2019115,2019-05-02,45822826,,11109,1040,13760,346,,
2019116,2019-05-03,46431052,,27720,1040,,,53330,173
2019117,2019-05-04,48288834,,11077,1040,,,31840,173
2019118,2019-05-05,49334966,,17807,1040,,,32857,173
2019119,2019-05-06,50407680,,10672,1040,,,24350,173
2019120,2019-05-07,50467130,,15406,1040,20439,346,,
2019121,2019-05-08,47649220,,20930,1040,,,40543,173
2019122,2019-05-09,49221224,,17689,1040,,,34003,173
2019123,2019-05-10,50552190,,31841,1040,,,56305,173
2019124,2019-05-11,49462498,,16788,1040,19249,346,,
2019125,2019-05-12,47011660,,13392,1040,,,29757,173
2019126,2019-05-13,48571358,,13317,1040,,,28663,173
2019127,2019-05-14,50236882,,40055,1040,,,54836,173
2019128,2019-05-15,50865610,,12166,1040,,,32835,173
2019129,2019-05-16,51041100,,14442,1040,,,21118,173
2019130,2019-05-17,51354252,,24377,1040,,,0,173
2019131,2019-05-18,49835388,,12424,1040,,,25864,173
2019132,2019-05-19,49768656,,17648,1040,14018,320,,
2019133,2019-05-20,48158756,,24955,1040,,,36418,173
2019134,2019-05-21,49918590,,16608,1040,,,35282,173
2019135,2019-05-22,48913018,,13890,1040,,,22979,173
2019136,2019-05-23,48602548,,24611,1040,,,39814,173
2019137,2019-05-24,50622682,,29296,1040,,,45620,173
2019138,2019-05-25,48452642,,21192,1040,23873,346,,
2019139,2019-05-26,47600472,,9009,1040,,,24760,173
2019140,2019-05-27,48426226,,29236,1040,,,69150,173
2019141,2019-05-28,49878612,,32989,1040,,,73294,173
2019142,2019-05-29,51211010,,27505,1040,,,41163,173
2019143,2019-05-30,51856056,,20481,1040,,,38912,173
2019144,2019-05-31,53107838,,22051,1040,24554,346,,
2019145,2019-06-01,49554950,,7142,1040,,,20513,173
2019146,2019-06-02,50785130,,9165,1040,,,18597,173
2019147,2019-06-03,48958128,,16466,1040,,,35631,173
2019148,2019-06-04,50797016,,10351,1040,,,30756,173
2019149,2019-06-05,50384960,,14202,1040,,,38008,173
2019150,2019-06-06,49978530,,32316,1040,,,58021,173
2019151,2019-06-07,48623372,,21768,1040,,,47917,173
2019152,2019-06-08,50188412,,6936,1040,,,0,173
2019153,2019-06-09,50349598,,14076,1040,,,34088,173
2019154,2019-06-10,51551056,,10355,1040,,,11530,173
2019155,2019-06-11,51628392,,9659,1040,13149,346,,
2019156,2019-06-12,49378972,,19847,1040,,,54953,173
2019157,2019-06-13,49008544,,18193,1040,13864,346,,
2019158,2019-06-14,50668376,,21211,1040,,,23722,173
2019159,2019-06-15,48557616,,14528,1040,,,25858,173
2019160,2019-06-16,50664308,,13072,1040,,,35916,173
2019161,2019-06-17,50712618,,14026,1040,,,40856,160
2019162,2019-06-18,51292446,,7651,1040,9928,346,,
2019163,2019-06-19,48796902,,15684,1040,,,30552,173
2019164,2019-06-20,49140974,,18834,1040,,,48803,173
2019165,2019-06-21,52791708,,10012,1040,12552,346,,
2019166,2019-06-22,47041166,,22509,1040,,,65489,173
2019167,2019-06-23,50778380,,16335,1040,,,33968,173
2019168,2019-06-24,49978722,,11213,1040,,,31642,173
2019169,2019-06-25,50660058,,8461,1040,9089,346,,
2019170,2019-06-26,47325892,,28100,1040,,,58602,173
2019171,2019-06-27,49654370,,11620,1040,13815,346,,
2019172,2019-06-28,49542162,,20165,1040,,,25601,173
2019173,2019-06-29,47666572,,14188,1040,,,24993,173
2019174,2019-06-30,48165384,,11246,1040,13306,346,,
2019175,2019-07-01,46695110,,19821,1040,13821,346,,
2019176,2019-07-02,47389664,,11915,1040,,,35593,173
2019177,2019-07-03,48219730,,7512,1040,,,28257,173
2019178,2019-07-04,49140818,,15116,1040,,,36954,173
2019179,2019-07-05,48968628,,8601,1040,,,15056,160
2019180,2019-07-06,46243968,,22367,1040,,,32880,173
2019181,2019-07-07,47648636,,41748,1040,,,48653,173
2019182,2019-07-08,49556548,,29983,1040,,,73858,173
2019183,2019-07-09,51500900,,74493,1040,,,88306,160
2019184,2019-07-10,52478850,,14089,1040,18467,346,,
2019185,2019-07-11,51698652,,16689,1040,,,33433,173
2019186,2019-07-12,52121374,,15280,1040,,,45657,173
2019187,2019-07-13,49863034,,17588,1040,40742,346,,
2019188,2019-07-14,49129910,,12327,1040,8534,346,,
2019189,2019-07-15,49084344,,15970,1040,,,41451,173
2019190,2019-07-16,50565204,,5619,1040,5871,346,,
2019191,2019-07-17,49870884,,18036,1040,,,47612,173
2019192,2019-07-18,49102286,,18631,1040,,,29432,173
2019193,2019-07-19,51404180,,18080,1040,,,37588,173
2019194,2019-07-20,48599682,,25084,1040,26148,346,,
2019195,2019-07-21,47672518,,16686,1040,,,33159,173
2019196,2019-07-22,49303264,,16267,1040,,,51750,173
2019197,2019-07-23,49201596,,12476,1040,12458,346,,
2019198,2019-07-24,47680404,,7038,1040,,,27158,173
2019199,2019-07-25,46243774,,7367,1040,8304,320,,
2019200,2019-07-26,46415966,,14578,1040,,,29948,173
2019201,2019-07-27,45403904,,14281,1040,,,25334,173
2019202,2019-07-28,47531152,,9057,1040,,,23654,173
2019203,2019-07-29,47209038,,7880,1040,,,12825,173
2019204,2019-07-30,47455542,,13777,1040,,,35712,173
2019205,2019-07-31,46573118,,18643,1040,14629,320,,
2019206,2019-08-01,46649848,,40625,1040,,,103382,173
2019207,2019-08-02,49410478,,11198,1040,,,24664,173
2019208,2019-08-03,48224164,,10501,1040,,,40103,173
2019209,2019-08-04,48696654,,18954,1040,,,32473,173
2019210,2019-08-05,49748142,,11144,1040,,,39702,173
2019211,2019-08-06,50226942,,23108,1040,,,30844,173
2019212,2019-08-07,48266696,,12108,1040,,,28500,173
2019213,2019-08-08,48339886,,19714,1040,,,36448,173
2019214,2019-08-09,49585958,,7048,1040,,,22956,173
2019215,2019-08-10,47769370,,9276,1040,,,26284,173
2019216,2019-08-11,47983868,,9232,1040,,,18623,173
2019217,2019-08-12,49750002,,33251,1040,,,55827,173
2019218,2019-08-13,51154324,,24719,1040,,,49243,173
2019219,2019-08-14,51571678,,18044,1040,,,37196,173
2019220,2019-08-15,53281712,,35847,1040,39560,346,,
2019221,2019-08-16,48265236,,10707,1040,12758,346,,
2019222,2019-08-17,47406676,,10962,1040,12624,346,,
2019223,2019-08-18,48954082,,11874,1040,,,29414,160
2019224,2019-08-19,49474702,,14809,1040,,,25583,160
2019225,2019-08-20,50037474,,9477,1040,,,21522,173
2019226,2019-08-21,50491744,,17889,1040,16913,346,,
2019227,2019-08-22,49986754,,10436,1040,,,40242,173
2019228,2019-08-23,51214620,,6685,1040,,,19699,173
2019229,2019-08-24,49317542,,12612,1040,,,25865,173
2019230,2019-08-25,49447606,,10926,1040,14637,320,,
2019231,2019-08-26,48021094,,16841,1040,10560,346,,
2019232,2019-08-27,46888698,,45156,1040,,,62928,173
2019233,2019-08-28,48293646,,9145,1040,,,19015,173
2019234,2019-08-29,49214668,,15137,1040,,,26519,173
2019235,2019-08-30,51672840,,19213,1040,21769,346,,
2019236,2019-08-31,47200802,,37251,1040,,,56173,173
2019237,2019-09-01,50145210,,8409,1040,13814,346,,
2019238,2019-09-02,48404740,,14189,1040,,,30281,173
2019239,2019-09-03,49092720,,32473,1040,,,44879,173
2019240,2019-09-04,50292306,,20083,1040,14781,346,,
2019241,2019-09-05,49966932,,10470,1040,,,20492,173
2019242,2019-09-06,51441366,,15171,1040,,,32145,160
2019243,2019-09-07,48249510,,14598,1040,,,26357,173
2019244,2019-09-08,49437262,,41015,1040,28363,346,,
2019245,2019-09-09,48800276,,18625,1040,,,35634,173
2019246,2019-09-10,49265422,,11669,1040,,,37484,173
2019247,2019-09-11,48739190,,12405,1040,,,36327,173
2019248,2019-09-12,49316858,,13115,1040,17014,346,,
2019249,2019-09-13,44168920,,15796,1040,,,29817,173
2019250,2019-09-14,46924260,,7382,1040,10530,346,,
2019251,2019-09-15,48958204,,5896,1040,6126,346,,
2019252,2019-09-16,49165412,,28314,1040,,,50353,173
2019253,2019-09-17,50890314,,9555,1040,,,34574,173
2019254,2019-09-18,51180018,,15567,1040,15865,346,,
2019255,2019-09-19,51893196,,15146,1040,,,39024,173
2019256,2019-09-20,53183748,,25949,1040,,,40409,173
2019257,2019-09-21,50969510,,15954,1040,13629,346,,
2019258,2019-09-22,49732680,,15740,1040,,,25941,160
2019259,2019-09-23,49523654,,29480,1040,26572,346,,
2019260,2019-09-24,49170182,,19358,1040,23691,346,,
2019261,2019-09-25,49167122,,8383,1040,,,25633,173
2019262,2019-09-26,51105400,,10573,1040,,,22189,173
2019263,2019-09-27,52872814,,8725,1040,12592,346,,
2019264,2019-09-28,49952376,,46473,1040,,,64460,173
2019265,2019-09-29,52888854,,149502,1040,,,,
2019266,2019-09-30,50078022,,9883,1040,,,24591,173
2019267,2019-10-08,49041746,,31749,1040,21472,346,,
2019268,2019-10-09,47912294,,17082,1040,14896,346,,
2019269,2019-10-10,49266492,,28730,1040,,,52012,173
2019270,2019-10-11,52131682,,19177,1040,,,26455,173
2019271,2019-10-12,50567192,,28383,1040,,,67333,173
2019272,2019-10-13,50261790,,12145,1040,13600,346,,
2019273,2019-10-14,49310800,,32115,1040,,,53363,173
2019274,2019-10-15,50482998,,12834,1040,,,0,173
2019275,2019-10-16,49940810,,16041,1040,,,0,173
2019276,2019-10-17,51375390,,13932,1040,,,0,173
2019277,2019-10-18,52327778,,13744,1040,,,0,173
2019278,2019-10-19,49087090,,11237,1040,,,28600,173
2019279,2019-10-20,49654432,,16385,1040,18255,346,,
2019280,2019-10-21,49878890,,12648,1040,,,29551,173
2019281,2019-10-22,50047472,,17937,1040,,,43175,173
2019282,2019-10-23,49135928,,19058,1040,19223,346,,
2019283,2019-10-24,49284480,,41103,1040,,,,
2019284,2019-10-25,46722744,,13476,1040,,,40763,173
2019285,2019-10-26,47193624,,13653,1040,,,28586,173
2019286,2019-10-27,49078450,,12828,1040,,,0,173
2019287,2019-10-28,50071124,,30356,1040,,,0,173
2019288,2019-10-29,52665838,,14296,1040,,,45777,173
2019289,2019-10-30,52389726,,25063,1040,,,55061,173
2019290,2019-10-31,54132250,,23940,1040,,,31215,173
2019291,2019-11-01,52644322,,11582,1040,19408,346,,
2019292,2019-11-02,47233500,,11022,1040,,,23946,173
2019293,2019-11-03,49857672,,13799,1040,21134,346,,
2019294,2019-11-04,48474550,,18388,1040,,,49797,173
2019295,2019-11-05,50530332,,16973,1040,16923,346,,
2019296,2019-11-06,48922004,,39862,1040,,,55860,160
2019297,2019-11-07,50159340,,18772,1040,,,38047,173
2019298,2019-11-08,51575226,,11836,1040,15694,346,,
2019299,2019-11-09,48259852,,17493,1040,,,48844,173
2019300,2019-11-10,50187738,,19469,1040,,,66111,173
2019301,2019-11-11,51922982,,36052,1040,,,42728,173
2019302,2019-11-12,50465404,,17830,1040,,,33809,173
2019303,2019-11-13,51208598,,21899,1040,16156,346,,
2019304,2019-11-14,48816052,,11280,1040,,,36571,173
2019305,2019-11-15,51505150,,18646,1040,,,34521,173
2019306,2019-11-16,50605628,,19415,1040,,,55554,173
2019307,2019-11-17,50744790,,10810,1040,,,20942,173
2019308,2019-11-18,50830532,,27929,1040,,,46738,173
2019309,2019-11-19,51094128,,18275,1040,,,32833,173
2019310,2019-11-20,52210846,,14977,1040,,,37043,173
2019311,2019-11-21,52634832,,24521,1040,,,45837,173
2019312,2019-11-22,56823986,,8084,1040,,,25552,173
2019313,2019-11-23,51955238,,7299,1040,,,17647,173
2019314,2019-11-24,52344878,,27542,1040,,,32626,173
2019315,2019-11-25,52892524,,16364,1040,,,39815,173
2019316,2019-11-26,53860634,,15604,1040,25047,346,,
2019317,2019-11-27,50245748,,24052,1040,,,42678,173
2019318,2019-11-28,52192596,,40665,1040,32832,346,,
2019319,2019-11-29,53838644,,75219,1040,,,,
2019320,2019-11-30,47037654,,13000,1040,9084,346,,
2019321,2019-12-01,49668668,,27168,1040,,,58442,173
2019322,2019-12-02,53195472,,11297,1040,14061,346,,
2019323,2019-12-03,52528100,,22781,1040,,,37000,173
2019324,2019-12-04,53338038,,21687,1040,,,40162,173
2019325,2019-12-05,53637026,,22450,1040,,,50179,173
2019326,2019-12-06,55306060,,23944,1040,21363,346,,
2019327,2019-12-07,52224394,,11832,1040,11801,346,,
2019328,2019-12-08,52390798,,18684,1040,,,29366,173
2019329,2019-12-09,54665966,,14734,1040,,,33750,173
2019330,2019-12-10,53494648,,23264,1040,,,56730,160
2019331,2019-12-11,55237728,,24798,1040,25404,346,,
2019332,2019-12-12,55423370,,20270,1040,19245,320,,
2019333,2019-12-13,56470988,,32425,1040,,,54505,173
2019334,2019-12-14,52611832,,66862,1040,,,,
2019335,2019-12-15,48590484,,9382,1040,7297,346,,
2019336,2019-12-16,51262892,,15429,1040,16762,346,,
2019337,2019-12-17,53017670,,18363,1040,11701,320,,
2019338,2019-12-18,52269144,,27565,1040,,,41468,173
2019339,2019-12-19,52817084,,13059,1040,,,28591,173
2019340,2019-12-20,53843532,,10794,1040,,,23383,173
2019341,2019-12-21,50642422,,12563,1040,,,24429,173
2019342,2019-12-22,52092730,,44455,1040,,,57215,173
2019343,2019-12-23,53837278,,32466,1040,,,39987,173
2019344,2019-12-24,56396098,,14152,1040,,,37269,173
2019345,2019-12-25,55564466,,16664,1040,19736,346,,
2019346,2019-12-26,54675528,,22282,1040,,,54130,173
2019347,2019-12-27,57773292,,42497,1040,,,73658,173
2019348,2019-12-28,55349204,,17749,1040,21614,346,,
2019349,2019-12-29,55298356,,14571,1040,17696,346,,
2019350,2019-12-30,54045920,,26324,1040,,,41561,173
2019351,2019-12-31,55072180,,23134,1040,,,52118,173
2020001,2020-01-01,54445222,,16931,1040,,,30240,173
2020002,2020-01-02,56697296,,26726,1040,18183,346,,
2020003,2020-01-03,56958150,,9853,1040,9825,346,,
2020004,2020-01-04,52674916,,9311,1040,,,16663,173
2020005,2020-01-05,53801958,,8806,1040,,,23485,173
2020006,2020-01-06,53386838,,27188,1040,,,49867,173
2020007,2020-01-07,55397054,,13993,1040,,,40684,173
2020008,2020-01-08,55273444,,11129,1040,,,21663,173
2020009,2020-01-09,56165148,,19774,1040,,,45167,173
2020010,2020-01-10,57062116,,39041,1040,,,52676,173
2020011,2020-01-11,57699334,,12310,1040,,,31402,173
2020012,2020-01-12,55309806,,21683,1040,,,29096,173
2020013,2020-01-13,57053458,,29523,1040,38220,346,,
2020014,2020-01-14,56382366,,18634,1040,,,42221,173
2020015,2020-01-15,56361312,,43085,1040,,,54065,173
2020016,2020-01-16,58405100,,28917,1040,,,34807,173
2020017,2020-01-17,59785862,,15908,1040,23930,346,,
2020018,2020-01-18,55811304,,33673,1040,,,42809,173
2020019,2020-01-19,57944896,,14179,1040,,,25573,173
2020020,2020-01-20,57794952,,19696,1040,,,35762,173
2020021,2020-01-21,61713208,,17101,1040,,,26209,173
2020022,2020-03-11,20223386,,6057,1040,,,10656,173
2020023,2020-03-12,17862892,,4047,1040,4195,346,,
2020024,2020-03-13,22079690,,10284,1040,,,15533,173
2020025,2020-03-14,22340486,,6037,1040,,,15695,173
2020026,2020-03-15,23948054,,5832,1040,5800,346,,
2020027,2020-03-16,27537694,,6719,1040,,,14485,173
2020028,2020-03-17,28969874,,6407,1040,,,25236,173
2020029,2020-03-18,30774626,,4476,1040,,,10072,173
2020030,2020-03-19,31620776,,8411,1040,,,35620,173
2020031,2020-03-20,34351132,,12191,1040,9921,346,,
2020032,2020-03-21,32368690,,15675,1040,,,30264,173
2020033,2020-03-22,34406060,,9287,1040,8707,346,,
2020034,2020-03-23,34730190,,21274,1040,,,39083,173
2020035,2020-03-24,37881234,,5880,1040,7554,346,,
2020036,2020-03-25,37218534,,11436,1040,,,24268,173
2020037,2020-03-26,38445000,,26792,1040,,,47240,173
2020038,2020-03-27,41075536,,26847,1040,,,58849,173
2020039,2020-03-28,39329594,,9180,1040,,,35953,173
2020040,2020-03-29,40500670,,7547,1040,9008,346,,
2020041,2020-03-30,39691580,,27022,1040,,,70697,173
2020042,2020-03-31,42023254,,8999,1040,,,19913,173
2020043,2020-04-01,42499454,,37119,1040,,,40264,173
2020044,2020-04-02,43593374,,15530,1040,13489,346,,
2020045,2020-04-03,44660288,,24319,1040,,,37303,173
2020046,2020-04-04,44400960,,5897,1040,8458,346,,
2020047,2020-04-05,43788504,,7975,1040,,,33299,173
2020048,2020-04-06,45337398,,10134,1040,10966,346,,
2020049,2020-04-07,44631354,,10099,1040,,,30554,173
2020050,2020-04-08,46026572,,19490,1040,,,43889,173
2020051,2020-04-09,47775790,,10834,1040,13857,346,,
2020052,2020-04-10,47969096,,15945,1040,,,29171,173
2020053,2020-04-11,46039066,,9890,1040,,,18201,173
2020054,2020-04-12,46853226,,25454,1040,,,65684,173
2020055,2020-04-13,48056876,,14024,1040,,,38950,173
2020056,2020-04-14,49319086,,6944,1040,,,26558,173
2020057,2020-04-15,48864752,,19994,1040,23418,346,,
2020058,2020-04-16,48927044,,13222,1040,,,37584,173
2020059,2020-04-17,51608608,,9087,1040,,,32583,173
2020060,2020-04-18,50090050,,19857,1040,17408,346,,
2020061,2020-04-19,49776926,,24083,1040,24690,346,,
2020062,2020-04-20,50124918,,6238,1040,,,18298,173
2020063,2020-04-21,50868078,,19984,1040,15628,346,,
2020064,2020-04-22,49618330,,12438,1040,,,57395,173
2020065,2020-04-23,50364890,,16041,1040,,,48500,173
2020066,2020-04-24,52045212,,16957,1040,,,29665,173
2020067,2020-04-25,49951644,,5341,1040,,,12417,173
2020068,2020-04-26,50628080,,15625,1040,,,54980,173
2020069,2020-04-27,51672716,,15722,1040,,,36813,173
2020070,2020-04-28,51536016,,25004,1040,,,48107,173
2020071,2020-04-29,52518522,,15856,1040,,,28993,173
2020072,2020-04-30,51848168,,23822,1040,,,37498,173
2020073,2020-05-01,52430196,,14883,1040,,,29603,173
2020074,2020-05-02,50109170,,8552,1040,,,21257,173
2020075,2020-05-03,50731570,,16581,1040,,,46139,173
2020076,2020-05-04,51907210,,7850,1040,,,27442,173
2020077,2020-05-05,52401932,,22031,1040,22946,346,,
2020078,2020-05-06,47952242,,19412,1040,,,42623,173
2020079,2020-05-07,50771038,,9125,1040,,,25784,173
2020080,2020-05-08,52406050,,16647,1040,19871,346,,
2020081,2020-05-09,50295044,,25727,1040,,,55220,173
2020082,2020-05-10,49718758,,11763,1040,18625,346,,
2020083,2020-05-11,49301010,,8098,1040,10290,346,,
2020084,2020-05-12,49913240,,23526,1040,,,38962,173
2020085,2020-05-13,51545788,,28481,1040,20086,346,,
2020086,2020-05-14,51418484,,17130,1040,,,24793,173
2020087,2020-05-15,52783636,,15226,1040,15133,346,,
2020088,2020-05-16,49180204,,27117,1040,,,57379,173
2020089,2020-05-17,50203882,,16936,1040,19745,346,,
2020090,2020-05-18,49942476,,12877,1040,15382,346,,
2020091,2020-05-19,50315020,,15702,1040,16860,346,,
2020092,2020-05-20,51030176,,17732,1040,,,44150,173
2020093,2020-05-21,51429870,,17567,1040,,,29685,173
2020094,2020-05-22,52246588,,15326,1040,13128,346,,
2020095,2020-05-23,49219876,,14890,1040,,,30528,173
2020096,2020-05-24,51314394,,87640,1040,,,,
2020097,2020-05-25,48148280,,7235,1040,,,19188,173
2020098,2020-05-26,50963212,,34560,1040,22848,346,,
2020099,2020-05-27,51786866,,11957,1040,,,38494,173
2020100,2020-05-28,53559284,,17084,1040,16161,346,,
2020101,2020-05-29,53396134,,15376,1040,,,42579,173
2020102,2020-05-30,52286306,,13987,1040,,,38887,173
2020103,2020-05-31,52306248,,16600,1040,,,27273,173
2020104,2020-06-01,53890268,,20883,1040,,,45540,173
2020105,2020-06-02,55390302,,19033,1040,,,44013,173
2020106,2020-06-03,54457170,,11389,1040,,,32130,173
2020107,2020-06-04,55883970,,21904,1040,,,42624,173
2020108,2020-06-05,58357952,,11495,1040,23942,346,,
2020109,2020-06-06,52747450,,26679,1040,18368,346,,
2020110,2020-06-07,54957030,,9469,1040,,,36307,173
2020111,2020-06-08,55036796,,12156,1040,17252,346,,
2020112,2020-06-09,53188020,,46110,1040,,,40622,173
2020113,2020-06-10,54287010,,14980,1040,,,40775,173
2020114,2020-06-11,55146612,,27609,1040,27954,346,,
2020115,2020-06-12,55409124,,11495,1040,,,39677,173
2020116,2020-06-13,53413910,,20672,1040,16390,346,,
2020117,2020-06-14,52506464,,22071,1040,,,50291,173
2020118,2020-06-15,54227698,,17895,1040,,,37094,173
2020119,2020-06-16,55127214,,10921,1040,,,27271,173
2020120,2020-06-17,54661454,,22613,1040,,,35779,173
2020121,2020-06-18,53513890,,22678,1040,,,39477,173
2020122,2020-06-19,55188344,,24240,1040,,,47614,173
2020123,2020-06-20,52891278,,12783,1040,,,18640,173
2020124,2020-06-21,53537900,,14218,1040,,,40767,173
2020125,2020-06-22,53513818,,20714,1040,,,48803,173
2020126,2020-06-23,54615708,,18429,1040,,,34136,173
2020127,2020-06-24,54553328,,26254,1040,43091,346,,
2020128,2020-06-25,49272444,,13733,1040,18758,346,,
2020129,2020-06-26,51855324,,12911,1040,,,29220,173
2020130,2020-06-27,51330424,,15115,1040,16834,346,,
2020131,2020-06-28,50440222,,7786,1040,,,24095,173
2020132,2020-06-29,50588730,,15906,1040,,,30139,173
2020133,2020-06-30,51105690,,33645,1040,,,46579,173
2020134,2020-07-01,52884086,,27287,1040,27567,346,,
2020135,2020-07-02,53338474,,20734,1040,,,38031,173
2020136,2020-07-03,55643140,,31316,1040,,,61540,173
2020137,2020-07-04,55495000,,24250,1040,16486,346,,
2020138,2020-07-05,53305610,,12392,1040,9753,346,,
2020139,2020-07-06,50705244,,6817,1040,,,24388,173
2020140,2020-07-07,52537126,,33739,1040,,,77995,173
2020141,2020-07-08,53413072,,16978,1040,,,29651,173
2020142,2020-07-09,54349078,,34712,1040,29770,346,,
2020143,2020-07-10,53111074,,12430,1040,,,22951,173
2020144,2020-07-11,53290382,,15089,1040,,,39568,173
2020145,2020-07-12,52662790,,11729,1040,,,24098,173
2020146,2020-07-13,52504486,,14000,1040,18296,346,,
2020147,2020-07-14,51975092,,9331,1040,,,25277,173
2020148,2020-07-15,53143090,,11907,1040,,,36551,173
2020149,2020-07-16,54157484,,8716,1040,,,29449,173
2020150,2020-07-17,55172862,,43891,1040,,,35778,173
2020151,2020-07-18,53508940,,14813,1040,20326,346,,
2020152,2020-07-19,50842688,,9676,1040,,,35091,173
2020153,2020-07-20,52010410,,39198,1040,,,62809,173
2020154,2020-07-21,53611496,,29976,1040,22117,346,,
2020155,2020-07-22,52889424,,14033,1040,17734,346,,
2020156,2020-07-23,50744134,,11938,1040,11400,346,,
2020157,2020-07-24,51303070,,12778,1040,11242,346,,
2020158,2020-07-25,47482068,,27701,1040,,,54457,173
2020159,2020-07-26,48388886,,13423,1040,,,39516,173
2020160,2020-07-27,51393264,,10312,1040,,,27662,173
2020161,2020-07-28,51792716,,31466,1040,26171,346,,
2020162,2020-07-29,52058006,,17723,1040,,,31188,173
2020163,2020-07-30,52088820,,22875,1040,,,26464,173
2020164,2020-07-31,53246900,,16360,1040,,,38218,173
2020165,2020-08-01,50282840,,19994,1040,,,30414,173
2020166,2020-08-02,52206994,,34900,1040,31844,346,,
2020167,2020-08-03,51899248,,22174,1040,,,44188,173
2020168,2020-08-04,53598760,,21391,1040,,,39653,173
2020169,2020-08-05,52435740,,11260,1040,,,34235,173
2020170,2020-08-06,52303322,,9151,1040,,,43566,173
2020171,2020-08-07,54464362,,20386,1040,,,29658,173
2020172,2020-08-08,53124980,,8914,1040,,,19319,173
2020173,2020-08-09,51482022,,29452,1040,23324,346,,
2020174,2020-08-10,52004062,,25281,1040,,,43649,173
2020175,2020-08-11,50371974,,21254,1040,,,30622,173
2020176,2020-08-12,50754548,,10034,1040,15254,346,,
2020177,2020-08-13,49940338,,13374,1040,,,26670,173
2020178,2020-08-14,51442316,,22633,1040,,,34873,173
2020179,2020-08-15,51664118,,24195,1040,19945,346,,
2020180,2020-08-16,50260522,,11886,1040,16869,346,,
2020181,2020-08-17,50515650,,16088,1040,14326,346,,
2020182,2020-08-18,51278272,,12556,1040,,,42836,173
2020183,2020-08-19,50627570,,14781,1040,,,30965,173
2020184,2020-08-20,51525752,,9305,1040,11935,346,,
2020185,2020-08-21,49420054,,25127,1040,,,47152,173
2020186,2020-08-22,50204768,,14003,1040,,,24676,173
2020187,2020-08-23,51002998,,21361,1040,,,28557,173
2020188,2020-08-24,52292706,,19513,1040,,,46274,173
2020189,2020-08-25,52539702,,14417,1040,,,32161,173
2020190,2020-08-26,52546452,,18665,1040,29425,346,,
2020191,2020-08-27,51186940,,12834,1040,,,28053,173
2020192,2020-08-28,53278868,,13932,1040,,,39379,173
2020193,2020-08-29,52208932,,8713,1040,10530,346,,
2020194,2020-08-30,51574456,,17791,1040,,,41751,173
2020195,2020-08-31,52168904,,9216,1040,,,28350,173
2020196,2020-09-01,51889922,,24051,1040,,,56805,173
2020197,2020-09-02,51986036,,17618,1040,,,34473,173
2020198,2020-09-03,52446312,,16486,1040,,,43506,173
2020199,2020-09-04,53578848,,37655,1040,,,49746,173
2020200,2020-09-05,51862892,,8553,1040,,,21433,173
2020201,2020-09-06,52510562,,14263,1040,,,38087,173
2020202,2020-09-07,53962308,,7107,1040,,,22963,173
2020203,2020-09-08,54004866,,22887,1040,26952,346,,
2020204,2020-09-09,49601596,,14800,1040,,,29557,173
2020205,2020-09-10,52164360,,10335,1040,15064,346,,
2020206,2020-09-11,52985814,,16155,1040,,,44818,173
2020207,2020-09-12,51571532,,30072,1040,,,31718,173
2020208,2020-09-13,53253462,,15017,1040,12562,346,,
2020209,2020-09-14,50847670,,16888,1040,15505,346,,
2020210,2020-09-15,51558226,,24462,1040,,,57600,173
2020211,2020-09-16,53543378,,12759,1040,,,34616,173
2020212,2020-09-17,53161928,,19465,1040,,,32554,173
2020213,2020-09-18,56064924,,10654,1040,,,26713,173
2020214,2020-09-19,53608208,,23359,1040,,,50172,173
2020215,2020-09-20,53792032,,28805,1040,27208,346,,
2020216,2020-09-21,52597838,,40827,1040,,,70323,173
2020217,2020-09-22,53291592,,25076,1040,,,57930,173
2020218,2020-09-23,53196640,,8691,1040,,,19788,173
2020219,2020-09-24,53383460,,18980,1040,,,55572,173
2020220,2020-09-25,55060184,,8287,1040,,,40384,173
2020221,2020-09-26,53975434,,23837,1040,29863,346,,
2020222,2020-09-27,52690546,,27972,1040,,,46141,173
2020223,2020-09-28,53485510,,12364,1040,,,31742,173
2020224,2020-09-29,53916772,,29560,1040,,,51407,173
2020225,2020-09-30,53033832,,13717,1040,,,27207,173
2020226,2020-10-05,46525474,,20667,1040,,,42384,173
2020227,2020-10-06,49383540,,31528,1040,,,62228,173
2020228,2020-10-07,52063292,,8570,1040,,,24710,173
2020229,2020-10-08,53101760,,28059,1040,22641,346,,
2020230,2020-10-09,53026004,,33581,1040,,,58390,173
2020231,2020-10-10,54813014,,22004,1040,,,52928,173
2020232,2020-10-11,53858674,,21219,1040,,,42825,173
2020233,2020-10-12,55953104,,31002,1040,,,57667,173
2020234,2020-10-13,55953612,,17380,1040,,,54070,173
2020235,2020-10-14,55999260,,10797,1040,,,33912,173
2020236,2020-10-15,56975264,,31051,1040,,,40853,173
2020237,2020-10-16,59558058,,10391,1040,,,47021,173
2020238,2020-10-17,57435928,,16921,1040,29212,346,,
2020239,2020-10-18,52603292,,27178,1040,,,47935,173
2020240,2020-10-19,55340682,,31724,1040,31341,346,,
2020241,2020-10-20,54625248,,8789,1040,10688,346,,
2020242,2020-10-21,54776416,,28520,1040,,,40697,173
2020243,2020-10-22,55895030,,29239,1040,,,45896,173
2020244,2020-10-23,58433178,,19383,1040,13587,346,,
2020245,2020-10-24,55151378,,13402,1040,,,36128,173
2020246,2020-10-25,56725912,,18808,1040,,,62414,173
2020247,2020-10-26,56637986,,12346,1040,,,29330,173
2020248,2020-10-27,57150844,,11531,1040,17932,346,,
2020249,2020-10-28,54856806,,28577,1040,,,51417,173
2020250,2020-10-29,56374908,,18263,1040,,,60248,173
2020251,2020-10-30,57361298,,21090,1040,20003,346,,
2020252,2020-10-31,53454318,,27713,1040,,,60349,173
2020253,2020-11-01,54906476,,11057,1040,14746,346,,
2020254,2020-11-02,54328804,,21805,1040,19725,346,,
2020255,2020-11-03,53897822,,21471,1040,,,38093,173
2020256,2020-11-04,54177992,,21758,1040,20123,346,,
2020257,2020-11-05,55246022,,7514,1040,,,30177,173
2020258,2020-11-06,54896696,,9127,1040,,,26316,173
2020259,2020-11-07,51452764,,5992,1040,,,11822,173
2020260,2020-11-08,50530122,,10414,1040,,,24024,173
2020261,2020-11-09,53104500,,7502,1040,,,21995,173
2020262,2020-11-10,53571162,,25065,1040,,,34500,173
2020263,2020-11-11,54894102,,9581,1040,13838,346,,
2020264,2020-11-12,51891206,,23120,1040,,,35715,173
2020265,2020-11-13,54993846,,24395,1040,,,37154,173
2020266,2020-11-14,54058228,,18803,1040,,,37806,173
2020267,2020-11-15,54916836,,34171,1040,34338,346,,
2020268,2020-11-16,55833344,,8710,1040,,,27042,173
2020269,2020-11-17,55067576,,19772,1040,,,72413,173
2020270,2020-11-18,55301918,,53291,1040,,,64587,173
2020271,2020-11-19,55905100,,15045,1040,17212,346,,
2020272,2020-11-20,55914964,,19280,1040,,,48919,173
2020273,2020-11-21,54583322,,14535,1040,,,29460,173
2020274,2020-11-22,55911914,,26314,1040,,,57457,173
2020275,2020-11-23,57774460,,18043,1040,24558,346,,
2020276,2020-11-24,55687720,,14742,1040,13068,346,,
2020277,2020-11-25,55548038,,41690,1040,,,53654,173
2020278,2020-11-26,54824196,,13930,1040,,,25581,173
2020279,2020-11-27,56064108,,30377,1040,21506,346,,
2020280,2020-11-28,52937998,,8771,1040,9600,346,,
2020281,2020-11-29,51831466,,27823,1040,19617,346,,
2020282,2020-11-30,54852898,,11013,1040,14038,346,,
2020283,2020-12-01,53644184,,11851,1040,,,32281,173
2020284,2020-12-02,54278218,,14389,1040,,,31094,173
2020285,2020-12-03,55249250,,46234,1040,,,64241,173
2020286,2020-12-04,58676900,,49328,1040,,,56138,173
2020287,2020-12-05,58045226,,19543,1040,,,43847,173
2020288,2020-12-06,58903182,,18222,1040,,,44129,173
2020289,2020-12-07,57865692,,10820,1040,,,26422,173
2020290,2020-12-08,59369102,,18710,1040,,,40160,173
2020291,2020-12-09,60361616,,41109,1040,,,97616,173
2020292,2020-12-10,61293462,,15722,1040,,,31891,173
2020293,2020-12-11,63327892,,31889,1040,41274,346,,
2020294,2020-12-12,57759752,,11260,1040,,,34359,173
2020295,2020-12-13,58105642,,28260,1040,,,46025,173
2020296,2020-12-14,58309436,,18764,1040,23076,346,,
2020297,2020-12-15,55842588,,6080,1040,,,17235,173
2020298,2020-12-16,57289118,,27854,1040,,,53202,173
2020299,2020-12-17,59970704,,17368,1040,,,51946,173
2020300,2020-12-18,60344968,,26209,1040,25985,346,,
2020301,2020-12-19,55630070,,20868,1040,,,45689,173
2020302,2020-12-20,58532522,,17233,1040,,,44681,173
2020303,2020-12-21,58831366,,17878,1040,,,56118,173
2020304,2020-12-22,60428922,,22570,1040,,,59922,173
2020305,2020-12-23,61519238,,29023,1040,,,43610,173
2020306,2020-12-24,60876588,,20989,1040,,,39482,173
2020307,2020-12-25,62131114,,75974,1040,,,84531,173
2020308,2020-12-26,60962440,,26494,1040,27474,346,,
2020309,2020-12-27,59896060,,26301,1040,,,54683,173
2020310,2020-12-28,63153920,,33558,1040,22159,346,,
2020311,2020-12-29,59850846,,17391,1040,,,52995,173
2020312,2020-12-30,61126372,,13874,1040,15799,346,,
2020313,2020-12-31,60320250,,33456,1040,,,64520,173
2021001,2021-01-01,58635204,,20366,1040,20512,346,,
2021002,2021-01-02,57839894,,18827,1040,20885,346,,
2021003,2021-01-03,58468656,,22490,1040,16645,346,,
2021004,2021-01-04,59924158,,21048,1040,,,36334,173
2021005,2021-01-05,59457084,,23484,1040,,,44069,173
2021006,2021-01-06,59872416,,9989,1040,14163,346,,
2021007,2021-01-07,57221124,,39585,1040,,,55720,173
2021008,2021-01-08,57940430,,24916,1040,,,45234,173
2021009,2021-01-09,57724234,,34573,1040,21000,346,,
2021010,2021-01-10,58486662,,18817,1040,22232,346,,
2021011,2021-01-11,57878334,,13700,1040,,,31185,173
2021012,2021-01-12,58788364,,18059,1040,,,43308,173
2021013,2021-01-13,58193002,,13191,1040,17723,346,,
2021014,2021-01-14,58223780,,15333,1040,,,44923,173
2021015,2021-01-15,60119346,,27371,1040,,,44156,173
2021016,2021-01-16,58625554,,24640,1040,,,54199,173
2021017,2021-01-17,57867232,,15657,1040,,,36993,173
2021018,2021-01-18,59134506,,24401,1040,,,50379,173
2021019,2021-01-19,60781076,,21167,1040,,,41965,173
2021020,2021-01-20,61248286,,14337,1040,20748,346,,
2021021,2021-01-21,59467518,,19101,1040,,,31308,173
2021022,2021-01-22,59926504,,11738,1040,11272,346,,
2021023,2021-01-23,57307528,,8546,1040,8864,346,,
2021024,2021-01-24,56945230,,20023,1040,17948,346,,
2021025,2021-01-25,54735192,,16116,1040,,,40404,173
2021026,2021-01-26,57082612,,16905,1040,,,57022,173
2021027,2021-01-27,59616144,,20209,1040,,,39110,173
2021028,2021-01-28,58921168,,20877,1040,,,42749,173
2021029,2021-01-29,61108130,,33469,1040,,,35293,173
2021030,2021-01-30,58897176,,14394,1040,,,42869,173
2021031,2021-01-31,60618482,,18563,1040,,,29083,173
2021032,2021-02-01,60880296,,6993,1040,,,24268,173
2021033,2021-02-02,61285272,,19059,1040,,,72087,173
2021034,2021-02-03,63493798,,29021,1040,,,43229,173
2021035,2021-02-04,66056130,,8199,1040,,,23747,173
2021036,2021-02-05,67287352,,34795,1040,62559,346,,
2021037,2021-02-06,61007166,,17336,1040,25711,346,,
2021038,2021-02-07,63158702,,21044,1040,,,50673,173
2021039,2021-02-08,66694606,,34571,1040,,,60523,173
2021040,2021-02-19,57761764,,18338,1040,,,37883,173
2021041,2021-02-20,53133262,,27169,1040,,,48597,173
2021042,2021-02-21,56897822,,6638,1040,,,28160,173
2021043,2021-02-22,56960342,,17358,1040,,,44306,173
2021044,2021-02-23,58245092,,19955,1040,28401,346,,
2021045,2021-02-24,56380198,,19685,1040,20642,346,,
2021046,2021-02-25,56019840,,20944,1040,,,45005,173
2021047,2021-02-26,59110110,,17333,1040,,,48984,173
2021048,2021-02-27,57952912,,11272,1040,12902,346,,
2021049,2021-02-28,57232802,,27747,1040,24781,346,,
2021050,2021-03-01,56551752,,20250,1040,,,50895,173
2021051,2021-03-02,60646406,,23436,1040,,,43174,173
2021052,2021-03-03,60619074,,37256,1040,,,42227,173
2021053,2021-03-04,61125692,,14737,1040,,,43799,173
2021054,2021-03-05,60987872,,23786,1040,,,67483,173
2021055,2021-03-06,59407374,,34060,1040,,,64933,173
2021056,2021-03-07,60820914,,15944,1040,,,43272,173
2021057,2021-03-08,61448750,,20623,1040,41163,346,,
2021058,2021-03-09,58405548,,14739,1040,,,51577,173
2021059,2021-03-10,61422228,,13440,1040,,,45380,173
2021060,2021-03-11,61782930,,31955,1040,,,47116,173
2021061,2021-03-12,65257212,,17461,1040,,,37950,173
2021062,2021-03-13,61366456,,18531,1040,,,36681,173
2021063,2021-03-14,63801840,,18561,1040,25714,346,,
2021064,2021-03-15,61328162,,15244,1040,,,43878,173
2021065,2021-03-16,64279946,,13812,1040,,,41461,173
2021066,2021-03-17,63090244,,20702,1040,,,58172,173
2021067,2021-03-18,65726406,,16322,1040,,,28415,173
2021068,2021-03-19,63748760,,11935,1040,,,46262,173
2021069,2021-03-20,62943492,,28310,1040,40457,346,,
2021070,2021-03-21,61320722,,30709,1040,,,51056,173
2021071,2021-03-22,63508522,,15434,1040,,,40074,173
2021072,2021-03-23,64605664,,8117,1040,11544,346,,
2021073,2021-03-24,62586902,,39085,1040,,,67736,173
2021074,2021-03-25,62127014,,46609,1040,,,78618,173
2021075,2021-03-26,68015596,,15706,1040,16985,346,,
2021076,2021-03-27,61766626,,24072,1040,,,86038,173
2021077,2021-03-28,64650982,,31735,1040,,,92067,173
2021078,2021-03-29,66480782,,16253,1040,,,53308,173
2021079,2021-03-30,67398742,,27459,1040,,,57061,173
2021080,2021-03-31,67412432,,32040,1040,,,81070,173
2021081,2021-04-01,68608118,,23602,1040,,,60289,173
2021082,2021-04-02,67170610,,19476,1040,,,46734,173
2021083,2021-04-03,65184046,,14242,1040,23694,346,,
2021084,2021-04-04,60189468,,15676,1040,19542,346,,
2021085,2021-04-05,62805366,,39801,1040,,,93603,173
2021086,2021-04-06,64747642,,15660,1040,,,61419,173
2021087,2021-04-07,65113666,,12940,1040,,,30602,173
2021088,2021-04-08,64409680,,27871,1040,26991,346,,
2021089,2021-04-09,66564200,,38000,1040,28587,346,,
2021090,2021-04-10,63237792,,30543,1040,,,58402,173
2021091,2021-04-11,66757648,,17262,1040,,,51513,173
2021092,2021-04-12,66779754,,13904,1040,,,44290,173
2021093,2021-04-13,67127122,,101447,1040,,,,
2021094,2021-04-14,62882476,,26916,1040,30026,346,,
2021095,2021-04-15,65366314,,29036,1040,21848,346,,
2021096,2021-04-16,67387250,,14410,1040,15607,346,,
2021097,2021-04-17,65059832,,43667,1040,,,81343,173
2021098,2021-04-18,65584728,,13616,1040,,,35416,173
2021099,2021-04-19,67016658,,12130,1040,,,51691,173
2021100,2021-04-20,65929940,,23629,1040,25735,346,,
2021101,2021-04-21,66893440,,32280,1040,,,62274,173
2021102,2021-04-22,68759076,,20047,1040,,,40550,173
2021103,2021-04-23,70079280,,35544,1040,,,57288,173
2021104,2021-04-24,66930996,,32663,1040,,,86837,173
2021105,2021-04-25,70429126,,19386,1040,,,41688,173
2021106,2021-04-26,70344102,,21899,1040,,,72275,173
2021107,2021-04-27,71196946,,7301,1040,,,20848,173
2021108,2021-04-28,68922228,,12474,1040,,,33661,173
2021109,2021-04-29,69977066,,21790,1040,,,57422,173
2021110,2021-04-30,70345548,,20870,1040,,,58136,173
2021111,2021-05-01,65409100,,24568,1040,,,43442,173
2021112,2021-05-02,67124724,,17189,1040,,,47029,173
2021113,2021-05-03,69082764,,19173,1040,,,29654,173
2021114,2021-05-04,70309898,,21085,1040,52269,346,,
2021115,2021-05-05,66600032,,9755,1040,,,27607,173
2021116,2021-05-06,68416532,,19333,1040,28054,346,,
2021117,2021-05-07,69363686,,24483,1040,,,56102,173
2021118,2021-05-08,68544296,,23855,1040,22337,346,,
2021119,2021-05-09,65780912,,12761,1040,,,39055,173
2021120,2021-05-10,68591202,,11008,1040,,,28466,173
2021121,2021-05-11,68763014,,55222,1040,,,53538,173
2021122,2021-05-12,72565370,,15340,1040,,,26341,173
2021123,2021-05-13,69656192,,38426,1040,,,53589,173
2021124,2021-05-14,73684984,,15588,1040,,,39026,173
2021125,2021-05-15,71010838,,15948,1040,,,57898,173
2021126,2021-05-16,70326934,,19254,1040,,,41567,173
2021127,2021-05-17,72418432,,45106,1040,59067,346,,
2021128,2021-05-18,69143864,,21340,1040,,,51955,173
2021129,2021-05-19,71165462,,41969,1040,,,53578,173
2021130,2021-05-20,73563466,,26487,1040,,,69689,173
2021131,2021-05-21,75221434,,17836,1040,24691,346,,
2021132,2021-05-22,68294290,,20918,1040,25609,346,,
2021133,2021-05-23,68518704,,14687,1040,,,34885,173
2021134,2021-05-24,69311822,,36701,1040,,,55232,173
2021135,2021-05-25,70674456,,15508,1040,,,35124,173
2021136,2021-05-26,71539708,,74771,1040,,,,
2021137,2021-05-27,66884842,,12854,1040,17622,346,,
2021138,2021-05-28,69760672,,14900,1040,,,44498,173
2021139,2021-05-29,68538624,,22097,1040,28119,346,,
2021140,2021-05-30,66831714,,17075,1040,,,68691,173
2021141,2021-05-31,67142190,,16407,1040,19120,346,,
2021142,2021-06-01,67664052,,19339,1040,,,53560,173
2021143,2021-06-02,68288658,,22214,1040,23769,346,,
2021144,2021-06-03,67597932,,45408,1040,,,78464,173
2021145,2021-06-04,71076184,,36387,1040,,,72516,173
2021146,2021-06-05,69211152,,21781,1040,21483,346,,
2021147,2021-06-06,68148594,,17256,1040,,,41939,173
2021148,2021-06-07,69651556,,21568,1040,,,32945,173
2021149,2021-06-08,69419682,,15226,1040,,,59014,173
2021150,2021-06-09,71088396,,19950,1040,,,75345,173
2021151,2021-06-10,69967300,,14150,1040,17934,346,,
2021152,2021-06-11,67995324,,22310,1040,,,45622,173
2021153,2021-06-12,66878928,,14645,1040,19776,346,,
2021154,2021-06-13,64315744,,19260,1040,,,51111,173
2021155,2021-06-14,63602240,,95251,1040,,,57143,173
2021156,2021-06-15,66022598,,11016,1040,16997,346,,
2021157,2021-06-16,65323480,,27802,1040,,,54284,173
2021158,2021-06-17,67032752,,14676,1040,,,32179,173
2021159,2021-06-18,67394814,,32350,1040,,,43561,173
2021160,2021-06-19,63944720,,9534,1040,,,42864,173
2021161,2021-06-20,65315216,,19944,1040,25121,346,,
2021162,2021-06-21,62853820,,17059,1040,18314,346,,
2021163,2021-06-22,63488616,,13622,1040,17888,346,,
2021164,2021-06-23,63860474,,19802,1040,,,48126,173
2021165,2021-06-24,65651460,,33568,1040,,,79206,173
2021166,2021-06-25,69275370,,8371,1040,,,28574,173
2021167,2021-06-26,65478110,,31433,1040,,,55763,173
2021168,2021-06-27,66589628,,22058,1040,,,61046,173
2021169,2021-06-28,67451460,,9213,1040,,,30233,173
2021170,2021-06-29,67192034,,47003,1040,,,78738,173
2021171,2021-06-30,65482142,,30953,1040,33300,346,,
2021172,2021-07-01,65381346,,20432,1040,,,44993,173
2021173,2021-07-02,66217804,,26623,1040,,,35550,173
2021174,2021-07-03,63597750,,15394,1040,17671,346,,
2021175,2021-07-04,62851924,,41822,1040,,,63608,173
2021176,2021-07-05,65954060,,14826,1040,,,38265,173
2021177,2021-07-06,66402748,,13767,1040,,,64814,173
2021178,2021-07-07,64115684,,24123,1040,,,54728,173
2021179,2021-07-08,66074536,,9458,1040,16915,346,,
2021180,2021-07-09,65328300,,22608,1040,20956,346,,
2021181,2021-07-10,63392494,,31881,1040,,,51500,173
2021182,2021-07-11,64875336,,22085,1040,,,59491,173
2021183,2021-07-12,65551730,,32611,1040,,,61589,173
2021184,2021-07-13,65253366,,23837,1040,,,43674,173
2021185,2021-07-14,65847814,,24966,1040,,,66525,173
2021186,2021-07-15,67007512,,19207,1040,,,58725,173
2021187,2021-07-16,70331270,,25171,1040,,,37137,173
2021188,2021-07-17,66607220,,17554,1040,,,37469,173
2021189,2021-07-18,67863832,,14190,1040,,,44500,173
2021190,2021-07-19,67355086,,15410,1040,,,34034,173
2021191,2021-07-20,68336984,,25293,1040,,,59872,173
2021192,2021-07-21,68306606,,38278,1040,,,60865,173
2021193,2021-07-22,70876382,,15627,1040,29970,346,,
2021194,2021-07-23,65218636,,16712,1040,21178,346,,
2021195,2021-07-24,62769690,,47355,1040,,,72990,173
2021196,2021-07-25,64244578,,15692,1040,,,36868,173
2021197,2021-07-26,66031694,,24866,1040,,,49951,173
2021198,2021-07-27,66218150,,38521,1040,24693,346,,
2021199,2021-07-28,64945166,,18328,1040,21360,346,,
2021200,2021-07-29,63675216,,41344,1040,,,61340,173
2021201,2021-07-30,66964676,,20613,1040,,,48363,173
2021202,2021-07-31,66436410,,15920,1040,,,42147,173
2021203,2021-08-01,65907976,,21719,1040,,,43516,173
2021204,2021-08-02,64389362,,20018,1040,,,72322,173
2021205,2021-08-03,65184724,,31608,1040,,,60815,173
2021206,2021-08-04,67515320,,16277,1040,,,43165,173
2021207,2021-08-05,68305280,,19637,1040,23578,346,,
2021208,2021-08-06,67645926,,23794,1040,,,63823,173
2021209,2021-08-07,65551664,,45319,1040,,,112549,173
2021210,2021-08-08,67771204,,19439,1040,24572,346,,
2021211,2021-08-09,66086832,,25837,1040,,,71478,173
2021212,2021-08-10,69015132,,36864,1040,,,64361,173
2021213,2021-08-11,71551522,,16834,1040,,,60264,173
2021214,2021-08-12,70037036,,17928,1040,20107,346,,
2021215,2021-08-13,72445296,,25745,1040,,,59658,173
2021216,2021-08-14,68244150,,20541,1040,,,70176,173
2021217,2021-08-15,68299462,,26780,1040,,,52151,173
2021218,2021-08-16,71667920,,21367,1040,,,67297,173
2021219,2021-08-17,71724942,,31899,1040,,,45945,173
2021220,2021-08-18,71464162,,13645,1040,,,37677,173
2021221,2021-08-19,70810958,,12956,1040,17584,346,,
2021222,2021-08-20,68872788,,21310,1040,,,48284,173
2021223,2021-08-21,69288958,,25077,1040,,,76107,173
2021224,2021-08-22,70779020,,29822,1040,24320,346,,
2021225,2021-08-23,66619050,,24260,1040,,,38329,173
2021226,2021-08-24,69031884,,15623,1040,,,61586,173
2021227,2021-08-25,69827228,,9523,1040,,,38110,173
2021228,2021-08-26,68365306,,25702,1040,,,46020,173
2021229,2021-08-27,73388506,,33411,1040,,,55648,173
2021230,2021-08-28,73664154,,17109,1040,,,60819,173
2021231,2021-08-29,74105232,,17071,1040,,,39973,173
2021232,2021-08-30,75506782,,39463,1040,,,85147,173
2021233,2021-08-31,78109772,,14745,1040,,,26842,173
2021234,2021-09-01,77446928,,51674,1040,,,80578,173
2021235,2021-09-02,77404404,,24040,1040,,,69377,173
2021236,2021-09-03,82467424,,34893,1040,47614,346,,
2021237,2021-09-04,73083492,,22548,1040,,,66101,173
2021238,2021-09-05,76965942,,16048,1040,,,57632,173
2021239,2021-09-06,78493804,,17967,1040,,,47839,173
2021240,2021-09-07,76340640,,26786,1040,22176,346,,
2021241,2021-09-08,74443488,,28338,1040,34514,346,,
2021242,2021-09-09,73382220,,18693,1040,,,81930,173
2021243,2021-09-10,74568938,,35869,1040,,,76498,173
2021244,2021-09-11,74237078,,31872,1040,,,104662,173
2021245,2021-09-12,75774538,,19134,1040,30347,346,,
2021246,2021-09-13,73973156,,25325,1040,,,66129,173
2021247,2021-09-14,75245568,,15043,1040,16934,346,,
2021248,2021-09-15,74451900,,18922,1040,19715,346,,
2021249,2021-09-16,73354802,,23813,1040,29839,346,,
2021250,2021-09-17,76117566,,50096,1040,,,97537,173
2021251,2021-09-18,75960488,,22928,1040,28192,346,,
2021252,2021-09-19,71513540,,22868,1040,,,50525,173
2021253,2021-09-20,72001386,,18880,1040,,,64391,173
2021254,2021-09-21,70409200,,19727,1040,,,49002,173
2021255,2021-09-22,76097552,,16717,1040,,,52902,173
2021256,2021-09-23,74089650,,33054,1040,,,61282,173
2021257,2021-09-24,79054638,,61445,1040,,,102732,173
2021258,2021-09-25,77798250,,41033,1040,,,64647,173
2021259,2021-09-26,78566602,,7491,1040,,,25155,173
2021260,2021-09-27,78085274,,28740,1040,,,65994,173
2021261,2021-09-28,79129604,,23259,1040,,,42940,173
2021262,2021-09-29,79722066,,51813,1040,,,92799,173
2021263,2021-09-30,82855682,,16232,1040,,,46861,173
2021264,2021-10-05,71553846,,20561,1040,,,50363,173
2021265,2021-10-06,75087538,,19616,1040,54067,346,,
2021266,2021-10-07,69131276,,13147,1040,,,39983,173
2021267,2021-10-08,74953658,,19206,1040,,,63390,173
2021268,2021-10-09,73463860,,26172,1040,,,63404,173
2021269,2021-10-10,74501620,,37077,1040,,,84905,173
2021270,2021-10-11,77868236,,26448,1040,,,64519,173
2021271,2021-10-12,78110080,,30104,1040,,,90422,173
2021272,2021-10-13,78757158,,41363,1040,,,92176,173
2021273,2021-10-14,79645544,,39828,1040,,,96673,173
2021274,2021-10-15,83293068,,35991,1040,,,110378,173
2021275,2021-10-16,79269766,,54399,1040,,,70288,173
2021276,2021-10-17,82426374,,30206,1040,,,57318,173
2021277,2021-10-18,86356954,,17568,1040,,,80589,173
2021278,2021-10-19,84468722,,21891,1040,,,49165,173
2021279,2021-10-20,88763770,,35115,1040,,,63408,173
2021280,2021-10-21,92616480,,27809,1040,,,74018,173
2021281,2021-10-22,95763964,,34977,1040,,,79985,173
2021282,2021-10-23,92513108,,21330,1040,,,45788,173
2021283,2021-10-24,91138424,,32947,1040,75070,346,,
2021284,2021-10-25,79280260,,16728,1040,,,42496,173
2021285,2021-10-26,79508960,,24209,1040,27263,346,,
2021286,2021-10-27,80633820,,17840,1040,21346,346,,
2021287,2021-10-28,78426670,,18212,1040,,,57958,173
2021288,2021-10-29,81894644,,30040,1040,26460,346,,
2021289,2021-10-30,76063636,,16550,1040,,,48241,173
2021290,2021-10-31,76042296,,40555,1040,,,79584,173
2021291,2021-11-01,78282754,,26302,1040,,,90089,173
2021292,2021-11-02,79397136,,22383,1040,,,68521,173
2021293,2021-11-03,79549304,,24195,1040,,,71166,173
2021294,2021-11-04,79583518,,17047,1040,,,47974,173
2021295,2021-11-05,80555112,,19346,1040,,,54616,173
2021296,2021-11-06,77259076,,18005,1040,,,33293,173
2021297,2021-11-07,75954044,,54686,1040,,,106898,173
2021298,2021-11-08,77187922,,28592,1040,,,92747,173
2021299,2021-11-09,80634078,,15261,1040,,,42059,173
2021300,2021-11-10,80436034,,20371,1040,,,69707,173
2021301,2021-11-11,81289456,,16256,1040,,,40498,173
2021302,2021-11-12,82239326,,37081,1040,,,87011,173
2021303,2021-11-13,81040854,,30144,1040,,,82054,173
2021304,2021-11-14,83420312,,18906,1040,,,56055,173
2021305,2021-11-15,85847828,,17076,1040,,,39974,173
2021306,2021-11-16,85036632,,69081,1040,72142,346,,
2021307,2021-11-17,80157568,,33377,1040,,,81266,173
2021308,2021-11-18,83541720,,31910,1040,,,66628,173
2021309,2021-11-19,86240078,,23039,1040,33217,346,,
2021310,2021-11-20,78801574,,72580,1040,,,110515,173
2021311,2021-11-21,82998184,,35195,1040,,,78632,173
2021312,2021-11-22,84849604,,20000,1040,,,57062,173
2021313,2021-11-23,82308938,,15712,1040,,,65512,173
2021314,2021-11-24,84246062,,18857,1040,16434,346,,
2021315,2021-11-25,79491224,,18668,1040,24262,346,,
2021316,2021-11-26,82600976,,32646,1040,,,66620,173
2021317,2021-11-27,80875774,,33992,1040,,,79420,173
2021318,2021-11-28,82011580,,31619,1040,,,47111,173
2021319,2021-11-29,84599604,,37520,1040,41709,346,,
2021320,2021-11-30,82566158,,126226,1040,,,121886,173
2021321,2021-12-01,86497798,,23026,1040,,,76946,173
2021322,2021-12-02,86073380,,16769,1040,13521,346,,
2021323,2021-12-03,87377664,,76271,1040,,,145578,173
2021324,2021-12-04,83564946,,13906,1040,19169,346,,
2021325,2021-12-05,83003868,,19547,1040,17856,346,,
2021326,2021-12-06,82573140,,24657,1040,,,47835,173
2021327,2021-12-07,82724726,,17014,1040,,,63049,173
2021328,2021-12-08,84889144,,25503,1040,23823,346,,
2021329,2021-12-09,81336212,,30841,1040,,,79051,173
2021330,2021-12-10,88083376,,33610,1040,33681,346,,
2021331,2021-12-11,84669766,,26338,1040,26687,346,,
2021332,2021-12-12,81801638,,26675,1040,20442,346,,
2021333,2021-12-13,83456132,,19744,1040,19215,346,,
2021334,2021-12-14,85098774,,18981,1040,,,80391,173
2021335,2021-12-15,85438196,,0,0,,,,
2021336,2021-12-16,83501036,,0,0,,,,
2021337,2021-12-17,87051798,,0,0,,,,
2021338,2021-12-18,80650382,,0,0,0,346,,
2021339,2021-12-19,82648910,,0,0,,,,
2021340,2021-12-20,87322076,,0,0,0,346,,
2021341,2021-12-21,85182072,,0,0,,,,
2021342,2021-12-22,81006544,,0,1040,,,0,173
2021343,2021-12-23,82253262,,0,1040,,,0,173
2021344,2021-12-24,82334904,,0,0,,,,
2021345,2021-12-25,75789644,,0,0,,,,
2021346,2021-12-26,78447538,,0,0,0,346,,
2021347,2021-12-27,77460992,,0,1040,,,,
2021348,2021-12-28,82126554,,0,0,,,,
2021349,2021-12-29,83988716,,0,0,,,,
2021350,2021-12-30,82229570,,0,0,,,,
2021351,2021-12-31,86572330,,0,0,,,,
2022001,2022-01-01,77715836,,0,0,,,,
2022002,2022-01-02,79576154,,0,0,,,,
2022003,2022-01-03,83172552,,0,0,,,,
2022004,2022-01-04,79027192,,0,0,,,,
2022005,2022-01-05,85261062,,0,0,,,,
2022006,2022-01-06,86590614,,0,0,,,,
2022007,2022-01-07,85938992,,0,0,,,,
2022008,2022-01-08,84378422,,0,0,,,,
2022009,2022-01-09,87401400,,0,0,,,,
2022010,2022-01-10,88226304,,0,0,,,,
2022011,2022-01-11,88184108,,0,0,,,,
2022012,2022-01-12,90160318,,0,0,,,,
2022013,2022-01-13,88199448,,0,0,,,,
2022014,2022-01-14,91453036,,0,0,,,,
2022015,2022-01-15,90046458,,0,0,,,,
2022016,2022-01-16,89940320,,0,0,,,,
2022017,2022-01-17,93988390,,0,0,,,,
2022018,2022-01-18,94892710,,0,0,,,,
2022019,2022-01-19,90099458,,0,0,0,346,,
2022020,2022-01-20,87591200,,0,0,,,,
2022021,2022-01-21,93290850,,0,0,,,,
2022022,2022-01-22,92028442,,0,0,,,,
2022023,2022-01-23,92764358,,0,0,,,,
2022024,2022-01-24,92589684,,0,0,,,,
2022025,2022-01-25,93131358,,0,0,,,,
2022026,2022-01-26,94913060,,0,0,,,,
2022027,2022-01-27,95176024,,0,0,,,,
2022028,2022-01-28,98506322,,0,0,,,,
2022029,2022-02-08,75601024,,0,0,,,,
2022030,2022-02-09,73892308,,0,0,,,0,173
2022031,2022-02-10,78917306,,0,0,0,346,,
2022032,2022-02-11,78067072,,0,0,,,,
2022033,2022-02-12,72110344,,0,0,,,,
2022034,2022-02-13,75053658,,0,0,,,0,173
2022035,2022-02-14,76535138,,0,0,,,,
2022036,2022-02-15,77152100,,0,0,,,,
2022037,2022-02-16,79606440,,0,0,,,,
2022038,2022-02-17,80642616,,0,0,,,,
2022039,2022-02-18,84691934,,0,0,,,,
2022040,2022-02-19,80809758,,0,0,,,,
2022041,2022-02-20,78924714,,0,0,,,,
2022042,2022-02-21,84169968,,0,0,,,,
2022043,2022-02-22,81681910,,0,0,,,,
2022044,2022-02-23,82579250,,0,0,,,,
2022045,2022-02-24,83284820,,0,0,,,,
2022046,2022-02-25,85753298,,0,0,,,,
2022047,2022-02-26,84087274,,0,0,,,,
2022048,2022-02-27,84511438,,0,0,,,,
2022049,2022-02-28,82271822,,0,0,,,,
2022050,2022-03-01,83535758,,0,0,,,,
2022051,2022-03-02,83532554,,0,0,,,,
2022052,2022-03-03,88693124,,0,0,,,,
2022053,2022-03-04,85872652,,0,0,,,,
2022054,2022-03-05,87303024,,0,0,,,,
2022055,2022-03-06,86310582,,0,0,,,,
2022056,2022-03-07,89676860,,0,0,,,,
2022057,2022-03-08,87725008,,0,0,,,,
2022058,2022-03-09,92057828,,0,0,,,,
2022059,2022-03-10,94514334,,0,0,,,,
2022060,2022-03-11,95093852,,0,0,,,,
2022061,2022-03-12,91728050,,0,0,,,,
2022062,2022-03-13,93141630,,0,0,,,,
2022063,2022-03-14,91373308,,0,0,,,,
2022064,2022-03-15,88679794,,0,0,,,,
2022065,2022-03-16,90128710,,0,0,,,,
2022066,2022-03-17,90278910,,0,0,,,,
2022067,2022-03-18,91416476,,0,0,,,,
2022068,2022-03-19,89004062,,0,0,,,,
2022069,2022-03-20,91209856,,0,0,,,,
2022070,2022-03-21,94425112,,0,0,,,,
2022071,2022-03-22,95938996,,0,0,,,,
2022072,2022-03-23,100396096,,0,0,,,,
2022073,2022-03-24,98038786,,0,0,,,,
2022074,2022-03-25,100966226,,0,0,,,,
2022075,2022-03-26,97721066,,0,0,,,,
2022076,2022-03-27,96005260,,0,0,,,,
2022077,2022-03-28,94641332,,0,0,,,,
2022078,2022-03-29,98423090,,0,0,,,,
2022079,2022-03-30,98722646,,0,0,,,,
2022080,2022-03-31,98803730,,0,0,,,,
2022081,2022-04-01,100382130,,0,0,,,,
2022082,2022-04-02,94926450,,0,0,,,,
2022083,2022-04-03,88529264,,0,0,,,,
2022084,2022-04-04,91745304,,0,0,,,,
2022085,2022-04-05,87936744,,0,0,,,,
2022086,2022-04-06,91598764,,0,0,,,,
2022087,2022-04-07,89652062,,0,0,,,,
2022088,2022-04-08,96183560,,0,0,,,,
2022089,2022-04-09,89249404,,0,0,,,,
2022090,2022-04-10,93072126,,0,0,,,,
2022091,2022-04-11,87806494,,0,0,,,,
2022092,2022-04-12,90367952,,0,0,,,,
2022093,2022-04-13,87627128,,0,0,,,,
2022094,2022-04-14,90776528,,0,0,,,,
2022095,2022-04-15,94771034,,0,0,,,,
2022096,2022-04-16,93378274,,0,0,,,,
2022097,2022-04-17,92975604,,0,0,,,,
2022098,2022-04-18,92703248,,0,0,,,,
2022099,2022-04-19,93778458,,0,0,,,,
2022100,2022-04-20,93151938,,0,0,,,,
2022101,2022-04-21,88359912,,0,0,,,,
2022102,2022-04-22,97022562,,0,0,,,,
2022103,2022-04-23,95071740,,0,0,,,,
2022104,2022-04-24,95677150,,0,0,,,,
2022105,2022-04-25,99274024,,0,0,,,,
2022106,2022-04-26,93665832,,0,0,,,,
2022107,2022-04-27,94936698,,0,0,,,,
2022108,2022-04-28,94327068,,0,0,,,,
2022109,2022-04-29,97739388,,0,0,,,,
2022110,2022-04-30,91968650,,0,0,,,,
2022111,2022-05-01,84800290,,0,0,,,,
2022112,2022-05-02,83181036,,0,0,,,,
2022113,2022-05-03,86174978,,0,0,,,,
2022114,2022-05-04,82741056,,0,0,,,,
2022115,2022-05-05,87560624,,0,0,,,,
2022116,2022-05-06,91776178,,0,0,,,,
2022117,2022-05-07,92423848,,0,0,,,,
2022118,2022-05-08,86476980,,0,0,,,,
2022119,2022-05-09,87225502,,0,0,,,,
2022120,2022-05-10,86673562,,0,0,,,,
2022121,2022-05-11,88578648,,0,0,,,,
2022122,2022-05-12,90184304,,0,0,,,,
2022123,2022-05-13,92062596,,0,0,,,,
2022124,2022-05-14,87608636,,0,0,,,,
2022125,2022-05-15,88326372,,0,0,,,,
2022126,2022-05-16,84440870,,0,0,,,,
2022127,2022-05-17,86366072,,0,0,,,,
2022128,2022-05-18,88104696,,0,0,,,,
2022129,2022-05-19,86331728,,0,0,,,,
2022130,2022-05-20,86630326,,0,0,,,,
2022131,2022-05-21,84758760,,0,0,,,,
2022132,2022-05-22,84454314,,0,0,,,,
2022133,2022-05-23,84148262,,0,0,,,,
2022134,2022-05-24,84469268,,0,0,,,,
2022135,2022-05-25,83855508,,0,0,,,,
2022136,2022-05-26,84972840,,0,0,,,,
2022137,2022-05-27,88067260,,0,0,,,,
2022138,2022-05-28,80815392,,0,0,,,,
2022139,2022-05-29,81295422,,0,0,,,,
2022140,2022-05-30,78121394,,0,0,,,,
2022141,2022-05-31,78639346,,0,0,,,,
2022142,2022-06-01,81897684,,0,0,,,,
2022143,2022-06-02,79759246,,0,0,,,,
2022144,2022-06-03,77458178,,0,0,,,,
2022145,2022-06-04,77238878,,0,0,,,,
2022146,2022-06-05,78561204,,0,0,,,,
2022147,2022-06-06,78488158,,0,0,,,,
2022148,2022-06-07,79084810,,0,0,,,,
2022149,2022-06-08,78212922,,0,0,,,,
2022150,2022-06-09,80196292,,0,0,,,,
2022151,2022-06-10,81823394,,0,0,,,,
2022152,2022-06-11,76408772,,0,0,,,,
2022153,2022-06-12,76284176,,0,0,,,,
2022154,2022-06-13,76400144,,0,0,,,,
2022155,2022-06-14,76247200,,0,0,,,,
2022156,2022-06-15,79775852,,0,0,,,,
2022157,2022-06-16,82131550,,0,0,,,,
2022158,2022-06-17,81928212,,0,0,,,,
2022159,2022-06-18,82243816,,0,0,,,,
2022160,2022-06-19,78354220,,0,0,,,,
2022161,2022-06-20,77531998,,0,0,,,,
2022162,2022-06-21,78227380,,0,0,,,,
2022163,2022-06-22,78952190,,0,0,,,,
2022164,2022-06-23,81940722,,0,0,,,,
2022165,2022-06-24,81574766,,0,0,,,,
2022166,2022-06-25,77447392,,0,0,,,,
2022167,2022-06-26,80003058,,0,0,,,,
2022168,2022-06-27,80067108,,0,0,,,,
2022169,2022-06-28,80660000,,0,0,,,,
2022170,2022-06-29,79462490,,0,0,,,,
2022171,2022-06-30,82787868,,0,0,,,,
2022172,2022-07-01,84530550,,0,0,,,,
2022173,2022-07-02,82296698,,0,0,,,,
2022174,2022-07-03,83827024,,0,0,,,,
2022175,2022-07-04,84653228,,0,0,,,,
2022176,2022-07-05,82428510,,0,0,,,,
2022177,2022-07-06,81911142,,0,0,,,,
2022178,2022-07-07,82810550,,0,0,,,,
2022179,2022-07-08,85651870,,0,0,,,,
2022180,2022-07-09,80167884,,0,0,,,,
2022181,2022-07-10,80539364,,0,0,,,,
2022182,2022-07-11,84694650,,0,0,,,,
2022183,2022-07-12,85949246,,0,0,,,,
2022184,2022-07-13,83861330,,0,0,,,,
2022185,2022-07-14,84436854,,0,0,,,,
2022186,2022-07-15,90608112,,0,0,,,,
2022187,2022-07-16,87161170,,0,0,,,,
2022188,2022-07-17,87447716,,0,0,,,,
2022189,2022-07-18,87524402,,0,0,,,,
2022190,2022-07-19,88522220,,0,0,,,,
2022191,2022-07-20,85475724,,0,0,,,,
2022192,2022-07-21,83421302,,0,0,,,,
2022193,2022-07-22,86314458,,0,0,,,,
2022194,2022-07-23,86551144,,0,0,,,,
2022195,2022-07-24,88916648,,0,0,,,,
2022196,2022-07-25,89924976,,0,0,,,,
2022197,2022-07-26,98857476,,0,0,,,,
2022198,2022-07-27,96720040,,0,0,,,,
2022199,2022-07-28,95022356,,0,0,,,,
2022200,2022-07-29,96249886,,0,0,,,,
2022201,2022-07-30,90639966,,0,0,,,,
2022202,2022-07-31,92795626,,0,0,,,,
2022203,2022-08-01,94064120,,0,0,,,,
2022204,2022-08-02,90598674,,0,0,,,,
2022205,2022-08-03,92306128,,0,0,,,,
2022206,2022-08-04,93610770,,0,0,,,,
2022207,2022-08-05,94288980,,0,0,,,,
2022208,2022-08-06,89335952,,0,0,,,,
2022209,2022-08-07,87862062,,0,0,,,,
2022210,2022-08-08,90302046,,0,0,,,,
2022211,2022-08-09,87824818,,0,0,,,,
2022212,2022-08-10,86940578,,0,0,,,,
2022213,2022-08-11,89631102,,0,0,,,,
2022214,2022-08-12,94447570,,0,0,,,,
2022215,2022-08-13,90106722,,0,0,,,,
2022216,2022-08-14,89306988,,0,0,,,,
2022217,2022-08-15,91900746,,0,0,,,,
2022218,2022-08-16,90915062,,0,0,,,,
2022219,2022-08-17,90060054,,0,0,,,,
2022220,2022-08-18,91581878,,0,0,,,,
2022221,2022-08-19,91601624,,0,0,,,,
2022222,2022-08-20,87230540,,0,0,,,,
2022223,2022-08-21,87692574,,0,0,,,,
2022224,2022-08-22,87845080,,0,0,,,,
2022225,2022-08-23,86277282,,0,0,,,,
2022226,2022-08-24,86727618,,0,0,,,,
2022227,2022-08-25,88441628,,0,0,,,,
2022228,2022-08-26,91813222,,0,0,,,,
2022229,2022-08-27,88216072,,0,0,,,,
2022230,2022-08-28,88411766,,0,0,,,,
2022231,2022-08-29,88310178,,0,0,,,,
2022232,2022-08-30,83565904,,0,0,,,,
2022233,2022-08-31,88348492,,0,0,,,,
2022234,2022-09-01,88465492,,0,0,,,,
2022235,2022-09-02,89481816,,0,0,,,,
2022236,2022-09-03,89162120,,0,0,,,,
2022237,2022-09-04,88564618,,0,0,,,,
2022238,2022-09-05,92147438,,0,0,,,,
2022239,2022-09-06,89765674,,0,0,,,,
2022240,2022-09-07,91345954,,0,0,,,,
2022241,2022-09-08,88850838,,0,0,,,,
2022242,2022-09-09,95817706,,0,0,,,,
2022243,2022-09-10,87955610,,0,0,,,,
2022244,2022-09-11,93390190,,0,0,,,,
2022245,2022-09-12,99049734,,0,0,,,,
2022246,2022-09-13,93096690,,0,0,,,,
2022247,2022-09-14,90065638,,0,0,,,,
2022248,2022-09-15,93682300,,0,0,,,,
2022249,2022-09-16,103605078,,0,0,,,,
2022250,2022-09-17,100708646,,0,0,,,,
2022251,2022-09-18,100072750,,0,0,,,,
2022252,2022-09-19,97723064,,0,0,,,,
2022253,2022-09-20,95483514,,0,0,,,,
2022254,2022-09-21,97902058,,0,0,,,,
2022255,2022-09-22,97568988,,0,0,,,,
2022256,2022-09-23,97333390,,0,0,,,,
2022257,2022-09-24,93303366,,0,0,,,,
2022258,2022-09-25,92367938,,0,0,,,,
2022259,2022-09-26,91392664,,0,0,,,,
2022260,2022-09-27,93028696,,0,0,,,,
2022261,2022-09-28,94545162,,0,0,,,,
2022262,2022-09-29,97040524,,0,0,,,,
2022263,2022-09-30,102756104,,0,0,,,,
2022264,2022-10-05,85830022,,0,0,,,,
2022265,2022-10-06,84017178,,0,0,,,,
2022266,2022-10-07,89017714,,0,0,,,,
2022267,2022-10-08,91142132,,0,0,,,,
2022268,2022-10-09,93413672,,0,0,,,,
2022269,2022-10-10,93928808,,0,0,,,,
2022270,2022-10-11,95564480,,0,0,,,,
2022271,2022-10-12,93062650,,0,0,,,,
2022272,2022-10-13,93344828,,0,0,,,,
2022273,2022-10-14,96610068,,0,0,,,,
2022274,2022-10-15,93588270,,0,0,,,,
2022275,2022-10-16,92231208,,0,0,,,,
2022276,2022-10-17,91369232,,0,0,,,,
2022277,2022-10-18,92253560,,0,0,,,,
2022278,2022-10-19,92384878,,0,0,,,,
2022279,2022-10-20,93021930,,0,0,,,,
2022280,2022-10-21,95409684,,0,0,,,,
2022281,2022-10-22,94987896,,0,0,,,,
2022282,2022-10-23,92582620,,0,0,,,,
2022283,2022-10-24,96095002,,0,0,,,,
2022284,2022-10-25,98600710,,0,0,,,,
2022285,2022-10-26,99779694,,0,0,,,,
2022286,2022-10-27,93476330,,0,0,,,,
2022287,2022-10-28,100640972,,0,0,,,,
2022288,2022-10-29,97573270,,0,0,,,,
2022289,2022-10-30,101202760,,0,0,,,,
2022290,2022-10-31,104579778,,0,0,,,,
2022291,2022-11-01,98840002,,0,0,,,,
2022292,2022-11-02,103902344,,0,0,,,,
2022293,2022-11-03,100175144,,0,0,,,,
2022294,2022-11-04,102847178,,0,0,,,,
2022295,2022-11-05,104108584,,0,0,,,,
2022296,2022-11-06,102985872,,0,0,,,,
2022297,2022-11-07,105443320,,0,0,,,,
2022298,2022-11-08,102453626,,0,0,,,,
2022299,2022-11-09,98675424,,0,0,,,,
2022300,2022-11-10,97110296,,0,0,,,,
2022301,2022-11-11,105013548,,0,0,,,,
2022302,2022-11-12,101121384,,0,0,,,,
2022303,2022-11-13,100752354,,0,0,,,,
2022304,2022-11-14,107434060,,0,0,,,,
2022305,2022-11-15,105487014,,0,0,,,,
2022306,2022-11-16,109075918,,0,0,,,,
2022307,2022-11-17,106275026,,0,0,,,,
2022308,2022-11-18,113813664,,0,0,,,,
2022309,2022-11-19,107429334,,0,0,,,,
2022310,2022-11-20,100450602,,0,0,,,,
2022311,2022-11-21,99852744,,0,0,,,,
2022312,2022-11-22,97343880,,0,0,,,,
2022313,2022-11-23,101985992,,0,0,,,,
2022314,2022-11-24,98300316,,0,0,,,,
2022315,2022-11-25,104804836,,0,0,,,,
2022316,2022-11-26,98833884,,0,0,,,,
2022317,2022-11-27,96461396,,0,0,,,,
2022318,2022-11-28,94293452,,0,0,,,,
2022319,2022-11-29,92993870,,0,0,,,,
2022320,2022-11-30,90821544,,0,0,,,,
2022321,2022-12-01,93767456,,0,0,,,,
2022322,2022-12-02,96829698,,0,0,,,,
2022323,2022-12-03,92539210,,0,0,,,,
2022324,2022-12-04,91352946,,0,0,,,,
2022325,2022-12-05,94442798,,0,0,,,,
2022326,2022-12-06,95840670,,0,0,,,,
2022327,2022-12-07,102654048,,0,0,,,,
2022328,2022-12-08,102095424,,0,0,,,,
2022329,2022-12-09,103453382,,0,0,,,,
2022330,2022-12-10,96241610,,0,0,,,,
2022331,2022-12-11,96377540,,0,0,,,,
2022332,2022-12-12,95075552,,0,0,,,,
2022333,2022-12-13,94391664,,0,0,,,,
2022334,2022-12-14,94359734,,0,0,,,,
2022335,2022-12-15,92475798,,0,0,,,,
2022336,2022-12-16,94484442,,0,0,,,,
2022337,2022-12-17,90559732,,0,0,,,,
2022338,2022-12-18,84609414,,0,0,,,,
2022339,2022-12-19,87543748,,0,0,,,,
2022340,2022-12-20,87334134,,0,0,,,,
2022341,2022-12-21,82293420,,0,0,,,,
2022342,2022-12-22,82133488,,0,0,,,,
2022343,2022-12-23,85413466,,0,0,,,,
2022344,2022-12-24,83683450,,0,0,,,,
2022345,2022-12-25,82114494,,0,0,,,,
2022346,2022-12-26,82091354,,0,0,,,,
2022347,2022-12-27,81994724,,0,0,,,,
2022348,2022-12-28,87384066,,0,0,,,,
2022349,2022-12-29,87997008,,0,0,,,,
2022350,2022-12-30,91972396,,0,0,,,,
2022351,2022-12-31,85675196,,0,0,,,,
2023001,2023-01-01,88280912,,0,0,,,,
2023002,2023-01-02,88727564,,0,0,,,,
2023003,2023-01-03,92545752,,0,0,,,,
2023004,2023-01-04,97121910,,0,0,,,,
2023005,2023-01-05,99059176,,0,0,,,,
2023006,2023-01-06,101293994,,0,0,,,,
2023007,2023-01-07,101572144,,0,0,,,,
2023008,2023-01-08,101193360,,0,0,,,,
2023009,2023-01-09,103191338,,0,0,,,,
2023010,2023-01-10,104676990,,0,0,,,,
2023011,2023-01-11,104749730,,0,0,,,,
2023012,2023-01-12,100061492,,0,0,,,,
2023013,2023-01-13,106402820,,0,0,,,,
2023014,2023-01-14,98562484,,0,0,,,,
2023015,2023-01-15,95244640,,0,0,,,,
2023016,2023-01-16,101328892,,0,0,,,,
2023017,2023-01-17,100249360,,0,0,,,,
2023018,2023-01-18,108097884,,0,0,,,,
2023019,2023-01-29,85655058,,0,0,,,,
2023020,2023-01-30,83279102,,0,0,,,,
2023021,2023-01-31,87049202,,0,0,,,,
2023022,2023-02-01,89722500,,0,0,,,,
2023023,2023-02-02,87815406,,0,1040,,,0,173
2023024,2023-02-03,94456228,,0,1040,,,0,173
2023025,2023-02-04,92800060,,0,1040,0,346,,
2023026,2023-02-05,94660786,,0,1040,,,0,173
2023027,2023-02-06,96401994,,0,1040,,,0,173
2023028,2023-02-07,96610750,,0,1040,,,0,173
2023029,2023-02-08,93391072,,0,1040,,,0,173
2023030,2023-02-09,95825514,,0,1040,,,0,173
2023031,2023-02-10,103299858,,0,1040,,,0,173
2023032,2023-02-11,101270288,,0,1040,,,0,173
2023033,2023-02-12,98660122,,0,1040,,,0,173
2023034,2023-02-13,107094654,,0,1040,,,0,173
2023035,2023-02-14,105616734,,0,1040,,,0,173
2023036,2023-02-15,106706948,,0,1040,,,0,173
2023037,2023-02-16,105558214,,0,1040,,,0,173
2023038,2023-02-17,115647970,,0,1040,,,0,173
2023039,2023-02-18,109118016,,0,1040,0,346,,
2023040,2023-02-19,101734710,,0,1040,,,0,173
2023041,2023-02-20,105317132,,0,1040,0,346,,
2023042,2023-02-21,108480334,,0,1040,,,0,173
2023043,2023-02-22,112609218,,0,1040,,,0,173
2023044,2023-02-23,114905930,,0,1040,0,346,,
2023045,2023-02-24,112396612,,0,1040,0,346,,
2023046,2023-02-25,108976186,,0,1040,,,0,173
2023047,2023-02-26,106149728,,0,1040,,,0,173
2023048,2023-02-27,115327798,,0,1040,,,0,173
2023049,2023-02-28,111802880,,0,1040,,,0,173
2023050,2023-03-01,118244182,,0,1040,,,0,173
2023051,2023-03-02,115762702,,0,1040,0,346,,
2023052,2023-03-03,113625796,,0,1040,,,0,173
2023053,2023-03-04,110388154,,0,1040,,,0,173
2023054,2023-03-05,112650190,,0,1040,0,346,,
2023055,2023-03-06,112348508,,0,1040,,,0,173
2023056,2023-03-07,117445640,,0,1040,,,0,173
2023057,2023-03-08,113517090,,0,1040,,,0,173
2023058,2023-03-09,114759970,,0,1040,,,0,173
2023059,2023-03-10,112788292,,0,1040,,,0,173
2023060,2023-03-11,111841336,,0,1040,,,0,173
2023061,2023-03-12,110671498,,0,1040,,,0,173
2023062,2023-03-13,118893072,,0,1040,,,0,173
2023063,2023-03-14,119094814,,0,1040,,,,
2023064,2023-03-15,112289738,,0,1040,,,0,173
2023065,2023-03-16,115803952,,0,1040,,,0,173
2023066,2023-03-17,127404096,,0,1040,,,0,173
2023067,2023-03-18,120949926,,0,1040,0,346,,
2023068,2023-03-19,117894202,,0,1040,0,346,,
2023069,2023-03-20,115736916,,0,1040,,,0,173
2023070,2023-03-21,117317512,,0,1040,,,0,173
2023071,2023-03-22,117762332,,0,1040,,,,
2023072,2023-03-23,118182168,,0,1040,,,,
2023073,2023-03-24,121540138,,0,1040,,,0,173
2023074,2023-03-25,120366930,,0,1040,,,0,173
2023075,2023-03-26,117887256,,0,1040,,,0,173
2023076,2023-03-27,119930372,,0,1040,0,346,,
2023077,2023-03-28,111756876,,0,1040,,,0,173
2023078,2023-03-29,113660922,,0,1040,,,0,173
2023079,2023-03-30,116427514,,0,1040,,,0,173
2023080,2023-03-31,118845876,,0,1040,0,346,,
2023081,2023-04-01,110275114,,0,1040,,,0,173
2023082,2023-04-02,111545948,,0,1040,,,0,173
2023083,2023-04-03,114030220,,0,1040,,,0,173
2023084,2023-04-04,116379746,,0,1040,,,0,173
2023085,2023-04-05,111400082,,0,1040,,,0,173
2023086,2023-04-06,115699588,,0,1040,,,0,173
2023087,2023-04-07,117184162,,0,1040,,,0,173
2023088,2023-04-08,114407746,,0,1040,,,0,173
2023089,2023-04-09,115111336,,0,1040,,,0,173
2023090,2023-04-10,115636854,,0,1040,,,0,173
2023091,2023-04-11,120094908,,0,1040,,,0,173
2023092,2023-04-12,120402542,,0,1040,0,346,,
2023093,2023-04-13,110712758,,0,1040,,,0,173
2023094,2023-04-14,121870806,,0,1040,,,0,173
2023095,2023-04-15,116336724,,0,1040,,,0,173
2023096,2023-04-16,118294702,,0,1040,,,0,173
2023097,2023-04-17,114931720,,0,1040,,,0,173
2023098,2023-04-18,118351218,,0,1040,0,346,,
2023099,2023-04-19,116932096,,0,1040,,,0,173
2023100,2023-04-20,119605850,,0,1040,,,0,173
2023101,2023-04-21,117332338,,0,1040,,,0,173
2023102,2023-04-22,114863968,,0,1040,0,346,,
2023103,2023-04-23,113987424,,0,1040,,,0,173
2023104,2023-04-24,111686758,,0,1040,,,0,173
2023105,2023-04-25,112987220,,0,1040,0,346,,
2023106,2023-04-26,113359006,,0,1040,,,0,173
2023107,2023-04-27,113633222,,0,1040,,,0,173
2023108,2023-04-28,120614758,,0,1040,,,0,173
2023109,2023-04-29,113968444,,0,1040,,,0,173
2023110,2023-04-30,108357670,,0,1040,,,0,173
2023111,2023-05-01,103276628,,0,1040,,,0,173
2023112,2023-05-02,105674302,,0,1040,,,0,173
2023113,2023-05-03,112474664,,0,1040,,,0,173
2023114,2023-05-04,116917000,,0,1040,,,0,173
2023115,2023-05-05,123428886,,0,1040,,,0,173
2023116,2023-05-06,116550014,,0,1040,,,0,173
2023117,2023-05-07,116634032,,0,1040,,,0,173
2023118,2023-05-08,117557756,,0,1040,,,0,173
2023119,2023-05-09,110426378,,0,1040,0,346,,
2023120,2023-05-10,110242880,,0,1040,,,0,173
2023121,2023-05-11,113846200,,0,1040,,,0,173
2023122,2023-05-12,117581440,,0,1040,,,0,173
2023123,2023-05-13,111114838,,0,1040,,,0,173
2023124,2023-05-14,112033230,,0,1040,,,0,173
2023125,2023-05-15,117774450,,0,1040,0,346,,
2023126,2023-05-16,112822742,,0,1040,,,0,173
2023127,2023-05-17,114856418,,0,1040,,,0,173
2023128,2023-05-18,111835926,,0,1040,,,0,173
2023129,2023-05-19,115661794,,0,1040,,,0,173
2023130,2023-05-20,114561498,,0,1040,,,0,173
2023131,2023-05-21,109153218,,0,1040,,,0,173
2023132,2023-05-22,111509616,,0,1040,,,0,173
2023133,2023-05-23,114466674,,0,1040,,,0,173
2023134,2023-05-24,118832572,,0,1040,,,0,173
2023135,2023-05-25,122132082,,0,1040,,,0,173
2023136,2023-05-26,120952624,,0,1040,,,0,173
2023137,2023-05-27,112588426,,0,1040,0,346,,
2023138,2023-05-28,108710874,,0,1040,,,0,173
2023139,2023-05-29,111088728,,0,1040,,,0,173
2023140,2023-05-30,116212392,,0,1040,,,0,173
2023141,2023-05-31,115403806,,0,1040,,,0,173
2023142,2023-06-01,114386416,,0,1040,0,346,,
2023143,2023-06-02,116872342,,0,1040,,,0,173
2023144,2023-06-03,111578688,,0,1040,,,0,173
2023145,2023-06-04,113176404,,0,1040,,,0,173
2023146,2023-06-05,116200938,,0,1040,,,0,173
2023147,2023-06-06,114553846,,0,1040,,,0,173
2023148,2023-06-07,118070404,,0,1040,,,0,173
2023149,2023-06-08,109157412,,0,1040,0,346,,
2023150,2023-06-09,107705960,,0,1040,,,0,173
2023151,2023-06-10,108437334,,0,1040,0,346,,
2023152,2023-06-11,106650386,,0,1040,,,0,173
2023153,2023-06-12,117068456,,0,1040,,,0,173
2023154,2023-06-13,111367206,,0,1040,,,0,173
2023155,2023-06-14,113428120,,0,1040,,,0,173
2023156,2023-06-15,116007654,,0,1040,,,0,173
2023157,2023-06-16,117395630,,0,1040,,,0,173
2023158,2023-06-17,113191690,,0,1040,,,0,173
2023159,2023-06-18,116495226,,0,1040,,,0,173
2023160,2023-06-19,117106462,,0,1040,0,346,,
2023161,2023-06-20,110244552,,0,1040,,,0,173
2023162,2023-06-21,110951482,,0,1040,0,346,,
2023163,2023-06-22,101075998,,0,1040,,,0,173
2023164,2023-06-23,111091818,,0,1040,,,0,173
2023165,2023-06-24,111344450,,0,1040,0,346,,
2023166,2023-06-25,109169276,,0,1040,0,346,,
2023167,2023-06-26,110517400,,0,1040,,,0,173
2023168,2023-06-27,112774942,,0,1040,,,0,173
2023169,2023-06-28,116639428,,0,1040,,,0,173
2023170,2023-06-29,116053516,,0,1040,,,0,173
2023171,2023-06-30,122108996,,0,1040,,,0,173
2023172,2023-07-01,118246136,,0,1040,,,0,173
2023173,2023-07-02,119854694,,0,1040,,,0,173
2023174,2023-07-03,121479932,,0,1040,0,346,,
2023175,2023-07-04,114521748,,0,1040,,,0,173
2023176,2023-07-05,113293298,,0,1040,0,346,,
2023177,2023-07-06,102252330,,0,1040,0,346,,
2023178,2023-07-07,106528958,,0,1040,,,0,173
2023179,2023-07-08,102506150,,0,1040,,,0,173
2023180,2023-07-09,101802612,,0,1040,,,0,173
2023181,2023-07-10,105229902,,0,1040,,,0,173
2023182,2023-07-11,109156634,,0,1040,,,0,173
2023183,2023-07-12,109997200,,0,1040,0,346,,
2023184,2023-07-13,105500036,,0,1040,,,0,173
2023185,2023-07-14,110467322,,0,1040,0,346,,
2023186,2023-07-15,105562738,,0,1040,,,0,173
2023187,2023-07-16,108306116,,0,1040,,,0,173
2023188,2023-07-17,111300466,,0,1040,,,0,173
2023189,2023-07-18,111339356,,0,1040,,,0,173
2023190,2023-07-19,115007134,,0,1040,,,0,173
2023191,2023-07-20,113695702,,0,1040,,,0,173
2023192,2023-07-21,116947408,,0,1040,,,0,173
2023193,2023-07-22,108272438,,0,1040,,,0,173
2023194,2023-07-23,107710768,,0,1040,,,0,173
2023195,2023-07-24,113237186,,0,1040,,,0,173
2023196,2023-07-25,111961942,,0,1040,,,0,173
2023197,2023-07-26,118217520,,0,1040,,,0,173
2023198,2023-07-27,120463528,,0,1040,,,0,173
2023199,2023-07-28,118185236,,0,1040,,,0,173
2023200,2023-07-29,117510312,,0,1040,,,0,173
2023201,2023-07-30,118262686,,0,1040,,,0,173
2023202,2023-07-31,123312916,,0,1040,,,0,173
2023203,2023-08-01,120499968,,0,1040,,,0,173
2023204,2023-08-02,121152498,,0,1040,0,346,,
2023205,2023-08-03,114439394,,0,1040,,,0,173
2023206,2023-08-04,118332874,,0,1040,0,346,,
2023207,2023-08-05,109054688,,0,1040,,,0,173
2023208,2023-08-06,110413318,,0,1040,,,0,173
2023209,2023-08-07,112404720,,0,1040,,,0,173
2023210,2023-08-08,111924686,,0,1040,,,0,173
2023211,2023-08-09,115882558,,0,1040,,,0,173
2023212,2023-08-10,115536130,,0,1040,0,346,,
2023213,2023-08-11,114687600,,0,1040,,,0,173
2023214,2023-08-12,114987180,,0,1040,0,346,,
2023215,2023-08-13,114235628,,0,1040,,,0,173
2023216,2023-08-14,117580436,,0,1040,,,0,173
2023217,2023-08-15,116455862,,0,1040,0,346,,
2023218,2023-08-16,114828406,,0,1040,,,0,173
2023219,2023-08-17,114612744,,0,1040,,,0,173
2023220,2023-08-18,121488892,,0,1040,,,0,173
2023221,2023-08-19,120900982,,0,1040,,,0,173
2023222,2023-08-20,115677042,,0,1040,,,0,173
2023223,2023-08-21,122314502,,0,1040,,,0,173
2023224,2023-08-22,119811396,,0,1040,0,346,,
2023225,2023-08-23,118377766,,0,1040,,,0,173
2023226,2023-08-24,116415778,,0,1040,,,0,173
2023227,2023-08-25,123961542,,0,1040,,,0,173
2023228,2023-08-26,118927102,,0,1040,,,0,173
2023229,2023-08-27,117267202,,0,1040,,,0,173
2023230,2023-08-28,117853406,,0,1040,,,0,173
2023231,2023-08-29,114599022,,0,1040,,,0,173
2023232,2023-08-30,120195166,,0,1040,0,346,,
2023233,2023-08-31,116531326,,0,1040,,,0,173
2023234,2023-09-01,119576408,,0,1040,,,0,173
2023235,2023-09-02,119514220,,0,1040,,,0,173
2023236,2023-09-03,119448950,,0,1040,,,0,173
2023237,2023-09-04,117292880,,0,1040,,,0,173
2023238,2023-09-05,118563548,,0,1040,0,346,,
2023239,2023-09-06,118810806,,0,1040,,,0,173
2023240,2023-09-07,122295828,,0,1040,,,0,173
2023241,2023-09-08,119991626,,0,1040,,,0,173
2023242,2023-09-09,118511290,,0,1040,,,0,173
2023243,2023-09-10,119913380,,0,1040,,,0,173
2023244,2023-09-11,118181840,,0,1040,0,346,,
2023245,2023-09-12,118635498,,0,1040,,,0,173
2023246,2023-09-13,120505310,,0,1040,0,346,,
2023247,2023-09-14,116877564,,0,1040,,,0,173
2023248,2023-09-15,122704836,,0,1040,,,0,173
2023249,2023-09-16,117754292,,0,1040,,,0,173
2023250,2023-09-17,116308880,,0,1040,,,0,173
2023251,2023-09-18,120875092,,0,1040,,,0,173
2023252,2023-09-19,121006572,,0,1040,,,0,173
2023253,2023-09-20,123548836,,0,1040,,,0,173
2023254,2023-09-21,122980392,,0,1040,,,0,173
2023255,2023-09-22,130776472,,0,1040,,,0,173
2023256,2023-09-23,128420886,,0,1040,,,0,173
2023257,2023-09-24,117957726,,0,1040,,,0,173
2023258,2023-09-25,120564456,,0,1040,,,0,173
2023259,2023-09-26,125623656,,0,1040,,,0,173
2023260,2023-09-27,127413032,,0,1040,,,0,173
2023261,2023-09-28,125538202,,0,1040,,,0,173
2023262,2023-09-29,122199426,,0,1040,0,346,,
2023263,2023-09-30,116445032,,0,1040,0,346,,
2023264,2023-10-05,107931536,,0,1040,,,0,173
2023265,2023-10-06,116329862,,0,1040,,,0,173
2023266,2023-10-07,118818598,,0,1040,0,346,,
2023267,2023-10-08,116557312,,0,1040,,,0,173
2023268,2023-10-09,120954526,,0,1040,,,0,173
2023269,2023-10-10,121469752,,0,1040,0,346,,
2023270,2023-10-11,120023394,,0,1040,,,0,173
2023271,2023-10-12,123178848,,0,1040,,,0,173
2023272,2023-10-13,126255746,,0,1040,,,0,173
2023273,2023-10-14,122771384,,0,1040,,,0,173
2023274,2023-10-15,124766770,,0,1040,0,346,,
2023275,2023-10-16,119128814,,0,1040,,,0,173
2023276,2023-10-17,124171658,,0,1040,0,346,,
2023277,2023-10-18,121760222,,0,1040,,,0,173
2023278,2023-10-19,118852868,,0,1040,,,0,173
2023279,2023-10-20,120471626,,0,1040,,,0,173
2023280,2023-10-21,114813088,,0,1040,,,0,173
2023281,2023-10-22,121625930,,0,1040,,,0,173
2023282,2023-10-23,124511534,,0,1040,,,0,173
2023283,2023-10-24,121711872,,0,1040,,,0,173
2023284,2023-10-25,124205350,,0,1040,,,0,173
2023285,2023-10-26,114842668,,0,1040,,,0,173
2023286,2023-10-27,120163692,,0,1040,,,0,173
2023287,2023-10-28,116475844,,0,1040,,,0,173
2023288,2023-10-29,116448256,,0,1040,0,346,,
2023289,2023-10-30,114091610,,0,1040,0,346,,
2023290,2023-10-31,110695424,,0,1040,0,346,,
2023291,2023-11-01,113268036,,0,1040,,,0,173
2023292,2023-11-02,117374644,,0,1040,,,0,173
2023293,2023-11-03,117351840,,0,1040,,,0,173
2023294,2023-11-04,113554250,,0,1040,,,0,173
2023295,2023-11-05,114310280,,0,1040,,,0,173
2023296,2023-11-06,116862364,,0,1040,,,0,173
2023297,2023-11-07,119309932,,0,1040,0,346,,
2023298,2023-11-08,115617100,,0,1040,,,0,173
2023299,2023-11-09,112204102,,0,1040,,,0,173
2023300,2023-11-10,117912040,,0,1040,,,0,173
2023301,2023-11-11,107116348,,0,1040,,,0,173
2023302,2023-11-12,108319360,,0,1040,,,0,173
2023303,2023-11-13,118376956,,0,1040,,,0,173
2023304,2023-11-14,118100754,,0,1040,,,0,173
2023305,2023-11-15,122745730,,0,1040,,,0,173
2023306,2023-11-16,121079982,,0,1040,0,346,,
2023307,2023-11-17,118239434,,0,1040,,,0,173
2023308,2023-11-18,122668080,,0,1040,,,0,173
2023309,2023-11-19,124704500,,0,1040,,,0,173
2023310,2023-11-20,118921986,,0,1040,,,0,173
2023311,2023-11-21,117108688,,0,1040,,,0,173
2023312,2023-11-22,125565116,,0,1040,,,0,173
2023313,2023-11-23,122202054,,0,1040,,,0,173
2023314,2023-11-24,121250072,,0,1040,0,346,,
2023315,2023-11-25,115878868,,0,1040,,,0,173
2023316,2023-11-26,119978842,,0,1040,,,0,173
2023317,2023-11-27,124970104,,0,1040,,,0,173
2023318,2023-11-28,118053200,,0,1040,,,0,173
2023319,2023-11-29,122202842,,0,1040,,,0,173
2023320,2023-11-30,118270742,,0,1040,,,0,173
2023321,2023-12-01,124936806,,0,1040,,,0,173
2023322,2023-12-02,120430196,,0,1040,,,0,173
2023323,2023-12-03,120901882,,0,1040,,,0,173
2023324,2023-12-04,129802312,,0,1040,,,0,173
2023325,2023-12-05,133071592,,0,1040,,,0,173
2023326,2023-12-06,133189112,,0,1040,,,0,173
2023327,2023-12-07,137355998,,0,1040,,,0,173
2023328,2023-12-08,143454668,,0,1040,,,0,173
2023329,2023-12-09,142091366,,0,1040,,,0,173
2023330,2023-12-10,144620708,,0,1040,,,0,173
2023331,2023-12-11,145045328,,0,1040,,,0,173
2023332,2023-12-12,139900084,,0,1040,,,0,173
2023333,2023-12-13,124345938,,0,1040,0,346,,
2023334,2023-12-14,122635050,,0,1040,0,346,,
2023335,2023-12-15,122720374,,0,1040,0,346,,
2023336,2023-12-16,114399878,,0,1040,0,346,,
2023337,2023-12-17,117586786,,0,1040,,,0,173
2023338,2023-12-18,124552746,,0,1040,0,346,,
2023339,2023-12-19,123241348,,0,1040,,,0,173
2023340,2023-12-20,124727866,,0,1040,,,0,173
2023341,2023-12-21,124267006,,0,1040,0,346,,
2023342,2023-12-22,126193842,,0,1040,,,0,173
2023343,2023-12-23,123601832,,0,1040,,,0,173
2023344,2023-12-24,125506786,,0,1040,,,0,173
2023345,2023-12-25,130260656,,0,1040,,,0,173
2023346,2023-12-26,129915700,,0,1040,,,0,173
2023347,2023-12-27,133028400,,0,1040,,,0,173
2023348,2023-12-28,128956578,,0,1040,,,0,173
2023349,2023-12-29,130945294,,0,1040,,,0,173
2023350,2023-12-30,127090712,,0,1040,0,346,,
2023351,2023-12-31,125882648,,0,1040,,,0,173
2024001,2024-01-01,127514012,,0,1040,,,0,173
2024002,2024-01-02,132598430,,0,1040,0,346,,
2024003,2024-01-03,131505726,,0,1040,,,0,173
2024004,2024-01-04,135943420,,0,1040,,,0,173
2024005,2024-01-05,142049818,,0,1040,,,0,173
2024006,2024-01-06,137122904,,0,1040,,,0,173
2024007,2024-01-07,132193964,,0,1040,0,346,,
2024008,2024-01-08,137544734,,0,1040,,,0,173
2024009,2024-01-09,140871952,,0,1040,,,0,173
2024010,2024-01-10,149393754,,0,1040,,,0,173
2024011,2024-01-11,151000284,,0,1040,,,0,173
2024012,2024-01-12,155596470,,0,1040,,,0,173
2024013,2024-01-13,151681456,,0,1040,,,0,173
2024014,2024-01-14,146883918,,0,1040,,,0,173
2024015,2024-01-15,151120632,,0,1040,,,0,173
2024016,2024-01-16,149265686,,0,1040,,,0,173
2024017,2024-01-17,156443428,,0,1040,,,0,173
2024018,2024-01-18,153354660,,0,1040,,,0,173
2024019,2024-01-19,159791374,,0,1040,,,0,173
2024020,2024-01-20,154338190,,0,1040,,,0,173
2024021,2024-01-21,140282592,,0,1040,0,346,,
2024022,2024-01-22,142977672,,0,1040,,,0,173
2024023,2024-01-23,142739952,,0,1040,,,0,173
2024024,2024-01-24,147654466,,0,1040,,,0,173
2024025,2024-01-25,147447972,,0,1040,,,0,173
2024026,2024-01-26,151633166,,0,1040,,,0,173
2024027,2024-01-27,144736948,,0,1040,,,0,173
2024028,2024-01-28,137334460,,0,1040,0,346,,
2024029,2024-01-29,139821804,,0,1040,,,0,173
2024030,2024-01-30,134756086,,0,1040,,,0,173
2024031,2024-01-31,138824574,,0,1040,,,0,173
2024032,2024-02-01,130015514,,0,1040,0,346,,
2024033,2024-02-02,131015022,,0,1040,,,0,173
2024034,2024-02-03,129935530,,0,1040,,,0,173
2024035,2024-02-04,135927922,,0,1040,,,0,173
2024036,2024-02-05,136496536,,0,1040,,,0,173
2024037,2024-02-06,139439032,,0,1040,,,0,173
2024038,2024-02-07,146636776,,0,1040,,,0,173
2024039,2024-02-18,112738822,,0,1040,0,346,,
2024040,2024-02-19,107399072,,0,1040,,,0,173
2024041,2024-02-20,112916122,,0,1040,,,0,173
2024042,2024-02-21,114536470,,0,1040,,,0,173
2024043,2024-02-22,113645396,,0,1040,,,0,173
2024044,2024-02-23,120921826,,0,1040,,,0,173
2024045,2024-02-24,116224388,,0,1040,,,0,173
2024046,2024-02-25,116401716,,0,1040,,,0,173
2024047,2024-02-26,124354726,,0,1040,,,0,173
2024048,2024-02-27,120955638,,0,1040,,,0,173
2024049,2024-02-28,126494334,,0,1040,0,346,,
2024050,2024-02-29,120279490,,0,1040,,,0,173
2024051,2024-03-01,129475360,,0,1040,,,0,173
2024052,2024-03-02,121945554,,0,1040,,,0,173
2024053,2024-03-03,122447550,,0,1040,,,0,173
2024054,2024-03-04,127578952,,0,1040,,,0,173
2024055,2024-03-05,128323628,,0,1040,,,0,173
2024056,2024-03-06,131359182,,0,1040,,,0,173
2024057,2024-03-07,130968102,,0,1040,,,0,173
2024058,2024-03-08,131975198,,0,1040,,,0,173
2024059,2024-03-09,131852174,,0,1040,,,0,173
2024060,2024-03-10,136955584,,0,1040,,,0,173
2024061,2024-03-11,139302168,,0,1040,,,0,173
2024062,2024-03-12,141864758,,0,1040,0,346,,
2024063,2024-03-13,135458166,,0,1040,,,0,173
2024064,2024-03-14,136243068,,0,1040,0,346,,
2024065,2024-03-15,134210872,,0,1040,,,0,173
2024066,2024-03-16,131746544,,0,1040,,,0,173
2024067,2024-03-17,137700404,,0,1040,,,0,173
2024068,2024-03-18,135125044,,0,1040,,,0,173
2024069,2024-03-19,137627030,,0,1040,,,0,173
2024070,2024-03-20,140015578,,0,1040,,,0,173
2024071,2024-03-21,137647890,,0,1040,,,0,173
2024072,2024-03-22,140803966,,0,1040,0,346,,
2024073,2024-03-23,130065748,,0,1040,,,0,173
2024074,2024-03-24,138348614,,0,1040,,,0,173
2024075,2024-03-25,136803824,,0,1040,,,0,173
2024076,2024-03-26,134316670,,0,1040,0,346,,
2024077,2024-03-27,134245098,,0,1040,0,346,,
2024078,2024-03-28,136136838,,0,1040,,,0,173
2024079,2024-03-29,144327788,,0,1040,,,0,173
2024080,2024-03-30,134561048,,0,1040,0,346,,
2024081,2024-03-31,132531550,,0,1040,,,0,173
2024082,2024-04-01,134422638,,0,1040,,,0,173
2024083,2024-04-02,136215306,,0,1040,0,346,,
2024084,2024-04-03,127292194,,0,1040,,,0,173
2024085,2024-04-04,127590894,,0,1040,,,0,173
2024086,2024-04-05,131163106,,0,1040,,,0,173
2024087,2024-04-06,132915058,,0,1040,,,0,173
2024088,2024-04-07,130024232,,0,1040,,,0,173
2024089,2024-04-08,135371166,,0,1040,,,0,173
2024090,2024-04-09,138890700,,0,1040,,,0,173
2024091,2024-04-10,138718956,,0,1040,,,0,173
2024092,2024-04-11,137940338,,0,1040,,,0,173
2024093,2024-04-12,140182144,,0,1040,,,0,173
2024094,2024-04-13,138412928,,0,1040,,,0,173
2024095,2024-04-14,136395652,,0,1040,,,0,173
2024096,2024-04-15,146809618,,0,1040,,,0,173
2024097,2024-04-16,147222468,,0,1040,,,0,173
2024098,2024-04-17,148288632,,0,1040,,,0,173
2024099,2024-04-18,147263580,,0,1040,,,0,173
2024100,2024-04-19,153884726,,0,1040,,,0,173
2024101,2024-04-20,150389782,,0,1040,,,0,173
2024102,2024-04-21,155622430,,0,1040,0,346,,
2024103,2024-04-22,136529214,,0,1040,,,0,173
2024104,2024-04-23,137990780,,0,1040,,,0,173
2024105,2024-04-24,141109090,,0,1040,,,0,173
2024106,2024-04-25,140951940,,0,1040,,,0,173
2024107,2024-04-26,148881574,,0,1040,,,0,173
2024108,2024-04-27,140198658,,0,1040,,,0,173
2024109,2024-04-28,140174390,,0,1040,,,0,173
2024110,2024-04-29,136474352,,0,1040,,,0,173
2024111,2024-04-30,133097014,,0,1040,,,0,173
2024112,2024-05-01,126156142,,0,1040,,,0,173
2024113,2024-05-02,130382122,,0,1040,,,0,173
2024114,2024-05-03,128101938,,0,1040,,,0,173
2024115,2024-05-04,129554150,,0,1040,0,346,,
2024116,2024-05-05,127139784,,0,1040,,,0,173
2024117,2024-05-06,129895854,,0,1040,,,0,173
2024118,2024-05-07,125538212,,0,1040,,,0,173
2024119,2024-05-08,123091174,,0,1040,,,0,173
2024120,2024-05-09,128584496,,0,1040,,,0,173
2024121,2024-05-10,131970146,,0,1040,,,0,173
2024122,2024-05-11,133313728,,0,1040,,,0,173
2024123,2024-05-12,130040366,,0,1040,,,0,173
2024124,2024-05-13,132711498,,0,1040,,,0,173
2024125,2024-05-14,128580114,,0,1040,,,0,173
2024126,2024-05-15,133924722,,0,1040,,,0,173
2024127,2024-05-16,127871466,,0,1040,,,0,173
2024128,2024-05-17,130483290,,0,1040,,,0,173
2024129,2024-05-18,130347156,,0,1040,,,0,173
2024130,2024-05-19,132411760,,0,1040,0,346,,
2024131,2024-05-20,130227756,,0,1040,,,0,173
2024132,2024-05-21,128282778,,0,1040,,,0,173
2024133,2024-05-22,132620254,,0,1040,,,0,173
2024134,2024-05-23,137125494,,0,1040,,,0,173
2024135,2024-05-24,136565592,,0,1040,,,0,173
2024136,2024-05-25,135256494,,0,1040,0,346,,
2024137,2024-05-26,131597314,,0,1040,,,0,173
2024138,2024-05-27,136013124,,0,1040,0,346,,
2024139,2024-05-28,131507898,,0,1040,,,0,173
2024140,2024-05-29,135435802,,0,1040,,,0,173
2024141,2024-05-30,139842824,,0,1040,,,0,173
2024142,2024-05-31,144119048,,0,1040,,,0,173
2024143,2024-06-01,138158360,,0,1040,0,346,,
2024144,2024-06-02,136241544,,0,1040,,,0,173
2024145,2024-06-03,138739876,,0,1040,,,0,173
2024146,2024-06-04,141675904,,0,1040,,,0,173
2024147,2024-06-05,141827004,,0,1040,0,346,,
2024148,2024-06-06,139324228,,0,1040,,,0,173
2024149,2024-06-07,140950864,,0,1040,,,0,173
2024150,2024-06-08,136913590,,0,1040,,,0,173
2024151,2024-06-09,135307742,,0,1040,,,0,173
2024152,2024-06-10,137564458,,0,1040,,,0,173
2024153,2024-06-11,140140784,,0,1040,,,0,173
2024154,2024-06-12,144200320,,0,1040,,,0,173
2024155,2024-06-13,147587470,,0,1040,0,346,,
2024156,2024-06-14,142376570,,0,1040,,,0,173
2024157,2024-06-15,140101094,,0,1040,,,0,173
2024158,2024-06-16,140638558,,0,1040,,,0,173
2024159,2024-06-17,141391250,,0,1040,,,0,173
2024160,2024-06-18,139439870,,0,1040,,,0,173
2024161,2024-06-19,135220144,,0,1040,,,0,173
2024162,2024-06-20,139978206,,0,1040,,,0,173
2024163,2024-06-21,140810908,,0,1040,,,0,173
2024164,2024-06-22,134152262,,0,1040,,,0,173
2024165,2024-06-23,134132226,,0,1040,,,0,173
2024166,2024-06-24,139024776,,0,1040,,,0,173
2024167,2024-06-25,135383396,,0,1040,0,346,,
2024168,2024-06-26,128858220,,0,1040,,,0,173
2024169,2024-06-27,135016082,,0,1040,,,0,173
2024170,2024-06-28,136448304,,0,1040,0,346,,
2024171,2024-06-29,131411686,,0,1040,,,0,173
2024172,2024-06-30,132292678,,0,1040,,,0,173
2024173,2024-07-01,128374136,,0,1040,0,346,,
2024174,2024-07-02,125567674,,0,1040,,,0,173
2024175,2024-07-03,131535596,,0,1040,0,346,,
2024176,2024-07-04,127176180,,0,1040,,,0,173
2024177,2024-07-05,129417324,,0,1040,,,0,173
2024178,2024-07-06,127290604,,0,1040,,,0,173
2024179,2024-07-07,127335224,,0,1040,0,346,,
2024180,2024-07-08,127618122,,0,1040,,,0,173
2024181,2024-07-09,129312866,,0,1040,,,0,173
2024182,2024-07-10,133183598,,0,1040,0,346,,
2024183,2024-07-11,131904864,,0,1040,0,346,,
2024184,2024-07-12,134657934,,0,1040,0,346,,
2024185,2024-07-13,126461514,,0,1040,,,0,173
2024186,2024-07-14,125699230,,0,1040,,,0,173
2024187,2024-07-15,126910264,,0,1040,,,0,173
2024188,2024-07-16,130074782,,0,1040,,,0,173
2024189,2024-07-17,132925614,,0,1040,,,0,173
2024190,2024-07-18,132467778,,0,1040,,,0,173
2024191,2024-07-19,133496036,,0,1040,,,0,173
2024192,2024-07-20,129239824,,0,1040,,,0,173
2024193,2024-07-21,123703300,,0,1040,,,0,173
2024194,2024-07-22,128465618,,0,1040,,,0,173
2024195,2024-07-23,130043334,,0,1040,,,0,173
2024196,2024-07-24,133492786,,0,1040,,,0,173
2024197,2024-07-25,130793506,,0,1040,0,346,,
2024198,2024-07-26,129581618,,0,1040,,,0,173
2024199,2024-07-27,126494450,,0,1040,,,0,173
2024200,2024-07-28,129519500,,0,1040,,,0,173
2024201,2024-07-29,130091734,,0,1040,,,0,173
2024202,2024-07-30,130116278,,0,1040,0,346,,
2024203,2024-07-31,128107842,,0,1040,,,0,173
2024204,2024-08-01,127181668,,0,1040,,,0,173
2024205,2024-08-02,132189516,,0,1040,,,0,173
2024206,2024-08-03,128044522,,0,1040,,,0,173
2024207,2024-08-04,126036782,,0,1040,,,0,173
2024208,2024-08-05,128653570,,0,1040,,,0,173
2024209,2024-08-06,126429078,,0,1040,,,0,173
2024210,2024-08-07,124358938,,0,1040,0,346,,
2024211,2024-08-08,124581534,,0,1040,,,0,173
2024212,2024-08-09,128961192,,0,1040,,,0,173
2024213,2024-08-10,126019238,,0,1040,0,346,,
2024214,2024-08-11,120395744,,0,1040,,,0,173
2024215,2024-08-12,125465196,,0,1040,,,0,173
2024216,2024-08-13,127990754,,0,1040,0,346,,
2024217,2024-08-14,120708310,,0,1040,,,0,173
2024218,2024-08-15,129995028,,0,1040,,,0,173
2024219,2024-08-16,134758722,,0,1040,,,0,173
2024220,2024-08-17,132483962,,0,1040,,,0,173
2024221,2024-08-18,129645698,,0,1040,,,0,173
2024222,2024-08-19,125671128,,0,1040,,,0,173
2024223,2024-08-20,129463722,,0,1040,0,346,,
2024224,2024-08-21,125613358,,0,1040,,,0,173
2024225,2024-08-22,127503598,,0,1040,0,346,,
2024226,2024-08-23,128677518,,0,1040,,,0,173
2024227,2024-08-24,128491196,,0,1040,,,0,173
2024228,2024-08-25,123803176,,0,1040,,,0,173
2024229,2024-08-26,124179614,,0,1040,0,346,,
2024230,2024-08-27,119498472,,0,1040,,,0,173
2024231,2024-08-28,121373092,,0,1040,,,0,173
2024232,2024-08-29,123373684,,0,1040,,,0,173
2024233,2024-08-30,120921172,,0,1040,,,0,173
2024234,2024-08-31,121618078,,0,1040,,,0,173
2024235,2024-09-01,112628526,,0,1040,,,0,173
2024236,2024-09-02,117507546,,0,1040,,,0,173
2024237,2024-09-03,117535390,,0,1040,,,0,173
2024238,2024-09-04,117908176,,0,1040,,,0,173
2024239,2024-09-05,118588926,,0,1040,,,0,173
2024240,2024-09-06,119755724,,0,1040,,,0,173
2024241,2024-09-07,116443672,,0,1040,,,0,173
2024242,2024-09-08,120404462,,0,1040,,,0,173
2024243,2024-09-09,123571192,,0,1040,0,346,,
2024244,2024-09-10,113757424,,0,1040,,,0,173
2024245,2024-09-11,119785954,,0,1040,,,0,173
2024246,2024-09-12,120822672,,0,1040,,,0,173
2024247,2024-09-13,117894920,,0,1040,,,0,173
2024248,2024-09-14,116913968,,0,1040,,,0,173
2024249,2024-09-15,116934164,,0,1040,0,346,,
2024250,2024-09-16,111562426,,0,1040,,,0,173
2024251,2024-09-17,112561554,,0,1040,,,0,173
2024252,2024-09-18,117739156,,0,1040,,,0,173
2024253,2024-09-19,119124932,,0,1040,,,0,173
2024254,2024-09-20,122015650,,0,1040,,,0,173
2024255,2024-09-21,120837918,,0,1040,,,0,173
2024256,2024-09-22,120041890,,0,1040,,,0,173
2024257,2024-09-23,121630314,,0,1040,0,346,,
2024258,2024-09-24,118026822,,0,1040,0,346,,
2024259,2024-09-25,116022768,,0,1040,,,0,173
2024260,2024-09-26,122993294,,0,1040,,,0,173
2024261,2024-09-27,126180718,,0,1040,0,346,,
2024262,2024-09-28,119286078,,0,1040,,,0,173
2024263,2024-09-29,120610058,,0,1040,,,0,173
2024264,2024-09-30,121034158,,0,1040,,,0,173
2024265,2024-10-05,105464578,,0,1040,,,0,173
2024266,2024-10-06,107653660,,0,1040,,,0,173
2024267,2024-10-07,112639654,,0,1040,0,346,,
2024268,2024-10-08,117891030,,0,1040,,,0,173
2024269,2024-10-09,120424750,,0,1040,0,346,,
2024270,2024-10-10,116549922,,0,1040,0,346,,
2024271,2024-10-11,115448992,,0,1040,,,0,173
2024272,2024-10-12,115696956,,0,1040,,,0,173
2024273,2024-10-13,115136280,,0,1040,0,346,,
2024274,2024-10-14,114137160,,0,1040,,,0,173
2024275,2024-10-15,115206232,,0,1040,,,0,173
2024276,2024-10-16,116956916,,0,1040,,,0,173
2024277,2024-10-17,118857726,,0,1040,,,0,173
2024278,2024-10-18,118003178,,0,1040,0,346,,
2024279,2024-10-19,108511772,,0,1040,,,0,173
2024280,2024-10-20,107120094,,0,1040,,,0,173
2024281,2024-10-21,113029256,,0,1040,0,346,,
2024282,2024-10-22,110059408,,0,1040,,,0,173
2024283,2024-10-23,110328076,,0,1040,,,0,173
2024284,2024-10-24,114097094,,0,1040,,,0,173
2024285,2024-10-25,113500822,,0,1040,,,0,173
2024286,2024-10-26,109650034,,0,1040,,,0,173
2024287,2024-10-27,113101298,,0,1040,,,0,173
2024288,2024-10-28,114656190,,0,1040,,,0,173
2024289,2024-10-29,117486332,,0,1040,,,0,173
2024290,2024-10-30,109867494,,0,1040,0,346,,
2024291,2024-10-31,110246274,,0,1040,,,0,173
2024292,2024-11-01,114439146,,0,1040,,,0,173
2024293,2024-11-02,105562934,,0,1040,,,0,173
2024294,2024-11-03,104727716,,0,1040,,,0,173
2024295,2024-11-04,108755108,,0,1040,,,0,173
2024296,2024-11-05,109864878,,0,1040,,,0,173
2024297,2024-11-06,111967506,,0,1040,,,0,173
2024298,2024-11-07,112929996,,0,1040,0,346,,
2024299,2024-11-08,110257232,,0,1040,,,0,173
2024300,2024-11-09,104989838,,0,1040,0,346,,
2024301,2024-11-10,97919174,,0,1040,,,0,173
2024302,2024-11-11,108321082,,0,1040,,,0,173
2024303,2024-11-12,110207616,,0,1040,0,346,,
2024304,2024-11-13,109332058,,0,1040,,,0,173
2024305,2024-11-14,110032280,,0,1040,0,346,,
2024306,2024-11-15,108844270,,0,1040,,,0,173
2024307,2024-11-16,107267024,,0,1040,,,0,173
2024308,2024-11-17,108844592,,0,1040,,,0,173
2024309,2024-11-18,109545314,,0,1040,,,0,173
2024310,2024-11-19,109807802,,0,1040,,,0,173
2024311,2024-11-20,110051506,,0,1040,,,0,173
2024312,2024-11-21,109684268,,0,1040,,,0,173
2024313,2024-11-22,113204426,,0,1040,,,0,173
2024314,2024-11-23,109876028,,0,1040,,,0,173
2024315,2024-11-24,113875116,,0,1040,,,0,173
2024316,2024-11-25,114489070,,0,1040,,,0,173
2024317,2024-11-26,112502350,,0,1040,,,0,173
2024318,2024-11-27,119885378,,0,1040,,,0,173
2024319,2024-11-28,113163810,,0,1040,,,0,173
2024320,2024-11-29,119845288,,0,1040,0,346,,
2024321,2024-11-30,109798280,,0,1040,,,0,173
2024322,2024-12-01,113323054,,0,1040,,,0,173
2024323,2024-12-02,113647592,,0,1040,,,0,173
2024324,2024-12-03,119484548,,0,1040,,,0,173
2024325,2024-12-04,125990006,,0,1040,,,0,173
2024326,2024-12-05,124277722,,0,1040,0,346,,
2024327,2024-12-06,129379280,,0,1040,,,0,173
2024328,2024-12-07,122309042,,0,1040,,,0,173
2024329,2024-12-08,122428412,,0,1040,,,0,173
2024330,2024-12-09,123619876,,0,1040,,,0,173
2024331,2024-12-10,124761192,,0,1040,,,0,173
2024332,2024-12-11,127373276,,0,1040,,,0,173
2024333,2024-12-12,124904698,,0,1040,,,0,173
2024334,2024-12-13,130546954,,0,1040,,,0,173
2024335,2024-12-14,125061672,,0,1040,,,0,173
2024336,2024-12-15,124851400,,0,1040,,,0,173
2024337,2024-12-16,130293620,,0,1040,,,0,173
2024338,2024-12-17,131924482,,0,1040,0,346,,
2024339,2024-12-18,121525420,,0,1040,,,0,173
2024340,2024-12-19,123747330,,0,1040,,,0,173
2024341,2024-12-20,128205988,,0,1040,,,0,173
2024342,2024-12-21,122815560,,0,1040,,,0,173
2024343,2024-12-22,124803458,,0,1040,,,0,173
2024344,2024-12-23,126942646,,0,1040,,,0,173
2024345,2024-12-24,129401284,,0,1040,,,0,173
2024346,2024-12-25,130815928,,0,1040,,,0,173
2024347,2024-12-26,128212650,,0,1040,,,0,173
2024348,2024-12-27,132175376,,0,1040,,,0,173
2024349,2024-12-28,127946706,,0,1040,,,0,173
2024350,2024-12-29,132391202,,0,1040,,,0,173
2024351,2024-12-30,138132670,,0,1040,,,0,173
2024352,2024-12-31,140641718,,0,1040,,,0,173
2025001,2025-01-01,121010930,,0,1040,,,0,173
2025002,2025-01-02,125620144,,0,1040,,,0,173
2025003,2025-01-03,132053224,,0,1040,,,0,173
2025004,2025-01-04,127119438,,0,1040,,,0,173
2025005,2025-01-05,127824192,,0,1040,,,0,173
2025006,2025-01-06,130352312,,0,1040,,,0,173
2025007,2025-01-07,122480048,,0,1040,,,0,173
2025008,2025-01-08,122295290,,0,1040,,,0,173
2025009,2025-01-09,122437942,,0,1040,,,0,173
2025010,2025-01-10,127921102,,0,1040,0,346,,
2025011,2025-01-11,115053974,,0,1040,,,0,173
2025012,2025-01-12,123431258,,0,1040,,,0,173
2025013,2025-01-13,128749584,,0,1040,,,0,173
2025014,2025-01-14,125072604,,0,1040,,,0,173
2025015,2025-01-15,125997960,,0,1040,,,0,173
2025016,2025-01-16,130737112,,0,1040,,,0,173
2025017,2025-01-17,129717920,,0,1040,,,0,173
2025018,2025-01-18,126827786,,0,1040,,,0,173
2025019,2025-01-19,131626900,,0,1040,,,0,173
2025020,2025-01-20,130478370,,0,1040,,,0,173
2025021,2025-01-21,128760978,,0,1040,,,0,173
2025022,2025-01-22,130150770,,0,1040,,,0,173
2025023,2025-01-23,130805322,,0,1040,,,0,173
2025024,2025-01-24,137606936,,0,1040,,,0,173
2025025,2025-01-25,138271464,,0,1040,,,0,173
2025026,2025-01-26,144082894,,0,1040,0,346,,
2025027,2025-02-06,112446958,,0,1040,,,0,173
2025028,2025-02-07,105047830,,0,1040,,,0,173
2025029,2025-02-08,108213326,,0,1040,,,0,173
2025030,2025-02-09,111521330,,0,1040,,,0,173
2025031,2025-02-10,110862208,,0,1040,,,0,173
2025032,2025-02-11,112635166,,0,1040,0,346,,
2025033,2025-02-12,112915394,,0,1040,,,0,173
2025034,2025-02-13,115398540,,0,1040,,,0,173
2025035,2025-02-14,122926880,,0,1040,0,346,,
2025036,2025-02-15,113719360,,0,1040,,,0,173
2025037,2025-02-16,118973646,,0,1040,,,0,173
2025038,2025-02-17,117073524,,0,1040,,,0,173
2025039,2025-02-18,119959874,,0,1040,,,0,173
2025040,2025-02-19,122303390,,0,1040,,,0,173
2025041,2025-02-20,123691424,,0,1040,,,0,173
2025042,2025-02-21,123557262,,0,1040,0,346,,
2025043,2025-02-22,115986908,,0,1040,,,0,173
2025044,2025-02-23,113960950,,0,1040,,,0,173
2025045,2025-02-24,121624432,,0,1040,0,346,,
2025046,2025-02-25,118687816,,0,1040,,,0,173
2025047,2025-02-26,123821540,,0,1040,,,0,173
2025048,2025-02-27,123604186,,0,1040,,,0,173
2025049,2025-02-28,128286352,,0,1040,0,346,,
2025050,2025-03-01,123449064,,0,1040,,,0,173
2025051,2025-03-02,127297032,,0,1040,,,0,173
2025052,2025-03-03,127550000,,0,1040,,,0,173
2025053,2025-03-04,125041488,,0,1040,,,0,173
2025054,2025-03-05,125276134,,0,1040,,,0,173
2025055,2025-03-06,129484966,,0,1040,,,0,173
2025056,2025-03-07,133846308,,0,1040,,,0,173
2025057,2025-03-08,132496790,,0,1040,,,0,173
2025058,2025-03-09,133680338,,0,1040,,,0,173
2025059,2025-03-10,136348478,,0,1040,,,0,173
2025060,2025-03-11,135621788,,0,1040,,,0,173
2025061,2025-03-12,139972702,,0,1040,,,0,173
2025062,2025-03-13,137961302,,0,1040,,,0,173
2025063,2025-03-14,140419336,,0,1040,,,0,173
2025064,2025-03-15,134319644,,0,1040,,,0,173
2025065,2025-03-16,141132818,,0,1040,,,0,173
2025066,2025-03-17,148542580,,0,1040,,,0,173
2025067,2025-03-18,152673322,,0,1040,,,0,173
2025068,2025-03-19,152420794,,0,1040,0,346,,
2025069,2025-03-20,131191350,,0,1040,,,0,173
2025070,2025-03-21,139901544,,0,1040,,,0,173
2025071,2025-03-22,144652766,,0,1040,,,0,173
2025072,2025-03-23,127941436,,0,1040,,,0,173
2025073,2025-03-24,133070002,,0,1040,0,346,,
2025074,2025-03-25,124614362,,0,1040,,,0,173
2025075,2025-03-26,134844160,,0,1040,,,0,173
2025076,2025-03-27,132942644,,0,1040,,,0,173
2025077,2025-03-28,133684230,,0,1040,,,0,173
2025078,2025-03-29,129852648,,0,1040,0,346,,
2025079,2025-03-30,114523884,,0,1040,,,0,173
2025080,2025-03-31,122929196,,0,1040,0,346,,
2025081,2025-04-01,121439896,,0,1040,,,0,173
2025082,2025-04-02,117814906,,0,1040,,,0,173
2025083,2025-04-03,120209940,,0,1040,,,0,173
2025084,2025-04-04,120346082,,0,1040,0,346,,
2025085,2025-04-05,113922452,,0,1040,0,346,,
2025086,2025-04-06,113514528,,0,1040,0,346,,
2025087,2025-04-07,117783716,,0,1040,,,0,173
2025088,2025-04-08,119878646,,0,1040,0,346,,
2025089,2025-04-09,117940024,,0,1040,,,0,173
2025090,2025-04-10,120321710,,0,1040,,,0,173
2025091,2025-04-11,127079780,,0,1040,,,0,173
2025092,2025-04-12,116604024,,0,1040,,,0,173
2025093,2025-04-13,121701212,,0,1040,,,0,173
2025094,2025-04-14,117090428,,0,1040,,,0,173
2025095,2025-04-15,124748054,,0,1040,,,0,173
2025096,2025-04-16,127790168,,0,1040,,,0,173
2025097,2025-04-17,128621564,,0,1040,,,0,173
2025098,2025-04-18,134351546,,0,1040,,,0,173
2025099,2025-04-19,128655000,,0,1040,,,0,173
2025100,2025-04-20,124287124,,0,1040,,,0,173
2025101,2025-04-21,131807802,,0,1040,,,0,173
2025102,2025-04-22,130619702,,0,1040,,,0,173
2025103,2025-04-23,125663732,,0,1040,,,0,173
2025104,2025-04-24,127588218,,0,1040,0,346,,
2025105,2025-04-25,125971898,,0,1040,,,0,173
2025106,2025-04-26,125014556,,0,1040,,,0,173
2025107,2025-04-27,129125924,,0,1040,,,0,173
2025108,2025-04-28,129160374,,0,1040,,,0,173
2025109,2025-04-29,130559710,,0,1040,,,0,173
2025110,2025-04-30,129837506,,0,1040,,,0,173
2025111,2025-05-01,125007078,,0,1040,,,0,173
2025112,2025-05-02,127732822,,0,1040,,,0,173
2025113,2025-05-03,125387508,,0,1040,,,0,173
2025114,2025-05-04,129365654,,0,1040,,,0,173
2025115,2025-05-05,132557032,,0,1040,,,0,173
2025116,2025-05-06,134652196,,0,1040,,,0,173
2025117,2025-05-07,135501576,,0,1040,,,0,173
2025118,2025-05-08,135643318,,0,1040,,,0,173
2025119,2025-05-09,140300070,,0,1040,,,0,173
2025120,2025-05-10,140308552,,0,1040,,,0,173
2025121,2025-05-11,141237278,,0,1040,,,0,173
2025122,2025-05-12,139498178,,0,1040,0,346,,
2025123,2025-05-13,125183444,,0,1040,,,0,173
2025124,2025-05-14,128201306,,0,1040,,,0,173
2025125,2025-05-15,129413522,,0,1040,,,0,173
2025126,2025-05-16,133347454,,0,1040,,,0,173
2025127,2025-05-17,125930100,,0,1040,,,0,173
2025128,2025-05-18,125092100,,0,1040,,,0,173
2025129,2025-05-19,127208196,,0,1040,,,0,173
2025130,2025-05-20,140088518,,0,1040,,,0,173
2025131,2025-05-21,135331080,,0,1040,,,0,173
2025132,2025-05-22,131703334,,0,1040,,,0,173
2025133,2025-05-23,131996932,,0,1040,,,0,173
2025134,2025-05-24,126643948,,0,1040,,,0,173
2025135,2025-05-25,131142442,,0,1040,,,0,173
2025136,2025-05-26,135280764,,0,1040,0,346,,
2025137,2025-05-27,124465004,,0,1040,,,0,173
2025138,2025-05-28,123077710,,0,1040,,,0,173
2025139,2025-05-29,123646892,,0,1040,,,0,173
2025140,2025-05-30,131566018,,0,1040,,,0,173
2025141,2025-05-31,125759260,,0,1040,,,0,173
2025142,2025-06-01,117785076,,0,1040,,,0,173
2025143,2025-06-02,124652344,,0,1040,,,0,173
2025144,2025-06-03,130737820,,0,1040,0,346,,
2025145,2025-06-04,119002090,,0,1040,,,0,173
2025146,2025-06-05,126848288,,0,1040,,,0,173
2025147,2025-06-06,127605464,,0,1040,,,0,173
2025148,2025-06-07,123141986,,0,1040,,,0,173
2025149,2025-06-08,125792504,,0,1040,,,0,173
2025150,2025-06-09,126734430,,0,1040,,,0,173
2025151,2025-06-10,123210932,,0,1040,,,0,173
2025152,2025-06-11,124334260,,0,1040,,,0,173
2025153,2025-06-12,125125254,,0,1040,,,0,173
2025154,2025-06-13,126124130,,0,1040,,,0,173
2025155,2025-06-14,121512456,,0,1040,0,346,,
2025156,2025-06-15,118420666,,0,1040,0,346,,
2025157,2025-06-16,119151478,,0,1040,,,0,173
2025158,2025-06-17,117012316,,0,1040,,,0,173
2025159,2025-06-18,119276724,,0,1040,,,0,173
2025160,2025-06-19,118904944,,0,1040,,,0,173
2025161,2025-06-20,121326462,,0,1040,,,0,173
2025162,2025-06-21,119055720,,0,1040,,,0,173
2025163,2025-06-22,120663680,,0,1040,,,0,173
2025164,2025-06-23,120350256,,0,1040,0,346,,
2025165,2025-06-24,120928026,,0,1040,,,0,173
2025166,2025-06-25,121129972,,0,1040,,,0,173
2025167,2025-06-26,120434312,,0,1040,,,0,173
2025168,2025-06-27,124501498,,0,1040,,,0,173
2025169,2025-06-28,121323730,,0,1040,,,0,173
2025170,2025-06-29,115620304,,0,1040,,,0,173
2025171,2025-06-30,120579758,,0,1040,0,346,,
2025172,2025-07-01,117427346,,0,1040,,,0,173
2025173,2025-07-02,116235622,,0,1040,,,0,173
2025174,2025-07-03,116678792,,0,1040,0,346,,
2025175,2025-07-04,114517994,,0,1040,,,0,173
2025176,2025-07-05,111216576,,0,1040,0,346,,
2025177,2025-07-06,110918126,,0,1040,,,0,173
2025178,2025-07-07,114079650,,0,1040,,,0,173
2025179,2025-07-08,118987870,,0,1040,,,0,173
2025180,2025-07-09,115752094,,0,1040,,,0,173
2025181,2025-07-10,116006684,,0,1040,0,346,,
2025182,2025-07-11,114202160,,0,1040,,,0,173
2025183,2025-07-12,112442522,,0,1040,0,346,,
2025184,2025-07-13,110880482,,0,1040,0,346,,
2025185,2025-07-14,109890010,,0,1040,,,0,173
2025186,2025-07-15,113957536,,0,1040,0,346,,
2025187,2025-07-16,113900524,,0,1040,,,0,173
2025188,2025-07-17,111037828,,0,1040,,,0,173
2025189,2025-07-18,115127852,,0,1040,,,0,173
2025190,2025-07-19,114432892,,0,1040,,,0,173
2025191,2025-07-20,113445002,,0,1040,,,0,173
2025192,2025-07-21,113710312,,0,1040,,,0,173
2025193,2025-07-22,117331228,,0,1040,,,0,173
2025194,2025-07-23,116937958,,0,1040,,,0,173
2025195,2025-07-24,122902178,,0,1040,,,0,173
2025196,2025-07-25,125275818,,0,1040,,,0,173
2025197,2025-07-26,119120044,,0,1040,,,0,173
2025198,2025-07-27,117260702,,0,1040,,,0,173
2025199,2025-07-28,112183756,,0,1040,,,0,173
2025200,2025-07-29,116319342,,0,1040,,,0,173
2025201,2025-07-30,118432042,,0,1040,,,0,173
2025202,2025-07-31,120892074,,0,1040,,,0,173
2025203,2025-08-01,124945376,,0,1040,,,0,173
2025204,2025-08-02,118260772,,0,1040,0,346,,
2025205,2025-08-03,111799694,,0,1040,,,0,173
2025206,2025-08-04,115020060,,0,1040,0,346,,
2025207,2025-08-05,109934844,,0,1040,0,346,,
2025208,2025-08-06,111735524,,0,1040,,,0,173
2025209,2025-08-07,111400940,,0,1040,,,0,173
2025210,2025-08-08,116385984,,0,1040,,,0,173
2025211,2025-08-09,117138972,,0,1040,,,0,173
2025212,2025-08-10,114453410,,0,1040,,,0,173
2025213,2025-08-11,116510020,,0,1040,,,0,173
2025214,2025-08-12,119192130,,0,1040,,,0,173
2025215,2025-08-13,119393710,,0,1040,,,0,173
2025216,2025-08-14,121100578,,0,1040,,,0,173
2025217,2025-08-15,125334838,,0,1040,,,0,173
2025218,2025-08-16,121129986,,0,1040,,,0,173
2025219,2025-08-17,122876626,,0,1040,0,346,,
2025220,2025-08-18,117079518,,0,1040,,,0,173
2025221,2025-08-19,120022140,,0,1040,,,0,173
2025222,2025-08-20,122958120,,0,1040,,,0,173
2025223,2025-08-21,112208644,,0,1040,,,0,173
2025224,2025-08-22,118548566,,0,1040,0,346,,
2025225,2025-08-23,113507164,,0,1040,,,0,173
2025226,2025-08-24,115290348,,0,1040,,,0,173
2025227,2025-08-25,113922722,,0,1040,0,346,,
2025228,2025-08-26,112068178,,0,1040,,,0,173
2025229,2025-08-27,113090572,,0,1040,,,0,173
2025230,2025-08-28,113376294,,0,1040,,,0,173
2025231,2025-08-29,116655258,,0,1040,,,0,173
2025232,2025-08-30,114083576,,0,1040,0,346,,
2025233,2025-08-31,111550102,,0,1040,,,0,173
2025234,2025-09-01,117033978,,0,1040,,,0,173
2025235,2025-09-02,119105132,,0,1040,,,0,173
2025236,2025-09-03,114781734,,0,1040,0,346,,
2025237,2025-09-04,113685986,,0,1040,,,0,173
2025238,2025-09-05,115181646,,0,1040,,,0,173
2025239,2025-09-06,114463982,,0,1040,,,0,173
2025240,2025-09-07,113345572,,0,1040,,,0,173
2025241,2025-09-08,119005314,,0,1040,,,0,173
2025242,2025-09-09,117292428,,0,1040,0,346,,
2025243,2025-09-10,116500912,,0,1040,,,0,173
2025244,2025-09-11,117779292,,0,1040,,,0,173
2025245,2025-09-12,117326756,,0,1040,,,0,173
2025246,2025-09-13,110965086,,0,1040,0,346,,
2025247,2025-09-14,108624694,,0,1040,,,0,173
2025248,2025-09-15,111706524,,0,1040,,,0,173
2025249,2025-09-16,114194504,,0,1040,,,0,173
2025250,2025-09-17,115400958,,0,1040,,,0,173
2025251,2025-09-18,112642714,,0,1040,,,0,173
2025252,2025-09-19,112464550,,0,1040,,,0,173
2025253,2025-09-20,110458518,,0,1040,,,0,173
2025254,2025-09-21,113972680,,0,1040,,,0,173
2025255,2025-09-22,112796100,,0,1040,,,0,173
2025256,2025-09-23,113739532,,0,1040,,,0,173
2025257,2025-09-24,113801966,,0,1040,,,0,173
2025258,2025-09-25,117101198,,0,1040,,,0,173
2025259,2025-09-26,116119178,,0,1040,,,0,173
2025260,2025-09-27,111561748,,0,1040,0,346,,
2025261,2025-09-28,107744480,,0,1040,,,0,173
2025262,2025-09-29,114006376,,0,1040,,,0,173
2025263,2025-09-30,117434428,,0,1040,0,346,,
2025264,2025-10-05,94146184,,0,1040,,,0,173
2025265,2025-10-06,96113578,,0,1040,,,0,173
2025266,2025-10-07,101967800,,0,1040,,,0,173
2025267,2025-10-08,106096558,,0,1040,,,0,173
2025268,2025-10-09,107188660,,0,1040,,,0,173
2025269,2025-10-10,112742862,,0,1040,0,346,,
2025270,2025-10-11,106723120,,0,1040,,,0,173
2025271,2025-10-12,107103776,,0,1040,,,0,173
2025272,2025-10-13,107196526,,0,1040,,,0,173
2025273,2025-10-14,106801026,,0,1040,,,0,173
2025274,2025-10-15,108407212,,0,1040,,,0,173
2025275,2025-10-16,109318072,,0,1040,,,0,173
2025276,2025-10-17,109112516,,0,1040,,,0,173
2025277,2025-10-18,107995924,,0,1040,,,0,173
2025278,2025-10-19,109594694,,0,1040,,,0,173
2025279,2025-10-20,110211750,,0,1040,,,0,173
2025280,2025-10-21,113989386,,0,1040,0,346,,
2025281,2025-10-22,109406782,,0,1040,,,0,173
2025282,2025-10-23,108399176,,0,1040,,,0,173
2025283,2025-10-24,113793824,,0,1040,0,346,,
2025284,2025-10-25,104764508,,0,1040,0,346,,
2025285,2025-10-26,104270086,,0,1040,,,0,173
2025286,2025-10-27,107737716,,0,1040,,,0,173
2025287,2025-10-28,110919156,,0,1040,,,0,173
2025288,2025-10-29,112196866,,0,1040,,,0,173
2025289,2025-10-30,108720076,,0,1040,,,0,173
2025290,2025-10-31,114065918,,0,1040,0,346,,
2025291,2025-11-01,104529880,,0,1040,,,0,173
2025292,2025-11-02,107204116,,0,1040,0,346,,
2025293,2025-11-03,106988620,,0,1040,,,0,173
2025294,2025-11-04,108380192,,0,1040,,,0,173
2025295,2025-11-05,108557984,,0,1040,,,0,173
2025296,2025-11-06,110371162,,0,1040,,,0,173
2025297,2025-11-07,114560606,,0,1040,,,0,173
2025298,2025-11-08,109897554,,0,1040,0,346,,
2025299,2025-11-09,106755310,,0,1040,,,0,173
2025300,2025-11-10,110116342,,0,1040,,,0,173
2025301,2025-11-11,110910820,,0,1040,0,346,,
2025302,2025-11-12,109327156,,0,1040,,,0,173
2025303,2025-11-13,109978398,,0,1040,0,346,,
2025304,2025-11-14,110928304,,0,1040,,,0,173
2025305,2025-11-15,109836530,,0,1040,,,0,173
2025306,2025-11-16,105880062,,0,1040,,,0,173
2025307,2025-11-17,104802174,,0,1040,,,0,173
2025308,2025-11-18,108190084,,0,1040,0,346,,
2025309,2025-11-19,108396100,,0,1040,,,0,173
2025310,2025-11-20,109527282,,0,1040,,,0,173
2025311,2025-11-21,111731272,,0,1040,,,0,173
2025312,2025-11-22,108561666,,0,1040,,,0,173
2025313,2025-11-23,106027928,,0,1040,0,346,,
2025314,2025-11-24,105377676,,0,1040,,,0,173
2025315,2025-11-25,108949450,,0,1040,,,0,173
2025316,2025-11-26,107080164,,0,1040,0,346,,
2025317,2025-11-27,106663624,,0,1040,,,0,173
2025318,2025-11-28,108266126,,0,1040,,,0,173
2025319,2025-11-29,105586958,,0,1040,,,0,173
2025320,2025-11-30,106723810,,0,1040,,,0,173
2025321,2025-12-01,104606674,,0,1040,,,0,173
2025322,2025-12-02,109547622,,0,1040,0,346,,
2025323,2025-12-03,106504212,,0,1040,0,346,,
2025324,2025-12-04,106347020,,0,1040,0,346,,
2025325,2025-12-05,106648552,,0,1040,,,0,173
2025326,2025-12-06,104302856,,0,1040,,,0,173
2025327,2025-12-07,105317892,,0,1040,,,0,173
2025328,2025-12-08,107092066,,0,1040,,,0,173
2025329,2025-12-09,103467084,,0,1040,,,0,173
2025330,2025-12-10,107764466,,0,1040,,,0,173
2025331,2025-12-11,105275398,,0,1040,,,0,173
2025332,2025-12-12,101673278,,0,1040,0,346,,
2025333,2025-12-13,98150324,,0,1040,,,0,173
2025334,2025-12-14,103639594,,0,1040,,,0,173
2025335,2025-12-15,104788620,,0,1040,,,0,173
2025336,2025-12-16,106499844,,0,1040,,,0,173
2025337,2025-12-17,107338210,,0,1040,,,0,173
2025338,2025-12-18,107680018,,0,1040,,,0,173
2025339,2025-12-19,110633798,,0,1040,,,0,173
2025340,2025-12-20,101669336,,0,1040,,,0,173
2025341,2025-12-21,104432700,,0,1040,0,346,,
2025342,2025-12-22,106535154,,0,1040,,,0,173
2025343,2025-12-23,110587602,,0,1040,,,0,173
2025344,2025-12-24,110433762,,0,1040,0,346,,
2025345,2025-12-25,108729992,,0,1040,,,0,173
2025346,2025-12-26,109841772,,0,1040,,,0,173
2025347,2025-12-27,107566776,,0,1040,,,0,173
2025348,2025-12-28,107546730,,0,1040,,,0,173
2025349,2025-12-29,111568702,,0,1040,,,0,173
2025350,2025-12-30,115824342,,0,1040,,,0,173
2025351,2025-12-31,115966414,,0,1040,,,0,173
2026001,2026-01-01,107651412,,0,1040,,,0,173
2026002,2026-01-02,113190952,,0,1040,,,0,173
2026003,2026-01-03,112483848,,0,1040,,,0,173
2026004,2026-01-04,111567860,,0,1040,,,0,173
2026005,2026-01-05,111603518,,0,1040,,,0,173
2026006,2026-01-06,113228168,,0,1040,0,346,,
2026007,2026-01-07,110234414,,0,1040,,,0,173
2026008,2026-01-08,107103118,,0,1040,,,0,173
2026009,2026-01-09,109910338,,0,1040,,,0,173
2026010,2026-01-10,108102888,,0,1040,0,346,,
2026011,2026-01-11,107920334,,0,1040,,,0,173
2026012,2026-01-12,110984784,,0,1040,,,0,173
2026013,2026-01-13,111298388,,0,1040,,,0,173
2026014,2026-01-14,114188204,,0,1040,,,0,173
2026015,2026-01-15,108554608,,0,1040,,,0,173
2026016,2026-01-16,116276852,,0,1040,,,0,173
2026017,2026-01-17,112364282,,0,1040,,,0,173
2026018,2026-01-18,113590602,,0,1040,,,0,173
2026019,2026-01-19,109229562,,0,1040,0,346,,
2026020,2026-01-20,108889244,,0,1040,,,0,173
2026021,2026-01-21,111072312,,0,1040,0,346,,
2026022,2026-01-22,111077142,,0,1040,,,0,173
2026023,2026-01-23,114238836,,0,1040,,,0,173
2026024,2026-01-24,112044432,,0,1040,0,346,,
2026025,2026-01-25,109882668,,0,1040,,,0,173
2026026,2026-01-26,111992356,,0,1040,0,346,,
2026027,2026-01-27,106292316,,0,1040,,,0,173
2026028,2026-01-28,111227912,,0,1040,,,0,173
2026029,2026-01-29,114754896,,0,1040,0,346,,
2026030,2026-01-30,108915368,,0,1040,,,0,173
2026031,2026-01-31,110754640,,0,1040,,,0,173
2026032,2026-02-01,111860714,,0,1040,,,0,173
2026033,2026-02-02,114715814,,0,1040,0,346,,
2026034,2026-02-03,110334518,,0,1040,,,0,173
2026035,2026-02-04,111619684,,0,1040,,,0,173
2026036,2026-02-05,111378062,,0,1040,,,0,173
2026037,2026-02-06,113707426,,0,1040,,,0,173
2026038,2026-02-07,108981458,,0,1040,,,0,173
2026039,2026-02-08,108842142,,0,1040,,,0,173
2026040,2026-02-09,111168352,,0,1040,,,0,173
2026041,2026-02-10,112431576,,0,1040,,,0,173
2026042,2026-02-11,112012104,,0,1040,,,0,173
2026043,2026-02-12,116679412,,0,1040,,,0,173
2026044,2026-02-13,129459340,,0,1040,,,0,173
2026045,2026-02-24,98355062,,0,1040,,,0,173
2026046,2026-02-25,89993520,,0,1040,,,0,173
2026047,2026-02-26,96557456,,0,1040,,,0,173
2026048,2026-02-27,102340950,,0,1040,,,0,173
2026049,2026-02-28,103170758,,0,1040,0,346,,
2026050,2026-03-01,94345442,,0,1040,,,0,173
2026051,2026-03-02,98993102,,0,1040,,,0,173
2026052,2026-03-03,97934830,,0,1040,0,346,,
2026053,2026-03-04,97138768,,0,1040,0,346,,
2026054,2026-03-05,100857490,,0,1040,,,0,173
2026055,2026-03-06,103162880,,0,1040,,,0,173
2026056,2026-03-07,98745698,,0,1040,0,346,,
2026057,2026-03-08,96849312,,0,1040,,,0,173
2026058,2026-03-09,100324224,,0,1040,,,0,173
2026059,2026-03-10,103328454,,0,1040,,,0,173
2026060,2026-03-11,103979786,,0,1040,,,0,173
2026061,2026-03-12,102089882,,0,1040,,,0,173
2026062,2026-03-13,107729944,,0,1040,,,0,173
2026063,2026-03-14,100412812,,0,1040,,,0,173
2026064,2026-03-15,106398636,,0,1040,,,0,173
2026065,2026-03-16,106081726,,0,1040,,,0,173
2026066,2026-03-17,106684390,,0,1040,,,0,173
2026067,2026-03-18,107438662,,0,1040,,,0,173
2026068,2026-03-19,109577422,,0,1040,,,0,173
2026069,2026-03-20,117169906,,0,1040,,,0,173
2026070,2026-03-21,112147500,,0,1040,,,0,173
2026071,2026-03-22,108192436,,0,1040,,,0,173
2026072,2026-03-23,113879786,,0,1040,,,0,173
2026073,2026-03-24,114055650,,0,1040,,,0,173
2026074,2026-03-25,114688824,,0,1040,,,0,173
2026075,2026-03-26,115454362,,0,1040,,,0,173
2026076,2026-03-27,119695184,,0,1040,,,0,173
2026077,2026-03-28,113309942,,0,1040,0,346,,
2026078,2026-03-29,108048154,,0,1040,,,0,173
2026079,2026-03-30,111802450,,0,1040,0,346,,
2026080,2026-03-31,109403244,,0,1040,,,0,173
2026081,2026-04-01,110909856,,0,1040,,,0,173
2026082,2026-04-02,113791548,,0,1040,,,0,173
2026083,2026-04-03,113204082,,0,1040,,,0,173
2026084,2026-04-04,107805308,,0,1040,,,0,173
2026085,2026-04-05,107680168,,0,1040,0,346,,
2026086,2026-04-06,109639120,,0,1040,,,0,173
2026087,2026-04-07,112273768,,0,1040,0,346,,
2026088,2026-04-08,113210426,,0,1040,,,0,173
2026089,2026-04-09,112060074,,0,1040,0,346,,
2026090,2026-04-10,112623480,,0,1040,,,0,173
2026091,2026-04-11,112522360,,0,1040,,,0,173
2026092,2026-04-12,114361170,,0,1040,,,0,173
2026093,2026-04-13,112218496,,0,1040,,,0,173
2026094,2026-04-14,115746986,,0,1040,,,0,173
2026095,2026-04-15,118648090,,0,1040,0,346,,
2026096,2026-04-16,115008828,,0,1040,,,0,173
2026097,2026-04-17,118044082,,0,1040,,,0,173
2026098,2026-04-18,114072762,,0,1040,,,0,173
2026099,2026-04-19,117169798,,0,1040,0,346,,
2026100,2026-04-20,117228386,,0,1040,,,0,173
2026101,2026-04-21,118466650,,0,1040,,,0,173
2026102,2026-04-22,119555836,,0,1040,,,0,173
2026103,2026-04-23,118128608,,0,1040,0,346,,
2026104,2026-04-24,117348358,,0,1040,,,0,173
2026105,2026-04-25,114450486,,0,1040,,,0,173
2026106,2026-04-26,115751432,,0,1040,,,0,173
2026107,2026-04-27,119992642,,0,1040,,,0,173
2026108,2026-04-28,120865036,,0,1040,,,0,173
2026109,2026-04-29,120258986,,0,1040,,,0,173
2026110,2026-04-30,120274104,,0,1040,,,0,173
2026111,2026-05-01,116690322,,0,1040,,,0,173
2026112,2026-05-02,116932234,,0,1040,,,0,173
2026113,2026-05-03,112736020,,0,1040,,,0,173
2026114,2026-05-04,107253564,,0,1040,,,0,173
2026115,2026-05-05,111110136,,0,1040,,,0,173
2026116,2026-05-06,120907360,,0,1040,,,0,173
2026117,2026-05-07,111873592,,0,1040,0,346,,
2026118,2026-05-08,118172998,,0,1040,,,0,173
2026119,2026-05-09,113013940,,0,1040,0,346,,
2026120,2026-05-10,108573268,,0,1040,,,0,173
2026121,2026-05-11,112118520,,0,1040,,,0,173
2026122,2026-05-12,111593896,,0,1040,,,0,173
2026123,2026-05-13,111486756,,0,1040,0,346,,
2026124,2026-05-14,108446448,,0,1040,,,0,173
2026125,2026-05-15,111661192,,0,1040,,,0,173
2026126,2026-05-16,108662532,,0,1040,,,0,173
2026127,2026-05-17,111340856,,0,1040,0,346,,
2026128,2026-05-18,108577146,,0,1040,0,346,,
2026129,2026-05-19,106546970,,0,1040,,,0,173
2026130,2026-05-20,111007266,,0,1040,,,0,173
2026131,2026-05-21,111015260,,0,1040,,,0,173
2026132,2026-05-22,114863590,,0,1040,,,0,173
2026133,2026-05-23,110445962,,0,1040,,,0,173
2026134,2026-05-24,109824846,,0,1040,,,0,173
2026135,2026-05-25,112295556,,0,1040,,,0,173
2026136,2026-05-26,118378998,,0,1040,0,346,,
2026137,2026-05-27,109204082,,0,1040,,,0,173
2026138,2026-05-28,111728016,,0,1040,,,0,173
2026139,2026-05-29,112806726,,0,1040,,,0,173
2026140,2026-05-30,112671570,,0,1040,,,0,173
2026141,2026-05-31,110961176,,0,1040,,,0,173
2026142,2026-06-01,112018892,,0,1040,,,0,173
2026143,2026-06-02,112244598,,0,1040,,,0,173
2026144,2026-06-03,115034490,,0,1040,,,0,173
2026145,2026-06-04,112924696,,0,1040,,,0,173
2026146,2026-06-05,118149896,,0,1040,,,0,173
2026147,2026-06-06,111548134,,0,1040,,,0,173
2026148,2026-06-07,112446864,,0,1040,,,0,173
2026149,2026-06-08,113014666,,0,1040,,,0,173
2026150,2026-06-09,110475534,,0,1040,,,0,173
2026151,2026-06-10,114284598,,0,1040,,,0,173
2026152,2026-06-11,113182678,,0,1040,0,346,,
2026153,2026-06-12,110945092,,0,1040,0,346,,
2026154,2026-06-13,104308572,,0,1040,0,346,,
2026155,2026-06-14,106919648,,0,1040,,,0,173
2026156,2026-06-15,112911300,,0,1040,,,0,173
2026157,2026-06-16,115793390,,0,1040,,,0,173
2026158,2026-06-17,120063748,,0,1040,,,0,173
2026159,2026-06-18,120120870,,0,1040,0,346,,
2026160,2026-06-19,110751774,,0,1040,0,346,,
2026161,2026-06-20,108020782,,0,1040,,,0,173
2026162,2026-06-21,111718214,,0,1040,,,0,173
2026163,2026-06-22,110584240,,0,1040,,,0,173
2026164,2026-06-23,114634632,,0,1040,,,0,173
2026165,2026-06-24,113255870,,0,1040,,,0,173
2026166,2026-06-25,112916586,,0,1040,0,346,,
2026167,2026-06-26,110336824,,0,1040,,,0,173
2026168,2026-06-27,110297990,,0,1040,,,0,173
2026169,2026-06-28,108596436,,0,1040,,,0,173
2026170,2026-06-29,117166228,,0,1040,,,0,173
2026171,2026-06-30,111644022,,0,1040,,,0,173
2026172,2026-07-01,111612348,,0,1040,0,346,,
2026173,2026-07-02,107787898,,0,1040,0,346,,
2026174,2026-07-03,109191388,,0,1040,,,,
2026175,2026-07-04,107009838,,0,1040,,,0,173
2026176,2026-07-05,108977218,,0,1040,,,0,173
2026177,2026-07-06,104873248,,0,1040,,,0,173
2026178,2026-07-07,104116692,,0,1040,0,346,,
2026179,2026-07-08,103143006,,0,1040,0,346,,
2026180,2026-07-09,101692694,,0,1040,,,0,173
2026181,2026-07-10,106520302,,0,1040,,,0,173
2026182,2026-07-11,103550430,,0,1040,0,346,,
2026183,2026-07-12,104867924,,0,1040,,,0,173
2026184,2026-07-13,110134614,,0,1040,,,0,173
2026185,2026-07-14,107656982,,0,1040,,,0,173
2026186,2026-07-15,108142480,,0,1040,,,0,173
2026187,2026-07-16,108518834,,0,1040,,,0,173
2026188,2026-07-17,111362120,,0,1040,,,0,173
2026189,2026-07-18,102874882,,0,1040,0,346,,
2026190,2026-07-19,103521134,,0,1040,,,0,173
2026191,2026-07-20,105772354,,0,1040,,,0,173
2026192,2026-07-21,106726524,,0,1040,,,0,173
2026193,2026-07-22,107397096,,0,1040,,,0,173
2026194,2026-07-23,105643658,,0,1040,,,0,173
2026195,2026-07-24,108062604,,0,1040,,,0,173
2026196,2026-07-25,105675128,,0,1040,,,0,173
2026197,2026-07-26,107804510,,0,1040,,,0,173
2026198,2026-07-27,105595438,,0,1040,,,0,173
2026199,2026-07-28,107329046,,0,1040,,,0,173
2026200,2026-07-29,112497770,,0,1040,,,0,173
2026201,2026-07-30,112870158,,0,1040,,,0,173
2026202,2026-07-31,115106130,,0,1040,0,346,,
2026203,2026-08-01,105017956,,0,1040,,,0,173
2026204,2026-08-02,106652492,,0,1040,,,0,173
2026205,2026-08-03,106516632,,0,1040,,,0,173
2026206,2026-08-04,110155880,,0,1040,,,0,173
2026207,2026-08-05,107407356,,0,1040,,,0,173
2026208,2026-08-06,110194926,,0,1040,,,0,173
2026209,2026-08-07,114564306,,0,1040,,,0,173
2026210,2026-08-08,113312530,,0,1040,0,346,,
2026211,2026-08-09,106241288,,0,1040,,,0,173
2026212,2026-08-10,105944728,,0,1040,,,0,173
2026213,2026-08-11,109153150,,0,1040,,,0,173
2026214,2026-08-12,109910022,,0,1040,,,0,173
2026215,2026-08-13,107614142,,0,1040,,,0,173
2026216,2026-08-14,111654440,,0,1040,,,0,173
2026217,2026-08-15,107924072,,0,1040,0,346,,
2026218,2026-08-16,108117598,,0,1040,,,0,173
2026219,2026-08-17,105692666,,0,1040,0,346,,
2026220,2026-08-18,106804902,,0,1040,,,0,173
2026221,2026-08-19,105700632,,0,1040,,,0,173
2026222,2026-08-20,107512234,,0,1040,,,0,173
2026223,2026-08-21,109896280,,0,1040,,,0,173
2026224,2026-08-22,104875148,,0,1040,,,,
2026225,2026-08-23,107577374,,0,1040,,,,
2026226,2026-08-24,99249730,,0,1040,,,,
2026227,2026-08-25,104266778,,0,1040,0,346,,
2026228,2026-08-26,107058866,,0,1040,,,,
2026229,2026-08-27,104741902,,0,1040,,,,
2026230,2026-08-28,104695954,,0,1040,0,346,,
2026231,2026-08-29,99547098,,0,1040,0,346,,
2026232,2026-08-30,100737340,,0,1040,,,0,173
2026233,2026-08-31,101106056,,0,1040,,,0,173
2026234,2026-09-01,100945514,,0,1040,,,0,173
2026235,2026-09-02,101179200,,0,1040,,,0,173
2026236,2026-09-03,103055378,,0,1040,,,0,173
2026237,2026-09-04,102044338,,0,1040,,,0,173
2026238,2026-09-05,101277746,,0,1040,0,346,,
2026239,2026-09-06,96172590,,0,1040,0,346,,
2026240,2026-09-07,93199346,,0,1040,,,0,173
2026241,2026-09-08,97418934,,0,1040,0,346,,
2026242,2026-09-09,92602358,,0,1040,0,346,,
2026243,2026-09-10,91668582,,0,1040,,,0,173
2026244,2026-09-11,98530436,,0,1040,,,0,173
2026245,2026-09-12,95511108,,0,1040,,,0,173
2026246,2026-09-13,98247910,,0,1040,,,0,173
2026247,2026-09-14,102179952,,0,1040,,,0,173
2026248,2026-09-15,103199168,,0,1040,,,0,173
2026249,2026-09-16,102027188,,0,1040,,,0,173
2026250,2026-09-17,105900836,,0,1040,,,0,173
