期号,日期,窗口期,z_score,p_value,等级
26015,2026-02-03,26064~26015,6.4031,0.132274,严重
26014,2026-02-01,26063~26014,6.1758,0.210274,严重
26013,2026-01-29,26062~26013,5.7324,0.424724,严重
26012,2026-01-27,26061~26012,5.557,0.523113,严重
26011,2026-01-25,26060~26011,5.6745,0.456855,严重
26010,2026-01-22,26059~26010,5.4973,0.556823,严重
26009,2026-01-20,26058~26009,5.7706,0.403798,严重
26008,2026-01-18,26057~26008,5.7324,0.424724,严重
26007,2026-01-15,26056~26007,5.6745,0.456855,严重
26006,2026-01-13,26055~26006,5.8464,0.363341,严重
26005,2026-01-11,26054~26005,5.9397,0.315776,严重
26004,2026-01-08,26053~26004,5.8275,0.373268,严重
26003,2026-01-06,26052~26003,5.6356,0.478694,严重
26002,2026-01-04,26051~26002,5.616,0.489718,严重
26001,2026-01-01,26050~26001,5.616,0.489718,严重
25151,2025-12-30,26049~25151,5.4973,0.556823,严重
25150,2025-12-28,26048~25150,5.7706,0.403798,严重
25149,2025-12-25,26047~25149,6.0133,0.280409,严重
25148,2025-12-23,26046~25148,6.2113,0.196506,严重
25147,2025-12-21,26045~25147,6.1579,0.217407,严重
25146,2025-12-18,26044~25146,6.0316,0.271961,严重
25145,2025-12-16,26043~25145,5.7324,0.424724,严重
25144,2025-12-14,26042~25144,5.5767,0.511935,严重
25143,2025-12-11,26041~25143,5.7706,0.403798,严重
25142,2025-12-09,26040~25142,6.0133,0.280409,严重
25141,2025-12-07,26039~25141,6.0679,0.255552,严重
25140,2025-12-04,26038~25140,6.334,0.153437,严重
25139,2025-12-02,26037~25139,6.2113,0.196506,严重
25138,2025-11-30,26036~25138,6.3166,0.159112,严重
25137,2025-11-27,26035~25137,6.1041,0.239798,严重
25136,2025-11-25,26034~25136,5.9025,0.334373,严重
25135,2025-11-23,26033~25135,5.6939,0.446054,严重
25134,2025-11-20,26032~25134,5.8652,0.353547,严重
25133,2025-11-18,26031~25133,5.6745,0.456855,严重
25132,2025-11-16,26030~25132,5.4571,0.579356,严重
25131,2025-11-13,26029~25131,5.6745,0.456855,严重
25130,2025-11-11,26028~25130,5.7706,0.403798,严重
25129,2025-11-09,26027~25129,5.9766,0.297781,严重
25128,2025-11-06,26026~25128,5.9582,0.306702,严重
25127,2025-11-04,26025~25127,6.0133,0.280409,严重
25126,2025-11-02,26024~25126,5.8652,0.353547,严重
25125,2025-10-30,26023~25125,6.0498,0.263675,严重
25124,2025-10-28,26022~25124,5.9766,0.297781,严重
25123,2025-10-26,26021~25123,6.086,0.247593,严重
25122,2025-10-23,26020~25122,5.7706,0.403798,严重
25121,2025-10-21,26019~25121,5.5964,0.500801,严重
25120,2025-10-19,26018~25120,5.9766,0.297781,严重
25119,2025-10-16,26017~25119,6.2642,0.177083,严重
25118,2025-10-14,26016~25118,6.0679,0.255552,严重
25117,2025-10-12,26015~25117,5.7324,0.424724,严重
25116,2025-10-09,26014~25116,5.8086,0.383323,严重
25115,2025-10-07,26013~25115,6.0316,0.271961,严重
25114,2025-10-05,26012~25114,5.7706,0.403798,严重
25113,2025-09-30,26011~25113,5.9397,0.315776,严重
25112,2025-09-28,26010~25112,5.9766,0.297781,严重
25111,2025-09-25,26009~25111,5.8839,0.34389,严重
25110,2025-09-23,26008~25110,5.616,0.489718,严重
25109,2025-09-21,26007~25109,5.7131,0.435342,严重
25108,2025-09-18,26006~25108,5.7324,0.424724,严重
25107,2025-09-16,26005~25107,5.7706,0.403798,严重
25106,2025-09-14,26004~25106,5.7706,0.403798,严重
25105,2025-09-11,26003~25105,5.616,0.489718,严重
25104,2025-09-09,26002~25104,5.8086,0.383323,严重
25103,2025-09-07,26001~25103,5.6745,0.456855,严重
25102,2025-09-04,25151~25102,5.6551,0.467737,严重
25101,2025-09-02,25150~25101,5.7515,0.414207,严重
25100,2025-08-31,25149~25100,5.5767,0.511935,严重
25099,2025-08-28,25148~25099,5.616,0.489718,严重
25098,2025-08-26,25147~25098,5.6939,0.446054,严重
25097,2025-08-24,25146~25097,5.7706,0.403798,严重
25096,2025-08-21,25145~25096,5.5964,0.500801,严重
25095,2025-08-19,25144~25095,5.6356,0.478694,严重
25094,2025-08-17,25143~25094,5.6939,0.446054,严重
25093,2025-08-14,25142~25093,5.5767,0.511935,严重
25092,2025-08-12,25141~25092,5.7131,0.435342,严重
25091,2025-08-10,25140~25091,5.6551,0.467737,严重
25090,2025-08-07,25139~25090,5.3141,0.65744,严重
25089,2025-08-05,25138~25089,5.2934,0.66837,严重
25088,2025-08-03,25137~25088,5.3759,0.624237,严重
25087,2025-07-31,25136~25087,5.4772,0.56809,严重
25086,2025-07-29,25135~25086,5.7131,0.435342,严重
25085,2025-07-27,25134~25085,5.5767,0.511935,严重
25084,2025-07-24,25133~25084,5.5371,0.534326,严重
25083,2025-07-22,25132~25083,5.4973,0.556823,严重
25082,2025-07-20,25131~25082,5.5767,0.511935,严重
25081,2025-07-17,25130~25081,5.2934,0.66837,严重
25080,2025-07-15,25129~25080,5.4571,0.579356,严重
25079,2025-07-13,25128~25079,5.616,0.489718,严重
25078,2025-07-10,25127~25078,5.616,0.489718,严重
25077,2025-07-08,25126~25077,5.3348,0.646435,严重
25076,2025-07-06,25125~25076,5.3554,0.635364,严重
25075,2025-07-03,25124~25075,5.2096,0.711151,严重
25074,2025-07-01,25123~25074,5.1672,0.731849,严重
25073,2025-06-29,25122~25073,4.9275,0.834105,严重
25072,2025-06-26,25121~25072,4.9719,0.817208,严重
25071,2025-06-24,25120~25071,4.7223,0.899175,严重
25070,2025-06-22,25119~25070,4.9051,0.842236,严重
25069,2025-06-19,25118~25069,4.7686,0.886327,严重
25068,2025-06-17,25117~25068,4.6043,0.927193,严重
25067,2025-06-15,25116~25067,4.2568,0.976775,可疑
25066,2025-06-12,25115~25066,4.0175,0.991118,可疑
25065,2025-06-10,25114~25065,4.1521,0.984459,可疑
25064,2025-06-08,25113~25064,4.3336,0.969352,可疑
25063,2025-06-05,25112~25063,4.1521,0.984459,可疑
25062,2025-06-03,25111~25062,4.3336,0.969352,可疑
25061,2025-06-01,25110~25061,4.3081,0.971998,可疑
25060,2025-05-29,25109~25060,4.5563,0.936784,严重
25059,2025-05-27,25108~25059,4.3841,0.963516,可疑
25058,2025-05-25,25107~25058,4.6043,0.927193,严重
25057,2025-05-22,25106~25057,4.6043,0.927193,严重
25056,2025-05-20,25105~25056,4.6755,0.911083,严重
25055,2025-05-18,25104~25055,4.6989,0.905246,严重
25054,2025-05-15,25103~25054,4.6519,0.916686,严重
25053,2025-05-13,25102~25053,5.0813,0.771514,严重
25052,2025-05-11,25101~25052,5.3554,0.635364,严重
25051,2025-05-08,25100~25051,5.2726,0.679216,严重
25050,2025-05-06,25099~25050,5.3963,0.613063,严重
25049,2025-05-04,25098~25049,5.4772,0.56809,严重
25048,2025-05-01,25097~25048,5.4973,0.556823,严重
25047,2025-04-29,25096~25047,5.7706,0.403798,严重
25046,2025-04-27,25095~25046,6.086,0.247593,严重
25045,2025-04-24,25094~25045,6.5223,0.100814,严重
25044,2025-04-22,25093~25044,6.8352,0.044922,严重
25043,2025-04-20,25092~25043,6.9152,0.035734,严重
25042,2025-04-17,25091~25042,6.8833,0.039189,严重
25041,2025-04-15,25090~25041,7.0725,0.022194,严重
25040,2025-04-13,25089~25040,7.4068,0.007183,严重
25039,2025-04-10,25088~25039,7.3919,0.007578,严重
25038,2025-04-08,25087~25038,7.7123,0.002233,严重
25037,2025-04-06,25086~25037,7.5538,0.00416,严重
25036,2025-04-03,25085~25036,6.9785,0.029622,严重
25035,2025-04-01,25084~25035,6.8833,0.039189,严重
25034,2025-03-30,25083~25034,6.2992,0.164943,严重
25033,2025-03-27,25082~25033,6.14,0.224705,严重
25032,2025-03-25,25081~25032,6.1935,0.203307,严重
25031,2025-03-23,25080~25031,6.14,0.224705,严重
25030,2025-03-20,25079~25030,6.1041,0.239798,严重
25029,2025-03-18,25078~25029,6.2466,0.183394,严重
25028,2025-03-16,25077~25028,6.0498,0.263675,严重
25027,2025-03-13,25076~25027,6.0498,0.263675,严重
25026,2025-03-11,25075~25026,5.9397,0.315776,严重
25025,2025-03-09,25074~25025,5.7131,0.435342,严重
25024,2025-03-06,25073~25024,5.8275,0.373268,严重
25023,2025-03-04,25072~25023,5.4973,0.556823,严重
25022,2025-03-02,25071~25022,5.2934,0.66837,严重
25021,2025-02-27,25070~25021,5.3759,0.624237,严重
25020,2025-02-25,25069~25020,5.1459,0.741994,严重
25019,2025-02-23,25068~25019,5.1245,0.751992,严重
25018,2025-02-20,25067~25018,4.9275,0.834105,严重
25017,2025-02-18,25066~25017,4.7223,0.899175,严重
25016,2025-02-16,25065~25016,4.6989,0.905246,严重
25015,2025-02-13,25064~25015,4.4587,0.953312,可疑
25014,2025-02-11,25063~25014,4.3336,0.969352,可疑
25013,2025-02-09,25062~25013,4.4833,0.949502,可疑
25012,2025-02-06,25061~25012,4.2568,0.976775,可疑
25011,2025-01-26,25060~25011,4.0447,0.990012,可疑
25010,2025-01-23,25059~25010,4.1255,0.98603,可疑
25009,2025-01-21,25058~25009,4.0988,0.987475,可疑
25008,2025-01-19,25057~25008,4.2825,0.97447,可疑
25007,2025-01-16,25056~25007,4.2048,0.980911,可疑
25006,2025-01-14,25055~25006,4.3081,0.971998,可疑
25005,2025-01-12,25054~25005,4.3589,0.966527,可疑
25004,2025-01-09,25053~25004,4.3336,0.969352,可疑
25003,2025-01-07,25052~25003,3.99,0.992124,可疑
25002,2025-01-05,25051~25002,3.8497,0.995878,可疑
25001,2025-01-02,25050~25001,4.1521,0.984459,可疑
24151,2024-12-31,25049~24151,4.1521,0.984459,可疑
24150,2024-12-29,25048~24150,3.9064,0.994608,可疑
24149,2024-12-26,25047~24149,4.1255,0.98603,可疑
24148,2024-12-24,25046~24148,4.4833,0.949502,可疑
24147,2024-12-22,25045~24147,4.4587,0.953312,可疑
24146,2024-12-19,25044~24146,4.4587,0.953312,可疑
24145,2024-12-17,25043~24145,4.6519,0.916686,严重
24144,2024-12-15,25042~24144,4.5563,0.936784,严重
24143,2024-12-12,25041~24143,4.6519,0.916686,严重
24142,2024-12-10,25040~24142,4.9051,0.842236,严重
24141,2024-12-08,25039~24141,4.7917,0.879552,严重
24140,2024-12-05,25038~24140,4.9719,0.817208,严重
24139,2024-12-03,25037~24139,5.3759,0.624237,严重
24138,2024-12-01,25036~24138,5.5172,0.545566,严重
24137,2024-11-28,25035~24137,5.2307,0.700615,严重
24136,2024-11-26,25034~24136,5.3554,0.635364,严重
24135,2024-11-24,25033~24135,5.5767,0.511935,严重
24134,2024-11-21,25032~24134,5.8464,0.363341,严重
24133,2024-11-19,25031~24133,5.9582,0.306702,严重
24132,2024-11-17,25030~24132,6.229,0.189868,严重
24131,2024-11-14,25029~24131,6.3859,0.137339,严重
24130,2024-11-12,25028~24130,5.9582,0.306702,严重
24129,2024-11-10,25027~24129,5.7324,0.424724,严重
24128,2024-11-07,25026~24128,5.6939,0.446054,严重
24127,2024-11-05,25025~24127,6.0316,0.271961,严重
24126,2024-11-03,25024~24126,5.9397,0.315776,严重
24125,2024-10-31,25023~24125,6.0316,0.271961,严重
24124,2024-10-29,25022~24124,6.1758,0.210274,严重
24123,2024-10-27,25021~24123,6.1221,0.232168,严重
24122,2024-10-24,25020~24122,6.229,0.189868,严重
24121,2024-10-22,25019~24121,5.9211,0.325001,严重
24120,2024-10-20,25018~24120,5.7896,0.393501,严重
24119,2024-10-17,25017~24119,5.8839,0.34389,严重
24118,2024-10-15,25016~24118,6.1041,0.239798,严重
24117,2024-10-13,25015~24117,5.9397,0.315776,严重
24116,2024-10-10,25014~24116,5.9211,0.325001,严重
24115,2024-10-08,25013~24115,5.8086,0.383323,严重
24114,2024-10-06,25012~24114,6.0679,0.255552,严重
24113,2024-09-29,25011~24113,5.7324,0.424724,严重
24112,2024-09-26,25010~24112,5.7896,0.393501,严重
24111,2024-09-24,25009~24111,5.995,0.289016,严重
24110,2024-09-22,25008~24110,5.9397,0.315776,严重
24109,2024-09-19,25007~24109,5.9211,0.325001,严重
24108,2024-09-17,25006~24108,5.995,0.289016,严重
24107,2024-09-15,25005~24107,5.8464,0.363341,严重
24106,2024-09-12,25004~24106,5.9397,0.315776,严重
24105,2024-09-10,25003~24105,5.995,0.289016,严重
24104,2024-09-08,25002~24104,6.1758,0.210274,严重
24103,2024-09-05,25001~24103,6.0498,0.263675,严重
24102,2024-09-03,24151~24102,5.8086,0.383323,严重
24101,2024-09-01,24150~24101,5.8086,0.383323,严重
24100,2024-08-29,24149~24100,5.7896,0.393501,严重
24099,2024-08-27,24148~24099,5.9211,0.325001,严重
24098,2024-08-25,24147~24098,5.8652,0.353547,严重
24097,2024-08-22,24146~24097,5.8086,0.383323,严重
24096,2024-08-20,24145~24096,5.5767,0.511935,严重
24095,2024-08-18,24144~24095,5.2934,0.66837,严重
24094,2024-08-15,24143~24094,5.1459,0.741994,严重
24093,2024-08-13,24142~24093,5.0813,0.771514,严重
24092,2024-08-11,24141~24092,5.1884,0.721565,严重
24091,2024-08-08,24140~24091,5.1672,0.731849,严重
24090,2024-08-06,24139~24090,5.1459,0.741994,严重
24089,2024-08-04,24138~24089,5.1884,0.721565,严重
24088,2024-08-01,24137~24088,5.3554,0.635364,严重
24087,2024-07-30,24136~24087,5.3348,0.646435,严重
24086,2024-07-28,24135~24086,5.3348,0.646435,严重
24085,2024-07-25,24134~24085,5.1459,0.741994,严重
24084,2024-07-23,24133~24084,5.1884,0.721565,严重
24083,2024-07-21,24132~24083,4.8826,0.850149,严重
24082,2024-07-18,24131~24082,5.0379,0.790352,严重
24081,2024-07-16,24130~24081,4.994,0.808452,严重
24080,2024-07-14,24129~24080,4.7686,0.886327,严重
24079,2024-07-11,24128~24079,4.6043,0.927193,严重
24078,2024-07-09,24127~24078,4.2048,0.980911,可疑
24077,2024-07-07,24126~24077,4.3589,0.966527,可疑
24076,2024-07-04,24125~24076,4.5563,0.936784,严重
24075,2024-07-02,24124~24075,4.3589,0.966527,可疑
24074,2024-06-30,24123~24074,4.3841,0.963516,可疑
24073,2024-06-27,24122~24073,4.5563,0.936784,严重
24072,2024-06-25,24121~24072,4.4833,0.949502,可疑
24071,2024-06-23,24120~24071,4.434,0.956914,可疑
24070,2024-06-20,24119~24070,4.3589,0.966527,可疑
24069,2024-06-18,24118~24069,4.434,0.956914,可疑
24068,2024-06-16,24117~24068,4.2568,0.976775,可疑
24067,2024-06-13,24116~24067,4.3336,0.969352,可疑
24066,2024-06-11,24115~24066,4.3841,0.963516,可疑
24065,2024-06-09,24114~24065,4.4587,0.953312,可疑
24064,2024-06-06,24113~24064,4.6755,0.911083,严重
24063,2024-06-04,24112~24063,4.5804,0.932102,严重
24062,2024-06-02,24111~24062,4.5321,0.941242,严重
24061,2024-05-30,24110~24061,4.5321,0.941242,严重
24060,2024-05-28,24109~24060,4.6755,0.911083,严重
24059,2024-05-26,24108~24059,4.7455,0.892868,严重
24058,2024-05-23,24107~24058,4.8374,0.865306,严重
24057,2024-05-21,24106~24057,4.7686,0.886327,严重
24056,2024-05-19,24105~24056,4.6755,0.911083,严重
24055,2024-05-16,24104~24055,4.6282,0.922055,严重
24054,2024-05-14,24103~24054,4.9275,0.834105,严重
24053,2024-05-12,24102~24053,4.9497,0.825761,严重
24052,2024-05-09,24101~24052,4.7917,0.879552,严重
24051,2024-05-07,24100~24051,4.7455,0.892868,严重
24050,2024-05-05,24099~24050,4.8826,0.850149,严重
24049,2024-05-02,24098~24049,4.9275,0.834105,严重
24048,2024-04-30,24097~24048,4.6989,0.905246,严重
24047,2024-04-28,24096~24047,4.7686,0.886327,严重
24046,2024-04-25,24095~24046,4.994,0.808452,严重
24045,2024-04-23,24094~24045,5.1029,0.761835,严重
24044,2024-04-21,24093~24044,5.016,0.799498,严重
24043,2024-04-18,24092~24043,4.9275,0.834105,严重
24042,2024-04-16,24091~24042,4.7686,0.886327,严重
24041,2024-04-14,24090~24041,4.9719,0.817208,严重
24040,2024-04-11,24089~24040,4.9497,0.825761,严重
24039,2024-04-09,24088~24039,4.9275,0.834105,严重
24038,2024-04-07,24087~24038,4.7917,0.879552,严重
24037,2024-04-04,24086~24037,4.8146,0.872544,严重
24036,2024-04-02,24085~24036,4.994,0.808452,严重
24035,2024-03-31,24084~24035,5.3348,0.646435,严重
24034,2024-03-28,24083~24034,5.3348,0.646435,严重
24033,2024-03-26,24082~24033,5.3348,0.646435,严重
24032,2024-03-24,24081~24032,5.2726,0.679216,严重
24031,2024-03-21,24080~24031,5.0379,0.790352,严重
24030,2024-03-19,24079~24030,5.2726,0.679216,严重
24029,2024-03-17,24078~24029,5.2726,0.679216,严重
24028,2024-03-14,24077~24028,5.2517,0.689967,严重
24027,2024-03-12,24076~24027,5.2726,0.679216,严重
24026,2024-03-10,24075~24026,5.4369,0.590613,严重
24025,2024-03-07,24074~24025,5.2934,0.66837,严重
24024,2024-03-05,24073~24024,5.016,0.799498,严重
24023,2024-03-03,24072~24023,5.2307,0.700615,严重
24022,2024-02-29,24071~24022,5.4369,0.590613,严重
24021,2024-02-27,24070~24021,5.1459,0.741994,严重
24020,2024-02-25,24069~24020,5.1884,0.721565,严重
24019,2024-02-22,24068~24019,5.1459,0.741994,严重
24018,2024-02-20,24067~24018,5.016,0.799498,严重
24017,2024-02-18,24066~24017,5.0596,0.781022,严重
24016,2024-02-06,24065~24016,4.9275,0.834105,严重
24015,2024-02-04,24064~24015,5.1672,0.731849,严重
24014,2024-02-01,24063~24014,5.1029,0.761835,严重
24013,2024-01-30,24062~24013,5.3141,0.65744,严重
24012,2024-01-28,24061~24012,5.5371,0.534326,严重
24011,2024-01-25,24060~24011,5.2307,0.700615,严重
24010,2024-01-23,24059~24010,4.994,0.808452,严重
24009,2024-01-21,24058~24009,5.1245,0.751992,严重
24008,2024-01-18,24057~24008,5.1459,0.741994,严重
24007,2024-01-16,24056~24007,5.2096,0.711151,严重
24006,2024-01-14,24055~24006,5.4369,0.590613,严重
24005,2024-01-11,24054~24005,5.5964,0.500801,严重
24004,2024-01-09,24053~24004,5.4369,0.590613,严重
24003,2024-01-07,24052~24003,5.2934,0.66837,严重
24002,2024-01-04,24051~24002,5.2934,0.66837,严重
24001,2024-01-02,24050~24001,5.3554,0.635364,严重
23151,2023-12-31,24049~23151,5.2726,0.679216,严重
23150,2023-12-28,24048~23150,5.2307,0.700615,严重
23149,2023-12-26,24047~23149,5.4571,0.579356,严重
23148,2023-12-24,24046~23148,5.5172,0.545566,严重
23147,2023-12-21,24045~23147,5.5371,0.534326,严重
23146,2023-12-19,24044~23146,5.7706,0.403798,严重
23145,2023-12-17,24043~23145,5.557,0.523113,严重
23144,2023-12-14,24042~23144,5.6939,0.446054,严重
23143,2023-12-12,24041~23143,5.6939,0.446054,严重
23142,2023-12-10,24040~23142,5.7706,0.403798,严重
23141,2023-12-07,24039~23141,6.0316,0.271961,严重
23140,2023-12-05,24038~23140,6.0498,0.263675,严重
23139,2023-12-03,24037~23139,6.0498,0.263675,严重
23138,2023-11-30,24036~23138,5.9211,0.325001,严重
23137,2023-11-28,24035~23137,6.0679,0.255552,严重
23136,2023-11-26,24034~23136,6.0316,0.271961,严重
23135,2023-11-23,24033~23135,5.9397,0.315776,严重
23134,2023-11-21,24032~23134,5.8464,0.363341,严重
23133,2023-11-19,24031~23133,5.8464,0.363341,严重
23132,2023-11-16,24030~23132,5.8652,0.353547,严重
23131,2023-11-14,24029~23131,6.0133,0.280409,严重
23130,2023-11-12,24028~23130,6.2113,0.196506,严重
23129,2023-11-09,24027~23129,6.2642,0.177083,严重
23128,2023-11-07,24026~23128,6.738,0.058612,严重
23127,2023-11-05,24025~23127,6.738,0.058612,严重
23126,2023-11-02,24024~23126,6.4203,0.127356,严重
23125,2023-10-31,24023~23125,6.2113,0.196506,严重
23124,2023-10-29,24022~23124,6.1935,0.203307,严重
23123,2023-10-26,24021~23123,6.229,0.189868,严重
23122,2023-10-24,24020~23122,6.3514,0.147918,严重
23121,2023-10-22,24019~23121,6.086,0.247593,严重
23120,2023-10-19,24018~23120,5.7896,0.393501,严重
23119,2023-10-17,24017~23119,6.0316,0.271961,严重
23118,2023-10-15,24016~23118,5.6551,0.467737,严重
23117,2023-10-12,24015~23117,5.3759,0.624237,严重
23116,2023-10-10,24014~23116,5.0813,0.771514,严重
23115,2023-10-08,24013~23115,5.2726,0.679216,严重
23114,2023-10-05,24012~23114,5.1884,0.721565,严重
23113,2023-09-28,24011~23113,5.2096,0.711151,严重
23112,2023-09-26,24010~23112,4.86,0.85784,严重
23111,2023-09-24,24009~23111,4.9051,0.842236,严重
23110,2023-09-21,24008~23110,5.016,0.799498,严重
23109,2023-09-19,24007~23109,4.7223,0.899175,严重
23108,2023-09-17,24006~23108,4.5804,0.932102,严重
23107,2023-09-14,24005~23107,4.6043,0.927193,严重
23106,2023-09-12,24004~23106,4.7223,0.899175,严重
23105,2023-09-10,24003~23105,4.7455,0.892868,严重
23104,2023-09-07,24002~23104,4.7223,0.899175,严重
23103,2023-09-05,24001~23103,4.6755,0.911083,严重
23102,2023-09-03,23151~23102,4.3589,0.966527,可疑
23101,2023-08-31,23150~23101,4.2308,0.97892,可疑
23100,2023-08-29,23149~23100,3.9623,0.993037,可疑
23099,2023-08-27,23148~23099,3.99,0.992124,可疑
23098,2023-08-24,23147~23098,3.99,0.992124,可疑
23097,2023-08-22,23146~23097,4.0719,0.9888,可疑
23096,2023-08-20,23145~23096,3.9064,0.994608,可疑
23095,2023-08-17,23144~23095,4.1255,0.98603,可疑
23094,2023-08-15,23143~23094,4.0719,0.9888,可疑
23093,2023-08-13,23142~23093,4.2825,0.97447,可疑
23092,2023-08-10,23141~23092,4.3336,0.969352,可疑
23091,2023-08-08,23140~23091,4.434,0.956914,可疑
23090,2023-08-06,23139~23090,4.6043,0.927193,严重
23089,2023-08-03,23138~23089,4.6282,0.922055,严重
23088,2023-08-01,23137~23088,4.5804,0.932102,严重
23087,2023-07-30,23136~23087,4.7917,0.879552,严重
23086,2023-07-27,23135~23086,5.016,0.799498,严重
23085,2023-07-25,23134~23085,5.016,0.799498,严重
23084,2023-07-23,23133~23084,4.994,0.808452,严重
23083,2023-07-20,23132~23083,5.0813,0.771514,严重
23082,2023-07-18,23131~23082,4.9051,0.842236,严重
23081,2023-07-16,23130~23081,4.8826,0.850149,严重
23080,2023-07-13,23129~23080,5.2726,0.679216,严重
23079,2023-07-11,23128~23079,5.0596,0.781022,严重
23078,2023-07-09,23127~23078,5.3554,0.635364,严重
23077,2023-07-06,23126~23077,5.5172,0.545566,严重
23076,2023-07-04,23125~23076,5.3141,0.65744,严重
23075,2023-07-02,23124~23075,5.3554,0.635364,严重
23074,2023-06-29,23123~23074,5.3963,0.613063,严重
23073,2023-06-27,23122~23073,5.4973,0.556823,严重
23072,2023-06-25,23121~23072,5.7131,0.435342,严重
23071,2023-06-22,23120~23071,5.5767,0.511935,严重
23070,2023-06-20,23119~23070,5.616,0.489718,严重
23069,2023-06-18,23118~23069,5.4571,0.579356,严重
23068,2023-06-15,23117~23068,5.3963,0.613063,严重
23067,2023-06-13,23116~23067,5.4571,0.579356,严重
23066,2023-06-11,23115~23066,5.4369,0.590613,严重
23065,2023-06-08,23114~23065,5.5371,0.534326,严重
23064,2023-06-06,23113~23064,5.4571,0.579356,严重
23063,2023-06-04,23112~23063,5.1245,0.751992,严重
23062,2023-06-01,23111~23062,4.9719,0.817208,严重
23061,2023-05-30,23110~23061,4.994,0.808452,严重
23060,2023-05-28,23109~23060,5.3348,0.646435,严重
23059,2023-05-25,23108~23059,5.4369,0.590613,严重
23058,2023-05-23,23107~23058,5.616,0.489718,严重
23057,2023-05-21,23106~23057,5.8464,0.363341,严重
23056,2023-05-18,23105~23056,5.8275,0.373268,严重
23055,2023-05-16,23104~23055,5.4369,0.590613,严重
23054,2023-05-14,23103~23054,5.557,0.523113,严重
23053,2023-05-11,23102~23053,5.8086,0.383323,严重
23052,2023-05-09,23101~23052,5.8652,0.353547,严重
23051,2023-05-07,23100~23051,5.8275,0.373268,严重
23050,2023-05-04,23099~23050,6.0316,0.271961,严重
23049,2023-05-02,23098~23049,5.6551,0.467737,严重
23048,2023-04-30,23097~23048,5.6356,0.478694,严重
23047,2023-04-27,23096~23047,5.6745,0.456855,严重
23046,2023-04-25,23095~23046,5.4973,0.556823,严重
23045,2023-04-23,23094~23045,5.2517,0.689967,严重
23044,2023-04-20,23093~23044,5.3348,0.646435,严重
23043,2023-04-18,23092~23043,5.3963,0.613063,严重
23042,2023-04-16,23091~23042,5.3554,0.635364,严重
23041,2023-04-13,23090~23041,5.2934,0.66837,严重
23040,2023-04-11,23089~23040,4.994,0.808452,严重
23039,2023-04-09,23088~23039,4.9275,0.834105,严重
23038,2023-04-06,23087~23038,5.1459,0.741994,严重
23037,2023-04-04,23086~23037,4.8146,0.872544,严重
23036,2023-04-02,23085~23036,4.7223,0.899175,严重
23035,2023-03-30,23084~23035,4.6519,0.916686,严重
23034,2023-03-28,23083~23034,4.7455,0.892868,严重
23033,2023-03-26,23082~23033,4.8826,0.850149,严重
23032,2023-03-23,23081~23032,5.016,0.799498,严重
23031,2023-03-21,23080~23031,5.1459,0.741994,严重
23030,2023-03-19,23079~23030,5.1245,0.751992,严重
23029,2023-03-16,23078~23029,5.3963,0.613063,严重
23028,2023-03-14,23077~23028,5.3759,0.624237,严重
23027,2023-03-12,23076~23027,5.3141,0.65744,严重
23026,2023-03-09,23075~23026,5.5767,0.511935,严重
23025,2023-03-07,23074~23025,5.3554,0.635364,严重
23024,2023-03-05,23073~23024,5.5964,0.500801,严重
23023,2023-03-02,23072~23023,5.8086,0.383323,严重
23022,2023-02-28,23071~23022,5.557,0.523113,严重
23021,2023-02-26,23070~23021,5.3759,0.624237,严重
23020,2023-02-23,23069~23020,5.5172,0.545566,严重
23019,2023-02-21,23068~23019,5.3963,0.613063,严重
23018,2023-02-19,23067~23018,5.6551,0.467737,严重
23017,2023-02-16,23066~23017,5.7131,0.435342,严重
23016,2023-02-14,23065~23016,5.3963,0.613063,严重
23015,2023-02-12,23064~23015,4.86,0.85784,严重
23014,2023-02-09,23063~23014,5.2307,0.700615,严重
23013,2023-02-07,23062~23013,5.3963,0.613063,严重
23012,2023-02-05,23061~23012,5.3348,0.646435,严重
23011,2023-02-02,23060~23011,5.4973,0.556823,严重
23010,2023-01-31,23059~23010,5.3348,0.646435,严重
23009,2023-01-29,23058~23009,5.3348,0.646435,严重
23008,2023-01-17,23057~23008,5.1459,0.741994,严重
23007,2023-01-15,23056~23007,5.0813,0.771514,严重
23006,2023-01-12,23055~23006,5.2517,0.689967,严重
23005,2023-01-10,23054~23005,5.2726,0.679216,严重
23004,2023-01-08,23053~23004,4.86,0.85784,严重
23003,2023-01-05,23052~23003,4.7455,0.892868,严重
23002,2023-01-03,23051~23002,4.8146,0.872544,严重
23001,2023-01-01,23050~23001,4.8374,0.865306,严重
22150,2022-12-29,23049~22150,4.6043,0.927193,严重
22149,2022-12-27,23048~22149,4.6282,0.922055,严重
22148,2022-12-25,23047~22148,4.3336,0.969352,可疑
22147,2022-12-22,23046~22147,4.3589,0.966527,可疑
22146,2022-12-20,23045~22146,4.4587,0.953312,可疑
22145,2022-12-18,23044~22145,4.3841,0.963516,可疑
22144,2022-12-15,23043~22144,4.5563,0.936784,严重
22143,2022-12-13,23042~22143,4.6989,0.905246,严重
22142,2022-12-11,23041~22142,4.5804,0.932102,严重
22141,2022-12-08,23040~22141,4.7686,0.886327,严重
22140,2022-12-06,23039~22140,4.86,0.85784,严重
22139,2022-12-04,23038~22139,4.9051,0.842236,严重
22138,2022-12-01,23037~22138,4.7686,0.886327,严重
22137,2022-11-29,23036~22137,4.8374,0.865306,严重
22136,2022-11-27,23035~22136,4.7917,0.879552,严重
22135,2022-11-24,23034~22135,4.7686,0.886327,严重
22134,2022-11-22,23033~22134,4.7917,0.879552,严重
22133,2022-11-20,23032~22133,4.9719,0.817208,严重
22132,2022-11-17,23031~22132,4.9275,0.834105,严重
22131,2022-11-15,23030~22131,4.86,0.85784,严重
22130,2022-11-13,23029~22130,4.6989,0.905246,严重
22129,2022-11-10,23028~22129,4.7223,0.899175,严重
22128,2022-11-08,23027~22128,4.5078,0.94548,严重
22127,2022-11-06,23026~22127,4.1521,0.984459,可疑
22126,2022-11-03,23025~22126,3.99,0.992124,可疑
22125,2022-11-01,23024~22125,4.2048,0.980911,可疑
22124,2022-10-30,23023~22124,4.3589,0.966527,可疑
22123,2022-10-27,23022~22123,4.5563,0.936784,严重
22122,2022-10-25,23021~22122,4.6282,0.922055,严重
22121,2022-10-23,23020~22121,4.6043,0.927193,严重
22120,2022-10-20,23019~22120,4.434,0.956914,可疑
22119,2022-10-18,23018~22119,4.6043,0.927193,严重
22118,2022-10-16,23017~22118,4.6519,0.916686,严重
22117,2022-10-13,23016~22117,4.7223,0.899175,严重
22116,2022-10-11,23015~22116,4.9275,0.834105,严重
22115,2022-10-09,23014~22115,5.1459,0.741994,严重
22114,2022-10-06,23013~22114,4.9719,0.817208,严重
22113,2022-09-29,23012~22113,5.2307,0.700615,严重
22112,2022-09-27,23011~22112,5.2934,0.66837,严重
22111,2022-09-25,23010~22111,5.3554,0.635364,严重
22110,2022-09-22,23009~22110,5.3141,0.65744,严重
22109,2022-09-20,23008~22109,5.616,0.489718,严重
22108,2022-09-18,23007~22108,5.557,0.523113,严重
22107,2022-09-15,23006~22107,5.557,0.523113,严重
22106,2022-09-13,23005~22106,5.5371,0.534326,严重
22105,2022-09-11,23004~22105,5.3141,0.65744,严重
22104,2022-09-08,23003~22104,5.3759,0.624237,严重
22103,2022-09-06,23002~22103,5.4166,0.601852,严重
22102,2022-09-04,23001~22102,5.3963,0.613063,严重
22101,2022-09-01,22150~22101,5.4772,0.56809,严重
22100,2022-08-30,22149~22100,5.6356,0.478694,严重
22099,2022-08-28,22148~22099,5.4166,0.601852,严重
22098,2022-08-25,22147~22098,5.2726,0.679216,严重
22097,2022-08-23,22146~22097,5.1245,0.751992,严重
22096,2022-08-21,22145~22096,4.8826,0.850149,严重
22095,2022-08-18,22144~22095,5.2307,0.700615,严重
22094,2022-08-16,22143~22094,5.5964,0.500801,严重
22093,2022-08-14,22142~22093,5.4772,0.56809,严重
22092,2022-08-11,22141~22092,5.3554,0.635364,严重
22091,2022-08-09,22140~22091,5.2934,0.66837,严重
22090,2022-08-07,22139~22090,4.8826,0.850149,严重
22089,2022-08-04,22138~22089,5.0379,0.790352,严重
22088,2022-08-02,22137~22088,5.0596,0.781022,严重
22087,2022-07-31,22136~22087,4.994,0.808452,严重
22086,2022-07-28,22135~22086,4.8146,0.872544,严重
22085,2022-07-26,22134~22085,4.6043,0.927193,严重
22084,2022-07-24,22133~22084,4.4587,0.953312,可疑
22083,2022-07-21,22132~22083,4.8146,0.872544,严重
22082,2022-07-19,22131~22082,4.5078,0.94548,严重
22081,2022-07-17,22130~22081,4.2048,0.980911,可疑
22080,2022-07-14,22129~22080,4.3081,0.971998,可疑
22079,2022-07-12,22128~22079,4.2568,0.976775,可疑
22078,2022-07-10,22127~22078,4.3336,0.969352,可疑
22077,2022-07-07,22126~22077,4.6989,0.905246,严重
22076,2022-07-05,22125~22076,4.5804,0.932102,严重
22075,2022-07-03,22124~22075,4.4587,0.953312,可疑
22074,2022-06-30,22123~22074,4.4091,0.960313,可疑
22073,2022-06-28,22122~22073,4.5078,0.94548,严重
22072,2022-06-26,22121~22072,4.4091,0.960313,可疑
22071,2022-06-23,22120~22071,4.8826,0.850149,严重
22070,2022-06-21,22119~22070,4.8374,0.865306,严重
22069,2022-06-19,22118~22069,4.9051,0.842236,严重
22068,2022-06-16,22117~22068,5.0813,0.771514,严重
22067,2022-06-14,22116~22067,4.8374,0.865306,严重
22066,2022-06-12,22115~22066,4.9719,0.817208,严重
22065,2022-06-09,22114~22065,4.7917,0.879552,严重
22064,2022-06-07,22113~22064,4.86,0.85784,严重
22063,2022-06-05,22112~22063,4.7917,0.879552,严重
22062,2022-06-02,22111~22062,4.9051,0.842236,严重
22061,2022-05-31,22110~22061,4.994,0.808452,严重
22060,2022-05-29,22109~22060,4.6519,0.916686,严重
22059,2022-05-26,22108~22059,4.9497,0.825761,严重
22058,2022-05-24,22107~22058,4.9719,0.817208,严重
22057,2022-05-22,22106~22057,5.016,0.799498,严重
22056,2022-05-19,22105~22056,5.0379,0.790352,严重
22055,2022-05-17,22104~22055,4.9719,0.817208,严重
22054,2022-05-15,22103~22054,5.0596,0.781022,严重
22053,2022-05-12,22102~22053,5.1029,0.761835,严重
22052,2022-05-10,22101~22052,5.0813,0.771514,严重
22051,2022-05-08,22100~22051,4.9051,0.842236,严重
22050,2022-05-05,22099~22050,4.9719,0.817208,严重
22049,2022-05-03,22098~22049,5.1029,0.761835,严重
22048,2022-05-01,22097~22048,5.0379,0.790352,严重
22047,2022-04-28,22096~22047,5.0596,0.781022,严重
22046,2022-04-26,22095~22046,4.9275,0.834105,严重
22045,2022-04-24,22094~22045,4.6989,0.905246,严重
22044,2022-04-21,22093~22044,5.016,0.799498,严重
22043,2022-04-19,22092~22043,5.2096,0.711151,严重
22042,2022-04-17,22091~22042,4.994,0.808452,严重
22041,2022-04-14,22090~22041,5.1245,0.751992,严重
22040,2022-04-12,22089~22040,5.0379,0.790352,严重
22039,2022-04-10,22088~22039,4.7455,0.892868,严重
22038,2022-04-07,22087~22038,4.6043,0.927193,严重
22037,2022-04-05,22086~22037,4.3336,0.969352,可疑
22036,2022-04-03,22085~22036,4.3589,0.966527,可疑
22035,2022-03-31,22084~22035,3.9623,0.993037,可疑
22034,2022-03-29,22083~22034,4.4091,0.960313,可疑
22033,2022-03-27,22082~22033,4.3081,0.971998,可疑
22032,2022-03-24,22081~22032,4.434,0.956914,可疑
22031,2022-03-22,22080~22031,4.4833,0.949502,可疑
22030,2022-03-20,22079~22030,4.3589,0.966527,可疑
22029,2022-03-17,22078~22029,4.4833,0.949502,可疑
22028,2022-03-15,22077~22028,4.5563,0.936784,严重
22027,2022-03-13,22076~22027,4.8374,0.865306,严重
22026,2022-03-10,22075~22026,4.7455,0.892868,严重
22025,2022-03-08,22074~22025,4.7455,0.892868,严重
22024,2022-03-06,22073~22024,4.6519,0.916686,严重
22023,2022-03-03,22072~22023,4.3841,0.963516,可疑
22022,2022-03-01,22071~22022,4.3336,0.969352,可疑
22021,2022-02-27,22070~22021,4.5321,0.941242,严重
22020,2022-02-24,22069~22020,4.6755,0.911083,严重
22019,2022-02-22,22068~22019,4.4833,0.949502,可疑
22018,2022-02-20,22067~22018,4.4091,0.960313,可疑
22017,2022-02-17,22066~22017,4.5804,0.932102,严重
22016,2022-02-15,22065~22016,4.4587,0.953312,可疑
22015,2022-02-13,22064~22015,4.4587,0.953312,可疑
22014,2022-02-10,22063~22014,4.6282,0.922055,严重
22013,2022-02-08,22062~22013,4.6989,0.905246,严重
22012,2022-01-27,22061~22012,4.7455,0.892868,严重
22011,2022-01-25,22060~22011,4.9275,0.834105,严重
22010,2022-01-23,22059~22010,4.9497,0.825761,严重
22009,2022-01-20,22058~22009,4.9275,0.834105,严重
22008,2022-01-18,22057~22008,4.9275,0.834105,严重
22007,2022-01-16,22056~22007,4.7917,0.879552,严重
22006,2022-01-13,22055~22006,4.6755,0.911083,严重
22005,2022-01-11,22054~22005,5.1029,0.761835,严重
22004,2022-01-09,22053~22004,5.4571,0.579356,严重
22003,2022-01-06,22052~22003,5.4166,0.601852,严重
22002,2022-01-04,22051~22002,5.2096,0.711151,严重
22001,2022-01-02,22050~22001,5.2096,0.711151,严重
21150,2021-12-30,22049~21150,5.4973,0.556823,严重
21149,2021-12-28,22048~21149,5.616,0.489718,严重
21148,2021-12-26,22047~21148,5.6939,0.446054,严重
21147,2021-12-23,22046~21147,5.616,0.489718,严重
21146,2021-12-21,22045~21146,5.8652,0.353547,严重
21145,2021-12-19,22044~21145,6.0316,0.271961,严重
21144,2021-12-16,22043~21144,6.229,0.189868,严重
21143,2021-12-14,22042~21143,6.1758,0.210274,严重
21142,2021-12-12,22041~21142,6.3166,0.159112,严重
21141,2021-12-09,22040~21141,6.3514,0.147918,严重
21140,2021-12-07,22039~21140,6.4031,0.132274,严重
21139,2021-12-05,22038~21139,6.3859,0.137339,严重
21138,2021-12-02,22037~21138,6.4031,0.132274,严重
21137,2021-11-30,22036~21137,6.5223,0.100814,严重
21136,2021-11-28,22035~21136,6.5559,0.093036,严重
21135,2021-11-25,22034~21135,6.7705,0.053696,严重
21134,2021-11-23,22033~21134,6.6888,0.066707,严重
21133,2021-11-21,22032~21133,6.5894,0.085758,严重
21132,2021-11-18,22031~21132,6.4545,0.117954,严重
21131,2021-11-16,22030~21131,6.5054,0.104898,严重
21130,2021-11-14,22029~21130,6.5727,0.089336,严重
21129,2021-11-11,22028~21129,6.6227,0.078958,严重
21128,2021-11-09,22027~21128,6.6723,0.069608,严重
21127,2021-11-07,22026~21127,6.5894,0.085758,严重
21126,2021-11-04,22025~21126,6.7705,0.053696,严重
21125,2021-11-02,22024~21125,6.9785,0.029622,严重
21124,2021-10-31,22023~21124,6.3514,0.147918,严重
21123,2021-10-28,22022~21123,6.5054,0.104898,严重
21122,2021-10-26,22021~21122,6.2642,0.177083,严重
21121,2021-10-24,22020~21121,6.1758,0.210274,严重
21120,2021-10-21,22019~21120,6.086,0.247593,严重
21119,2021-10-19,22018~21119,5.8652,0.353547,严重
21118,2021-10-17,22017~21118,6.1579,0.217407,严重
21117,2021-10-14,22016~21117,6.1935,0.203307,严重
21116,2021-10-12,22015~21116,5.8839,0.34389,严重
21115,2021-10-10,22014~21115,5.8839,0.34389,严重
21114,2021-10-07,22013~21114,5.7515,0.414207,严重
21113,2021-10-05,22012~21113,5.6939,0.446054,严重
21112,2021-09-30,22011~21112,5.7896,0.393501,严重
21111,2021-09-28,22010~21111,5.8839,0.34389,严重
21110,2021-09-26,22009~21110,5.7324,0.424724,严重
21109,2021-09-23,22008~21109,5.7131,0.435342,严重
21108,2021-09-21,22007~21108,5.6551,0.467737,严重
21107,2021-09-19,22006~21107,5.6939,0.446054,严重
21106,2021-09-16,22005~21106,5.7131,0.435342,严重
21105,2021-09-14,22004~21105,5.7515,0.414207,严重
21104,2021-09-12,22003~21104,5.7131,0.435342,严重
21103,2021-09-09,22002~21103,5.7515,0.414207,严重
21102,2021-09-07,22001~21102,6.086,0.247593,严重
21101,2021-09-05,21150~21101,5.8275,0.373268,严重
21100,2021-09-02,21149~21100,5.6551,0.467737,严重
21099,2021-08-31,21148~21099,5.5371,0.534326,严重
21098,2021-08-29,21147~21098,5.1672,0.731849,严重
21097,2021-08-26,21146~21097,4.86,0.85784,严重
21096,2021-08-24,21145~21096,5.2726,0.679216,严重
21095,2021-08-22,21144~21095,5.2934,0.66837,严重
21094,2021-08-19,21143~21094,5.2726,0.679216,严重
21093,2021-08-17,21142~21093,5.3141,0.65744,严重
21092,2021-08-15,21141~21092,5.1459,0.741994,严重
21091,2021-08-12,21140~21091,5.016,0.799498,严重
21090,2021-08-10,21139~21090,5.3348,0.646435,严重
21089,2021-08-08,21138~21089,5.016,0.799498,严重
21088,2021-08-05,21137~21088,4.9719,0.817208,严重
21087,2021-08-03,21136~21087,4.8374,0.865306,严重
21086,2021-08-01,21135~21086,4.7455,0.892868,严重
21085,2021-07-29,21134~21085,4.9051,0.842236,严重
21084,2021-07-27,21133~21084,5.0596,0.781022,严重
21083,2021-07-25,21132~21083,5.0813,0.771514,严重
21082,2021-07-22,21131~21082,4.6989,0.905246,严重
21081,2021-07-20,21130~21081,4.5321,0.941242,严重
21080,2021-07-18,21129~21080,4.5804,0.932102,严重
21079,2021-07-15,21128~21079,4.6282,0.922055,严重
21078,2021-07-13,21127~21078,4.9275,0.834105,严重
21077,2021-07-11,21126~21077,4.8146,0.872544,严重
21076,2021-07-08,21125~21076,4.4833,0.949502,可疑
21075,2021-07-06,21124~21075,4.5321,0.941242,严重
21074,2021-07-04,21123~21074,4.7455,0.892868,严重
21073,2021-07-01,21122~21073,4.8146,0.872544,严重
21072,2021-06-29,21121~21072,4.2825,0.97447,可疑
21071,2021-06-27,21120~21071,4.3589,0.966527,可疑
21070,2021-06-24,21119~21070,4.5321,0.941242,严重
21069,2021-06-22,21118~21069,4.3589,0.966527,可疑
21068,2021-06-20,21117~21068,4.5078,0.94548,严重
21067,2021-06-17,21116~21067,4.6043,0.927193,严重
21066,2021-06-15,21115~21066,4.5563,0.936784,严重
21065,2021-06-13,21114~21065,4.2825,0.97447,可疑
21064,2021-06-10,21113~21064,4.1521,0.984459,可疑
21063,2021-06-08,21112~21063,4.4587,0.953312,可疑
21062,2021-06-06,21111~21062,4.4833,0.949502,可疑
21061,2021-06-03,21110~21061,4.5804,0.932102,严重
21060,2021-06-01,21109~21060,4.4587,0.953312,可疑
21059,2021-05-30,21108~21059,4.9275,0.834105,严重
21058,2021-05-27,21107~21058,4.86,0.85784,严重
21057,2021-05-25,21106~21057,5.2517,0.689967,严重
21056,2021-05-23,21105~21056,5.1672,0.731849,严重
21055,2021-05-20,21104~21055,5.3554,0.635364,严重
21054,2021-05-18,21103~21054,5.2934,0.66837,严重
21053,2021-05-16,21102~21053,5.2934,0.66837,严重
21052,2021-05-13,21101~21052,5.0813,0.771514,严重
21051,2021-05-11,21100~21051,5.1459,0.741994,严重
21050,2021-05-09,21099~21050,5.1029,0.761835,严重
21049,2021-05-06,21098~21049,5.2517,0.689967,严重
21048,2021-05-04,21097~21048,5.3348,0.646435,严重
21047,2021-05-02,21096~21047,5.2934,0.66837,严重
21046,2021-04-29,21095~21046,5.3963,0.613063,严重
21045,2021-04-27,21094~21045,5.4571,0.579356,严重
21044,2021-04-25,21093~21044,5.0379,0.790352,严重
21043,2021-04-22,21092~21043,4.7223,0.899175,严重
21042,2021-04-20,21091~21042,5.1245,0.751992,严重
21041,2021-04-18,21090~21041,4.9719,0.817208,严重
21040,2021-04-15,21089~21040,5.1884,0.721565,严重
21039,2021-04-13,21088~21039,5.0813,0.771514,严重
21038,2021-04-11,21087~21038,5.2934,0.66837,严重
21037,2021-04-08,21086~21037,5.1459,0.741994,严重
21036,2021-04-06,21085~21036,5.2096,0.711151,严重
21035,2021-04-04,21084~21035,4.994,0.808452,严重
21034,2021-04-01,21083~21034,4.86,0.85784,严重
21033,2021-03-30,21082~21033,4.3336,0.969352,可疑
21032,2021-03-28,21081~21032,4.3589,0.966527,可疑
21031,2021-03-25,21080~21031,4.1785,0.982755,可疑
21030,2021-03-23,21079~21030,4.0719,0.9888,可疑
21029,2021-03-21,21078~21029,3.9623,0.993037,可疑
21028,2021-03-18,21077~21028,3.9345,0.993863,可疑
21027,2021-03-16,21076~21027,4.1255,0.98603,可疑
21026,2021-03-14,21075~21026,4.0175,0.991118,可疑
21025,2021-03-11,21074~21025,3.9623,0.993037,可疑
21024,2021-03-09,21073~21024,4.1255,0.98603,可疑
21023,2021-03-07,21072~21023,3.7041,0.998021,可疑
21022,2021-03-04,21071~21022,3.49,0.999405,可疑
21021,2021-03-02,21070~21021,3.763,0.997316,可疑
21020,2021-02-28,21069~21020,3.7921,0.996892,可疑
21019,2021-02-25,21068~21019,3.763,0.997316,可疑
21018,2021-02-23,21067~21018,3.763,0.997316,可疑
21017,2021-02-21,21066~21017,3.9345,0.993863,可疑
21016,2021-02-07,21065~21016,4.3336,0.969352,可疑
21015,2021-02-04,21064~21015,4.4587,0.953312,可疑
21014,2021-02-02,21063~21014,4.3336,0.969352,可疑
21013,2021-01-31,21062~21013,4.2048,0.980911,可疑
21012,2021-01-28,21061~21012,4.2568,0.976775,可疑
21011,2021-01-26,21060~21011,4.2048,0.980911,可疑
21010,2021-01-24,21059~21010,4.1521,0.984459,可疑
21009,2021-01-21,21058~21009,4.0175,0.991118,可疑
21008,2021-01-19,21057~21008,3.9345,0.993863,可疑
21007,2021-01-17,21056~21007,3.763,0.997316,可疑
21006,2021-01-14,21055~21006,3.8781,0.995278,可疑
21005,2021-01-12,21054~21005,4.0447,0.990012,可疑
21004,2021-01-10,21053~21004,4.1785,0.982755,可疑
21003,2021-01-07,21052~21003,4.3336,0.969352,可疑
21002,2021-01-05,21051~21002,4.7223,0.899175,严重
21001,2021-01-03,21050~21001,4.7223,0.899175,严重
20134,2020-12-31,21049~20134,4.5804,0.932102,严重
20133,2020-12-29,21048~20133,4.3336,0.969352,可疑
20132,2020-12-27,21047~20132,4.1521,0.984459,可疑
20131,2020-12-24,21046~20131,4.0719,0.9888,可疑
20130,2020-12-22,21045~20130,4.3589,0.966527,可疑
20129,2020-12-20,21044~20129,4.3589,0.966527,可疑
20128,2020-12-17,21043~20128,4.4091,0.960313,可疑
20127,2020-12-15,21042~20127,4.3841,0.963516,可疑
20126,2020-12-13,21041~20126,4.2825,0.97447,可疑
20125,2020-12-10,21040~20125,3.99,0.992124,可疑
20124,2020-12-08,21039~20124,3.99,0.992124,可疑
20123,2020-12-06,21038~20123,4.2825,0.97447,可疑
20122,2020-12-03,21037~20122,4.2825,0.97447,可疑
20121,2020-12-01,21036~20121,4.4587,0.953312,可疑
20120,2020-11-29,21035~20120,4.434,0.956914,可疑
20119,2020-11-26,21034~20119,4.3081,0.971998,可疑
20118,2020-11-24,21033~20118,4.2048,0.980911,可疑
20117,2020-11-22,21032~20117,4.3336,0.969352,可疑
20116,2020-11-19,21031~20116,4.3336,0.969352,可疑
20115,2020-11-17,21030~20115,4.434,0.956914,可疑
20114,2020-11-15,21029~20114,4.2308,0.97892,可疑
20113,2020-11-12,21028~20113,4.4833,0.949502,可疑
20112,2020-11-10,21027~20112,4.4587,0.953312,可疑
20111,2020-11-08,21026~20111,4.5321,0.941242,严重
20110,2020-11-05,21025~20110,5.0596,0.781022,严重
20109,2020-11-03,21024~20109,4.9719,0.817208,严重
20108,2020-11-01,21023~20108,4.8826,0.850149,严重
20107,2020-10-29,21022~20107,5.0813,0.771514,严重
20106,2020-10-27,21021~20106,5.0813,0.771514,严重
20105,2020-10-25,21020~20105,5.1672,0.731849,严重
20104,2020-10-22,21019~20104,4.994,0.808452,严重
20103,2020-10-20,21018~20103,5.3141,0.65744,严重
20102,2020-10-18,21017~20102,5.4973,0.556823,严重
20101,2020-10-15,21016~20101,5.2096,0.711151,严重
20100,2020-10-13,21015~20100,5.2307,0.700615,严重
20099,2020-10-11,21014~20099,4.8826,0.850149,严重
20098,2020-10-08,21013~20098,5.1245,0.751992,严重
20097,2020-10-06,21012~20097,5.0813,0.771514,严重
20096,2020-09-29,21011~20096,5.1672,0.731849,严重
20095,2020-09-27,21010~20095,5.4369,0.590613,严重
20094,2020-09-24,21009~20094,5.1884,0.721565,严重
20093,2020-09-22,21008~20093,5.016,0.799498,严重
20092,2020-09-20,21007~20092,5.3554,0.635364,严重
20091,2020-09-17,21006~20091,5.616,0.489718,严重
20090,2020-09-15,21005~20090,5.3759,0.624237,严重
20089,2020-09-13,21004~20089,5.2517,0.689967,严重
20088,2020-09-10,21003~20088,5.5964,0.500801,严重
20087,2020-09-08,21002~20087,5.3554,0.635364,严重
20086,2020-09-06,21001~20086,5.2307,0.700615,严重
20085,2020-09-03,20134~20085,5.6939,0.446054,严重
20084,2020-09-01,20133~20084,5.3348,0.646435,严重
20083,2020-08-30,20132~20083,5.557,0.523113,严重
20082,2020-08-27,20131~20082,5.4166,0.601852,严重
20081,2020-08-25,20130~20081,5.1245,0.751992,严重
20080,2020-08-23,20129~20080,4.9719,0.817208,严重
20079,2020-08-20,20128~20079,4.7223,0.899175,严重
20078,2020-08-18,20127~20078,4.5563,0.936784,严重
20077,2020-08-16,20126~20077,4.5321,0.941242,严重
20076,2020-08-13,20125~20076,4.86,0.85784,严重
20075,2020-08-11,20124~20075,4.7686,0.886327,严重
20074,2020-08-09,20123~20074,4.6519,0.916686,严重
20073,2020-08-06,20122~20073,4.4833,0.949502,可疑
20072,2020-08-04,20121~20072,4.6755,0.911083,严重
20071,2020-08-02,20120~20071,4.7686,0.886327,严重
20070,2020-07-30,20119~20070,4.6519,0.916686,严重
20069,2020-07-28,20118~20069,4.6043,0.927193,严重
20068,2020-07-26,20117~20068,4.7223,0.899175,严重
20067,2020-07-23,20116~20067,4.6282,0.922055,严重
20066,2020-07-21,20115~20066,4.6989,0.905246,严重
20065,2020-07-19,20114~20065,4.7917,0.879552,严重
20064,2020-07-16,20113~20064,4.7455,0.892868,严重
20063,2020-07-14,20112~20063,4.86,0.85784,严重
20062,2020-07-12,20111~20062,4.9497,0.825761,严重
20061,2020-07-09,20110~20061,4.6989,0.905246,严重
20060,2020-07-07,20109~20060,4.6519,0.916686,严重
20059,2020-07-05,20108~20059,4.7223,0.899175,严重
20058,2020-07-02,20107~20058,4.7686,0.886327,严重
20057,2020-06-30,20106~20057,4.9719,0.817208,严重
20056,2020-06-28,20105~20056,5.1245,0.751992,严重
20055,2020-06-25,20104~20055,5.1459,0.741994,严重
20054,2020-06-23,20103~20054,5.2307,0.700615,严重
20053,2020-06-21,20102~20053,5.2934,0.66837,严重
20052,2020-06-18,20101~20052,4.994,0.808452,严重
20051,2020-06-16,20100~20051,4.994,0.808452,严重
20050,2020-06-14,20099~20050,4.9051,0.842236,严重
20049,2020-06-11,20098~20049,4.8146,0.872544,严重
20048,2020-06-09,20097~20048,5.016,0.799498,严重
20047,2020-06-07,20096~20047,4.7686,0.886327,严重
20046,2020-06-04,20095~20046,4.6989,0.905246,严重
20045,2020-06-02,20094~20045,4.5804,0.932102,严重
20044,2020-05-31,20093~20044,4.5078,0.94548,严重
20043,2020-05-28,20092~20043,4.5804,0.932102,严重
20042,2020-05-26,20091~20042,4.6282,0.922055,严重
20041,2020-05-24,20090~20041,4.2825,0.97447,可疑
20040,2020-05-21,20089~20040,4.1521,0.984459,可疑
20039,2020-05-19,20088~20039,4.1255,0.98603,可疑
20038,2020-05-17,20087~20038,3.99,0.992124,可疑
20037,2020-05-14,20086~20037,4.2825,0.97447,可疑
20036,2020-05-12,20085~20036,4.5321,0.941242,严重
20035,2020-05-10,20084~20035,4.2048,0.980911,可疑
20034,2020-05-07,20083~20034,4.3589,0.966527,可疑
20033,2020-05-05,20082~20033,4.5321,0.941242,严重
20032,2020-05-03,20081~20032,4.6755,0.911083,严重
20031,2020-04-30,20080~20031,4.8374,0.865306,严重
20030,2020-04-28,20079~20030,4.994,0.808452,严重
20029,2020-04-26,20078~20029,5.1884,0.721565,严重
20028,2020-04-23,20077~20028,5.0596,0.781022,严重
20027,2020-04-21,20076~20027,4.9497,0.825761,严重
20026,2020-04-19,20075~20026,5.016,0.799498,严重
20025,2020-04-16,20074~20025,5.1245,0.751992,严重
20024,2020-04-14,20073~20024,5.016,0.799498,严重
20023,2020-04-12,20072~20023,4.7917,0.879552,严重
20022,2020-04-09,20071~20022,4.6519,0.916686,严重
20021,2020-04-07,20070~20021,4.6989,0.905246,严重
20020,2020-04-05,20069~20020,4.7455,0.892868,严重
20019,2020-04-02,20068~20019,4.5563,0.936784,严重
20018,2020-03-31,20067~20018,4.1255,0.98603,可疑
20017,2020-03-29,20066~20017,4.2048,0.980911,可疑
20016,2020-03-26,20065~20016,4.0447,0.990012,可疑
20015,2020-03-24,20064~20015,4.2048,0.980911,可疑
20014,2020-03-22,20063~20014,4.3081,0.971998,可疑
20013,2020-03-19,20062~20013,4.3081,0.971998,可疑
20012,2020-03-17,20061~20012,3.99,0.992124,可疑
20011,2020-03-15,20060~20011,3.7921,0.996892,可疑
20010,2020-03-12,20059~20010,3.821,0.996414,可疑
20009,2020-01-21,20058~20009,3.7336,0.997691,可疑
20008,2020-01-19,20057~20008,3.8497,0.995878,可疑
20007,2020-01-16,20056~20007,3.763,0.997316,可疑
20006,2020-01-14,20055~20006,3.821,0.996414,可疑
20005,2020-01-12,20054~20005,4.1255,0.98603,可疑
20004,2020-01-09,20053~20004,4.5804,0.932102,严重
20003,2020-01-07,20052~20003,4.3841,0.963516,可疑
20002,2020-01-05,20051~20002,4.4091,0.960313,可疑
20001,2020-01-02,20050~20001,4.5563,0.936784,严重
19151,2019-12-31,20049~19151,4.5804,0.932102,严重
19150,2019-12-29,20048~19150,4.7455,0.892868,严重
19149,2019-12-26,20047~19149,4.7917,0.879552,严重
19148,2019-12-24,20046~19148,4.8826,0.850149,严重
19147,2019-12-22,20045~19147,4.9275,0.834105,严重
19146,2019-12-19,20044~19146,5.1884,0.721565,严重
19145,2019-12-17,20043~19145,5.1029,0.761835,严重
19144,2019-12-15,20042~19144,5.1672,0.731849,严重
19143,2019-12-12,20041~19143,5.2517,0.689967,严重
19142,2019-12-10,20040~19142,5.3759,0.624237,严重
19141,2019-12-08,20039~19141,5.6745,0.456855,严重
19140,2019-12-05,20038~19140,5.6745,0.456855,严重
19139,2019-12-03,20037~19139,5.8652,0.353547,严重
19138,2019-12-01,20036~19138,6.0679,0.255552,严重
19137,2019-11-28,20035~19137,5.9211,0.325001,严重
19136,2019-11-26,20034~19136,6.229,0.189868,严重
19135,2019-11-24,20033~19135,6.0133,0.280409,严重
19134,2019-11-21,20032~19134,6.2113,0.196506,严重
19133,2019-11-19,20031~19133,5.8275,0.373268,严重
19132,2019-11-17,20030~19132,5.6939,0.446054,严重
19131,2019-11-14,20029~19131,5.7131,0.435342,严重
19130,2019-11-12,20028~19130,5.6745,0.456855,严重
19129,2019-11-10,20027~19129,5.7706,0.403798,严重
19128,2019-11-07,20026~19128,5.8839,0.34389,严重
19127,2019-11-05,20025~19127,5.9397,0.315776,严重
19126,2019-11-03,20024~19126,6.1041,0.239798,严重
19125,2019-10-31,20023~19125,6.2992,0.164943,严重
19124,2019-10-29,20022~19124,6.5727,0.089336,严重
19123,2019-10-27,20021~19123,6.8191,0.04699,严重
19122,2019-10-24,20020~19122,6.4715,0.113465,严重
19121,2019-10-22,20019~19121,6.5727,0.089336,严重
19120,2019-10-20,20018~19120,6.6888,0.066707,严重
19119,2019-10-17,20017~19119,6.7543,0.056107,严重
19118,2019-10-15,20016~19118,6.5391,0.096862,严重
19117,2019-10-13,20015~19117,6.3859,0.137339,严重
19116,2019-10-10,20014~19116,6.3166,0.159112,严重
19115,2019-10-08,20013~19115,6.5223,0.100814,严重
19114,2019-09-29,20012~19114,6.8833,0.039189,严重
19113,2019-09-26,20011~19113,6.5559,0.093036,严重
19112,2019-09-24,20010~19112,6.7868,0.051374,严重
19111,2019-09-22,20009~19111,6.4031,0.132274,严重
19110,2019-09-19,20008~19110,6.229,0.189868,严重
19109,2019-09-17,20007~19109,6.1758,0.210274,严重
19108,2019-09-15,20006~19108,6.1041,0.239798,严重
19107,2019-09-12,20005~19107,6.3166,0.159112,严重
19106,2019-09-10,20004~19106,6.6723,0.069608,严重
19105,2019-09-08,20003~19105,6.5391,0.096862,严重
19104,2019-09-05,20002~19104,6.1579,0.217407,严重
19103,2019-09-03,20001~19103,6.1935,0.203307,严重
19102,2019-09-01,19151~19102,6.0316,0.271961,严重
19101,2019-08-29,19150~19101,6.229,0.189868,严重
19100,2019-08-27,19149~19100,6.2992,0.164943,严重
19099,2019-08-25,19148~19099,6.1758,0.210274,严重
19098,2019-08-22,19147~19098,6.4545,0.117954,严重
19097,2019-08-20,19146~19097,5.995,0.289016,严重
19096,2019-08-18,19145~19096,5.8464,0.363341,严重
19095,2019-08-15,19144~19095,5.9211,0.325001,严重
19094,2019-08-13,19143~19094,5.6745,0.456855,严重
19093,2019-08-11,19142~19093,5.7131,0.435342,严重
19092,2019-08-08,19141~19092,5.7706,0.403798,严重
19091,2019-08-06,19140~19091,5.5964,0.500801,严重
19090,2019-08-04,19139~19090,5.557,0.523113,严重
19089,2019-08-01,19138~19089,5.5767,0.511935,严重
19088,2019-07-30,19137~19088,5.1672,0.731849,严重
19087,2019-07-28,19136~19087,5.4369,0.590613,严重
19086,2019-07-25,19135~19086,5.0596,0.781022,严重
19085,2019-07-23,19134~19085,5.1245,0.751992,严重
19084,2019-07-21,19133~19084,5.2307,0.700615,严重
19083,2019-07-18,19132~19083,5.1245,0.751992,严重
19082,2019-07-16,19131~19082,4.994,0.808452,严重
19081,2019-07-14,19130~19081,5.1459,0.741994,严重
19080,2019-07-11,19129~19080,5.1245,0.751992,严重
19079,2019-07-09,19128~19079,5.0379,0.790352,严重
19078,2019-07-07,19127~19078,5.2517,0.689967,严重
19077,2019-07-04,19126~19077,4.9719,0.817208,严重
19076,2019-07-02,19125~19076,4.6989,0.905246,严重
19075,2019-06-30,19124~19075,4.9275,0.834105,严重
19074,2019-06-27,19123~19074,5.016,0.799498,严重
19073,2019-06-25,19122~19073,5.1245,0.751992,严重
19072,2019-06-23,19121~19072,5.2726,0.679216,严重
19071,2019-06-20,19120~19071,5.2726,0.679216,严重
19070,2019-06-18,19119~19070,5.1029,0.761835,严重
19069,2019-06-16,19118~19069,4.7686,0.886327,严重
19068,2019-06-13,19117~19068,4.86,0.85784,严重
19067,2019-06-11,19116~19067,4.7917,0.879552,严重
19066,2019-06-09,19115~19066,5.0813,0.771514,严重
19065,2019-06-06,19114~19065,5.1029,0.761835,严重
19064,2019-06-04,19113~19064,5.2934,0.66837,严重
19063,2019-06-02,19112~19063,5.557,0.523113,严重
19062,2019-05-30,19111~19062,5.2726,0.679216,严重
19061,2019-05-28,19110~19061,5.1672,0.731849,严重
19060,2019-05-26,19109~19060,5.1672,0.731849,严重
19059,2019-05-23,19108~19059,5.1672,0.731849,严重
19058,2019-05-21,19107~19058,5.2517,0.689967,严重
19057,2019-05-19,19106~19057,5.2726,0.679216,严重
19056,2019-05-16,19105~19056,5.2517,0.689967,严重
19055,2019-05-14,19104~19055,5.5172,0.545566,严重
19054,2019-05-12,19103~19054,5.2096,0.711151,严重
19053,2019-05-09,19102~19053,4.994,0.808452,严重
19052,2019-05-07,19101~19052,5.016,0.799498,严重
19051,2019-05-05,19100~19051,4.6989,0.905246,严重
19050,2019-05-02,19099~19050,4.6519,0.916686,严重
19049,2019-04-30,19098~19049,4.434,0.956914,可疑
19048,2019-04-28,19097~19048,4.5804,0.932102,严重
19047,2019-04-25,19096~19047,4.2825,0.97447,可疑
19046,2019-04-23,19095~19046,4.1255,0.98603,可疑
19045,2019-04-21,19094~19045,4.3841,0.963516,可疑
19044,2019-04-18,19093~19044,4.6282,0.922055,严重
19043,2019-04-16,19092~19043,4.7917,0.879552,严重
19042,2019-04-14,19091~19042,4.9719,0.817208,严重
19041,2019-04-11,19090~19041,4.9275,0.834105,严重
19040,2019-04-09,19089~19040,4.9051,0.842236,严重
19039,2019-04-07,19088~19039,4.9719,0.817208,严重
19038,2019-04-04,19087~19038,4.9275,0.834105,严重
19037,2019-04-02,19086~19037,5.0813,0.771514,严重
19036,2019-03-31,19085~19036,4.86,0.85784,严重
19035,2019-03-28,19084~19035,4.6282,0.922055,严重
19034,2019-03-26,19083~19034,4.8374,0.865306,严重
19033,2019-03-24,19082~19033,5.016,0.799498,严重
19032,2019-03-21,19081~19032,4.86,0.85784,严重
19031,2019-03-19,19080~19031,4.9497,0.825761,严重
19030,2019-03-17,19079~19030,4.7686,0.886327,严重
19029,2019-03-14,19078~19029,4.3841,0.963516,可疑
19028,2019-03-12,19077~19028,4.5078,0.94548,严重
19027,2019-03-10,19076~19027,4.2568,0.976775,可疑
19026,2019-03-07,19075~19026,4.2568,0.976775,可疑
19025,2019-03-05,19074~19025,4.434,0.956914,可疑
19024,2019-03-03,19073~19024,4.4091,0.960313,可疑
19023,2019-02-28,19072~19023,4.3841,0.963516,可疑
19022,2019-02-26,19071~19022,4.3081,0.971998,可疑
19021,2019-02-24,19070~19021,3.99,0.992124,可疑
19020,2019-02-21,19069~19020,3.821,0.996414,可疑
19019,2019-02-19,19068~19019,3.6742,0.998311,可疑
19018,2019-02-17,19067~19018,3.8497,0.995878,可疑
19017,2019-02-14,19066~19017,3.4583,0.999508,可疑
19016,2019-02-12,19065~19016,3.9623,0.993037,可疑
19015,2019-02-03,19064~19015,3.821,0.996414,可疑
19014,2019-01-31,19063~19014,4.0175,0.991118,可疑
19013,2019-01-29,19062~19013,4.1521,0.984459,可疑
19012,2019-01-27,19061~19012,4.1785,0.982755,可疑
19011,2019-01-24,19060~19011,4.3336,0.969352,可疑
19010,2019-01-22,19059~19010,4.434,0.956914,可疑
19009,2019-01-20,19058~19009,4.2825,0.97447,可疑
19008,2019-01-17,19057~19008,4.2568,0.976775,可疑
19007,2019-01-15,19056~19007,4.4833,0.949502,可疑
19006,2019-01-13,19055~19006,4.5563,0.936784,严重
19005,2019-01-10,19054~19005,4.1785,0.982755,可疑
19004,2019-01-08,19053~19004,3.8781,0.995278,可疑
19003,2019-01-06,19052~19003,3.99,0.992124,可疑
19002,2019-01-03,19051~19002,3.821,0.996414,可疑
19001,2019-01-01,19050~19001,3.9064,0.994608,可疑
18153,2018-12-30,19049~18153,3.6139,0.998785,可疑
18152,2018-12-27,19048~18152,3.2619,0.999861,可疑
18151,2018-12-25,19047~18151,3.3941,0.99967,可疑
18150,2018-12-23,19046~18150,3.6442,0.998565,可疑
18149,2018-12-20,19045~18149,3.9064,0.994608,可疑
18148,2018-12-18,19044~18148,3.8781,0.995278,可疑
18147,2018-12-16,19043~18147,3.9623,0.993037,可疑
18146,2018-12-13,19042~18146,4.0175,0.991118,可疑
18145,2018-12-11,19041~18145,3.99,0.992124,可疑
18144,2018-12-09,19040~18144,3.9345,0.993863,可疑
18143,2018-12-06,19039~18143,3.8781,0.995278,可疑
18142,2018-12-04,19038~18142,4.1255,0.98603,可疑
18141,2018-12-02,19037~18141,4.2568,0.976775,可疑
18140,2018-11-29,19036~18140,4.434,0.956914,可疑
18139,2018-11-27,19035~18139,4.4833,0.949502,可疑
18138,2018-11-25,19034~18138,4.4091,0.960313,可疑
18137,2018-11-22,19033~18137,4.6989,0.905246,严重
18136,2018-11-20,19032~18136,4.6519,0.916686,严重
18135,2018-11-18,19031~18135,4.7917,0.879552,严重
18134,2018-11-15,19030~18134,4.6989,0.905246,严重
18133,2018-11-13,19029~18133,4.8146,0.872544,严重
18132,2018-11-11,19028~18132,4.6755,0.911083,严重
18131,2018-11-08,19027~18131,4.86,0.85784,严重
18130,2018-11-06,19026~18130,4.6755,0.911083,严重
18129,2018-11-04,19025~18129,4.6043,0.927193,严重
18128,2018-11-01,19024~18128,4.6989,0.905246,严重
18127,2018-10-30,19023~18127,4.994,0.808452,严重
18126,2018-10-28,19022~18126,4.6519,0.916686,严重
18125,2018-10-25,19021~18125,4.9719,0.817208,严重
18124,2018-10-23,19020~18124,4.9275,0.834105,严重
18123,2018-10-21,19019~18123,5.0813,0.771514,严重
18122,2018-10-18,19018~18122,5.0813,0.771514,严重
18121,2018-10-16,19017~18121,5.016,0.799498,严重
18120,2018-10-14,19016~18120,5.016,0.799498,严重
18119,2018-10-11,19015~18119,4.8826,0.850149,严重
18118,2018-10-09,19014~18118,4.9051,0.842236,严重
18117,2018-10-07,19013~18117,5.0379,0.790352,严重
18116,2018-10-04,19012~18116,5.1672,0.731849,严重
18115,2018-10-02,19011~18115,4.994,0.808452,严重
18114,2018-09-30,19010~18114,5.0813,0.771514,严重
18113,2018-09-27,19009~18113,5.2726,0.679216,严重
18112,2018-09-25,19008~18112,5.2096,0.711151,严重
18111,2018-09-23,19007~18111,5.2096,0.711151,严重
18110,2018-09-20,19006~18110,4.994,0.808452,严重
18109,2018-09-18,19005~18109,5.1029,0.761835,严重
18108,2018-09-16,19004~18108,4.9719,0.817208,严重
18107,2018-09-13,19003~18107,5.016,0.799498,严重
18106,2018-09-11,19002~18106,5.0813,0.771514,严重
18105,2018-09-09,19001~18105,5.2096,0.711151,严重
18104,2018-09-06,18153~18104,5.2096,0.711151,严重
18103,2018-09-04,18152~18103,5.1459,0.741994,严重
18102,2018-09-02,18151~18102,5.3759,0.624237,严重
18101,2018-08-30,18150~18101,5.1245,0.751992,严重
18100,2018-08-28,18149~18100,5.0813,0.771514,严重
18099,2018-08-26,18148~18099,5.3348,0.646435,严重
18098,2018-08-23,18147~18098,5.2934,0.66837,严重
18097,2018-08-21,18146~18097,5.4571,0.579356,严重
18096,2018-08-19,18145~18096,5.4571,0.579356,严重
18095,2018-08-16,18144~18095,5.2517,0.689967,严重
18094,2018-08-14,18143~18094,5.0596,0.781022,严重
18093,2018-08-12,18142~18093,4.9719,0.817208,严重
18092,2018-08-09,18141~18092,4.9719,0.817208,严重
18091,2018-08-07,18140~18091,4.9719,0.817208,严重
18090,2018-08-05,18139~18090,4.8374,0.865306,严重
18089,2018-08-02,18138~18089,4.6989,0.905246,严重
18088,2018-07-31,18137~18088,4.4833,0.949502,可疑
18087,2018-07-29,18136~18087,4.5321,0.941242,严重
18086,2018-07-26,18135~18086,4.4587,0.953312,可疑
18085,2018-07-24,18134~18085,4.2825,0.97447,可疑
18084,2018-07-22,18133~18084,4.4091,0.960313,可疑
18083,2018-07-19,18132~18083,4.3336,0.969352,可疑
18082,2018-07-17,18131~18082,4.5321,0.941242,严重
18081,2018-07-15,18130~18081,4.6043,0.927193,严重
18080,2018-07-12,18129~18080,4.6519,0.916686,严重
18079,2018-07-10,18128~18079,4.4833,0.949502,可疑
18078,2018-07-08,18127~18078,4.3841,0.963516,可疑
18077,2018-07-05,18126~18077,4.4091,0.960313,可疑
18076,2018-07-03,18125~18076,4.0175,0.991118,可疑
18075,2018-07-01,18124~18075,4.0447,0.990012,可疑
18074,2018-06-28,18123~18074,3.8781,0.995278,可疑
18073,2018-06-26,18122~18073,4.1521,0.984459,可疑
18072,2018-06-24,18121~18072,4.2048,0.980911,可疑
18071,2018-06-21,18120~18071,4.1785,0.982755,可疑
18070,2018-06-19,18119~18070,4.1785,0.982755,可疑
18069,2018-06-17,18118~18069,3.9623,0.993037,可疑
18068,2018-06-14,18117~18068,4.1785,0.982755,可疑
18067,2018-06-12,18116~18067,4.3589,0.966527,可疑
18066,2018-06-10,18115~18066,4.6043,0.927193,严重
18065,2018-06-07,18114~18065,4.5563,0.936784,严重
18064,2018-06-05,18113~18064,4.6043,0.927193,严重
18063,2018-06-03,18112~18063,4.6755,0.911083,严重
18062,2018-05-31,18111~18062,5.0596,0.781022,严重
18061,2018-05-29,18110~18061,5.2517,0.689967,严重
18060,2018-05-27,18109~18060,5.1459,0.741994,严重
18059,2018-05-24,18108~18059,5.1672,0.731849,严重
18058,2018-05-22,18107~18058,5.0379,0.790352,严重
18057,2018-05-20,18106~18057,4.994,0.808452,严重
18056,2018-05-17,18105~18056,4.8826,0.850149,严重
18055,2018-05-15,18104~18055,4.9051,0.842236,严重
18054,2018-05-13,18103~18054,4.9719,0.817208,严重
18053,2018-05-10,18102~18053,5.0596,0.781022,严重
18052,2018-05-08,18101~18052,5.1884,0.721565,严重
18051,2018-05-06,18100~18051,5.0813,0.771514,严重
18050,2018-05-03,18099~18050,5.3141,0.65744,严重
18049,2018-05-01,18098~18049,5.5172,0.545566,严重
18048,2018-04-29,18097~18048,5.5172,0.545566,严重
18047,2018-04-26,18096~18047,5.6745,0.456855,严重
18046,2018-04-24,18095~18046,5.8275,0.373268,严重
18045,2018-04-22,18094~18045,6.0133,0.280409,严重
18044,2018-04-19,18093~18044,5.9211,0.325001,严重
18043,2018-04-17,18092~18043,5.995,0.289016,严重
18042,2018-04-15,18091~18042,5.7131,0.435342,严重
18041,2018-04-12,18090~18041,5.5767,0.511935,严重
18040,2018-04-10,18089~18040,5.3554,0.635364,严重
18039,2018-04-08,18088~18039,5.1459,0.741994,严重
18038,2018-04-05,18087~18038,4.9497,0.825761,严重
18037,2018-04-03,18086~18037,5.016,0.799498,严重
18036,2018-04-01,18085~18036,4.9719,0.817208,严重
18035,2018-03-29,18084~18035,4.7686,0.886327,严重
18034,2018-03-27,18083~18034,4.5563,0.936784,严重
18033,2018-03-25,18082~18033,4.7917,0.879552,严重
18032,2018-03-22,18081~18032,4.434,0.956914,可疑
18031,2018-03-20,18080~18031,4.4091,0.960313,可疑
18030,2018-03-18,18079~18030,4.3336,0.969352,可疑
18029,2018-03-15,18078~18029,4.6282,0.922055,严重
18028,2018-03-13,18077~18028,4.6519,0.916686,严重
18027,2018-03-11,18076~18027,4.6519,0.916686,严重
18026,2018-03-08,18075~18026,4.8374,0.865306,严重
18025,2018-03-06,18074~18025,4.994,0.808452,严重
18024,2018-03-04,18073~18024,4.9719,0.817208,严重
18023,2018-03-01,18072~18023,4.7686,0.886327,严重
18022,2018-02-27,18071~18022,4.7686,0.886327,严重
18021,2018-02-25,18070~18021,4.9051,0.842236,严重
18020,2018-02-22,18069~18020,4.994,0.808452,严重
18019,2018-02-13,18068~18019,4.9275,0.834105,严重
18018,2018-02-11,18067~18018,5.0379,0.790352,严重
18017,2018-02-08,18066~18017,4.994,0.808452,严重
18016,2018-02-06,18065~18016,5.2934,0.66837,严重
18015,2018-02-04,18064~18015,5.1245,0.751992,严重
18014,2018-02-01,18063~18014,5.1884,0.721565,严重
18013,2018-01-30,18062~18013,5.1029,0.761835,严重
18012,2018-01-28,18061~18012,5.3963,0.613063,严重
18011,2018-01-25,18060~18011,5.1884,0.721565,严重
18010,2018-01-23,18059~18010,5.2096,0.711151,严重
18009,2018-01-21,18058~18009,5.0813,0.771514,严重
18008,2018-01-18,18057~18008,5.0596,0.781022,严重
18007,2018-01-16,18056~18007,5.2096,0.711151,严重
18006,2018-01-14,18055~18006,4.6989,0.905246,严重
18005,2018-01-11,18054~18005,4.5321,0.941242,严重
18004,2018-01-09,18053~18004,4.5078,0.94548,严重
18003,2018-01-07,18052~18003,4.434,0.956914,可疑
18002,2018-01-04,18051~18002,4.5804,0.932102,严重
18001,2018-01-02,18050~18001,4.7917,0.879552,严重
17154,2017-12-31,18049~17154,4.6519,0.916686,严重
17153,2017-12-28,18048~17153,4.7686,0.886327,严重
17152,2017-12-26,18047~17152,4.7455,0.892868,严重
17151,2017-12-24,18046~17151,4.6282,0.922055,严重
17150,2017-12-21,18045~17150,4.8374,0.865306,严重
17149,2017-12-19,18044~17149,4.7917,0.879552,严重
17148,2017-12-17,18043~17148,4.9497,0.825761,严重
17147,2017-12-14,18042~17147,5.1245,0.751992,严重
17146,2017-12-12,18041~17146,5.2726,0.679216,严重
17145,2017-12-10,18040~17145,5.1672,0.731849,严重
17144,2017-12-07,18039~17144,5.0813,0.771514,严重
17143,2017-12-05,18038~17143,4.9719,0.817208,严重
17142,2017-12-03,18037~17142,5.2096,0.711151,严重
17141,2017-11-30,18036~17141,5.3554,0.635364,严重
17140,2017-11-28,18035~17140,5.4166,0.601852,严重
17139,2017-11-26,18034~17139,5.4166,0.601852,严重
17138,2017-11-23,18033~17138,5.2096,0.711151,严重
17137,2017-11-21,18032~17137,5.2096,0.711151,严重
17136,2017-11-19,18031~17136,5.1672,0.731849,严重
17135,2017-11-16,18030~17135,5.6356,0.478694,严重
17134,2017-11-14,18029~17134,5.4571,0.579356,严重
17133,2017-11-12,18028~17133,5.3759,0.624237,严重
17132,2017-11-09,18027~17132,5.1245,0.751992,严重
17131,2017-11-07,18026~17131,5.0813,0.771514,严重
17130,2017-11-05,18025~17130,5.1029,0.761835,严重
17129,2017-11-02,18024~17129,5.4166,0.601852,严重
17128,2017-10-31,18023~17128,5.3348,0.646435,严重
17127,2017-10-29,18022~17127,5.4369,0.590613,严重
17126,2017-10-26,18021~17126,5.2307,0.700615,严重
17125,2017-10-24,18020~17125,5.2934,0.66837,严重
17124,2017-10-22,18019~17124,5.3554,0.635364,严重
17123,2017-10-19,18018~17123,5.5964,0.500801,严重
17122,2017-10-17,18017~17122,5.7131,0.435342,严重
17121,2017-10-15,18016~17121,5.557,0.523113,严重
17120,2017-10-12,18015~17120,5.4166,0.601852,严重
17119,2017-10-10,18014~17119,5.2517,0.689967,严重
17118,2017-10-08,18013~17118,4.9719,0.817208,严重
17117,2017-10-05,18012~17117,5.3348,0.646435,严重
17116,2017-10-03,18011~17116,5.4772,0.56809,严重
17115,2017-10-01,18010~17115,5.5767,0.511935,严重
17114,2017-09-28,18009~17114,5.4571,0.579356,严重
17113,2017-09-26,18008~17113,5.3348,0.646435,严重
17112,2017-09-24,18007~17112,5.4973,0.556823,严重
17111,2017-09-21,18006~17111,5.0813,0.771514,严重
17110,2017-09-19,18005~17110,4.9719,0.817208,严重
17109,2017-09-17,18004~17109,5.0379,0.790352,严重
17108,2017-09-14,18003~17108,4.86,0.85784,严重
17107,2017-09-12,18002~17107,4.5804,0.932102,严重
17106,2017-09-10,18001~17106,4.6755,0.911083,严重
17105,2017-09-07,17154~17105,4.6519,0.916686,严重
17104,2017-09-05,17153~17104,5.0379,0.790352,严重
17103,2017-09-03,17152~17103,5.3554,0.635364,严重
17102,2017-08-31,17151~17102,5.3141,0.65744,严重
17101,2017-08-29,17150~17101,5.4973,0.556823,严重
17100,2017-08-27,17149~17100,5.0596,0.781022,严重
17099,2017-08-24,17148~17099,4.9719,0.817208,严重
17098,2017-08-22,17147~17098,4.5563,0.936784,严重
17097,2017-08-20,17146~17097,4.4833,0.949502,可疑
17096,2017-08-17,17145~17096,4.5804,0.932102,严重
17095,2017-08-15,17144~17095,4.4587,0.953312,可疑
17094,2017-08-13,17143~17094,4.3841,0.963516,可疑
17093,2017-08-10,17142~17093,4.1521,0.984459,可疑
17092,2017-08-08,17141~17092,4.0719,0.9888,可疑
17091,2017-08-06,17140~17091,4.1521,0.984459,可疑
17090,2017-08-03,17139~17090,4.0447,0.990012,可疑
17089,2017-08-01,17138~17089,3.99,0.992124,可疑
17088,2017-07-30,17137~17088,4.4091,0.960313,可疑
17087,2017-07-27,17136~17087,4.3336,0.969352,可疑
17086,2017-07-25,17135~17086,4.3841,0.963516,可疑
17085,2017-07-23,17134~17085,4.4091,0.960313,可疑
17084,2017-07-20,17133~17084,4.3841,0.963516,可疑
17083,2017-07-18,17132~17083,4.0988,0.987475,可疑
17082,2017-07-16,17131~17082,4.4587,0.953312,可疑
17081,2017-07-13,17130~17081,4.5804,0.932102,严重
17080,2017-07-11,17129~17080,4.4587,0.953312,可疑
17079,2017-07-09,17128~17079,4.4833,0.949502,可疑
17078,2017-07-06,17127~17078,4.6043,0.927193,严重
17077,2017-07-04,17126~17077,4.6043,0.927193,严重
17076,2017-07-02,17125~17076,4.86,0.85784,严重
17075,2017-06-29,17124~17075,4.7223,0.899175,严重
17074,2017-06-27,17123~17074,4.8374,0.865306,严重
17073,2017-06-25,17122~17073,4.9497,0.825761,严重
17072,2017-06-22,17121~17072,5.2517,0.689967,严重
17071,2017-06-20,17120~17071,5.3141,0.65744,严重
17070,2017-06-18,17119~17070,5.5371,0.534326,严重
17069,2017-06-15,17118~17069,5.7131,0.435342,严重
17068,2017-06-13,17117~17068,5.9397,0.315776,严重
17067,2017-06-11,17116~17067,6.0498,0.263675,严重
17066,2017-06-08,17115~17066,6.0679,0.255552,严重
17065,2017-06-06,17114~17065,5.9582,0.306702,严重
17064,2017-06-04,17113~17064,5.9582,0.306702,严重
17063,2017-06-01,17112~17063,6.1221,0.232168,严重
17062,2017-05-30,17111~17062,5.9025,0.334373,严重
17061,2017-05-28,17110~17061,6.0498,0.263675,严重
17060,2017-05-25,17109~17060,5.7896,0.393501,严重
17059,2017-05-23,17108~17059,5.7131,0.435342,严重
17058,2017-05-21,17107~17058,5.7324,0.424724,严重
17057,2017-05-18,17106~17057,6.2817,0.170933,严重
17056,2017-05-16,17105~17056,6.2817,0.170933,严重
17055,2017-05-14,17104~17055,6.1935,0.203307,严重
17054,2017-05-11,17103~17054,6.0133,0.280409,严重
17053,2017-05-09,17102~17053,5.9582,0.306702,严重
17052,2017-05-07,17101~17052,6.0679,0.255552,严重
17051,2017-05-04,17100~17051,6.0498,0.263675,严重
17050,2017-05-02,17099~17050,6.0498,0.263675,严重
17049,2017-04-30,17098~17049,5.9582,0.306702,严重
17048,2017-04-27,17097~17048,6.1041,0.239798,严重
17047,2017-04-25,17096~17047,5.8652,0.353547,严重
17046,2017-04-23,17095~17046,5.6745,0.456855,严重
17045,2017-04-20,17094~17045,5.4772,0.56809,严重
17044,2017-04-18,17093~17044,5.4571,0.579356,严重
17043,2017-04-16,17092~17043,5.4973,0.556823,严重
17042,2017-04-13,17091~17042,5.8652,0.353547,严重
17041,2017-04-11,17090~17041,5.7515,0.414207,严重
17040,2017-04-09,17089~17040,5.5172,0.545566,严重
17039,2017-04-06,17088~17039,5.5767,0.511935,严重
17038,2017-04-04,17087~17038,5.6745,0.456855,严重
17037,2017-04-02,17086~17037,5.616,0.489718,严重
17036,2017-03-30,17085~17036,5.6939,0.446054,严重
17035,2017-03-28,17084~17035,5.7706,0.403798,严重
17034,2017-03-26,17083~17034,5.4571,0.579356,严重
17033,2017-03-23,17082~17033,5.3141,0.65744,严重
17032,2017-03-21,17081~17032,5.7324,0.424724,严重
17031,2017-03-19,17080~17031,5.7896,0.393501,严重
17030,2017-03-16,17079~17030,5.7324,0.424724,严重
17029,2017-03-14,17078~17029,5.8275,0.373268,严重
17028,2017-03-12,17077~17028,5.8839,0.34389,严重
17027,2017-03-09,17076~17027,5.7896,0.393501,严重
17026,2017-03-07,17075~17026,5.5767,0.511935,严重
17025,2017-03-05,17074~17025,5.6745,0.456855,严重
17024,2017-03-02,17073~17024,5.3141,0.65744,严重
17023,2017-02-28,17072~17023,5.2517,0.689967,严重
17022,2017-02-26,17071~17022,5.3554,0.635364,严重
17021,2017-02-23,17070~17021,5.4571,0.579356,严重
17020,2017-02-21,17069~17020,5.7324,0.424724,严重
17019,2017-02-19,17068~17019,5.7324,0.424724,严重
17018,2017-02-16,17067~17018,5.4973,0.556823,严重
17017,2017-02-14,17066~17017,5.6745,0.456855,严重
17016,2017-02-12,17065~17016,6.0316,0.271961,严重
17015,2017-02-09,17064~17015,5.8086,0.383323,严重
17014,2017-02-07,17063~17014,5.8275,0.373268,严重
17013,2017-02-05,17062~17013,5.7515,0.414207,严重
17012,2017-01-26,17061~17012,5.6745,0.456855,严重
17011,2017-01-24,17060~17011,5.7896,0.393501,严重
17010,2017-01-22,17059~17010,5.8086,0.383323,严重
17009,2017-01-19,17058~17009,5.8275,0.373268,严重
17008,2017-01-17,17057~17008,5.995,0.289016,严重
17007,2017-01-15,17056~17007,6.0498,0.263675,严重
17006,2017-01-12,17055~17006,6.6558,0.072615,严重
17005,2017-01-10,17054~17005,6.6393,0.075731,严重
17004,2017-01-08,17053~17004,6.5894,0.085758,严重
17003,2017-01-05,17052~17003,6.8513,0.042935,严重
17002,2017-01-03,17051~17002,6.8673,0.041025,严重
17001,2017-01-01,17050~17001,6.5559,0.093036,严重
16153,2016-12-29,17049~16153,6.4545,0.117954,严重
16152,2016-12-27,17048~16152,6.4031,0.132274,严重
16151,2016-12-25,17047~16151,6.1935,0.203307,严重
16150,2016-12-22,17046~16150,5.9211,0.325001,严重
16149,2016-12-20,17045~16149,5.8086,0.383323,严重
16148,2016-12-18,17044~16148,5.995,0.289016,严重
16147,2016-12-15,17043~16147,5.8652,0.353547,严重
16146,2016-12-13,17042~16146,5.6939,0.446054,严重
16145,2016-12-11,17041~16145,5.2726,0.679216,严重
16144,2016-12-08,17040~16144,5.2517,0.689967,严重
16143,2016-12-06,17039~16143,5.3141,0.65744,严重
16142,2016-12-04,17038~16142,5.2517,0.689967,严重
16141,2016-12-01,17037~16141,4.9719,0.817208,严重
16140,2016-11-29,17036~16140,4.9719,0.817208,严重
16139,2016-11-27,17035~16139,4.7917,0.879552,严重
16138,2016-11-24,17034~16138,4.9719,0.817208,严重
16137,2016-11-22,17033~16137,4.994,0.808452,严重
16136,2016-11-20,17032~16136,4.9275,0.834105,严重
16135,2016-11-17,17031~16135,5.1029,0.761835,严重
16134,2016-11-15,17030~16134,4.7917,0.879552,严重
16133,2016-11-13,17029~16133,4.6519,0.916686,严重
16132,2016-11-10,17028~16132,4.3336,0.969352,可疑
16131,2016-11-08,17027~16131,4.3336,0.969352,可疑
16130,2016-11-06,17026~16130,4.0719,0.9888,可疑
16129,2016-11-03,17025~16129,4.2568,0.976775,可疑
16128,2016-11-01,17024~16128,4.2568,0.976775,可疑
16127,2016-10-30,17023~16127,4.2308,0.97892,可疑
16126,2016-10-27,17022~16126,4.3336,0.969352,可疑
16125,2016-10-25,17021~16125,4.5321,0.941242,严重
16124,2016-10-23,17020~16124,4.434,0.956914,可疑
16123,2016-10-20,17019~16123,4.3336,0.969352,可疑
16122,2016-10-18,17018~16122,4.0988,0.987475,可疑
16121,2016-10-16,17017~16121,4.2048,0.980911,可疑
16120,2016-10-13,17016~16120,4.2308,0.97892,可疑
16119,2016-10-11,17015~16119,4.0719,0.9888,可疑
16118,2016-10-09,17014~16118,3.9623,0.993037,可疑
16117,2016-10-06,17013~16117,3.9064,0.994608,可疑
16116,2016-10-04,17012~16116,3.9345,0.993863,可疑
16115,2016-10-02,17011~16115,4.3589,0.966527,可疑
16114,2016-09-29,17010~16114,4.5078,0.94548,严重
16113,2016-09-27,17009~16113,4.6755,0.911083,严重
16112,2016-09-25,17008~16112,4.434,0.956914,可疑
16111,2016-09-22,17007~16111,4.4833,0.949502,可疑
16110,2016-09-20,17006~16110,4.3589,0.966527,可疑
16109,2016-09-18,17005~16109,4.6282,0.922055,严重
16108,2016-09-15,17004~16108,4.6755,0.911083,严重
16107,2016-09-13,17003~16107,4.86,0.85784,严重
16106,2016-09-11,17002~16106,4.434,0.956914,可疑
16105,2016-09-08,17001~16105,4.5078,0.94548,严重
16104,2016-09-06,16153~16104,4.3081,0.971998,可疑
16103,2016-09-04,16152~16103,4.4587,0.953312,可疑
16102,2016-09-01,16151~16102,4.3841,0.963516,可疑
16101,2016-08-30,16150~16101,4.3841,0.963516,可疑
16100,2016-08-28,16149~16100,4.5321,0.941242,严重
16099,2016-08-25,16148~16099,4.6519,0.916686,严重
16098,2016-08-23,16147~16098,4.5563,0.936784,严重
16097,2016-08-21,16146~16097,4.5563,0.936784,严重
16096,2016-08-18,16145~16096,4.5321,0.941242,严重
16095,2016-08-16,16144~16095,4.6519,0.916686,严重
16094,2016-08-14,16143~16094,4.5321,0.941242,严重
16093,2016-08-11,16142~16093,4.7917,0.879552,严重
16092,2016-08-09,16141~16092,4.6282,0.922055,严重
16091,2016-08-07,16140~16091,4.6989,0.905246,严重
16090,2016-08-04,16139~16090,4.6282,0.922055,严重
16089,2016-08-02,16138~16089,4.5563,0.936784,严重
16088,2016-07-31,16137~16088,4.7455,0.892868,严重
16087,2016-07-28,16136~16087,4.7686,0.886327,严重
16086,2016-07-26,16135~16086,4.5804,0.932102,严重
16085,2016-07-24,16134~16085,4.4587,0.953312,可疑
16084,2016-07-21,16133~16084,4.2825,0.97447,可疑
16083,2016-07-19,16132~16083,4.0988,0.987475,可疑
16082,2016-07-17,16131~16082,4.1255,0.98603,可疑
16081,2016-07-14,16130~16081,4.2308,0.97892,可疑
16080,2016-07-12,16129~16080,4.0988,0.987475,可疑
16079,2016-07-10,16128~16079,4.0447,0.990012,可疑
16078,2016-07-07,16127~16078,3.821,0.996414,可疑
16077,2016-07-05,16126~16077,3.8497,0.995878,可疑
16076,2016-07-03,16125~16076,3.6442,0.998565,可疑
16075,2016-06-30,16124~16075,3.5833,0.998977,可疑
16074,2016-06-28,16123~16074,3.49,0.999405,可疑
16073,2016-06-26,16122~16073,3.3941,0.99967,可疑
16072,2016-06-23,16121~16072,3.49,0.999405,可疑
16071,2016-06-21,16120~16071,3.3615,0.999732,可疑
16070,2016-06-19,16119~16070,3.3287,0.999783,可疑
16069,2016-06-16,16118~16069,3.3287,0.999783,可疑
16068,2016-06-14,16117~16068,3.49,0.999405,可疑
16067,2016-06-12,16116~16067,3.763,0.997316,可疑
16066,2016-06-09,16115~16066,3.7041,0.998021,可疑
16065,2016-06-07,16114~16065,3.6442,0.998565,可疑
16064,2016-06-05,16113~16064,3.7921,0.996892,可疑
16063,2016-06-02,16112~16063,3.7921,0.996892,可疑
16062,2016-05-31,16111~16062,3.7336,0.997691,可疑
16061,2016-05-29,16110~16061,4.0988,0.987475,可疑
16060,2016-05-26,16109~16060,4.2048,0.980911,可疑
16059,2016-05-24,16108~16059,4.434,0.956914,可疑
16058,2016-05-22,16107~16058,4.8146,0.872544,严重
16057,2016-05-19,16106~16057,4.5321,0.941242,严重
16056,2016-05-17,16105~16056,4.6755,0.911083,严重
16055,2016-05-15,16104~16055,4.7223,0.899175,严重
16054,2016-05-12,16103~16054,5.0596,0.781022,严重
16053,2016-05-10,16102~16053,5.1245,0.751992,严重
16052,2016-05-08,16101~16052,5.4369,0.590613,严重
16051,2016-05-05,16100~16051,5.0596,0.781022,严重
16050,2016-05-03,16099~16050,5.1672,0.731849,严重
16049,2016-05-01,16098~16049,5.4369,0.590613,严重
16048,2016-04-28,16097~16048,5.3141,0.65744,严重
16047,2016-04-26,16096~16047,5.1672,0.731849,严重
16046,2016-04-24,16095~16046,4.9719,0.817208,严重
16045,2016-04-21,16094~16045,4.9275,0.834105,严重
16044,2016-04-19,16093~16044,5.0813,0.771514,严重
16043,2016-04-17,16092~16043,5.0379,0.790352,严重
16042,2016-04-14,16091~16042,4.9719,0.817208,严重
16041,2016-04-12,16090~16041,5.1884,0.721565,严重
16040,2016-04-10,16089~16040,5.3141,0.65744,严重
16039,2016-04-07,16088~16039,5.2934,0.66837,严重
16038,2016-04-05,16087~16038,5.5172,0.545566,严重
16037,2016-04-03,16086~16037,5.6356,0.478694,严重
16036,2016-03-31,16085~16036,5.616,0.489718,严重
16035,2016-03-29,16084~16035,5.7324,0.424724,严重
16034,2016-03-27,16083~16034,5.5964,0.500801,严重
16033,2016-03-24,16082~16033,5.9211,0.325001,严重
16032,2016-03-22,16081~16032,5.6745,0.456855,严重
16031,2016-03-20,16080~16031,5.9211,0.325001,严重
16030,2016-03-17,16079~16030,6.1041,0.239798,严重
16029,2016-03-15,16078~16029,6.2466,0.183394,严重
16028,2016-03-13,16077~16028,6.3687,0.142553,严重
16027,2016-03-10,16076~16027,6.2817,0.170933,严重
16026,2016-03-08,16075~16026,6.1221,0.232168,严重
16025,2016-03-06,16074~16025,6.1041,0.239798,严重
16024,2016-03-03,16073~16024,5.7896,0.393501,严重
16023,2016-03-01,16072~16023,5.8464,0.363341,严重
16022,2016-02-28,16071~16022,5.9766,0.297781,严重
16021,2016-02-25,16070~16021,5.8464,0.363341,严重
16020,2016-02-23,16069~16020,5.6745,0.456855,严重
16019,2016-02-21,16068~16019,5.7131,0.435342,严重
16018,2016-02-18,16067~16018,5.8652,0.353547,严重
16017,2016-02-16,16066~16017,5.9766,0.297781,严重
16016,2016-02-14,16065~16016,5.8464,0.363341,严重
16015,2016-02-04,16064~16015,5.8086,0.383323,严重
16014,2016-02-02,16063~16014,5.4369,0.590613,严重
16013,2016-01-31,16062~16013,5.8275,0.373268,严重
16012,2016-01-28,16061~16012,5.5767,0.511935,严重
16011,2016-01-26,16060~16011,5.7515,0.414207,严重
16010,2016-01-24,16059~16010,5.8086,0.383323,严重
16009,2016-01-21,16058~16009,5.6745,0.456855,严重
16008,2016-01-19,16057~16008,5.616,0.489718,严重
16007,2016-01-17,16056~16007,5.5172,0.545566,严重
16006,2016-01-14,16055~16006,5.5371,0.534326,严重
16005,2016-01-12,16054~16005,5.4772,0.56809,严重
16004,2016-01-10,16053~16004,5.9211,0.325001,严重
16003,2016-01-07,16052~16003,5.7706,0.403798,严重
16002,2016-01-05,16051~16002,6.086,0.247593,严重
16001,2016-01-03,16050~16001,6.3687,0.142553,严重
15154,2015-12-31,16049~15154,6.229,0.189868,严重
15153,2015-12-29,16048~15153,6.086,0.247593,严重
15152,2015-12-27,16047~15152,5.8464,0.363341,严重
15151,2015-12-24,16046~15151,5.557,0.523113,严重
15150,2015-12-22,16045~15150,5.3554,0.635364,严重
15149,2015-12-20,16044~15149,5.5964,0.500801,严重
15148,2015-12-17,16043~15148,5.8086,0.383323,严重
15147,2015-12-15,16042~15147,5.557,0.523113,严重
15146,2015-12-13,16041~15146,5.3141,0.65744,严重
15145,2015-12-10,16040~15145,5.1884,0.721565,严重
15144,2015-12-08,16039~15144,4.8826,0.850149,严重
15143,2015-12-06,16038~15143,5.1672,0.731849,严重
15142,2015-12-03,16037~15142,5.3554,0.635364,严重
15141,2015-12-01,16036~15141,5.5172,0.545566,严重
15140,2015-11-29,16035~15140,5.4772,0.56809,严重
15139,2015-11-26,16034~15139,5.4369,0.590613,严重
15138,2015-11-24,16033~15138,5.4571,0.579356,严重
15137,2015-11-22,16032~15137,5.4571,0.579356,严重
15136,2015-11-19,16031~15136,5.0813,0.771514,严重
15135,2015-11-17,16030~15135,5.2307,0.700615,严重
15134,2015-11-15,16029~15134,4.9275,0.834105,严重
15133,2015-11-12,16028~15133,4.994,0.808452,严重
15132,2015-11-10,16027~15132,4.7455,0.892868,严重
15131,2015-11-08,16026~15131,4.994,0.808452,严重
15130,2015-11-05,16025~15130,5.2934,0.66837,严重
15129,2015-11-03,16024~15129,5.4571,0.579356,严重
15128,2015-11-01,16023~15128,5.6551,0.467737,严重
15127,2015-10-29,16022~15127,5.8464,0.363341,严重
15126,2015-10-27,16021~15126,5.9397,0.315776,严重
15125,2015-10-25,16020~15125,5.9766,0.297781,严重
15124,2015-10-22,16019~15124,5.8086,0.383323,严重
15123,2015-10-20,16018~15123,6.2113,0.196506,严重
15122,2015-10-18,16017~15122,6.4031,0.132274,严重
15121,2015-10-15,16016~15121,6.2113,0.196506,严重
15120,2015-10-13,16015~15120,6.0133,0.280409,严重
15119,2015-10-11,16014~15119,5.9397,0.315776,严重
15118,2015-10-08,16013~15118,5.4571,0.579356,严重
15117,2015-10-06,16012~15117,5.3554,0.635364,严重
15116,2015-10-04,16011~15116,5.1029,0.761835,严重
15115,2015-10-01,16010~15115,4.9275,0.834105,严重
15114,2015-09-29,16009~15114,4.7917,0.879552,严重
15113,2015-09-27,16008~15113,4.9719,0.817208,严重
15112,2015-09-24,16007~15112,5.3554,0.635364,严重
15111,2015-09-22,16006~15111,5.4166,0.601852,严重
15110,2015-09-20,16005~15110,5.2934,0.66837,严重
15109,2015-09-17,16004~15109,5.3554,0.635364,严重
15108,2015-09-15,16003~15108,5.4571,0.579356,严重
15107,2015-09-13,16002~15107,5.3963,0.613063,严重
15106,2015-09-10,16001~15106,5.5371,0.534326,严重
15105,2015-09-08,15154~15105,5.4571,0.579356,严重
15104,2015-09-06,15153~15104,5.4772,0.56809,严重
15103,2015-09-03,15152~15103,5.2307,0.700615,严重
15102,2015-09-01,15151~15102,5.1884,0.721565,严重
15101,2015-08-30,15150~15101,5.3759,0.624237,严重
15100,2015-08-27,15149~15100,5.2726,0.679216,严重
15099,2015-08-25,15148~15099,5.2517,0.689967,严重
15098,2015-08-23,15147~15098,4.9497,0.825761,严重
15097,2015-08-20,15146~15097,4.994,0.808452,严重
15096,2015-08-18,15145~15096,4.9051,0.842236,严重
15095,2015-08-16,15144~15095,4.6043,0.927193,严重
15094,2015-08-13,15143~15094,4.6282,0.922055,严重
15093,2015-08-11,15142~15093,4.7455,0.892868,严重
15092,2015-08-09,15141~15092,4.8826,0.850149,严重
15091,2015-08-06,15140~15091,4.8146,0.872544,严重
15090,2015-08-04,15139~15090,5.016,0.799498,严重
15089,2015-08-02,15138~15089,5.1245,0.751992,严重
15088,2015-07-30,15137~15088,4.8826,0.850149,严重
15087,2015-07-28,15136~15087,4.6043,0.927193,严重
15086,2015-07-26,15135~15086,4.8374,0.865306,严重
15085,2015-07-23,15134~15085,4.7686,0.886327,严重
15084,2015-07-21,15133~15084,4.6989,0.905246,严重
15083,2015-07-19,15132~15083,4.7686,0.886327,严重
15082,2015-07-16,15131~15082,4.9497,0.825761,严重
15081,2015-07-14,15130~15081,4.994,0.808452,严重
15080,2015-07-12,15129~15080,4.86,0.85784,严重
15079,2015-07-09,15128~15079,4.6755,0.911083,严重
15078,2015-07-07,15127~15078,4.7917,0.879552,严重
15077,2015-07-05,15126~15077,4.7455,0.892868,严重
15076,2015-07-02,15125~15076,5.0379,0.790352,严重
15075,2015-06-30,15124~15075,5.0813,0.771514,严重
15074,2015-06-28,15123~15074,5.3554,0.635364,严重
15073,2015-06-25,15122~15073,5.4166,0.601852,严重
15072,2015-06-23,15121~15072,5.5172,0.545566,严重
15071,2015-06-21,15120~15071,5.4772,0.56809,严重
15070,2015-06-18,15119~15070,5.4772,0.56809,严重
15069,2015-06-16,15118~15069,5.4973,0.556823,严重
15068,2015-06-14,15117~15068,5.6939,0.446054,严重
15067,2015-06-11,15116~15067,5.6551,0.467737,严重
15066,2015-06-09,15115~15066,5.5371,0.534326,严重
15065,2015-06-07,15114~15065,5.6551,0.467737,严重
15064,2015-06-04,15113~15064,5.4772,0.56809,严重
15063,2015-06-02,15112~15063,5.3963,0.613063,严重
15062,2015-05-31,15111~15062,5.557,0.523113,严重
15061,2015-05-28,15110~15061,5.4973,0.556823,严重
15060,2015-05-26,15109~15060,5.5767,0.511935,严重
15059,2015-05-24,15108~15059,5.616,0.489718,严重
15058,2015-05-21,15107~15058,5.7324,0.424724,严重
15057,2015-05-19,15106~15057,5.7896,0.393501,严重
15056,2015-05-17,15105~15056,6.1041,0.239798,严重
15055,2015-05-14,15104~15055,5.9397,0.315776,严重
15054,2015-05-12,15103~15054,5.9025,0.334373,严重
15053,2015-05-10,15102~15053,5.7515,0.414207,严重
15052,2015-05-07,15101~15052,5.6939,0.446054,严重
15051,2015-05-05,15100~15051,5.616,0.489718,严重
15050,2015-05-03,15099~15050,5.6745,0.456855,严重
15049,2015-04-30,15098~15049,5.6551,0.467737,严重
15048,2015-04-28,15097~15048,5.6939,0.446054,严重
15047,2015-04-26,15096~15047,5.5964,0.500801,严重
15046,2015-04-23,15095~15046,5.5371,0.534326,严重
15045,2015-04-21,15094~15045,5.7131,0.435342,严重
15044,2015-04-19,15093~15044,5.6551,0.467737,严重
15043,2015-04-16,15092~15043,5.5964,0.500801,严重
15042,2015-04-14,15091~15042,5.3963,0.613063,严重
15041,2015-04-12,15090~15041,5.1884,0.721565,严重
15040,2015-04-09,15089~15040,5.3963,0.613063,严重
15039,2015-04-07,15088~15039,5.4772,0.56809,严重
15038,2015-04-05,15087~15038,5.1672,0.731849,严重
15037,2015-04-02,15086~15037,5.1029,0.761835,严重
15036,2015-03-31,15085~15036,5.016,0.799498,严重
15035,2015-03-29,15084~15035,4.994,0.808452,严重
15034,2015-03-26,15083~15034,5.1459,0.741994,严重
15033,2015-03-24,15082~15033,4.994,0.808452,严重
15032,2015-03-22,15081~15032,5.1884,0.721565,严重
15031,2015-03-19,15080~15031,5.3759,0.624237,严重
15030,2015-03-17,15079~15030,5.5767,0.511935,严重
15029,2015-03-15,15078~15029,5.2307,0.700615,严重
15028,2015-03-12,15077~15028,5.2517,0.689967,严重
15027,2015-03-10,15076~15027,5.4166,0.601852,严重
15026,2015-03-08,15075~15026,5.3963,0.613063,严重
15025,2015-03-05,15074~15025,5.4166,0.601852,严重
15024,2015-03-03,15073~15024,5.3963,0.613063,严重
15023,2015-03-01,15072~15023,4.994,0.808452,严重
15022,2015-02-26,15071~15022,5.1029,0.761835,严重
15021,2015-02-17,15070~15021,5.3759,0.624237,严重
15020,2015-02-15,15069~15020,5.3963,0.613063,严重
15019,2015-02-12,15068~15019,5.4166,0.601852,严重
15018,2015-02-10,15067~15018,5.2726,0.679216,严重
15017,2015-02-08,15066~15017,5.4166,0.601852,严重
15016,2015-02-05,15065~15016,5.5371,0.534326,严重
15015,2015-02-03,15064~15015,5.4973,0.556823,严重
15014,2015-02-01,15063~15014,5.4772,0.56809,严重
15013,2015-01-29,15062~15013,5.1029,0.761835,严重
15012,2015-01-27,15061~15012,4.6755,0.911083,严重
15011,2015-01-25,15060~15011,4.5563,0.936784,严重
15010,2015-01-22,15059~15010,4.3081,0.971998,可疑
15009,2015-01-20,15058~15009,4.2825,0.97447,可疑
15008,2015-01-18,15057~15008,4.6043,0.927193,严重
15007,2015-01-15,15056~15007,4.7686,0.886327,严重
15006,2015-01-13,15055~15006,4.6282,0.922055,严重
15005,2015-01-11,15054~15005,5.1029,0.761835,严重
15004,2015-01-08,15053~15004,4.9275,0.834105,严重
15003,2015-01-06,15052~15003,4.8374,0.865306,严重
15002,2015-01-04,15051~15002,4.8374,0.865306,严重
15001,2015-01-01,15050~15001,5.1884,0.721565,严重
14152,2014-12-30,15049~14152,4.994,0.808452,严重
14151,2014-12-28,15048~14151,4.6755,0.911083,严重
14150,2014-12-25,15047~14150,4.3336,0.969352,可疑
14149,2014-12-23,15046~14149,4.6755,0.911083,严重
14148,2014-12-21,15045~14148,4.6519,0.916686,严重
14147,2014-12-18,15044~14147,4.8826,0.850149,严重
14146,2014-12-16,15043~14146,4.8826,0.850149,严重
14145,2014-12-14,15042~14145,4.8826,0.850149,严重
14144,2014-12-11,15041~14144,4.7917,0.879552,严重
14143,2014-12-09,15040~14143,4.7686,0.886327,严重
14142,2014-12-07,15039~14142,4.6989,0.905246,严重
14141,2014-12-04,15038~14141,4.7917,0.879552,严重
14140,2014-12-02,15037~14140,4.9275,0.834105,严重
14139,2014-11-30,15036~14139,5.2517,0.689967,严重
14138,2014-11-27,15035~14138,5.1029,0.761835,严重
14137,2014-11-25,15034~14137,5.2517,0.689967,严重
14136,2014-11-23,15033~14136,5.3554,0.635364,严重
14135,2014-11-20,15032~14135,5.3141,0.65744,严重
14134,2014-11-18,15031~14134,5.1884,0.721565,严重
14133,2014-11-16,15030~14133,5.1884,0.721565,严重
14132,2014-11-13,15029~14132,4.994,0.808452,严重
14131,2014-11-11,15028~14131,4.7686,0.886327,严重
14130,2014-11-09,15027~14130,4.6989,0.905246,严重
14129,2014-11-06,15026~14129,4.4833,0.949502,可疑
14128,2014-11-04,15025~14128,4.4833,0.949502,可疑
14127,2014-11-02,15024~14127,4.4587,0.953312,可疑
14126,2014-10-30,15023~14126,4.4587,0.953312,可疑
14125,2014-10-28,15022~14125,4.6043,0.927193,严重
14124,2014-10-26,15021~14124,4.4587,0.953312,可疑
14123,2014-10-23,15020~14123,4.5321,0.941242,严重
14122,2014-10-21,15019~14122,4.9719,0.817208,严重
14121,2014-10-19,15018~14121,4.7917,0.879552,严重
14120,2014-10-16,15017~14120,4.9051,0.842236,严重
14119,2014-10-14,15016~14119,5.0379,0.790352,严重
14118,2014-10-12,15015~14118,4.6519,0.916686,严重
14117,2014-10-09,15014~14117,4.5804,0.932102,严重
14116,2014-10-07,15013~14116,4.9497,0.825761,严重
14115,2014-10-05,15012~14115,5.1672,0.731849,严重
14114,2014-10-02,15011~14114,5.1672,0.731849,严重
14113,2014-09-30,15010~14113,5.1884,0.721565,严重
14112,2014-09-28,15009~14112,5.3554,0.635364,严重
14111,2014-09-25,15008~14111,5.4772,0.56809,严重
14110,2014-09-23,15007~14110,5.2517,0.689967,严重
14109,2014-09-21,15006~14109,5.1672,0.731849,严重
14108,2014-09-18,15005~14108,5.016,0.799498,严重
14107,2014-09-16,15004~14107,4.9051,0.842236,严重
14106,2014-09-14,15003~14106,4.6989,0.905246,严重
14105,2014-09-11,15002~14105,4.6755,0.911083,严重
14104,2014-09-09,15001~14104,4.4833,0.949502,可疑
14103,2014-09-07,14152~14103,4.3841,0.963516,可疑
14102,2014-09-04,14151~14102,4.434,0.956914,可疑
14101,2014-09-02,14150~14101,4.5804,0.932102,严重
14100,2014-08-31,14149~14100,4.994,0.808452,严重
14099,2014-08-28,14148~14099,5.2726,0.679216,严重
14098,2014-08-26,14147~14098,5.3348,0.646435,严重
14097,2014-08-24,14146~14097,5.3141,0.65744,严重
14096,2014-08-21,14145~14096,5.0596,0.781022,严重
14095,2014-08-19,14144~14095,5.2517,0.689967,严重
14094,2014-08-17,14143~14094,5.2307,0.700615,严重
14093,2014-08-14,14142~14093,5.6356,0.478694,严重
14092,2014-08-12,14141~14092,5.3759,0.624237,严重
14091,2014-08-10,14140~14091,5.3141,0.65744,严重
14090,2014-08-07,14139~14090,5.1884,0.721565,严重
14089,2014-08-05,14138~14089,5.1245,0.751992,严重
14088,2014-08-03,14137~14088,5.3759,0.624237,严重
14087,2014-07-31,14136~14087,5.4571,0.579356,严重
14086,2014-07-29,14135~14086,5.4571,0.579356,严重
14085,2014-07-27,14134~14085,5.7515,0.414207,严重
14084,2014-07-24,14133~14084,5.8086,0.383323,严重
14083,2014-07-22,14132~14083,5.8275,0.373268,严重
14082,2014-07-20,14131~14082,5.5767,0.511935,严重
14081,2014-07-17,14130~14081,5.5371,0.534326,严重
14080,2014-07-15,14129~14080,5.5172,0.545566,严重
14079,2014-07-13,14128~14079,5.4571,0.579356,严重
14078,2014-07-10,14127~14078,5.6939,0.446054,严重
14077,2014-07-08,14126~14077,5.6745,0.456855,严重
14076,2014-07-06,14125~14076,5.5371,0.534326,严重
14075,2014-07-03,14124~14075,5.7896,0.393501,严重
14074,2014-07-01,14123~14074,5.7896,0.393501,严重
14073,2014-06-29,14122~14073,5.616,0.489718,严重
14072,2014-06-26,14121~14072,5.4571,0.579356,严重
14071,2014-06-24,14120~14071,5.2517,0.689967,严重
14070,2014-06-22,14119~14070,5.4973,0.556823,严重
14069,2014-06-19,14118~14069,5.6356,0.478694,严重
14068,2014-06-17,14117~14068,5.9766,0.297781,严重
14067,2014-06-15,14116~14067,5.9025,0.334373,严重
14066,2014-06-12,14115~14066,5.6551,0.467737,严重
14065,2014-06-10,14114~14065,5.5172,0.545566,严重
14064,2014-06-08,14113~14064,5.6939,0.446054,严重
14063,2014-06-05,14112~14063,5.8464,0.363341,严重
14062,2014-06-03,14111~14062,5.8652,0.353547,严重
14061,2014-06-01,14110~14061,5.8275,0.373268,严重
14060,2014-05-29,14109~14060,5.9025,0.334373,严重
14059,2014-05-27,14108~14059,5.9582,0.306702,严重
14058,2014-05-25,14107~14058,6.2992,0.164943,严重
14057,2014-05-22,14106~14057,6.086,0.247593,严重
14056,2014-05-20,14105~14056,5.8652,0.353547,严重
14055,2014-05-18,14104~14055,5.8464,0.363341,严重
14054,2014-05-15,14103~14054,5.7515,0.414207,严重
14053,2014-05-13,14102~14053,5.8839,0.34389,严重
14052,2014-05-11,14101~14052,5.9025,0.334373,严重
14051,2014-05-08,14100~14051,5.9582,0.306702,严重
14050,2014-05-06,14099~14050,5.7896,0.393501,严重
14049,2014-05-04,14098~14049,5.7706,0.403798,严重
14048,2014-05-01,14097~14048,5.7896,0.393501,严重
14047,2014-04-29,14096~14047,6.0679,0.255552,严重
14046,2014-04-27,14095~14046,5.995,0.289016,严重
14045,2014-04-24,14094~14045,6.1758,0.210274,严重
14044,2014-04-22,14093~14044,6.0316,0.271961,严重
14043,2014-04-20,14092~14043,6.1221,0.232168,严重
14042,2014-04-17,14091~14042,5.9582,0.306702,严重
14041,2014-04-15,14090~14041,5.6939,0.446054,严重
14040,2014-04-13,14089~14040,5.8086,0.383323,严重
14039,2014-04-10,14088~14039,5.5767,0.511935,严重
14038,2014-04-08,14087~14038,5.4369,0.590613,严重
14037,2014-04-06,14086~14037,5.4166,0.601852,严重
14036,2014-04-03,14085~14036,5.3963,0.613063,严重
14035,2014-04-01,14084~14035,5.3141,0.65744,严重
14034,2014-03-30,14083~14034,5.2934,0.66837,严重
14033,2014-03-27,14082~14033,5.1672,0.731849,严重
14032,2014-03-25,14081~14032,5.4369,0.590613,严重
14031,2014-03-23,14080~14031,5.4166,0.601852,严重
14030,2014-03-20,14079~14030,5.2726,0.679216,严重
14029,2014-03-18,14078~14029,5.2307,0.700615,严重
14028,2014-03-16,14077~14028,4.7223,0.899175,严重
14027,2014-03-13,14076~14027,4.4091,0.960313,可疑
14026,2014-03-11,14075~14026,4.434,0.956914,可疑
14025,2014-03-09,14074~14025,4.4587,0.953312,可疑
14024,2014-03-06,14073~14024,4.4091,0.960313,可疑
14023,2014-03-04,14072~14023,4.5563,0.936784,严重
14022,2014-03-02,14071~14022,4.5804,0.932102,严重
14021,2014-02-27,14070~14021,4.3589,0.966527,可疑
14020,2014-02-25,14069~14020,4.6989,0.905246,严重
14019,2014-02-23,14068~14019,4.5804,0.932102,严重
14018,2014-02-20,14067~14018,4.8826,0.850149,严重
14017,2014-02-18,14066~14017,4.7917,0.879552,严重
14016,2014-02-16,14065~14016,4.6989,0.905246,严重
14015,2014-02-13,14064~14015,4.7686,0.886327,严重
14014,2014-02-11,14063~14014,4.86,0.85784,严重
14013,2014-02-09,14062~14013,4.9275,0.834105,严重
14012,2014-01-28,14061~14012,5.0813,0.771514,严重
14011,2014-01-26,14060~14011,5.3759,0.624237,严重
14010,2014-01-23,14059~14010,5.2726,0.679216,严重
14009,2014-01-21,14058~14009,5.3759,0.624237,严重
14008,2014-01-19,14057~14008,5.616,0.489718,严重
14007,2014-01-16,14056~14007,5.6939,0.446054,严重
14006,2014-01-14,14055~14006,5.995,0.289016,严重
14005,2014-01-12,14054~14005,5.4571,0.579356,严重
14004,2014-01-09,14053~14004,5.5767,0.511935,严重
14003,2014-01-07,14052~14003,5.6939,0.446054,严重
14002,2014-01-05,14051~14002,5.8652,0.353547,严重
14001,2014-01-02,14050~14001,5.3759,0.624237,严重
13154,2013-12-31,14049~13154,5.6551,0.467737,严重
13153,2013-12-29,14048~13153,5.6356,0.478694,严重
13152,2013-12-26,14047~13152,5.6551,0.467737,严重
13151,2013-12-24,14046~13151,5.7131,0.435342,严重
13150,2013-12-22,14045~13150,5.4772,0.56809,严重
13149,2013-12-19,14044~13149,5.2726,0.679216,严重
13148,2013-12-17,14043~13148,5.016,0.799498,严重
13147,2013-12-15,14042~13147,4.9719,0.817208,严重
13146,2013-12-12,14041~13146,5.2726,0.679216,严重
13145,2013-12-10,14040~13145,5.1459,0.741994,严重
13144,2013-12-08,14039~13144,5.0596,0.781022,严重
13143,2013-12-05,14038~13143,5.2096,0.711151,严重
13142,2013-12-03,14037~13142,5.0596,0.781022,严重
13141,2013-12-01,14036~13141,4.8374,0.865306,严重
13140,2013-11-28,14035~13140,4.7917,0.879552,严重
13139,2013-11-26,14034~13139,4.8146,0.872544,严重
13138,2013-11-24,14033~13138,4.86,0.85784,严重
13137,2013-11-21,14032~13137,4.994,0.808452,严重
13136,2013-11-19,14031~13136,5.1029,0.761835,严重
13135,2013-11-17,14030~13135,4.6755,0.911083,严重
13134,2013-11-14,14029~13134,4.6755,0.911083,严重
13133,2013-11-12,14028~13133,4.5563,0.936784,严重
13132,2013-11-10,14027~13132,4.5321,0.941242,严重
13131,2013-11-07,14026~13131,4.5563,0.936784,严重
13130,2013-11-05,14025~13130,4.5804,0.932102,严重
13129,2013-11-03,14024~13129,4.5563,0.936784,严重
13128,2013-10-31,14023~13128,4.9497,0.825761,严重
13127,2013-10-29,14022~13127,4.5563,0.936784,严重
13126,2013-10-27,14021~13126,4.7686,0.886327,严重
13125,2013-10-24,14020~13125,4.8826,0.850149,严重
13124,2013-10-22,14019~13124,4.7917,0.879552,严重
13123,2013-10-20,14018~13123,4.7455,0.892868,严重
13122,2013-10-17,14017~13122,4.5563,0.936784,严重
13121,2013-10-15,14016~13121,4.6755,0.911083,严重
13120,2013-10-13,14015~13120,4.8146,0.872544,严重
13119,2013-10-10,14014~13119,4.7455,0.892868,严重
13118,2013-10-08,14013~13118,4.2568,0.976775,可疑
13117,2013-10-06,14012~13117,4.3336,0.969352,可疑
13116,2013-10-03,14011~13116,4.4833,0.949502,可疑
13115,2013-10-01,14010~13115,4.7455,0.892868,严重
13114,2013-09-29,14009~13114,5.016,0.799498,严重
13113,2013-09-26,14008~13113,5.2307,0.700615,严重
13112,2013-09-24,14007~13112,5.5172,0.545566,严重
13111,2013-09-22,14006~13111,5.6939,0.446054,严重
13110,2013-09-19,14005~13110,5.4973,0.556823,严重
13109,2013-09-17,14004~13109,5.2517,0.689967,严重
13108,2013-09-15,14003~13108,5.016,0.799498,严重
13107,2013-09-12,14002~13107,5.0596,0.781022,严重
13106,2013-09-10,14001~13106,4.8146,0.872544,严重
13105,2013-09-08,13154~13105,5.016,0.799498,严重
13104,2013-09-05,13153~13104,5.1884,0.721565,严重
13103,2013-09-03,13152~13103,5.2517,0.689967,严重
13102,2013-09-01,13151~13102,5.2307,0.700615,严重
13101,2013-08-29,13150~13101,5.5767,0.511935,严重
13100,2013-08-27,13149~13100,5.5172,0.545566,严重
13099,2013-08-25,13148~13099,5.5767,0.511935,严重
13098,2013-08-22,13147~13098,5.3759,0.624237,严重
13097,2013-08-20,13146~13097,5.5767,0.511935,严重
13096,2013-08-18,13145~13096,5.4369,0.590613,严重
13095,2013-08-15,13144~13095,5.4772,0.56809,严重
13094,2013-08-13,13143~13094,5.3554,0.635364,严重
13093,2013-08-11,13142~13093,5.1884,0.721565,严重
13092,2013-08-08,13141~13092,5.4166,0.601852,严重
13091,2013-08-06,13140~13091,5.4166,0.601852,严重
13090,2013-08-04,13139~13090,5.4571,0.579356,严重
13089,2013-08-01,13138~13089,5.5371,0.534326,严重
13088,2013-07-30,13137~13088,5.4166,0.601852,严重
13087,2013-07-28,13136~13087,5.1672,0.731849,严重
13086,2013-07-25,13135~13086,5.2726,0.679216,严重
13085,2013-07-23,13134~13085,5.016,0.799498,严重
13084,2013-07-21,13133~13084,5.0813,0.771514,严重
13083,2013-07-18,13132~13083,4.994,0.808452,严重
13082,2013-07-16,13131~13082,4.9051,0.842236,严重
13081,2013-07-14,13130~13081,4.9497,0.825761,严重
13080,2013-07-11,13129~13080,4.9275,0.834105,严重
13079,2013-07-09,13128~13079,4.994,0.808452,严重
13078,2013-07-07,13127~13078,4.8374,0.865306,严重
13077,2013-07-04,13126~13077,4.7686,0.886327,严重
13076,2013-07-02,13125~13076,4.8374,0.865306,严重
13075,2013-06-30,13124~13075,4.8374,0.865306,严重
13074,2013-06-27,13123~13074,4.8146,0.872544,严重
13073,2013-06-25,13122~13073,4.8826,0.850149,严重
13072,2013-06-23,13121~13072,5.0813,0.771514,严重
13071,2013-06-20,13120~13071,5.3348,0.646435,严重
13070,2013-06-18,13119~13070,5.1459,0.741994,严重
13069,2013-06-16,13118~13069,4.8826,0.850149,严重
13068,2013-06-13,13117~13068,4.7455,0.892868,严重
13067,2013-06-11,13116~13067,4.86,0.85784,严重
13066,2013-06-09,13115~13066,4.9051,0.842236,严重
13065,2013-06-06,13114~13065,5.1672,0.731849,严重
13064,2013-06-04,13113~13064,5.1245,0.751992,严重
13063,2013-06-02,13112~13063,5.1029,0.761835,严重
13062,2013-05-30,13111~13062,5.0813,0.771514,严重
13061,2013-05-28,13110~13061,5.1459,0.741994,严重
13060,2013-05-26,13109~13060,5.3141,0.65744,严重
13059,2013-05-23,13108~13059,4.9497,0.825761,严重
13058,2013-05-21,13107~13058,5.0379,0.790352,严重
13057,2013-05-19,13106~13057,5.1029,0.761835,严重
13056,2013-05-16,13105~13056,4.8826,0.850149,严重
13055,2013-05-14,13104~13055,4.9051,0.842236,严重
13054,2013-05-12,13103~13054,4.9051,0.842236,严重
13053,2013-05-09,13102~13053,4.4833,0.949502,可疑
13052,2013-05-07,13101~13052,4.6043,0.927193,严重
13051,2013-05-05,13100~13051,4.7223,0.899175,严重
13050,2013-05-02,13099~13050,4.8374,0.865306,严重
13049,2013-04-30,13098~13049,4.86,0.85784,严重
13048,2013-04-28,13097~13048,4.8146,0.872544,严重
13047,2013-04-25,13096~13047,4.5804,0.932102,严重
13046,2013-04-23,13095~13046,4.4833,0.949502,可疑
13045,2013-04-21,13094~13045,4.6043,0.927193,严重
13044,2013-04-18,13093~13044,4.5804,0.932102,严重
13043,2013-04-16,13092~13043,4.6519,0.916686,严重
13042,2013-04-14,13091~13042,4.6989,0.905246,严重
13041,2013-04-11,13090~13041,4.86,0.85784,严重
13040,2013-04-09,13089~13040,4.994,0.808452,严重
13039,2013-04-07,13088~13039,4.8826,0.850149,严重
13038,2013-04-04,13087~13038,5.1672,0.731849,严重
13037,2013-04-02,13086~13037,4.8146,0.872544,严重
13036,2013-03-31,13085~13036,4.5321,0.941242,严重
13035,2013-03-28,13084~13035,4.6755,0.911083,严重
13034,2013-03-26,13083~13034,4.7917,0.879552,严重
13033,2013-03-24,13082~13033,4.8826,0.850149,严重
13032,2013-03-21,13081~13032,4.5078,0.94548,严重
13031,2013-03-19,13080~13031,4.8374,0.865306,严重
13030,2013-03-17,13079~13030,5.0813,0.771514,严重
13029,2013-03-14,13078~13029,4.9275,0.834105,严重
13028,2013-03-12,13077~13028,5.0813,0.771514,严重
13027,2013-03-10,13076~13027,4.8146,0.872544,严重
13026,2013-03-07,13075~13026,4.5563,0.936784,严重
13025,2013-03-05,13074~13025,4.6519,0.916686,严重
13024,2013-03-03,13073~13024,4.5078,0.94548,严重
13023,2013-02-28,13072~13023,4.6519,0.916686,严重
13022,2013-02-26,13071~13022,4.7455,0.892868,严重
13021,2013-02-24,13070~13021,4.8146,0.872544,严重
13020,2013-02-21,13069~13020,4.8146,0.872544,严重
13019,2013-02-19,13068~13019,4.5563,0.936784,严重
13018,2013-02-17,13067~13018,4.6519,0.916686,严重
13017,2013-02-07,13066~13017,4.5563,0.936784,严重
13016,2013-02-05,13065~13016,4.7917,0.879552,严重
13015,2013-02-03,13064~13015,4.7917,0.879552,严重
13014,2013-01-31,13063~13014,4.9719,0.817208,严重
13013,2013-01-29,13062~13013,5.3554,0.635364,严重
13012,2013-01-27,13061~13012,5.5371,0.534326,严重
13011,2013-01-24,13060~13011,5.3554,0.635364,严重
13010,2013-01-22,13059~13010,5.1029,0.761835,严重
13009,2013-01-20,13058~13009,5.0813,0.771514,严重
13008,2013-01-17,13057~13008,5.2096,0.711151,严重
13007,2013-01-15,13056~13007,5.1884,0.721565,严重
13006,2013-01-13,13055~13006,5.2096,0.711151,严重
13005,2013-01-10,13054~13005,5.4369,0.590613,严重
13004,2013-01-08,13053~13004,5.1672,0.731849,严重
13003,2013-01-06,13052~13003,4.9051,0.842236,严重
13002,2013-01-03,13051~13002,4.9275,0.834105,严重
13001,2013-01-01,13050~13001,5.0379,0.790352,严重
12154,2012-12-30,13049~12154,5.1459,0.741994,严重
12153,2012-12-27,13048~12153,5.0379,0.790352,严重
12152,2012-12-25,13047~12152,4.7917,0.879552,严重
12151,2012-12-23,13046~12151,4.9051,0.842236,严重
12150,2012-12-20,13045~12150,5.0596,0.781022,严重
12149,2012-12-18,13044~12149,5.3348,0.646435,严重
12148,2012-12-16,13043~12148,5.2517,0.689967,严重
12147,2012-12-13,13042~12147,5.1245,0.751992,严重
12146,2012-12-11,13041~12146,5.2726,0.679216,严重
12145,2012-12-09,13040~12145,5.2517,0.689967,严重
12144,2012-12-06,13039~12144,5.0813,0.771514,严重
12143,2012-12-04,13038~12143,4.9497,0.825761,严重
12142,2012-12-02,13037~12142,5.2307,0.700615,严重
12141,2012-11-29,13036~12141,4.9497,0.825761,严重
12140,2012-11-27,13035~12140,4.86,0.85784,严重
12139,2012-11-25,13034~12139,4.5321,0.941242,严重
12138,2012-11-22,13033~12138,4.5804,0.932102,严重
12137,2012-11-20,13032~12137,4.434,0.956914,可疑
12136,2012-11-18,13031~12136,4.6989,0.905246,严重
12135,2012-11-15,13030~12135,5.1245,0.751992,严重
12134,2012-11-13,13029~12134,5.4369,0.590613,严重
12133,2012-11-11,13028~12133,5.5172,0.545566,严重
12132,2012-11-08,13027~12132,5.557,0.523113,严重
12131,2012-11-06,13026~12131,5.6356,0.478694,严重
12130,2012-11-04,13025~12130,5.7324,0.424724,严重
12129,2012-11-01,13024~12129,5.8839,0.34389,严重
12128,2012-10-30,13023~12128,5.9211,0.325001,严重
12127,2012-10-28,13022~12127,6.1041,0.239798,严重
12126,2012-10-25,13021~12126,6.14,0.224705,严重
12125,2012-10-23,13020~12125,5.995,0.289016,严重
12124,2012-10-21,13019~12124,5.8086,0.383323,严重
12123,2012-10-18,13018~12123,5.616,0.489718,严重
12122,2012-10-16,13017~12122,5.6356,0.478694,严重
12121,2012-10-14,13016~12121,5.6356,0.478694,严重
12120,2012-10-11,13015~12120,5.5371,0.534326,严重
12119,2012-10-09,13014~12119,5.5767,0.511935,严重
12118,2012-10-07,13013~12118,5.8652,0.353547,严重
12117,2012-10-04,13012~12117,5.7324,0.424724,严重
12116,2012-10-02,13011~12116,5.7324,0.424724,严重
12115,2012-09-30,13010~12115,5.8086,0.383323,严重
12114,2012-09-27,13009~12114,5.8464,0.363341,严重
12113,2012-09-25,13008~12113,6.0316,0.271961,严重
12112,2012-09-23,13007~12112,5.9397,0.315776,严重
12111,2012-09-20,13006~12111,5.8086,0.383323,严重
12110,2012-09-18,13005~12110,6.0679,0.255552,严重
12109,2012-09-16,13004~12109,6.14,0.224705,严重
12108,2012-09-13,13003~12108,6.2992,0.164943,严重
12107,2012-09-11,13002~12107,6.334,0.153437,严重
12106,2012-09-09,13001~12106,6.334,0.153437,严重
12105,2012-09-06,12154~12105,6.229,0.189868,严重
12104,2012-09-04,12153~12104,5.8839,0.34389,严重
12103,2012-09-02,12152~12103,5.5767,0.511935,严重
12102,2012-08-30,12151~12102,5.6745,0.456855,严重
12101,2012-08-28,12150~12101,5.6356,0.478694,严重
12100,2012-08-26,12149~12100,5.7131,0.435342,严重
12099,2012-08-23,12148~12099,5.5767,0.511935,严重
12098,2012-08-21,12147~12098,5.7324,0.424724,严重
12097,2012-08-19,12146~12097,5.7706,0.403798,严重
12096,2012-08-16,12145~12096,5.3554,0.635364,严重
12095,2012-08-14,12144~12095,5.2726,0.679216,严重
12094,2012-08-12,12143~12094,5.016,0.799498,严重
12093,2012-08-09,12142~12093,5.1029,0.761835,严重
12092,2012-08-07,12141~12092,5.0813,0.771514,严重
12091,2012-08-05,12140~12091,5.2517,0.689967,严重
12090,2012-08-02,12139~12090,5.557,0.523113,严重
12089,2012-07-31,12138~12089,5.3348,0.646435,严重
12088,2012-07-29,12137~12088,5.1459,0.741994,严重
12087,2012-07-26,12136~12087,5.0596,0.781022,严重
12086,2012-07-24,12135~12086,5.0596,0.781022,严重
12085,2012-07-22,12134~12085,5.0596,0.781022,严重
12084,2012-07-19,12133~12084,5.1459,0.741994,严重
12083,2012-07-17,12132~12083,5.016,0.799498,严重
12082,2012-07-15,12131~12082,4.9497,0.825761,严重
12081,2012-07-12,12130~12081,5.1029,0.761835,严重
12080,2012-07-10,12129~12080,4.9719,0.817208,严重
12079,2012-07-08,12128~12079,5.0379,0.790352,严重
12078,2012-07-05,12127~12078,5.1245,0.751992,严重
12077,2012-07-03,12126~12077,5.4166,0.601852,严重
12076,2012-07-01,12125~12076,5.2934,0.66837,严重
12075,2012-06-28,12124~12075,4.9275,0.834105,严重
12074,2012-06-26,12123~12074,5.016,0.799498,严重
12073,2012-06-24,12122~12073,4.9497,0.825761,严重
12072,2012-06-21,12121~12072,4.7223,0.899175,严重
12071,2012-06-19,12120~12071,4.6989,0.905246,严重
12070,2012-06-17,12119~12070,4.6755,0.911083,严重
12069,2012-06-14,12118~12069,4.7223,0.899175,严重
12068,2012-06-12,12117~12068,4.7686,0.886327,严重
12067,2012-06-10,12116~12067,4.5563,0.936784,严重
12066,2012-06-07,12115~12066,4.6043,0.927193,严重
12065,2012-06-05,12114~12065,4.6043,0.927193,严重
12064,2012-06-03,12113~12064,4.6755,0.911083,严重
12063,2012-05-31,12112~12063,4.7686,0.886327,严重
12062,2012-05-29,12111~12062,4.9719,0.817208,严重
12061,2012-05-27,12110~12061,4.6989,0.905246,严重
12060,2012-05-24,12109~12060,4.7917,0.879552,严重
12059,2012-05-22,12108~12059,4.7686,0.886327,严重
12058,2012-05-20,12107~12058,4.6043,0.927193,严重
12057,2012-05-17,12106~12057,4.7455,0.892868,严重
12056,2012-05-15,12105~12056,4.9051,0.842236,严重
12055,2012-05-13,12104~12055,4.9719,0.817208,严重
12054,2012-05-10,12103~12054,4.7455,0.892868,严重
12053,2012-05-08,12102~12053,4.86,0.85784,严重
12052,2012-05-06,12101~12052,4.9275,0.834105,严重
12051,2012-05-03,12100~12051,4.9497,0.825761,严重
12050,2012-05-01,12099~12050,5.1029,0.761835,严重
12049,2012-04-29,12098~12049,5.3759,0.624237,严重
12048,2012-04-26,12097~12048,5.3963,0.613063,严重
12047,2012-04-24,12096~12047,5.1459,0.741994,严重
12046,2012-04-22,12095~12046,5.0379,0.790352,严重
12045,2012-04-19,12094~12045,4.8374,0.865306,严重
12044,2012-04-17,12093~12044,4.9275,0.834105,严重
12043,2012-04-15,12092~12043,4.8146,0.872544,严重
12042,2012-04-12,12091~12042,4.9275,0.834105,严重
12041,2012-04-10,12090~12041,5.2096,0.711151,严重
12040,2012-04-08,12089~12040,5.1029,0.761835,严重
12039,2012-04-05,12088~12039,5.1672,0.731849,严重
12038,2012-04-03,12087~12038,5.2934,0.66837,严重
12037,2012-04-01,12086~12037,5.2517,0.689967,严重
12036,2012-03-29,12085~12036,5.4973,0.556823,严重
12035,2012-03-27,12084~12035,5.4369,0.590613,严重
12034,2012-03-25,12083~12034,5.2934,0.66837,严重
12033,2012-03-22,12082~12033,5.1245,0.751992,严重
12032,2012-03-20,12081~12032,5.0379,0.790352,严重
12031,2012-03-18,12080~12031,5.1672,0.731849,严重
12030,2012-03-15,12079~12030,5.1672,0.731849,严重
12029,2012-03-13,12078~12029,5.0813,0.771514,严重
12028,2012-03-11,12077~12028,4.9497,0.825761,严重
12027,2012-03-08,12076~12027,4.86,0.85784,严重
12026,2012-03-06,12075~12026,4.9275,0.834105,严重
12025,2012-03-04,12074~12025,5.1029,0.761835,严重
12024,2012-03-01,12073~12024,5.2517,0.689967,严重
12023,2012-02-28,12072~12023,5.1672,0.731849,严重
12022,2012-02-26,12071~12022,5.2934,0.66837,严重
12021,2012-02-23,12070~12021,5.016,0.799498,严重
12020,2012-02-21,12069~12020,4.5078,0.94548,严重
12019,2012-02-19,12068~12019,4.4833,0.949502,可疑
12018,2012-02-16,12067~12018,4.4091,0.960313,可疑
12017,2012-02-14,12066~12017,4.3336,0.969352,可疑
12016,2012-02-12,12065~12016,4.6755,0.911083,严重
12015,2012-02-09,12064~12015,4.5321,0.941242,严重
12014,2012-02-07,12063~12014,4.4091,0.960313,可疑
12013,2012-02-05,12062~12013,4.1521,0.984459,可疑
12012,2012-02-02,12061~12012,4.0988,0.987475,可疑
12011,2012-01-31,12060~12011,4.3081,0.971998,可疑
12010,2012-01-29,12059~12010,4.7223,0.899175,严重
12009,2012-01-19,12058~12009,4.8374,0.865306,严重
12008,2012-01-17,12057~12008,4.4833,0.949502,可疑
12007,2012-01-15,12056~12007,4.4091,0.960313,可疑
12006,2012-01-12,12055~12006,4.5804,0.932102,严重
12005,2012-01-10,12054~12005,4.3081,0.971998,可疑
12004,2012-01-08,12053~12004,4.1521,0.984459,可疑
12003,2012-01-05,12052~12003,3.8781,0.995278,可疑
12002,2012-01-03,12051~12002,3.6442,0.998565,可疑
12001,2012-01-01,12050~12001,3.99,0.992124,可疑
11153,2011-12-29,12049~11153,4.2048,0.980911,可疑
11152,2011-12-27,12048~11152,4.3841,0.963516,可疑
11151,2011-12-25,12047~11151,4.2308,0.97892,可疑
11150,2011-12-22,12046~11150,4.5321,0.941242,严重
11149,2011-12-20,12045~11149,4.434,0.956914,可疑
11148,2011-12-18,12044~11148,4.6519,0.916686,严重
11147,2011-12-15,12043~11147,4.3841,0.963516,可疑
11146,2011-12-13,12042~11146,4.2825,0.97447,可疑
11145,2011-12-11,12041~11145,4.3336,0.969352,可疑
11144,2011-12-08,12040~11144,4.5321,0.941242,严重
11143,2011-12-06,12039~11143,4.3081,0.971998,可疑
11142,2011-12-04,12038~11142,4.5563,0.936784,严重
11141,2011-12-01,12037~11141,4.4833,0.949502,可疑
11140,2011-11-29,12036~11140,4.6043,0.927193,严重
11139,2011-11-27,12035~11139,4.9275,0.834105,严重
11138,2011-11-24,12034~11138,5.016,0.799498,严重
11137,2011-11-22,12033~11137,4.9275,0.834105,严重
11136,2011-11-20,12032~11136,4.9497,0.825761,严重
11135,2011-11-17,12031~11135,4.7455,0.892868,严重
11134,2011-11-15,12030~11134,4.5804,0.932102,严重
11133,2011-11-13,12029~11133,4.7223,0.899175,严重
11132,2011-11-10,12028~11132,4.4833,0.949502,可疑
11131,2011-11-08,12027~11131,4.5321,0.941242,严重
11130,2011-11-06,12026~11130,4.3841,0.963516,可疑
11129,2011-11-03,12025~11129,4.1785,0.982755,可疑
11128,2011-11-01,12024~11128,4.0988,0.987475,可疑
11127,2011-10-30,12023~11127,4.0988,0.987475,可疑
11126,2011-10-27,12022~11126,4.0175,0.991118,可疑
11125,2011-10-25,12021~11125,3.7921,0.996892,可疑
11124,2011-10-23,12020~11124,3.8497,0.995878,可疑
11123,2011-10-20,12019~11123,3.763,0.997316,可疑
11122,2011-10-18,12018~11122,3.99,0.992124,可疑
11121,2011-10-16,12017~11121,4.0175,0.991118,可疑
11120,2011-10-13,12016~11120,4.0719,0.9888,可疑
11119,2011-10-11,12015~11119,3.99,0.992124,可疑
11118,2011-10-09,12014~11118,3.99,0.992124,可疑
11117,2011-10-06,12013~11117,4.1521,0.984459,可疑
11116,2011-10-04,12012~11116,4.3841,0.963516,可疑
11115,2011-10-02,12011~11115,4.434,0.956914,可疑
11114,2011-09-29,12010~11114,4.2825,0.97447,可疑
11113,2011-09-27,12009~11113,4.5321,0.941242,严重
11112,2011-09-25,12008~11112,4.3081,0.971998,可疑
11111,2011-09-22,12007~11111,4.2568,0.976775,可疑
11110,2011-09-20,12006~11110,4.3589,0.966527,可疑
11109,2011-09-18,12005~11109,4.3336,0.969352,可疑
11108,2011-09-15,12004~11108,4.1521,0.984459,可疑
11107,2011-09-13,12003~11107,4.0447,0.990012,可疑
11106,2011-09-11,12002~11106,4.5804,0.932102,严重
11105,2011-09-08,12001~11105,4.5563,0.936784,严重
11104,2011-09-06,11153~11104,4.4587,0.953312,可疑
11103,2011-09-04,11152~11103,4.4091,0.960313,可疑
11102,2011-09-01,11151~11102,3.99,0.992124,可疑
11101,2011-08-30,11150~11101,3.9345,0.993863,可疑
11100,2011-08-28,11149~11100,4.0719,0.9888,可疑
11099,2011-08-25,11148~11099,3.9623,0.993037,可疑
11098,2011-08-23,11147~11098,3.5833,0.998977,可疑
11097,2011-08-21,11146~11097,3.763,0.997316,可疑
11096,2011-08-18,11145~11096,3.763,0.997316,可疑
11095,2011-08-16,11144~11095,3.49,0.999405,可疑
11094,2011-08-14,11143~11094,3.6139,0.998785,可疑
11093,2011-08-11,11142~11093,3.7041,0.998021,可疑
11092,2011-08-09,11141~11092,3.9623,0.993037,可疑
11091,2011-08-07,11140~11091,4.1255,0.98603,可疑
11090,2011-08-04,11139~11090,4.4091,0.960313,可疑
11089,2011-08-02,11138~11089,4.5078,0.94548,严重
11088,2011-07-31,11137~11088,4.7223,0.899175,严重
11087,2011-07-28,11136~11087,4.6282,0.922055,严重
11086,2011-07-26,11135~11086,4.9497,0.825761,严重
11085,2011-07-24,11134~11085,4.8374,0.865306,严重
11084,2011-07-21,11133~11084,5.1459,0.741994,严重
11083,2011-07-19,11132~11083,4.994,0.808452,严重
11082,2011-07-17,11131~11082,5.2517,0.689967,严重
11081,2011-07-14,11130~11081,5.1884,0.721565,严重
11080,2011-07-12,11129~11080,5.016,0.799498,严重
11079,2011-07-10,11128~11079,4.7455,0.892868,严重
11078,2011-07-07,11127~11078,4.3081,0.971998,可疑
11077,2011-07-05,11126~11077,4.2825,0.97447,可疑
11076,2011-07-03,11125~11076,4.3336,0.969352,可疑
11075,2011-06-30,11124~11075,4.6519,0.916686,严重
11074,2011-06-28,11123~11074,4.6519,0.916686,严重
11073,2011-06-26,11122~11073,4.86,0.85784,严重
11072,2011-06-23,11121~11072,4.7917,0.879552,严重
11071,2011-06-21,11120~11071,4.5804,0.932102,严重
11070,2011-06-19,11119~11070,4.9719,0.817208,严重
11069,2011-06-16,11118~11069,4.6519,0.916686,严重
11068,2011-06-14,11117~11068,4.7455,0.892868,严重
11067,2011-06-12,11116~11067,4.86,0.85784,严重
11066,2011-06-09,11115~11066,4.6989,0.905246,严重
11065,2011-06-07,11114~11065,4.7686,0.886327,严重
11064,2011-06-05,11113~11064,4.8826,0.850149,严重
11063,2011-06-02,11112~11063,4.8146,0.872544,严重
11062,2011-05-31,11111~11062,4.6989,0.905246,严重
11061,2011-05-29,11110~11061,4.8374,0.865306,严重
11060,2011-05-26,11109~11060,4.994,0.808452,严重
11059,2011-05-24,11108~11059,5.016,0.799498,严重
11058,2011-05-22,11107~11058,4.994,0.808452,严重
11057,2011-05-19,11106~11057,4.994,0.808452,严重
11056,2011-05-17,11105~11056,5.0813,0.771514,严重
11055,2011-05-15,11104~11055,5.2517,0.689967,严重
11054,2011-05-12,11103~11054,4.8826,0.850149,严重
11053,2011-05-10,11102~11053,4.9051,0.842236,严重
11052,2011-05-08,11101~11052,4.7455,0.892868,严重
11051,2011-05-05,11100~11051,4.5321,0.941242,严重
11050,2011-05-03,11099~11050,4.3841,0.963516,可疑
11049,2011-05-01,11098~11049,4.2568,0.976775,可疑
11048,2011-04-28,11097~11048,3.9064,0.994608,可疑
11047,2011-04-26,11096~11047,3.7041,0.998021,可疑
11046,2011-04-24,11095~11046,3.8781,0.995278,可疑
11045,2011-04-21,11094~11045,3.9623,0.993037,可疑
11044,2011-04-19,11093~11044,3.9623,0.993037,可疑
11043,2011-04-17,11092~11043,4.0719,0.9888,可疑
11042,2011-04-14,11091~11042,4.0719,0.9888,可疑
11041,2011-04-12,11090~11041,4.3081,0.971998,可疑
11040,2011-04-10,11089~11040,4.2048,0.980911,可疑
11039,2011-04-07,11088~11039,4.5563,0.936784,严重
11038,2011-04-05,11087~11038,4.2568,0.976775,可疑
11037,2011-04-03,11086~11037,4.434,0.956914,可疑
11036,2011-03-31,11085~11036,4.2048,0.980911,可疑
11035,2011-03-29,11084~11035,4.2308,0.97892,可疑
11034,2011-03-27,11083~11034,4.6043,0.927193,严重
11033,2011-03-24,11082~11033,4.6043,0.927193,严重
11032,2011-03-22,11081~11032,4.6755,0.911083,严重
11031,2011-03-20,11080~11031,4.86,0.85784,严重
11030,2011-03-17,11079~11030,4.9497,0.825761,严重
11029,2011-03-15,11078~11029,4.6043,0.927193,严重
11028,2011-03-13,11077~11028,4.7223,0.899175,严重
11027,2011-03-10,11076~11027,4.8374,0.865306,严重
11026,2011-03-08,11075~11026,4.9497,0.825761,严重
11025,2011-03-06,11074~11025,5.1245,0.751992,严重
11024,2011-03-03,11073~11024,5.2934,0.66837,严重
11023,2011-03-01,11072~11023,5.1459,0.741994,严重
11022,2011-02-27,11071~11022,5.4369,0.590613,严重
11021,2011-02-24,11070~11021,5.7515,0.414207,严重
11020,2011-02-22,11069~11020,6.229,0.189868,严重
11019,2011-02-20,11068~11019,6.1221,0.232168,严重
11018,2011-02-17,11067~11018,6.0133,0.280409,严重
11017,2011-02-15,11066~11017,5.7131,0.435342,严重
11016,2011-02-13,11065~11016,5.7706,0.403798,严重
11015,2011-02-10,11064~11015,5.8464,0.363341,严重
11014,2011-02-01,11063~11014,5.7515,0.414207,严重
11013,2011-01-30,11062~11013,5.7131,0.435342,严重
11012,2011-01-27,11061~11012,5.9766,0.297781,严重
11011,2011-01-25,11060~11011,5.7324,0.424724,严重
11010,2011-01-23,11059~11010,5.616,0.489718,严重
11009,2011-01-20,11058~11009,5.7131,0.435342,严重
11008,2011-01-18,11057~11008,6.086,0.247593,严重
11007,2011-01-16,11056~11007,6.3859,0.137339,严重
11006,2011-01-13,11055~11006,6.4715,0.113465,严重
11005,2011-01-11,11054~11005,6.1041,0.239798,严重
11004,2011-01-09,11053~11004,6.2466,0.183394,严重
11003,2011-01-06,11052~11003,6.4885,0.109114,严重
11002,2011-01-04,11051~11002,6.4203,0.127356,严重
11001,2011-01-02,11050~11001,6.4374,0.122584,严重
10153,2010-12-30,11049~10153,6.5391,0.096862,严重
10152,2010-12-28,11048~10152,6.6558,0.072615,严重
10151,2010-12-26,11047~10151,7.0725,0.022194,严重
10150,2010-12-23,11046~10150,7.1035,0.02012,严重
10149,2010-12-21,11045~10149,6.9311,0.03411,严重
10148,2010-12-19,11044~10148,6.6393,0.075731,严重
10147,2010-12-16,11043~10147,6.5054,0.104898,严重
10146,2010-12-14,11042~10146,6.2466,0.183394,严重
10145,2010-12-12,11041~10145,6.0133,0.280409,严重
10144,2010-12-09,11040~10144,6.2642,0.177083,严重
10143,2010-12-07,11039~10143,6.4031,0.132274,严重
10142,2010-12-05,11038~10142,6.5559,0.093036,严重
10141,2010-12-02,11037~10141,6.5391,0.096862,严重
10140,2010-11-30,11036~10140,6.6393,0.075731,严重
10139,2010-11-28,11035~10139,6.8673,0.041025,严重
10138,2010-11-25,11034~10138,6.9311,0.03411,严重
10137,2010-11-23,11033~10137,6.6888,0.066707,严重
10136,2010-11-21,11032~10136,6.6723,0.069608,严重
10135,2010-11-18,11031~10135,6.8993,0.037427,严重
10134,2010-11-16,11030~10134,6.8352,0.044922,严重
10133,2010-11-14,11029~10133,7.01,0.02693,严重
10132,2010-11-11,11028~10132,7.1805,0.01568,严重
10131,2010-11-09,11027~10131,7.3321,0.009367,严重
10130,2010-11-07,11026~10130,7.119,0.01915,严重
10129,2010-11-04,11025~10129,6.5894,0.085758,严重
10128,2010-11-02,11024~10128,6.3166,0.159112,严重
10127,2010-10-31,11023~10127,6.2817,0.170933,严重
10126,2010-10-28,11022~10126,6.2992,0.164943,严重
10125,2010-10-26,11021~10125,6.2113,0.196506,严重
10124,2010-10-24,11020~10124,6.0498,0.263675,严重
10123,2010-10-21,11019~10123,5.9766,0.297781,严重
10122,2010-10-19,11018~10122,6.0498,0.263675,严重
10121,2010-10-17,11017~10121,6.0679,0.255552,严重
10120,2010-10-14,11016~10120,5.8464,0.363341,严重
10119,2010-10-12,11015~10119,5.9397,0.315776,严重
10118,2010-10-10,11014~10118,5.7706,0.403798,严重
10117,2010-10-07,11013~10117,5.7896,0.393501,严重
10116,2010-10-05,11012~10116,5.6551,0.467737,严重
10115,2010-10-03,11011~10115,5.5172,0.545566,严重
10114,2010-09-30,11010~10114,5.4772,0.56809,严重
10113,2010-09-28,11009~10113,5.5371,0.534326,严重
10112,2010-09-26,11008~10112,5.3963,0.613063,严重
10111,2010-09-23,11007~10111,5.557,0.523113,严重
10110,2010-09-21,11006~10110,5.557,0.523113,严重
10109,2010-09-19,11005~10109,5.5172,0.545566,严重
10108,2010-09-16,11004~10108,5.9211,0.325001,严重
10107,2010-09-14,11003~10107,5.7896,0.393501,严重
10106,2010-09-12,11002~10106,6.2642,0.177083,严重
10105,2010-09-09,11001~10105,6.2642,0.177083,严重
10104,2010-09-07,10153~10104,6.2466,0.183394,严重
10103,2010-09-05,10152~10103,6.2113,0.196506,严重
10102,2010-09-02,10151~10102,6.0498,0.263675,严重
10101,2010-08-31,10150~10101,6.2992,0.164943,严重
10100,2010-08-29,10149~10100,6.1579,0.217407,严重
10099,2010-08-26,10148~10099,6.0679,0.255552,严重
10098,2010-08-24,10147~10098,5.995,0.289016,严重
10097,2010-08-22,10146~10097,5.8464,0.363341,严重
10096,2010-08-19,10145~10096,5.6745,0.456855,严重
10095,2010-08-17,10144~10095,5.7515,0.414207,严重
10094,2010-08-15,10143~10094,5.5371,0.534326,严重
10093,2010-08-12,10142~10093,5.2726,0.679216,严重
10092,2010-08-10,10141~10092,4.994,0.808452,严重
10091,2010-08-08,10140~10091,5.0596,0.781022,严重
10090,2010-08-05,10139~10090,4.9719,0.817208,严重
10089,2010-08-03,10138~10089,5.1245,0.751992,严重
10088,2010-08-01,10137~10088,5.016,0.799498,严重
10087,2010-07-29,10136~10087,5.4166,0.601852,严重
10086,2010-07-27,10135~10086,5.2307,0.700615,严重
10085,2010-07-25,10134~10085,5.4973,0.556823,严重
10084,2010-07-22,10133~10084,5.2096,0.711151,严重
10083,2010-07-20,10132~10083,5.2096,0.711151,严重
10082,2010-07-18,10131~10082,5.3963,0.613063,严重
10081,2010-07-15,10130~10081,5.5371,0.534326,严重
10080,2010-07-13,10129~10080,5.5964,0.500801,严重
10079,2010-07-11,10128~10079,5.557,0.523113,严重
10078,2010-07-08,10127~10078,5.7324,0.424724,严重
10077,2010-07-06,10126~10077,5.616,0.489718,严重
10076,2010-07-04,10125~10076,5.5371,0.534326,严重
10075,2010-07-01,10124~10075,5.6356,0.478694,严重
10074,2010-06-29,10123~10074,5.3759,0.624237,严重
10073,2010-06-27,10122~10073,5.6356,0.478694,严重
10072,2010-06-24,10121~10072,5.7515,0.414207,严重
10071,2010-06-22,10120~10071,5.6356,0.478694,严重
10070,2010-06-20,10119~10070,5.8464,0.363341,严重
10069,2010-06-17,10118~10069,5.9025,0.334373,严重
10068,2010-06-15,10117~10068,5.9397,0.315776,严重
10067,2010-06-13,10116~10067,5.4772,0.56809,严重
10066,2010-06-10,10115~10066,5.557,0.523113,严重
10065,2010-06-08,10114~10065,5.5371,0.534326,严重
10064,2010-06-06,10113~10064,5.5767,0.511935,严重
10063,2010-06-03,10112~10063,5.8652,0.353547,严重
10062,2010-06-01,10111~10062,5.5172,0.545566,严重
10061,2010-05-30,10110~10061,5.3348,0.646435,严重
10060,2010-05-27,10109~10060,5.4369,0.590613,严重
10059,2010-05-25,10108~10059,5.6939,0.446054,严重
10058,2010-05-23,10107~10058,5.3554,0.635364,严重
10057,2010-05-20,10106~10057,4.994,0.808452,严重
10056,2010-05-18,10105~10056,5.3141,0.65744,严重
10055,2010-05-16,10104~10055,5.2096,0.711151,严重
10054,2010-05-13,10103~10054,5.3554,0.635364,严重
10053,2010-05-11,10102~10053,5.4772,0.56809,严重
10052,2010-05-09,10101~10052,5.8086,0.383323,严重
10051,2010-05-06,10100~10051,6.086,0.247593,严重
10050,2010-05-04,10099~10050,5.8086,0.383323,严重
10049,2010-05-02,10098~10049,5.8652,0.353547,严重
10048,2010-04-29,10097~10048,6.0133,0.280409,严重
10047,2010-04-27,10096~10047,6.229,0.189868,严重
10046,2010-04-25,10095~10046,6.4203,0.127356,严重
10045,2010-04-22,10094~10045,6.5223,0.100814,严重
10044,2010-04-20,10093~10044,6.6888,0.066707,严重
10043,2010-04-18,10092~10043,6.6888,0.066707,严重
10042,2010-04-15,10091~10042,6.6558,0.072615,严重
10041,2010-04-13,10090~10041,6.5391,0.096862,严重
10040,2010-04-11,10089~10040,6.4545,0.117954,严重
10039,2010-04-08,10088~10039,6.738,0.058612,严重
10038,2010-04-06,10087~10038,6.7216,0.061211,严重
10037,2010-04-04,10086~10037,6.5559,0.093036,严重
10036,2010-04-01,10085~10036,6.6723,0.069608,严重
10035,2010-03-30,10084~10035,6.334,0.153437,严重
10034,2010-03-28,10083~10034,6.4374,0.122584,严重
10033,2010-03-25,10082~10033,6.2992,0.164943,严重
10032,2010-03-23,10081~10032,5.9025,0.334373,严重
10031,2010-03-21,10080~10031,5.8652,0.353547,严重
10030,2010-03-18,10079~10030,5.6939,0.446054,严重
10029,2010-03-16,10078~10029,5.5767,0.511935,严重
10028,2010-03-14,10077~10028,5.6551,0.467737,严重
10027,2010-03-11,10076~10027,5.5371,0.534326,严重
10026,2010-03-09,10075~10026,5.3963,0.613063,严重
10025,2010-03-07,10074~10025,5.5767,0.511935,严重
10024,2010-03-04,10073~10024,5.5172,0.545566,严重
10023,2010-03-02,10072~10023,5.3141,0.65744,严重
10022,2010-02-28,10071~10022,5.2726,0.679216,严重
10021,2010-02-25,10070~10021,5.3963,0.613063,严重
10020,2010-02-23,10069~10020,5.2934,0.66837,严重
10019,2010-02-21,10068~10019,5.4166,0.601852,严重
10018,2010-02-11,10067~10018,5.4772,0.56809,严重
10017,2010-02-09,10066~10017,5.6356,0.478694,严重
10016,2010-02-07,10065~10016,5.4166,0.601852,严重
10015,2010-02-04,10064~10015,5.4369,0.590613,严重
10014,2010-02-02,10063~10014,5.5767,0.511935,严重
10013,2010-01-31,10062~10013,5.7706,0.403798,严重
10012,2010-01-28,10061~10012,6.0498,0.263675,严重
10011,2010-01-26,10060~10011,5.8464,0.363341,严重
10010,2010-01-24,10059~10010,5.7515,0.414207,严重
10009,2010-01-21,10058~10009,5.9025,0.334373,严重
10008,2010-01-19,10057~10008,5.6551,0.467737,严重
10007,2010-01-17,10056~10007,5.5767,0.511935,严重
10006,2010-01-14,10055~10006,5.2517,0.689967,严重
10005,2010-01-12,10054~10005,5.1884,0.721565,严重
10004,2010-01-10,10053~10004,5.2307,0.700615,严重
10003,2010-01-07,10052~10003,5.0379,0.790352,严重
10002,2010-01-05,10051~10002,5.1672,0.731849,严重
10001,2010-01-03,10050~10001,5.1459,0.741994,严重
9154,2009-12-31,10049~9154,5.1245,0.751992,严重
9153,2009-12-29,10048~9153,5.1029,0.761835,严重
9152,2009-12-27,10047~9152,5.1245,0.751992,严重
9151,2009-12-24,10046~9151,5.1884,0.721565,严重
9150,2009-12-22,10045~9150,5.2934,0.66837,严重
9149,2009-12-20,10044~9149,5.5767,0.511935,严重
9148,2009-12-17,10043~9148,5.7706,0.403798,严重
9147,2009-12-15,10042~9147,6.0498,0.263675,严重
9146,2009-12-13,10041~9146,6.0679,0.255552,严重
9145,2009-12-10,10040~9145,5.8275,0.373268,严重
9144,2009-12-08,10039~9144,5.8839,0.34389,严重
9143,2009-12-06,10038~9143,5.8086,0.383323,严重
9142,2009-12-03,10037~9142,5.2934,0.66837,严重
9141,2009-12-01,10036~9141,5.2096,0.711151,严重
9140,2009-11-29,10035~9140,5.2307,0.700615,严重
9139,2009-11-26,10034~9139,5.3963,0.613063,严重
9138,2009-11-24,10033~9138,5.3141,0.65744,严重
9137,2009-11-22,10032~9137,5.2517,0.689967,严重
9136,2009-11-19,10031~9136,5.4166,0.601852,严重
9135,2009-11-17,10030~9135,5.557,0.523113,严重
9134,2009-11-15,10029~9134,5.7515,0.414207,严重
9133,2009-11-12,10028~9133,5.3141,0.65744,严重
9132,2009-11-10,10027~9132,5.1459,0.741994,严重
9131,2009-11-08,10026~9131,5.0596,0.781022,严重
9130,2009-11-05,10025~9130,5.1672,0.731849,严重
9129,2009-11-03,10024~9129,5.1884,0.721565,严重
9128,2009-11-01,10023~9128,5.3141,0.65744,严重
9127,2009-10-29,10022~9127,5.5964,0.500801,严重
9126,2009-10-27,10021~9126,5.6745,0.456855,严重
9125,2009-10-25,10020~9125,6.086,0.247593,严重
9124,2009-10-22,10019~9124,6.1041,0.239798,严重
9123,2009-10-20,10018~9123,6.1935,0.203307,严重
9122,2009-10-18,10017~9122,6.2817,0.170933,严重
9121,2009-10-15,10016~9121,6.086,0.247593,严重
9120,2009-10-13,10015~9120,6.2113,0.196506,严重
9119,2009-10-11,10014~9119,6.2642,0.177083,严重
9118,2009-10-08,10013~9118,5.8652,0.353547,严重
9117,2009-10-06,10012~9117,5.6939,0.446054,严重
9116,2009-10-04,10011~9116,5.6939,0.446054,严重
9115,2009-10-01,10010~9115,5.2726,0.679216,严重
9114,2009-09-29,10009~9114,5.0813,0.771514,严重
9113,2009-09-27,10008~9113,5.2307,0.700615,严重
9112,2009-09-24,10007~9112,5.0596,0.781022,严重
9111,2009-09-22,10006~9111,5.1672,0.731849,严重
9110,2009-09-20,10005~9110,4.8826,0.850149,严重
9109,2009-09-17,10004~9109,5.1245,0.751992,严重
9108,2009-09-15,10003~9108,5.2096,0.711151,严重
9107,2009-09-13,10002~9107,5.3348,0.646435,严重
9106,2009-09-10,10001~9106,5.1459,0.741994,严重
9105,2009-09-08,9154~9105,5.0596,0.781022,严重
9104,2009-09-06,9153~9104,5.0379,0.790352,严重
9103,2009-09-03,9152~9103,4.7223,0.899175,严重
9102,2009-09-01,9151~9102,4.9051,0.842236,严重
9101,2009-08-30,9150~9101,4.6989,0.905246,严重
9100,2009-08-27,9149~9100,4.5563,0.936784,严重
9099,2009-08-25,9148~9099,4.5078,0.94548,严重
9098,2009-08-23,9147~9098,4.5563,0.936784,严重
9097,2009-08-20,9146~9097,4.6519,0.916686,严重
9096,2009-08-18,9145~9096,4.6519,0.916686,严重
9095,2009-08-16,9144~9095,4.3841,0.963516,可疑
9094,2009-08-13,9143~9094,4.4587,0.953312,可疑
9093,2009-08-11,9142~9093,4.5804,0.932102,严重
9092,2009-08-09,9141~9092,4.6755,0.911083,严重
9091,2009-08-06,9140~9091,4.8826,0.850149,严重
9090,2009-08-04,9139~9090,5.2096,0.711151,严重
9089,2009-08-02,9138~9089,5.4166,0.601852,严重
9088,2009-07-30,9137~9088,5.1672,0.731849,严重
9087,2009-07-28,9136~9087,5.2517,0.689967,严重
9086,2009-07-26,9135~9086,5.2096,0.711151,严重
9085,2009-07-23,9134~9085,5.3141,0.65744,严重
9084,2009-07-21,9133~9084,5.4571,0.579356,严重
9083,2009-07-19,9132~9083,5.3759,0.624237,严重
9082,2009-07-16,9131~9082,5.2096,0.711151,严重
9081,2009-07-14,9130~9081,5.2517,0.689967,严重
9080,2009-07-12,9129~9080,5.1459,0.741994,严重
9079,2009-07-09,9128~9079,5.0596,0.781022,严重
9078,2009-07-07,9127~9078,5.1884,0.721565,严重
9077,2009-07-05,9126~9077,5.0813,0.771514,严重
9076,2009-07-02,9125~9076,5.3348,0.646435,严重
9075,2009-06-30,9124~9075,5.5371,0.534326,严重
9074,2009-06-28,9123~9074,5.4571,0.579356,严重
9073,2009-06-25,9122~9073,5.1884,0.721565,严重
9072,2009-06-23,9121~9072,4.9719,0.817208,严重
9071,2009-06-21,9120~9071,4.9275,0.834105,严重
9070,2009-06-18,9119~9070,4.86,0.85784,严重
9069,2009-06-16,9118~9069,4.86,0.85784,严重
9068,2009-06-14,9117~9068,5.2096,0.711151,严重
9067,2009-06-11,9116~9067,5.2726,0.679216,严重
9066,2009-06-09,9115~9066,5.3963,0.613063,严重
9065,2009-06-07,9114~9065,5.5767,0.511935,严重
9064,2009-06-04,9113~9064,5.5964,0.500801,严重
9063,2009-06-02,9112~9063,5.6551,0.467737,严重
9062,2009-05-31,9111~9062,5.6356,0.478694,严重
9061,2009-05-28,9110~9061,5.6551,0.467737,严重
9060,2009-05-26,9109~9060,5.7131,0.435342,严重
9059,2009-05-24,9108~9059,5.7896,0.393501,严重
9058,2009-05-21,9107~9058,5.7131,0.435342,严重
9057,2009-05-19,9106~9057,5.4369,0.590613,严重
9056,2009-05-17,9105~9056,5.3759,0.624237,严重
9055,2009-05-14,9104~9055,5.1245,0.751992,严重
9054,2009-05-12,9103~9054,5.1029,0.761835,严重
9053,2009-05-10,9102~9053,4.9497,0.825761,严重
9052,2009-05-07,9101~9052,5.0379,0.790352,严重
9051,2009-05-05,9100~9051,5.1029,0.761835,严重
9050,2009-05-03,9099~9050,5.2096,0.711151,严重
9049,2009-04-30,9098~9049,5.3963,0.613063,严重
9048,2009-04-28,9097~9048,5.2726,0.679216,严重
9047,2009-04-26,9096~9047,5.1029,0.761835,严重
9046,2009-04-23,9095~9046,5.3348,0.646435,严重
9045,2009-04-21,9094~9045,5.6551,0.467737,严重
9044,2009-04-19,9093~9044,6.14,0.224705,严重
9043,2009-04-16,9092~9043,6.0498,0.263675,严重
9042,2009-04-14,9091~9042,6.14,0.224705,严重
9041,2009-04-12,9090~9041,6.1221,0.232168,严重
9040,2009-04-09,9089~9040,6.1041,0.239798,严重
9039,2009-04-07,9088~9039,5.995,0.289016,严重
9038,2009-04-05,9087~9038,6.1579,0.217407,严重
9037,2009-04-02,9086~9037,6.0498,0.263675,严重
9036,2009-03-31,9085~9036,5.9211,0.325001,严重
9035,2009-03-29,9084~9035,5.9211,0.325001,严重
9034,2009-03-26,9083~9034,6.0498,0.263675,严重
9033,2009-03-24,9082~9033,6.2113,0.196506,严重
9032,2009-03-22,9081~9032,6.1041,0.239798,严重
9031,2009-03-19,9080~9031,6.14,0.224705,严重
9030,2009-03-17,9079~9030,6.2466,0.183394,严重
9029,2009-03-15,9078~9029,6.1758,0.210274,严重
9028,2009-03-12,9077~9028,6.3859,0.137339,严重
9027,2009-03-10,9076~9027,6.2992,0.164943,严重
9026,2009-03-08,9075~9026,6.6723,0.069608,严重
9025,2009-03-05,9074~9025,6.7543,0.056107,严重
9024,2009-03-03,9073~9024,6.8191,0.04699,严重
9023,2009-03-01,9072~9023,7.01,0.02693,严重
9022,2009-02-26,9071~9022,7.0257,0.025668,严重
9021,2009-02-24,9070~9021,6.5559,0.093036,严重
9020,2009-02-22,9069~9020,6.738,0.058612,严重
9019,2009-02-19,9068~9019,6.5894,0.085758,严重
9018,2009-02-17,9067~9018,6.5559,0.093036,严重
9017,2009-02-15,9066~9017,6.4545,0.117954,严重
9016,2009-02-12,9065~9016,6.3687,0.142553,严重
9015,2009-02-10,9064~9015,6.4374,0.122584,严重
9014,2009-02-08,9063~9014,6.7052,0.063909,严重
9013,2009-02-05,9062~9013,6.5391,0.096862,严重
9012,2009-02-03,9061~9012,6.334,0.153437,严重
9011,2009-02-01,9060~9011,6.3687,0.142553,严重
9010,2009-01-22,9059~9010,6.1758,0.210274,严重
9009,2009-01-20,9058~9009,6.14,0.224705,严重
9008,2009-01-18,9057~9008,5.9397,0.315776,严重
9007,2009-01-15,9056~9007,6.0498,0.263675,严重
9006,2009-01-13,9055~9006,6.2817,0.170933,严重
9005,2009-01-11,9054~9005,6.5223,0.100814,严重
9004,2009-01-08,9053~9004,6.2817,0.170933,严重
9003,2009-01-06,9052~9003,6.6558,0.072615,严重
9002,2009-01-04,9051~9002,6.2466,0.183394,严重
9001,2009-01-01,9050~9001,6.2466,0.183394,严重
8154,2008-12-30,9049~8154,6.3166,0.159112,严重
8153,2008-12-28,9048~8153,6.3687,0.142553,严重
8152,2008-12-25,9047~8152,6.5727,0.089336,严重
8151,2008-12-23,9046~8151,6.4203,0.127356,严重
8150,2008-12-21,9045~8150,6.1758,0.210274,严重
8149,2008-12-18,9044~8149,5.7706,0.403798,严重
8148,2008-12-16,9043~8148,5.6745,0.456855,严重
8147,2008-12-14,9042~8147,5.5964,0.500801,严重
8146,2008-12-11,9041~8146,5.5371,0.534326,严重
8145,2008-12-09,9040~8145,5.4772,0.56809,严重
8144,2008-12-07,9039~8144,5.3141,0.65744,严重
8143,2008-12-04,9038~8143,5.4166,0.601852,严重
8142,2008-12-02,9037~8142,5.5371,0.534326,严重
8141,2008-11-30,9036~8141,5.3141,0.65744,严重
8140,2008-11-27,9035~8140,5.1245,0.751992,严重
8139,2008-11-25,9034~8139,4.9719,0.817208,严重
8138,2008-11-23,9033~8138,5.016,0.799498,严重
8137,2008-11-20,9032~8137,4.8826,0.850149,严重
8136,2008-11-18,9031~8136,4.994,0.808452,严重
8135,2008-11-16,9030~8135,4.8826,0.850149,严重
8134,2008-11-13,9029~8134,4.9051,0.842236,严重
8133,2008-11-11,9028~8133,4.9719,0.817208,严重
8132,2008-11-09,9027~8132,4.6755,0.911083,严重
8131,2008-11-06,9026~8131,4.8374,0.865306,严重
8130,2008-11-04,9025~8130,4.6755,0.911083,严重
8129,2008-11-02,9024~8129,4.5804,0.932102,严重
8128,2008-10-30,9023~8128,4.6519,0.916686,严重
8127,2008-10-28,9022~8127,4.86,0.85784,严重
8126,2008-10-26,9021~8126,4.7455,0.892868,严重
8125,2008-10-23,9020~8125,4.6282,0.922055,严重
8124,2008-10-21,9019~8124,4.4587,0.953312,可疑
8123,2008-10-19,9018~8123,4.2048,0.980911,可疑
8122,2008-10-16,9017~8122,4.3841,0.963516,可疑
8121,2008-10-14,9016~8121,3.821,0.996414,可疑
8120,2008-10-12,9015~8120,4.2568,0.976775,可疑
8119,2008-10-09,9014~8119,4.2825,0.97447,可疑
8118,2008-10-07,9013~8118,4.2048,0.980911,可疑
8117,2008-10-05,9012~8117,4.4833,0.949502,可疑
8116,2008-10-02,9011~8116,4.5563,0.936784,严重
8115,2008-09-30,9010~8115,4.6282,0.922055,严重
8114,2008-09-28,9009~8114,4.3841,0.963516,可疑
8113,2008-09-25,9008~8113,4.4587,0.953312,可疑
8112,2008-09-23,9007~8112,4.5563,0.936784,严重
8111,2008-09-21,9006~8111,4.434,0.956914,可疑
8110,2008-09-18,9005~8110,4.6755,0.911083,严重
8109,2008-09-16,9004~8109,4.7686,0.886327,严重
8108,2008-09-14,9003~8108,4.9719,0.817208,严重
8107,2008-09-11,9002~8107,5.2517,0.689967,严重
8106,2008-09-09,9001~8106,5.1884,0.721565,严重
8105,2008-09-07,8154~8105,5.4973,0.556823,严重
8104,2008-09-04,8153~8104,5.1672,0.731849,严重
8103,2008-09-02,8152~8103,5.4571,0.579356,严重
8102,2008-08-31,8151~8102,5.4973,0.556823,严重
8101,2008-08-28,8150~8101,5.3141,0.65744,严重
8100,2008-08-26,8149~8100,5.1245,0.751992,严重
8099,2008-08-24,8148~8099,4.86,0.85784,严重
8098,2008-08-21,8147~8098,4.6519,0.916686,严重
8097,2008-08-19,8146~8097,4.434,0.956914,可疑
8096,2008-08-17,8145~8096,4.2568,0.976775,可疑
8095,2008-08-14,8144~8095,4.2048,0.980911,可疑
8094,2008-08-12,8143~8094,4.0175,0.991118,可疑
8093,2008-08-10,8142~8093,4.0988,0.987475,可疑
8092,2008-08-07,8141~8092,4.0719,0.9888,可疑
8091,2008-08-05,8140~8091,4.434,0.956914,可疑
8090,2008-08-03,8139~8090,4.3841,0.963516,可疑
8089,2008-07-31,8138~8089,4.5321,0.941242,严重
8088,2008-07-29,8137~8088,4.5078,0.94548,严重
8087,2008-07-27,8136~8087,4.434,0.956914,可疑
8086,2008-07-24,8135~8086,4.3081,0.971998,可疑
8085,2008-07-22,8134~8085,4.1255,0.98603,可疑
8084,2008-07-20,8133~8084,3.99,0.992124,可疑
8083,2008-07-17,8132~8083,4.0988,0.987475,可疑
8082,2008-07-15,8131~8082,4.3336,0.969352,可疑
8081,2008-07-13,8130~8081,4.1255,0.98603,可疑
8080,2008-07-10,8129~8080,4.1785,0.982755,可疑
8079,2008-07-08,8128~8079,4.2825,0.97447,可疑
8078,2008-07-06,8127~8078,4.4587,0.953312,可疑
8077,2008-07-03,8126~8077,4.6519,0.916686,严重
8076,2008-07-01,8125~8076,4.3841,0.963516,可疑
8075,2008-06-29,8124~8075,4.434,0.956914,可疑
8074,2008-06-26,8123~8074,3.8781,0.995278,可疑
8073,2008-06-24,8122~8073,3.9064,0.994608,可疑
8072,2008-06-22,8121~8072,4.434,0.956914,可疑
8071,2008-06-19,8120~8071,4.4833,0.949502,可疑
8070,2008-06-17,8119~8070,4.5078,0.94548,严重
8069,2008-06-15,8118~8069,4.5563,0.936784,严重
8068,2008-06-12,8117~8068,4.6282,0.922055,严重
8067,2008-06-10,8116~8067,4.3081,0.971998,可疑
8066,2008-06-08,8115~8066,4.5563,0.936784,严重
8065,2008-06-05,8114~8065,4.5321,0.941242,严重
8064,2008-06-03,8113~8064,4.8374,0.865306,严重
8063,2008-06-01,8112~8063,4.5804,0.932102,严重
8062,2008-05-29,8111~8062,4.6989,0.905246,严重
8061,2008-05-27,8110~8061,4.86,0.85784,严重
8060,2008-05-25,8109~8060,5.1884,0.721565,严重
8059,2008-05-22,8108~8059,5.1245,0.751992,严重
8058,2008-05-20,8107~8058,5.3141,0.65744,严重
8057,2008-05-18,8106~8057,5.2517,0.689967,严重
8056,2008-05-15,8105~8056,5.2517,0.689967,严重
8055,2008-05-13,8104~8055,5.1884,0.721565,严重
8054,2008-05-11,8103~8054,5.016,0.799498,严重
8053,2008-05-08,8102~8053,4.9497,0.825761,严重
8052,2008-05-06,8101~8052,5.016,0.799498,严重
8051,2008-05-04,8100~8051,4.9719,0.817208,严重
8050,2008-05-01,8099~8050,5.0813,0.771514,严重
8049,2008-04-29,8098~8049,5.1459,0.741994,严重
8048,2008-04-27,8097~8048,5.0596,0.781022,严重
8047,2008-04-24,8096~8047,5.1029,0.761835,严重
8046,2008-04-22,8095~8046,4.7455,0.892868,严重
8045,2008-04-20,8094~8045,5.0813,0.771514,严重
8044,2008-04-17,8093~8044,5.2307,0.700615,严重
8043,2008-04-15,8092~8043,5.0596,0.781022,严重
8042,2008-04-13,8091~8042,4.8146,0.872544,严重
8041,2008-04-10,8090~8041,5.0379,0.790352,严重
8040,2008-04-08,8089~8040,5.2517,0.689967,严重
8039,2008-04-06,8088~8039,5.5964,0.500801,严重
8038,2008-04-03,8087~8038,5.4973,0.556823,严重
8037,2008-04-01,8086~8037,5.2934,0.66837,严重
8036,2008-03-30,8085~8036,5.0379,0.790352,严重
8035,2008-03-27,8084~8035,4.8374,0.865306,严重
8034,2008-03-25,8083~8034,4.6755,0.911083,严重
8033,2008-03-23,8082~8033,4.8374,0.865306,严重
8032,2008-03-20,8081~8032,4.6043,0.927193,严重
8031,2008-03-18,8080~8031,4.5321,0.941242,严重
8030,2008-03-16,8079~8030,4.8826,0.850149,严重
8029,2008-03-13,8078~8029,5.1029,0.761835,严重
8028,2008-03-11,8077~8028,5.1884,0.721565,严重
8027,2008-03-09,8076~8027,5.2096,0.711151,严重
8026,2008-03-06,8075~8026,5.2096,0.711151,严重
8025,2008-03-04,8074~8025,5.2096,0.711151,严重
8024,2008-03-02,8073~8024,5.2096,0.711151,严重
8023,2008-02-28,8072~8023,5.016,0.799498,严重
8022,2008-02-26,8071~8022,4.9275,0.834105,严重
8021,2008-02-24,8070~8021,4.9275,0.834105,严重
8020,2008-02-21,8069~8020,4.8826,0.850149,严重
8019,2008-02-19,8068~8019,4.9051,0.842236,严重
8018,2008-02-17,8067~8018,4.7686,0.886327,严重
8017,2008-02-14,8066~8017,4.6519,0.916686,严重
8016,2008-02-05,8065~8016,4.5078,0.94548,严重
8015,2008-02-03,8064~8015,4.5563,0.936784,严重
8014,2008-01-31,8063~8014,4.7917,0.879552,严重
8013,2008-01-29,8062~8013,4.7455,0.892868,严重
8012,2008-01-27,8061~8012,4.5563,0.936784,严重
8011,2008-01-24,8060~8011,4.5804,0.932102,严重
8010,2008-01-22,8059~8010,4.9497,0.825761,严重
8009,2008-01-20,8058~8009,5.1459,0.741994,严重
8008,2008-01-17,8057~8008,4.9719,0.817208,严重
8007,2008-01-15,8056~8007,4.7686,0.886327,严重
8006,2008-01-13,8055~8006,4.9275,0.834105,严重
8005,2008-01-10,8054~8005,4.6989,0.905246,严重
8004,2008-01-08,8053~8004,4.7686,0.886327,严重
8003,2008-01-06,8052~8003,4.7917,0.879552,严重
8002,2008-01-03,8051~8002,4.9051,0.842236,严重
8001,2008-01-01,8050~8001,4.9719,0.817208,严重
7153,2007-12-30,8049~7153,4.6989,0.905246,严重
7152,2007-12-27,8048~7152,5.1245,0.751992,严重
7151,2007-12-25,8047~7151,4.7686,0.886327,严重
7150,2007-12-23,8046~7150,4.8374,0.865306,严重
7149,2007-12-20,8045~7149,5.1029,0.761835,严重
7148,2007-12-18,8044~7148,5.3141,0.65744,严重
7147,2007-12-16,8043~7147,5.3141,0.65744,严重
7146,2007-12-13,8042~7146,5.3141,0.65744,严重
7145,2007-12-11,8041~7145,5.2096,0.711151,严重
7144,2007-12-09,8040~7144,5.016,0.799498,严重
7143,2007-12-06,8039~7143,5.0596,0.781022,严重
7142,2007-12-04,8038~7142,5.2517,0.689967,严重
7141,2007-12-02,8037~7141,5.3141,0.65744,严重
7140,2007-11-29,8036~7140,5.4973,0.556823,严重
7139,2007-11-27,8035~7139,5.3554,0.635364,严重
7138,2007-11-25,8034~7138,5.3554,0.635364,严重
7137,2007-11-22,8033~7137,5.2096,0.711151,严重
7136,2007-11-20,8032~7136,5.3963,0.613063,严重
7135,2007-11-18,8031~7135,5.4166,0.601852,严重
7134,2007-11-15,8030~7134,5.1884,0.721565,严重
7133,2007-11-13,8029~7133,5.1459,0.741994,严重
7132,2007-11-11,8028~7132,5.3141,0.65744,严重
7131,2007-11-08,8027~7131,5.4166,0.601852,严重
7130,2007-11-06,8026~7130,5.6356,0.478694,严重
7129,2007-11-04,8025~7129,5.7896,0.393501,严重
7128,2007-11-01,8024~7128,5.557,0.523113,严重
7127,2007-10-30,8023~7127,5.3554,0.635364,严重
7126,2007-10-28,8022~7126,5.3348,0.646435,严重
7125,2007-10-25,8021~7125,5.7515,0.414207,严重
7124,2007-10-23,8020~7124,5.9397,0.315776,严重
7123,2007-10-21,8019~7123,5.8275,0.373268,严重
7122,2007-10-18,8018~7122,5.4973,0.556823,严重
7121,2007-10-16,8017~7121,5.7896,0.393501,严重
7120,2007-10-14,8016~7120,5.6745,0.456855,严重
7119,2007-10-11,8015~7119,6.0133,0.280409,严重
7118,2007-10-09,8014~7118,6.0679,0.255552,严重
7117,2007-10-07,8013~7117,5.9211,0.325001,严重
7116,2007-10-04,8012~7116,6.2466,0.183394,严重
7115,2007-10-02,8011~7115,6.1579,0.217407,严重
7114,2007-09-30,8010~7114,6.1221,0.232168,严重
7113,2007-09-27,8009~7113,6.1041,0.239798,严重
7112,2007-09-25,8008~7112,6.4031,0.132274,严重
7111,2007-09-23,8007~7111,6.2466,0.183394,严重
7110,2007-09-20,8006~7110,6.0316,0.271961,严重
7109,2007-09-18,8005~7109,5.9397,0.315776,严重
7108,2007-09-16,8004~7108,5.8086,0.383323,严重
7107,2007-09-13,8003~7107,5.7706,0.403798,严重
7106,2007-09-11,8002~7106,5.7896,0.393501,严重
7105,2007-09-09,8001~7105,5.5172,0.545566,严重
7104,2007-09-06,7153~7104,5.2934,0.66837,严重
7103,2007-09-04,7152~7103,5.4166,0.601852,严重
7102,2007-09-02,7151~7102,5.557,0.523113,严重
7101,2007-08-30,7150~7101,5.3759,0.624237,严重
7100,2007-08-28,7149~7100,5.2307,0.700615,严重
7099,2007-08-26,7148~7099,5.4571,0.579356,严重
7098,2007-08-23,7147~7098,5.4369,0.590613,严重
7097,2007-08-21,7146~7097,5.1245,0.751992,严重
7096,2007-08-19,7145~7096,5.1029,0.761835,严重
7095,2007-08-16,7144~7095,5.0596,0.781022,严重
7094,2007-08-14,7143~7094,5.3759,0.624237,严重
7093,2007-08-12,7142~7093,5.4166,0.601852,严重
7092,2007-08-09,7141~7092,5.3554,0.635364,严重
7091,2007-08-07,7140~7091,5.2726,0.679216,严重
7090,2007-08-05,7139~7090,5.3554,0.635364,严重
7089,2007-08-02,7138~7089,5.6356,0.478694,严重
7088,2007-07-31,7137~7088,5.5964,0.500801,严重
7087,2007-07-29,7136~7087,5.4166,0.601852,严重
7086,2007-07-26,7135~7086,5.4166,0.601852,严重
7085,2007-07-24,7134~7085,5.3141,0.65744,严重
7084,2007-07-22,7133~7084,5.1245,0.751992,严重
7083,2007-07-19,7132~7083,4.9497,0.825761,严重
7082,2007-07-17,7131~7082,5.3348,0.646435,严重
7081,2007-07-15,7130~7081,5.016,0.799498,严重
7080,2007-07-12,7129~7080,4.9275,0.834105,严重
7079,2007-07-10,7128~7079,4.994,0.808452,严重
7078,2007-07-08,7127~7078,5.1029,0.761835,严重
7077,2007-07-05,7126~7077,5.2517,0.689967,严重
7076,2007-07-03,7125~7076,5.2934,0.66837,严重
7075,2007-07-01,7124~7075,5.016,0.799498,严重
7074,2007-06-28,7123~7074,4.9051,0.842236,严重
7073,2007-06-26,7122~7073,4.8374,0.865306,严重
7072,2007-06-24,7121~7072,4.9719,0.817208,严重
7071,2007-06-21,7120~7071,4.9719,0.817208,严重
7070,2007-06-19,7119~7070,5.0813,0.771514,严重
7069,2007-06-17,7118~7069,5.2096,0.711151,严重
7068,2007-06-14,7117~7068,4.8826,0.850149,严重
7067,2007-06-12,7116~7067,4.86,0.85784,严重
7066,2007-06-10,7115~7066,4.8826,0.850149,严重
7065,2007-06-07,7114~7065,5.1672,0.731849,严重
7064,2007-06-05,7113~7064,5.1245,0.751992,严重
7063,2007-06-03,7112~7063,4.9275,0.834105,严重
7062,2007-05-31,7111~7062,5.0813,0.771514,严重
7061,2007-05-29,7110~7061,5.1029,0.761835,严重
7060,2007-05-27,7109~7060,5.2307,0.700615,严重
7059,2007-05-24,7108~7059,5.1245,0.751992,严重
7058,2007-05-22,7107~7058,5.2096,0.711151,严重
7057,2007-05-20,7106~7057,5.3554,0.635364,严重
7056,2007-05-17,7105~7056,5.557,0.523113,严重
7055,2007-05-15,7104~7055,5.7131,0.435342,严重
7054,2007-05-13,7103~7054,5.4772,0.56809,严重
7053,2007-05-10,7102~7053,5.616,0.489718,严重
7052,2007-05-08,7101~7052,5.3554,0.635364,严重
7051,2007-05-06,7100~7051,5.2307,0.700615,严重
7050,2007-05-03,7099~7050,5.0813,0.771514,严重
7049,2007-05-01,7098~7049,5.2517,0.689967,严重
7048,2007-04-29,7097~7048,5.0813,0.771514,严重
7047,2007-04-26,7096~7047,5.0379,0.790352,严重
7046,2007-04-24,7095~7046,5.2517,0.689967,严重
7045,2007-04-22,7094~7045,4.994,0.808452,严重
7044,2007-04-19,7093~7044,4.7455,0.892868,严重
7043,2007-04-17,7092~7043,4.9275,0.834105,严重
7042,2007-04-15,7091~7042,5.0813,0.771514,严重
7041,2007-04-12,7090~7041,4.9051,0.842236,严重
7040,2007-04-10,7089~7040,5.016,0.799498,严重
7039,2007-04-08,7088~7039,4.86,0.85784,严重
7038,2007-04-05,7087~7038,5.2934,0.66837,严重
7037,2007-04-03,7086~7037,5.1459,0.741994,严重
7036,2007-04-01,7085~7036,5.4166,0.601852,严重
7035,2007-03-29,7084~7035,5.3554,0.635364,严重
7034,2007-03-27,7083~7034,5.3759,0.624237,严重
7033,2007-03-25,7082~7033,5.3963,0.613063,严重
7032,2007-03-22,7081~7032,5.6356,0.478694,严重
7031,2007-03-20,7080~7031,5.7515,0.414207,严重
7030,2007-03-18,7079~7030,5.5767,0.511935,严重
7029,2007-03-15,7078~7029,5.7896,0.393501,严重
7028,2007-03-13,7077~7028,5.9766,0.297781,严重
7027,2007-03-11,7076~7027,5.5767,0.511935,严重
7026,2007-03-08,7075~7026,5.7131,0.435342,严重
7025,2007-03-06,7074~7025,5.7706,0.403798,严重
7024,2007-03-04,7073~7024,5.7896,0.393501,严重
7023,2007-03-01,7072~7023,5.8086,0.383323,严重
7022,2007-02-27,7071~7022,5.6745,0.456855,严重
7021,2007-02-25,7070~7021,5.7131,0.435342,严重
7020,2007-02-15,7069~7020,5.5172,0.545566,严重
7019,2007-02-13,7068~7019,5.6551,0.467737,严重
7018,2007-02-11,7067~7018,5.4973,0.556823,严重
7017,2007-02-08,7066~7017,5.1459,0.741994,严重
7016,2007-02-06,7065~7016,5.0596,0.781022,严重
7015,2007-02-04,7064~7015,5.2726,0.679216,严重
7014,2007-02-01,7063~7014,5.2726,0.679216,严重
7013,2007-01-30,7062~7013,5.3963,0.613063,严重
7012,2007-01-28,7061~7012,5.4369,0.590613,严重
7011,2007-01-25,7060~7011,5.3759,0.624237,严重
7010,2007-01-23,7059~7010,5.4166,0.601852,严重
7009,2007-01-21,7058~7009,5.1672,0.731849,严重
7008,2007-01-18,7057~7008,5.3348,0.646435,严重
7007,2007-01-16,7056~7007,5.1459,0.741994,严重
7006,2007-01-14,7055~7006,5.1245,0.751992,严重
7005,2007-01-11,7054~7005,5.3141,0.65744,严重
7004,2007-01-09,7053~7004,5.1029,0.761835,严重
7003,2007-01-07,7052~7003,4.9275,0.834105,严重
7002,2007-01-04,7051~7002,4.7455,0.892868,严重
7001,2007-01-02,7050~7001,4.5321,0.941242,严重
6154,2006-12-31,7049~6154,4.6282,0.922055,严重
6153,2006-12-28,7048~6153,4.5563,0.936784,严重
6152,2006-12-26,7047~6152,4.9497,0.825761,严重
6151,2006-12-24,7046~6151,5.1884,0.721565,严重
6150,2006-12-21,7045~6150,5.3554,0.635364,严重
6149,2006-12-19,7044~6149,5.4166,0.601852,严重
6148,2006-12-17,7043~6148,5.3554,0.635364,严重
6147,2006-12-14,7042~6147,5.1029,0.761835,严重
6146,2006-12-12,7041~6146,5.1029,0.761835,严重
6145,2006-12-10,7040~6145,4.6043,0.927193,严重
6144,2006-12-07,7039~6144,4.9051,0.842236,严重
6143,2006-12-05,7038~6143,5.1459,0.741994,严重
6142,2006-12-03,7037~6142,5.2096,0.711151,严重
6141,2006-11-30,7036~6141,5.3963,0.613063,严重
6140,2006-11-28,7035~6140,5.3141,0.65744,严重
6139,2006-11-26,7034~6139,5.0813,0.771514,严重
6138,2006-11-23,7033~6138,5.3348,0.646435,严重
6137,2006-11-21,7032~6137,5.1459,0.741994,严重
6136,2006-11-19,7031~6136,4.9719,0.817208,严重
6135,2006-11-16,7030~6135,5.1672,0.731849,严重
6134,2006-11-14,7029~6134,4.9051,0.842236,严重
6133,2006-11-12,7028~6133,5.2726,0.679216,严重
6132,2006-11-09,7027~6132,5.3348,0.646435,严重
6131,2006-11-07,7026~6131,5.6356,0.478694,严重
6130,2006-11-05,7025~6130,5.4571,0.579356,严重
6129,2006-11-02,7024~6129,5.3759,0.624237,严重
6128,2006-10-31,7023~6128,5.5172,0.545566,严重
6127,2006-10-29,7022~6127,5.7131,0.435342,严重
6126,2006-10-26,7021~6126,5.2726,0.679216,严重
6125,2006-10-24,7020~6125,5.1884,0.721565,严重
6124,2006-10-22,7019~6124,5.2517,0.689967,严重
6123,2006-10-19,7018~6123,5.1672,0.731849,严重
6122,2006-10-17,7017~6122,5.1459,0.741994,严重
6121,2006-10-15,7016~6121,5.4973,0.556823,严重
6120,2006-10-12,7015~6120,5.2096,0.711151,严重
6119,2006-10-10,7014~6119,4.9497,0.825761,严重
6118,2006-10-08,7013~6118,5.1459,0.741994,严重
6117,2006-10-05,7012~6117,5.4166,0.601852,严重
6116,2006-10-03,7011~6116,5.616,0.489718,严重
6115,2006-10-01,7010~6115,5.5371,0.534326,严重
6114,2006-09-28,7009~6114,5.5767,0.511935,严重
6113,2006-09-26,7008~6113,5.3759,0.624237,严重
6112,2006-09-24,7007~6112,5.4973,0.556823,严重
6111,2006-09-21,7006~6111,5.4973,0.556823,严重
6110,2006-09-19,7005~6110,5.3348,0.646435,严重
6109,2006-09-17,7004~6109,5.4369,0.590613,严重
6108,2006-09-14,7003~6108,5.5172,0.545566,严重
6107,2006-09-12,7002~6107,5.6745,0.456855,严重
6106,2006-09-10,7001~6106,5.4571,0.579356,严重
6105,2006-09-07,6154~6105,5.4973,0.556823,严重
6104,2006-09-05,6153~6104,5.3348,0.646435,严重
6103,2006-09-03,6152~6103,5.3963,0.613063,严重
6102,2006-08-31,6151~6102,5.1459,0.741994,严重
6101,2006-08-29,6150~6101,4.994,0.808452,严重
6100,2006-08-27,6149~6100,5.0813,0.771514,严重
6099,2006-08-24,6148~6099,5.3141,0.65744,严重
6098,2006-08-22,6147~6098,5.1459,0.741994,严重
6097,2006-08-20,6146~6097,5.1459,0.741994,严重
6096,2006-08-17,6145~6096,5.2307,0.700615,严重
6095,2006-08-15,6144~6095,5.2726,0.679216,严重
6094,2006-08-13,6143~6094,5.4369,0.590613,严重
6093,2006-08-10,6142~6093,5.3141,0.65744,严重
6092,2006-08-08,6141~6092,5.2934,0.66837,严重
6091,2006-08-06,6140~6091,5.2517,0.689967,严重
6090,2006-08-03,6139~6090,5.1029,0.761835,严重
6089,2006-08-01,6138~6089,5.2517,0.689967,严重
6088,2006-07-30,6137~6088,5.1459,0.741994,严重
6087,2006-07-27,6136~6087,5.1672,0.731849,严重
6086,2006-07-25,6135~6086,5.1672,0.731849,严重
6085,2006-07-23,6134~6085,5.2096,0.711151,严重
6084,2006-07-21,6133~6084,5.1245,0.751992,严重
6083,2006-07-18,6132~6083,5.016,0.799498,严重
6082,2006-07-16,6131~6082,4.5804,0.932102,严重
6081,2006-07-13,6130~6081,4.6282,0.922055,严重
6080,2006-07-11,6129~6080,4.6755,0.911083,严重
6079,2006-07-09,6128~6079,4.6282,0.922055,严重
6078,2006-07-06,6127~6078,4.6755,0.911083,严重
6077,2006-07-04,6126~6077,4.9275,0.834105,严重
6076,2006-07-02,6125~6076,4.5804,0.932102,严重
6075,2006-06-29,6124~6075,4.6043,0.927193,严重
6074,2006-06-27,6123~6074,4.5321,0.941242,严重
6073,2006-06-25,6122~6073,4.6043,0.927193,严重
6072,2006-06-22,6121~6072,4.6989,0.905246,严重
6071,2006-06-20,6120~6071,4.7686,0.886327,严重
6070,2006-06-18,6119~6070,4.8374,0.865306,严重
6069,2006-06-15,6118~6069,4.86,0.85784,严重
6068,2006-06-13,6117~6068,4.8826,0.850149,严重
6067,2006-06-11,6116~6067,4.7686,0.886327,严重
6066,2006-06-08,6115~6066,4.8826,0.850149,严重
6065,2006-06-06,6114~6065,4.7686,0.886327,严重
6064,2006-06-04,6113~6064,4.8146,0.872544,严重
6063,2006-06-01,6112~6063,4.5804,0.932102,严重
6062,2006-05-30,6111~6062,4.86,0.85784,严重
6061,2006-05-28,6110~6061,4.7686,0.886327,严重
6060,2006-05-25,6109~6060,4.7223,0.899175,严重
6059,2006-05-23,6108~6059,4.5563,0.936784,严重
6058,2006-05-21,6107~6058,4.5804,0.932102,严重
6057,2006-05-18,6106~6057,4.7686,0.886327,严重
6056,2006-05-16,6105~6056,5.0596,0.781022,严重
6055,2006-05-14,6104~6055,4.9275,0.834105,严重
6054,2006-05-11,6103~6054,5.0596,0.781022,严重
6053,2006-05-09,6102~6053,5.1884,0.721565,严重
6052,2006-05-07,6101~6052,5.1884,0.721565,严重
6051,2006-05-04,6100~6051,5.2307,0.700615,严重
6050,2006-05-02,6099~6050,5.016,0.799498,严重
6049,2006-04-30,6098~6049,5.0596,0.781022,严重
6048,2006-04-27,6097~6048,4.9719,0.817208,严重
6047,2006-04-25,6096~6047,5.1672,0.731849,严重
6046,2006-04-23,6095~6046,5.2934,0.66837,严重
6045,2006-04-20,6094~6045,4.86,0.85784,严重
6044,2006-04-18,6093~6044,4.8826,0.850149,严重
6043,2006-04-16,6092~6043,4.9719,0.817208,严重
6042,2006-04-13,6091~6042,4.8826,0.850149,严重
6041,2006-04-11,6090~6041,5.0379,0.790352,严重
6040,2006-04-09,6089~6040,4.9497,0.825761,严重
6039,2006-04-06,6088~6039,5.0596,0.781022,严重
6038,2006-04-04,6087~6038,5.1029,0.761835,严重
6037,2006-04-02,6086~6037,5.3141,0.65744,严重
6036,2006-03-30,6085~6036,5.5172,0.545566,严重
6035,2006-03-28,6084~6035,5.557,0.523113,严重
6034,2006-03-26,6083~6034,5.557,0.523113,严重
6033,2006-03-23,6082~6033,5.8464,0.363341,严重
6032,2006-03-21,6081~6032,5.6356,0.478694,严重
6031,2006-03-19,6080~6031,5.7706,0.403798,严重
6030,2006-03-16,6079~6030,5.7896,0.393501,严重
6029,2006-03-14,6078~6029,5.4166,0.601852,严重
6028,2006-03-12,6077~6028,5.1884,0.721565,严重
6027,2006-03-09,6076~6027,5.2307,0.700615,严重
6026,2006-03-07,6075~6026,4.9497,0.825761,严重
6025,2006-03-05,6074~6025,5.1029,0.761835,严重
6024,2006-03-02,6073~6024,5.2096,0.711151,严重
6023,2006-02-28,6072~6023,5.0379,0.790352,严重
6022,2006-02-26,6071~6022,5.0596,0.781022,严重
6021,2006-02-23,6070~6021,5.0379,0.790352,严重
6020,2006-02-21,6069~6020,4.8826,0.850149,严重
6019,2006-02-19,6068~6019,4.7686,0.886327,严重
6018,2006-02-16,6067~6018,4.8826,0.850149,严重
6017,2006-02-14,6066~6017,4.9051,0.842236,严重
6016,2006-02-12,6065~6016,5.4369,0.590613,严重
6015,2006-02-09,6064~6015,5.4973,0.556823,严重
6014,2006-02-07,6063~6014,5.4166,0.601852,严重
6013,2006-02-05,6062~6013,5.2517,0.689967,严重
6012,2006-01-26,6061~6012,5.3141,0.65744,严重
6011,2006-01-24,6060~6011,5.2307,0.700615,严重
6010,2006-01-22,6059~6010,5.1459,0.741994,严重
6009,2006-01-19,6058~6009,4.8146,0.872544,严重
6008,2006-01-17,6057~6008,5.2096,0.711151,严重
6007,2006-01-15,6056~6007,5.1884,0.721565,严重
6006,2006-01-12,6055~6006,5.4369,0.590613,严重
6005,2006-01-10,6054~6005,5.4369,0.590613,严重
6004,2006-01-08,6053~6004,5.6745,0.456855,严重
6003,2006-01-05,6052~6003,5.8086,0.383323,严重
6002,2006-01-03,6051~6002,5.9582,0.306702,严重
6001,2006-01-01,6050~6001,5.7515,0.414207,严重
5153,2005-12-29,6049~5153,5.995,0.289016,严重
5152,2005-12-27,6048~5152,6.1041,0.239798,严重
5151,2005-12-25,6047~5151,5.9766,0.297781,严重
5150,2005-12-22,6046~5150,5.8275,0.373268,严重
5149,2005-12-20,6045~5149,5.8086,0.383323,严重
5148,2005-12-18,6044~5148,5.6939,0.446054,严重
5147,2005-12-15,6043~5147,5.7515,0.414207,严重
5146,2005-12-13,6042~5146,5.4166,0.601852,严重
5145,2005-12-11,6041~5145,5.3554,0.635364,严重
5144,2005-12-08,6040~5144,5.3963,0.613063,严重
5143,2005-12-06,6039~5143,5.7515,0.414207,严重
5142,2005-12-04,6038~5142,5.6356,0.478694,严重
5141,2005-12-01,6037~5141,5.8652,0.353547,严重
5140,2005-11-29,6036~5140,6.2642,0.177083,严重
5139,2005-11-27,6035~5139,6.1041,0.239798,严重
5138,2005-11-24,6034~5138,6.0679,0.255552,严重
5137,2005-11-22,6033~5137,6.0133,0.280409,严重
5136,2005-11-20,6032~5136,6.0133,0.280409,严重
5135,2005-11-17,6031~5135,6.0679,0.255552,严重
5134,2005-11-15,6030~5134,6.0679,0.255552,严重
5133,2005-11-13,6029~5133,5.9766,0.297781,严重
5132,2005-11-10,6028~5132,5.6939,0.446054,严重
5131,2005-11-08,6027~5131,5.1884,0.721565,严重
5130,2005-11-06,6026~5130,5.1459,0.741994,严重
5129,2005-11-03,6025~5129,5.3759,0.624237,严重
5128,2005-11-01,6024~5128,5.3348,0.646435,严重
5127,2005-10-30,6023~5127,5.3348,0.646435,严重
5126,2005-10-27,6022~5126,5.1672,0.731849,严重
5125,2005-10-25,6021~5125,4.9051,0.842236,严重
5124,2005-10-23,6020~5124,4.8826,0.850149,严重
5123,2005-10-20,6019~5123,4.7917,0.879552,严重
5122,2005-10-18,6018~5122,4.9497,0.825761,严重
5121,2005-10-16,6017~5121,5.1672,0.731849,严重
5120,2005-10-13,6016~5120,5.1029,0.761835,严重
5119,2005-10-11,6015~5119,5.2096,0.711151,严重
5118,2005-10-09,6014~5118,5.2517,0.689967,严重
5117,2005-10-06,6013~5117,5.2096,0.711151,严重
5116,2005-10-04,6012~5116,5.2726,0.679216,严重
5115,2005-10-02,6011~5115,5.4369,0.590613,严重
5114,2005-09-29,6010~5114,5.3963,0.613063,严重
5113,2005-09-27,6009~5113,5.4166,0.601852,严重
5112,2005-09-25,6008~5112,5.2517,0.689967,严重
5111,2005-09-22,6007~5111,5.3348,0.646435,严重
5110,2005-09-20,6006~5110,5.2726,0.679216,严重
5109,2005-09-18,6005~5109,5.5172,0.545566,严重
5108,2005-09-15,6004~5108,5.4772,0.56809,严重
5107,2005-09-13,6003~5107,5.4571,0.579356,严重
5106,2005-09-11,6002~5106,5.2096,0.711151,严重
5105,2005-09-08,6001~5105,5.3141,0.65744,严重
5104,2005-09-06,5153~5104,5.1884,0.721565,严重
5103,2005-09-04,5152~5103,5.3963,0.613063,严重
5102,2005-09-01,5151~5102,5.3759,0.624237,严重
5101,2005-08-30,5150~5101,4.994,0.808452,严重
5100,2005-08-28,5149~5100,4.5563,0.936784,严重
5099,2005-08-25,5148~5099,4.6043,0.927193,严重
5098,2005-08-23,5147~5098,4.6519,0.916686,严重
5097,2005-08-21,5146~5097,4.434,0.956914,可疑
5096,2005-08-18,5145~5096,4.5804,0.932102,严重
5095,2005-08-16,5144~5095,4.4833,0.949502,可疑
5094,2005-08-14,5143~5094,4.6043,0.927193,严重
5093,2005-08-11,5142~5093,4.7455,0.892868,严重
5092,2005-08-09,5141~5092,4.4833,0.949502,可疑
5091,2005-08-07,5140~5091,4.5321,0.941242,严重
5090,2005-08-04,5139~5090,4.434,0.956914,可疑
5089,2005-08-02,5138~5089,4.5563,0.936784,严重
5088,2005-07-31,5137~5088,4.6989,0.905246,严重
5087,2005-07-28,5136~5087,4.5321,0.941242,严重
5086,2005-07-26,5135~5086,4.2825,0.97447,可疑
5085,2005-07-24,5134~5085,4.1255,0.98603,可疑
5084,2005-07-21,5133~5084,3.9064,0.994608,可疑
5083,2005-07-19,5132~5083,3.7921,0.996892,可疑
5082,2005-07-17,5131~5082,3.8497,0.995878,可疑
5081,2005-07-14,5130~5081,4.0175,0.991118,可疑
5080,2005-07-12,5129~5080,4.0719,0.9888,可疑
5079,2005-07-10,5128~5079,3.99,0.992124,可疑
5078,2005-07-07,5127~5078,4.0988,0.987475,可疑
5077,2005-07-05,5126~5077,3.8781,0.995278,可疑
5076,2005-07-03,5125~5076,4.0719,0.9888,可疑
5075,2005-06-30,5124~5075,4.0719,0.9888,可疑
5074,2005-06-28,5123~5074,4.3841,0.963516,可疑
5073,2005-06-26,5122~5073,4.6519,0.916686,严重
5072,2005-06-23,5121~5072,4.5321,0.941242,严重
5071,2005-06-21,5120~5071,4.5078,0.94548,严重
5070,2005-06-19,5119~5070,4.7686,0.886327,严重
5069,2005-06-16,5118~5069,4.8374,0.865306,严重
5068,2005-06-14,5117~5068,4.2308,0.97892,可疑
5067,2005-06-12,5116~5067,4.8146,0.872544,严重
5066,2005-06-09,5115~5066,4.6282,0.922055,严重
5065,2005-06-07,5114~5065,4.5563,0.936784,严重
5064,2005-06-05,5113~5064,4.5804,0.932102,严重
5063,2005-06-02,5112~5063,4.3589,0.966527,可疑
5062,2005-05-31,5111~5062,4.4587,0.953312,可疑
5061,2005-05-29,5110~5061,4.7223,0.899175,严重
5060,2005-05-26,5109~5060,4.86,0.85784,严重
5059,2005-05-24,5108~5059,5.1459,0.741994,严重
5058,2005-05-22,5107~5058,5.1672,0.731849,严重
5057,2005-05-19,5106~5057,4.6519,0.916686,严重
5056,2005-05-17,5105~5056,4.3336,0.969352,可疑
5055,2005-05-15,5104~5055,4.3589,0.966527,可疑
5054,2005-05-12,5103~5054,4.1785,0.982755,可疑
5053,2005-05-10,5102~5053,4.1521,0.984459,可疑
5052,2005-05-08,5101~5052,3.9345,0.993863,可疑
5051,2005-05-05,5100~5051,3.8497,0.995878,可疑
5050,2005-05-03,5099~5050,4.0447,0.990012,可疑
5049,2005-05-01,5098~5049,4.0988,0.987475,可疑
5048,2005-04-28,5097~5048,4.1255,0.98603,可疑
5047,2005-04-26,5096~5047,4.2568,0.976775,可疑
5046,2005-04-24,5095~5046,4.5321,0.941242,严重
5045,2005-04-21,5094~5045,4.6043,0.927193,严重
5044,2005-04-19,5093~5044,4.6282,0.922055,严重
5043,2005-04-17,5092~5043,4.86,0.85784,严重
5042,2005-04-14,5091~5042,5.1245,0.751992,严重
5041,2005-04-12,5090~5041,5.0813,0.771514,严重
5040,2005-04-10,5089~5040,5.1245,0.751992,严重
5039,2005-04-07,5088~5039,5.2517,0.689967,严重
5038,2005-04-05,5087~5038,5.1029,0.761835,严重
5037,2005-04-03,5086~5037,5.3554,0.635364,严重
5036,2005-03-31,5085~5036,5.3348,0.646435,严重
5035,2005-03-29,5084~5035,5.2726,0.679216,严重
5034,2005-03-27,5083~5034,5.1459,0.741994,严重
5033,2005-03-24,5082~5033,5.3554,0.635364,严重
5032,2005-03-22,5081~5032,5.0813,0.771514,严重
5031,2005-03-20,5080~5031,5.1884,0.721565,严重
5030,2005-03-17,5079~5030,5.0813,0.771514,严重
5029,2005-03-15,5078~5029,5.1459,0.741994,严重
5028,2005-03-13,5077~5028,5.2517,0.689967,严重
5027,2005-03-10,5076~5027,5.3759,0.624237,严重
5026,2005-03-08,5075~5026,5.6551,0.467737,严重
5025,2005-03-06,5074~5025,5.6745,0.456855,严重
5024,2005-03-03,5073~5024,5.5767,0.511935,严重
5023,2005-03-01,5072~5023,5.6551,0.467737,严重
5022,2005-02-27,5071~5022,5.9211,0.325001,严重
5021,2005-02-24,5070~5021,5.6551,0.467737,严重
5020,2005-02-22,5069~5020,5.8652,0.353547,严重
5019,2005-02-20,5068~5019,5.8652,0.353547,严重
5018,2005-02-17,5067~5018,5.9766,0.297781,严重
5017,2005-02-16,5066~5017,5.9025,0.334373,严重
5016,2005-02-06,5065~5016,6.0679,0.255552,严重
5015,2005-02-03,5064~5015,5.8086,0.383323,严重
5014,2005-02-01,5063~5014,5.7896,0.393501,严重
5013,2005-01-30,5062~5013,6.0316,0.271961,严重
5012,2005-01-27,5061~5012,5.995,0.289016,严重
5011,2005-01-25,5060~5011,5.7706,0.403798,严重
5010,2005-01-23,5059~5010,5.7706,0.403798,严重
5009,2005-01-20,5058~5009,5.8275,0.373268,严重
5008,2005-01-18,5057~5008,5.7515,0.414207,严重
5007,2005-01-16,5056~5007,5.557,0.523113,严重
5006,2005-01-13,5055~5006,5.4973,0.556823,严重
5005,2005-01-11,5054~5005,5.1672,0.731849,严重
5004,2005-01-09,5053~5004,5.2934,0.66837,严重
5003,2005-01-06,5052~5003,5.3759,0.624237,严重
5002,2005-01-04,5051~5002,5.3963,0.613063,严重
5001,2005-01-02,5050~5001,5.1884,0.721565,严重
4122,2004-12-30,5049~4122,4.8374,0.865306,严重
4121,2004-12-28,5048~4121,4.9275,0.834105,严重
4120,2004-12-26,5047~4120,4.9719,0.817208,严重
4119,2004-12-23,5046~4119,5.1459,0.741994,严重
4118,2004-12-21,5045~4118,4.86,0.85784,严重
4117,2004-12-19,5044~4117,4.7917,0.879552,严重
4116,2004-12-16,5043~4116,4.6282,0.922055,严重
4115,2004-12-14,5042~4115,4.6282,0.922055,严重
4114,2004-12-13,5041~4114,4.6989,0.905246,严重
4113,2004-12-10,5040~4113,4.994,0.808452,严重
4112,2004-12-07,5039~4112,4.7686,0.886327,严重
4111,2004-12-05,5038~4111,4.9497,0.825761,严重
4110,2004-12-02,5037~4110,5.3963,0.613063,严重
4109,2004-11-30,5036~4109,5.3554,0.635364,严重
4108,2004-11-28,5035~4108,5.1245,0.751992,严重
4107,2004-11-25,5034~4107,5.3554,0.635364,严重
4106,2004-11-23,5033~4106,5.2307,0.700615,严重
4105,2004-11-21,5032~4105,5.1459,0.741994,严重
4104,2004-11-18,5031~4104,4.86,0.85784,严重
4103,2004-11-16,5030~4103,4.8374,0.865306,严重
4102,2004-11-14,5029~4102,4.6989,0.905246,严重
4101,2004-11-11,5028~4101,4.7455,0.892868,严重
4100,2004-11-09,5027~4100,4.7917,0.879552,严重
4099,2004-11-07,5026~4099,4.86,0.85784,严重
4098,2004-11-04,5025~4098,4.86,0.85784,严重
4097,2004-11-02,5024~4097,5.1029,0.761835,严重
4096,2004-10-31,5023~4096,4.9497,0.825761,严重
4095,2004-10-28,5022~4095,4.8146,0.872544,严重
4094,2004-10-26,5021~4094,4.7455,0.892868,严重
4093,2004-10-24,5020~4093,4.5804,0.932102,严重
4092,2004-10-21,5019~4092,4.6989,0.905246,严重
4091,2004-10-19,5018~4091,4.9275,0.834105,严重
4090,2004-10-17,5017~4090,4.994,0.808452,严重
4089,2004-10-14,5016~4089,5.0813,0.771514,严重
4088,2004-10-12,5015~4088,5.1459,0.741994,严重
4087,2004-10-10,5014~4087,5.2934,0.66837,严重
4086,2004-10-07,5013~4086,5.2726,0.679216,严重
4085,2004-10-05,5012~4085,5.1884,0.721565,严重
4084,2004-10-03,5011~4084,5.2934,0.66837,严重
4083,2004-09-30,5010~4083,5.2517,0.689967,严重
4082,2004-09-28,5009~4082,5.1884,0.721565,严重
4081,2004-09-26,5008~4081,5.3348,0.646435,严重
4080,2004-09-23,5007~4080,5.5371,0.534326,严重
4079,2004-09-21,5006~4079,5.5767,0.511935,严重
4078,2004-09-19,5005~4078,5.7706,0.403798,严重
4077,2004-09-16,5004~4077,5.8275,0.373268,严重
4076,2004-09-14,5003~4076,5.8464,0.363341,严重
4075,2004-09-12,5002~4075,6.086,0.247593,严重
4074,2004-09-09,5001~4074,5.7131,0.435342,严重
4073,2004-09-07,4122~4073,5.5371,0.534326,严重
4072,2004-09-05,4121~4072,5.5964,0.500801,严重
4071,2004-09-02,4120~4071,5.5767,0.511935,严重
4070,2004-08-31,4119~4070,5.557,0.523113,严重
4069,2004-08-29,4118~4069,5.2726,0.679216,严重
4068,2004-08-26,4117~4068,5.3963,0.613063,严重
4067,2004-08-24,4116~4067,5.2096,0.711151,严重
4066,2004-08-22,4115~4066,5.1459,0.741994,严重
4065,2004-08-19,4114~4065,5.1672,0.731849,严重
4064,2004-08-15,4113~4064,5.3963,0.613063,严重
4063,2004-08-12,4112~4063,5.4772,0.56809,严重
4062,2004-08-08,4111~4062,5.2934,0.66837,严重
4061,2004-08-05,4110~4061,5.3759,0.624237,严重
4060,2004-08-01,4109~4060,5.4772,0.56809,严重
4059,2004-07-29,4108~4059,5.3759,0.624237,严重
4058,2004-07-25,4107~4058,5.0596,0.781022,严重
4057,2004-07-22,4106~4057,5.0813,0.771514,严重
4056,2004-07-18,4105~4056,5.2307,0.700615,严重
4055,2004-07-15,4104~4055,5.2934,0.66837,严重
4054,2004-07-11,4103~4054,5.5767,0.511935,严重
4053,2004-07-08,4102~4053,5.5964,0.500801,严重
4052,2004-07-04,4101~4052,5.4973,0.556823,严重
4051,2004-07-01,4100~4051,5.3348,0.646435,严重
4050,2004-06-27,4099~4050,5.4166,0.601852,严重
4049,2004-06-24,4098~4049,5.6745,0.456855,严重
4048,2004-06-20,4097~4048,5.6551,0.467737,严重
4047,2004-06-17,4096~4047,5.7706,0.403798,严重
4046,2004-06-13,4095~4046,5.6745,0.456855,严重
4045,2004-06-10,4094~4045,5.5964,0.500801,严重
4044,2004-06-06,4093~4044,5.3348,0.646435,严重
4043,2004-06-03,4092~4043,4.9275,0.834105,严重
4042,2004-05-30,4091~4042,4.7455,0.892868,严重
4041,2004-05-27,4090~4041,4.9497,0.825761,严重
4040,2004-05-23,4089~4040,5.2517,0.689967,严重
4039,2004-05-20,4088~4039,5.4571,0.579356,严重
4038,2004-05-16,4087~4038,5.9582,0.306702,严重
4037,2004-05-13,4086~4037,5.7515,0.414207,严重
4036,2004-05-09,4085~4036,5.557,0.523113,严重
4035,2004-05-06,4084~4035,5.3963,0.613063,严重
4034,2004-05-02,4083~4034,5.4772,0.56809,严重
4033,2004-04-29,4082~4033,5.2934,0.66837,严重
4032,2004-04-25,4081~4032,5.0813,0.771514,严重
4031,2004-04-22,4080~4031,5.0379,0.790352,严重
4030,2004-04-18,4079~4030,5.1029,0.761835,严重
4029,2004-04-15,4078~4029,4.9719,0.817208,严重
4028,2004-04-11,4077~4028,4.9719,0.817208,严重
4027,2004-04-08,4076~4027,4.8826,0.850149,严重
4026,2004-04-04,4075~4026,4.7223,0.899175,严重
4025,2004-04-01,4074~4025,4.7686,0.886327,严重
4024,2004-03-28,4073~4024,4.9719,0.817208,严重
4023,2004-03-25,4072~4023,4.8826,0.850149,严重
4022,2004-03-21,4071~4022,5.0379,0.790352,严重
4021,2004-03-18,4070~4021,4.9051,0.842236,严重
4020,2004-03-14,4069~4020,5.2096,0.711151,严重
4019,2004-03-11,4068~4019,5.1459,0.741994,严重
4018,2004-03-07,4067~4018,4.9719,0.817208,严重
4017,2004-03-04,4066~4017,4.7455,0.892868,严重
4016,2004-02-29,4065~4016,4.8146,0.872544,严重
4015,2004-02-26,4064~4015,4.7223,0.899175,严重
4014,2004-02-22,4063~4014,5.0379,0.790352,严重
4013,2004-02-19,4062~4013,5.0379,0.790352,严重
4012,2004-02-15,4061~4012,4.7917,0.879552,严重
4011,2004-02-12,4060~4011,5.1245,0.751992,严重
4010,2004-02-08,4059~4010,5.1245,0.751992,严重
4009,2004-02-05,4058~4009,5.2096,0.711151,严重
4008,2004-02-01,4057~4008,5.2934,0.66837,严重
4007,2004-01-29,4056~4007,5.3141,0.65744,严重
4006,2004-01-18,4055~4006,4.994,0.808452,严重
4005,2004-01-15,4054~4005,5.016,0.799498,严重
4004,2004-01-11,4053~4004,5.1029,0.761835,严重
4003,2004-01-08,4052~4003,5.016,0.799498,严重
4002,2004-01-04,4051~4002,5.016,0.799498,严重
4001,2004-01-01,4050~4001,5.2934,0.66837,严重
3089,2003-12-28,4049~3089,5.1245,0.751992,严重
3088,2003-12-25,4048~3088,5.2934,0.66837,严重
3087,2003-12-21,4047~3087,5.2517,0.689967,严重
3086,2003-12-18,4046~3086,5.2307,0.700615,严重
3085,2003-12-14,4045~3085,5.3554,0.635364,严重
3084,2003-12-11,4044~3084,5.4571,0.579356,严重
3083,2003-12-07,4043~3083,5.6356,0.478694,严重
3082,2003-12-04,4042~3082,5.7706,0.403798,严重
3081,2003-11-30,4041~3081,5.8464,0.363341,严重
3080,2003-11-27,4040~3080,5.7896,0.393501,严重
3079,2003-11-23,4039~3079,5.5964,0.500801,严重
3078,2003-11-20,4038~3078,5.7131,0.435342,严重
3077,2003-11-16,4037~3077,5.7896,0.393501,严重
3076,2003-11-13,4036~3076,5.7131,0.435342,严重
3075,2003-11-09,4035~3075,5.4369,0.590613,严重
3074,2003-11-06,4034~3074,5.4571,0.579356,严重
3073,2003-11-02,4033~3073,5.4772,0.56809,严重
3072,2003-10-30,4032~3072,5.1884,0.721565,严重
3071,2003-10-26,4031~3071,5.2726,0.679216,严重
3070,2003-10-23,4030~3070,5.6551,0.467737,严重
3069,2003-10-19,4029~3069,5.4973,0.556823,严重
3068,2003-10-16,4028~3068,5.5767,0.511935,严重
3067,2003-10-12,4027~3067,5.2517,0.689967,严重
3066,2003-10-09,4026~3066,4.9719,0.817208,严重
3065,2003-10-05,4025~3065,4.8374,0.865306,严重
3064,2003-10-02,4024~3064,4.9497,0.825761,严重
3063,2003-09-28,4023~3063,4.9719,0.817208,严重
3062,2003-09-25,4022~3062,4.8826,0.850149,严重
3061,2003-09-21,4021~3061,4.6755,0.911083,严重
3060,2003-09-18,4020~3060,4.6989,0.905246,严重
3059,2003-09-14,4019~3059,4.8826,0.850149,严重
3058,2003-09-11,4018~3058,4.994,0.808452,严重
3057,2003-09-07,4017~3057,4.994,0.808452,严重
3056,2003-09-04,4016~3056,4.9719,0.817208,严重
3055,2003-08-31,4015~3055,4.7455,0.892868,严重
3054,2003-08-28,4014~3054,4.6989,0.905246,严重
3053,2003-08-24,4013~3053,4.6989,0.905246,严重
3052,2003-08-21,4012~3052,4.7455,0.892868,严重
3051,2003-08-17,4011~3051,4.3841,0.963516,可疑
3050,2003-08-14,4010~3050,4.2568,0.976775,可疑
3049,2003-08-10,4009~3049,4.2825,0.97447,可疑
3048,2003-08-07,4008~3048,4.6043,0.927193,严重
3047,2003-08-03,4007~3047,4.9719,0.817208,严重
3046,2003-07-31,4006~3046,4.6755,0.911083,严重
3045,2003-07-27,4005~3045,4.6519,0.916686,严重
3044,2003-07-24,4004~3044,4.7455,0.892868,严重
3043,2003-07-20,4003~3043,5.0379,0.790352,严重
3042,2003-07-17,4002~3042,4.7455,0.892868,严重
3041,2003-07-13,4001~3041,4.8826,0.850149,严重
3040,2003-07-10,3089~3040,4.7917,0.879552,严重
3039,2003-07-06,3088~3039,4.7455,0.892868,严重
3038,2003-07-03,3087~3038,4.7917,0.879552,严重
3037,2003-06-29,3086~3037,4.6519,0.916686,严重
3036,2003-06-26,3085~3036,4.5078,0.94548,严重
3035,2003-06-22,3084~3035,4.4587,0.953312,可疑
3034,2003-06-19,3083~3034,4.2048,0.980911,可疑
3033,2003-06-15,3082~3033,4.2048,0.980911,可疑
3032,2003-06-12,3081~3032,3.9623,0.993037,可疑
3031,2003-06-08,3080~3031,4.2308,0.97892,可疑
3030,2003-06-05,3079~3030,4.0988,0.987475,可疑
3029,2003-06-01,3078~3029,4.3336,0.969352,可疑
3028,2003-05-29,3077~3028,4.6755,0.911083,严重
3027,2003-05-25,3076~3027,4.994,0.808452,严重
3026,2003-05-22,3075~3026,5.1029,0.761835,严重
3025,2003-05-18,3074~3025,5.3348,0.646435,严重
3024,2003-05-15,3073~3024,5.3141,0.65744,严重
3023,2003-05-11,3072~3023,5.0379,0.790352,严重
3022,2003-05-08,3071~3022,5.1245,0.751992,严重
3021,2003-05-04,3070~3021,5.1459,0.741994,严重
3020,2003-05-01,3069~3020,5.4772,0.56809,严重
3019,2003-04-27,3068~3019,5.3348,0.646435,严重
3018,2003-04-24,3067~3018,5.4166,0.601852,严重
3017,2003-04-20,3066~3017,5.3759,0.624237,严重
3016,2003-04-17,3065~3016,5.2517,0.689967,严重
3015,2003-04-13,3064~3015,5.2726,0.679216,严重
3014,2003-04-10,3063~3014,5.5172,0.545566,严重
3013,2003-04-06,3062~3013,5.7515,0.414207,严重
3012,2003-04-03,3061~3012,5.9211,0.325001,严重
3011,2003-03-30,3060~3011,5.8086,0.383323,严重
3010,2003-03-27,3059~3010,5.8839,0.34389,严重
3009,2003-03-23,3058~3009,5.7324,0.424724,严重
3008,2003-03-20,3057~3008,5.9582,0.306702,严重
3007,2003-03-16,3056~3007,5.8652,0.353547,严重
3006,2003-03-13,3055~3006,5.6939,0.446054,严重
3005,2003-03-09,3054~3005,5.8275,0.373268,严重
3004,2003-03-06,3053~3004,5.995,0.289016,严重
3003,2003-03-02,3052~3003,6.4374,0.122584,严重
3002,2003-02-27,3051~3002,6.2992,0.164943,严重
3001,2003-02-23,3050~3001,6.2817,0.170933,严重
